=== Data type: iid_10 ===
--- Seed: 42 ---
--- Personal steps: 15 ---
---EPSILON 0.1 ---
default_sample_rate: 0.03232323232323232
noise_multiplier :  13.75
default_sample_rate: 0.03232323232323232
noise_multiplier :  7.5
learning rate =  0.01
sample_rate: 0.03, expected_batch_size: 128
sample_rate: 0.03, expected_batch_size: 128
sample_rate: 0.03, expected_batch_size: 128
sample_rate: 0.03, expected_batch_size: 128
sample_rate: 0.03, expected_batch_size: 128
sample_rate: 0.03, expected_batch_size: 128
sample_rate: 0.03, expected_batch_size: 128
sample_rate: 0.03, expected_batch_size: 128
sample_rate: 0.03, expected_batch_size: 128
sample_rate: 0.03, expected_batch_size: 128
sample_rate: 0.03, expected_batch_size: 128
sample_rate: 0.03, expected_batch_size: 128
sample_rate: 0.03, expected_batch_size: 128
sample_rate: 0.03, expected_batch_size: 128
sample_rate: 0.03, expected_batch_size: 128
sample_rate: 0.03, expected_batch_size: 128
sample_rate: 0.03, expected_batch_size: 128
sample_rate: 0.03, expected_batch_size: 128
sample_rate: 0.03, expected_batch_size: 128
sample_rate: 0.03, expected_batch_size: 128
initial privacy cost of all clients:  [0, 0, 0, 0, 0, 0, 0, 0, 0, 0]
Round=0
Round=1
Round=2
Round=3
Round=4
Round=5
Round=6
Round=7
Round=8
Round=9
Round=10
Round=11
Round=12
Round=13
Round=14
current privacy cost of all clients:  [0.06861627244984228, 0.06861627244984228, 0.052721685568101175, 0.0636130274845621, 0.07323580287115607, 0.06861627244984228, 0.07323580287115607, 0.07775445513440044, 0.08199366248919779, 0.05835482563852214]
Round=14, per client global perf=[0.698, 0.6961, 0.6995, 0.6868, 0.7103, 0.6887, 0.7039, 0.7137, 0.6887, 0.7005], mean perf=14252/20400 (0.6986%)
Round=14, per client personal perf=[0.3034, 0.4029, 0.2681, 0.3123, 0.3461, 0.4132, 0.3539, 0.3, 0.3162, 0.3417], mean perf=6850/20400 (0.3358%)
Round=14, per client personal pooled=[0.3048, 0.4013, 0.2639, 0.3118, 0.3472, 0.4159, 0.3658, 0.3229, 0.3362, 0.3345], mean perf=69448/204000 (0.3404%)
Mean performance of unidp ditto dp global, Perf=0.6710
Mean performance of unidp ditto dp personal, Perf=0.3326
Mean performance of unidp ditto dp pooled, Perf=0.3371
---EPSILON 0.5 ---
default_sample_rate: 0.03232323232323232
noise_multiplier :  3.671875
default_sample_rate: 0.03232323232323232
noise_multiplier :  2.1484375
learning rate =  0.01
sample_rate: 0.03, expected_batch_size: 128
sample_rate: 0.03, expected_batch_size: 128
sample_rate: 0.03, expected_batch_size: 128
sample_rate: 0.03, expected_batch_size: 128
sample_rate: 0.03, expected_batch_size: 128
sample_rate: 0.03, expected_batch_size: 128
sample_rate: 0.03, expected_batch_size: 128
sample_rate: 0.03, expected_batch_size: 128
sample_rate: 0.03, expected_batch_size: 128
sample_rate: 0.03, expected_batch_size: 128
sample_rate: 0.03, expected_batch_size: 128
sample_rate: 0.03, expected_batch_size: 128
sample_rate: 0.03, expected_batch_size: 128
sample_rate: 0.03, expected_batch_size: 128
sample_rate: 0.03, expected_batch_size: 128
sample_rate: 0.03, expected_batch_size: 128
sample_rate: 0.03, expected_batch_size: 128
sample_rate: 0.03, expected_batch_size: 128
sample_rate: 0.03, expected_batch_size: 128
sample_rate: 0.03, expected_batch_size: 128
initial privacy cost of all clients:  [0, 0, 0, 0, 0, 0, 0, 0, 0, 0]
Round=0
Round=1
Round=2
Round=3
Round=4
Round=5
Round=6
Round=7
Round=8
Round=9
Round=10
Round=11
Round=12
Round=13
Round=14
current privacy cost of all clients:  [0.3537320706559622, 0.3537320706559622, 0.279070325668136, 0.33033357372458066, 0.37555379650408366, 0.3537320706559622, 0.37555379650408366, 0.39649964853357994, 0.41674618847529443, 0.30557517331204553]
Round=14, per client global perf=[0.8706, 0.875, 0.8804, 0.873, 0.8843, 0.8848, 0.8745, 0.8882, 0.8804, 0.8711], mean perf=17916/20400 (0.8782%)
Round=14, per client personal perf=[0.7657, 0.7642, 0.7436, 0.7279, 0.6975, 0.8181, 0.7902, 0.7603, 0.8127, 0.7446], mean perf=15555/20400 (0.7625%)
Round=14, per client personal pooled=[0.7484, 0.7634, 0.7593, 0.7408, 0.7073, 0.8243, 0.7957, 0.7617, 0.8037, 0.7438], mean perf=156027/204000 (0.7648%)
Mean performance of unidp ditto dp global, Perf=0.8779
Mean performance of unidp ditto dp personal, Perf=0.7522
Mean performance of unidp ditto dp pooled, Perf=0.7532
---EPSILON 1 ---
default_sample_rate: 0.03232323232323232
noise_multiplier :  2.12890625
default_sample_rate: 0.03232323232323232
noise_multiplier :  1.3671875
learning rate =  0.01
sample_rate: 0.03, expected_batch_size: 128
sample_rate: 0.03, expected_batch_size: 128
sample_rate: 0.03, expected_batch_size: 128
sample_rate: 0.03, expected_batch_size: 128
sample_rate: 0.03, expected_batch_size: 128
sample_rate: 0.03, expected_batch_size: 128
sample_rate: 0.03, expected_batch_size: 128
sample_rate: 0.03, expected_batch_size: 128
sample_rate: 0.03, expected_batch_size: 128
sample_rate: 0.03, expected_batch_size: 128
sample_rate: 0.03, expected_batch_size: 128
sample_rate: 0.03, expected_batch_size: 128
sample_rate: 0.03, expected_batch_size: 128
sample_rate: 0.03, expected_batch_size: 128
sample_rate: 0.03, expected_batch_size: 128
sample_rate: 0.03, expected_batch_size: 128
sample_rate: 0.03, expected_batch_size: 128
sample_rate: 0.03, expected_batch_size: 128
sample_rate: 0.03, expected_batch_size: 128
sample_rate: 0.03, expected_batch_size: 128
initial privacy cost of all clients:  [0, 0, 0, 0, 0, 0, 0, 0, 0, 0]
Round=0
Round=1
Round=2
Round=3
Round=4
Round=5
Round=6
Round=7
Round=8
Round=9
Round=10
Round=11
Round=12
Round=13
Round=14
current privacy cost of all clients:  [0.7206619146809711, 0.7206619146809711, 0.5742281727082242, 0.6750386529476061, 0.7653858016873494, 0.7206619146809711, 0.7653858016873494, 0.8052814395900469, 0.8451770774927443, 0.6260606530260836]
Round=14, per client global perf=[0.9093, 0.9118, 0.9083, 0.9049, 0.9201, 0.9103, 0.9054, 0.9093, 0.9167, 0.9069], mean perf=18570/20400 (0.9103%)
Round=14, per client personal perf=[0.8319, 0.8544, 0.8191, 0.8069, 0.8078, 0.8485, 0.8284, 0.8466, 0.8588, 0.8176], mean perf=16973/20400 (0.8320%)
Round=14, per client personal pooled=[0.8174, 0.8483, 0.8168, 0.8245, 0.81, 0.8485, 0.8385, 0.8391, 0.8452, 0.8231], mean perf=169549/204000 (0.8311%)
Mean performance of unidp ditto dp global, Perf=0.9119
Mean performance of unidp ditto dp personal, Perf=0.8266
Mean performance of unidp ditto dp pooled, Perf=0.8261
---EPSILON 4 ---
default_sample_rate: 0.03232323232323232
noise_multiplier :  0.93994140625
default_sample_rate: 0.03232323232323232
noise_multiplier :  0.736083984375
learning rate =  0.01
sample_rate: 0.03, expected_batch_size: 128
sample_rate: 0.03, expected_batch_size: 128
sample_rate: 0.03, expected_batch_size: 128
sample_rate: 0.03, expected_batch_size: 128
sample_rate: 0.03, expected_batch_size: 128
sample_rate: 0.03, expected_batch_size: 128
sample_rate: 0.03, expected_batch_size: 128
sample_rate: 0.03, expected_batch_size: 128
sample_rate: 0.03, expected_batch_size: 128
sample_rate: 0.03, expected_batch_size: 128
sample_rate: 0.03, expected_batch_size: 128
sample_rate: 0.03, expected_batch_size: 128
sample_rate: 0.03, expected_batch_size: 128
sample_rate: 0.03, expected_batch_size: 128
sample_rate: 0.03, expected_batch_size: 128
sample_rate: 0.03, expected_batch_size: 128
sample_rate: 0.03, expected_batch_size: 128
sample_rate: 0.03, expected_batch_size: 128
sample_rate: 0.03, expected_batch_size: 128
sample_rate: 0.03, expected_batch_size: 128
initial privacy cost of all clients:  [0, 0, 0, 0, 0, 0, 0, 0, 0, 0]
Round=0
Round=1
Round=2
Round=3
Round=4
Round=5
Round=6
Round=7
Round=8
Round=9
Round=10
Round=11
Round=12
Round=13
Round=14
current privacy cost of all clients:  [2.9136136495948044, 2.9136136495948044, 2.4033103685601156, 2.743512555916575, 3.083714743273034, 2.9136136495948044, 3.083714743273034, 3.2538158369512633, 3.4239169306294928, 2.573411462238345]
Round=14, per client global perf=[0.9436, 0.9387, 0.9436, 0.9417, 0.9436, 0.9471, 0.9402, 0.949, 0.9431, 0.9373], mean perf=19233/20400 (0.9428%)
Round=14, per client personal perf=[0.8735, 0.8804, 0.8701, 0.8672, 0.8652, 0.8789, 0.8672, 0.8877, 0.8892, 0.874], mean perf=17857/20400 (0.8753%)
Round=14, per client personal pooled=[0.8666, 0.8752, 0.8776, 0.8735, 0.8602, 0.8804, 0.8718, 0.8772, 0.8759, 0.8822], mean perf=178309/204000 (0.8741%)
Mean performance of unidp ditto dp global, Perf=0.9435
Mean performance of unidp ditto dp personal, Perf=0.8727
Mean performance of unidp ditto dp pooled, Perf=0.8716
---EPSILON 8 ---
default_sample_rate: 0.03232323232323232
noise_multiplier :  0.72021484375
default_sample_rate: 0.03232323232323232
noise_multiplier :  0.5743408203125
learning rate =  0.01
sample_rate: 0.03, expected_batch_size: 128
sample_rate: 0.03, expected_batch_size: 128
sample_rate: 0.03, expected_batch_size: 128
sample_rate: 0.03, expected_batch_size: 128
sample_rate: 0.03, expected_batch_size: 128
sample_rate: 0.03, expected_batch_size: 128
sample_rate: 0.03, expected_batch_size: 128
sample_rate: 0.03, expected_batch_size: 128
sample_rate: 0.03, expected_batch_size: 128
sample_rate: 0.03, expected_batch_size: 128
sample_rate: 0.03, expected_batch_size: 128
sample_rate: 0.03, expected_batch_size: 128
sample_rate: 0.03, expected_batch_size: 128
sample_rate: 0.03, expected_batch_size: 128
sample_rate: 0.03, expected_batch_size: 128
sample_rate: 0.03, expected_batch_size: 128
sample_rate: 0.03, expected_batch_size: 128
sample_rate: 0.03, expected_batch_size: 128
sample_rate: 0.03, expected_batch_size: 128
sample_rate: 0.03, expected_batch_size: 128
initial privacy cost of all clients:  [0, 0, 0, 0, 0, 0, 0, 0, 0, 0]
Round=0
Round=1
Round=2
Round=3
Round=4
Round=5
Round=6
Round=7
Round=8
Round=9
Round=10
Round=11
Round=12
Round=13
Round=14
current privacy cost of all clients:  [6.264765677912597, 6.264765677912597, 4.852643443838692, 5.794058266554629, 6.735473089270566, 6.264765677912597, 6.735473089270566, 7.167814057514629, 7.332449371479868, 5.323350855196661]
Round=14, per client global perf=[0.9559, 0.9441, 0.95, 0.9446, 0.9515, 0.9534, 0.9505, 0.9578, 0.951, 0.9451], mean perf=19388/20400 (0.9504%)
Round=14, per client personal perf=[0.8877, 0.8995, 0.877, 0.876, 0.8657, 0.8912, 0.8765, 0.9074, 0.9015, 0.8897], mean perf=18099/20400 (0.8872%)
Round=14, per client personal pooled=[0.8818, 0.8919, 0.8859, 0.882, 0.8638, 0.895, 0.8826, 0.8987, 0.8919, 0.8928], mean perf=180876/204000 (0.8866%)
Mean performance of unidp ditto dp global, Perf=0.9507
Mean performance of unidp ditto dp personal, Perf=0.8863
Mean performance of unidp ditto dp pooled, Perf=0.8851
---EPSILON 16 ---
default_sample_rate: 0.03232323232323232
noise_multiplier :  0.567169189453125
default_sample_rate: 0.03232323232323232
noise_multiplier :  0.48187255859375
learning rate =  0.01
sample_rate: 0.03, expected_batch_size: 128
sample_rate: 0.03, expected_batch_size: 128
sample_rate: 0.03, expected_batch_size: 128
sample_rate: 0.03, expected_batch_size: 128
sample_rate: 0.03, expected_batch_size: 128
sample_rate: 0.03, expected_batch_size: 128
sample_rate: 0.03, expected_batch_size: 128
sample_rate: 0.03, expected_batch_size: 128
sample_rate: 0.03, expected_batch_size: 128
sample_rate: 0.03, expected_batch_size: 128
sample_rate: 0.03, expected_batch_size: 128
sample_rate: 0.03, expected_batch_size: 128
sample_rate: 0.03, expected_batch_size: 128
sample_rate: 0.03, expected_batch_size: 128
sample_rate: 0.03, expected_batch_size: 128
sample_rate: 0.03, expected_batch_size: 128
sample_rate: 0.03, expected_batch_size: 128
sample_rate: 0.03, expected_batch_size: 128
sample_rate: 0.03, expected_batch_size: 128
sample_rate: 0.03, expected_batch_size: 128
initial privacy cost of all clients:  [0, 0, 0, 0, 0, 0, 0, 0, 0, 0]
Round=0
Round=1
Round=2
Round=3
Round=4
Round=5
Round=6
Round=7
Round=8
Round=9
Round=10
Round=11
Round=12
Round=13
Round=14
current privacy cost of all clients:  [11.105992316907031, 11.105992316907031, 9.011793042265237, 10.407925892026432, 11.80405874178763, 11.105992316907031, 11.80405874178763, 12.502125166668227, 13.200191591548824, 9.709859467145835]
Round=14, per client global perf=[0.9583, 0.9534, 0.9554, 0.9505, 0.9539, 0.9578, 0.9574, 0.9632, 0.9544, 0.951], mean perf=19493/20400 (0.9555%)
Round=14, per client personal perf=[0.8917, 0.8995, 0.8897, 0.898, 0.8647, 0.8956, 0.8853, 0.9113, 0.9127, 0.8838], mean perf=18222/20400 (0.8932%)
Round=14, per client personal pooled=[0.8887, 0.8982, 0.8937, 0.9012, 0.8724, 0.9002, 0.89, 0.9024, 0.9027, 0.8916], mean perf=182399/204000 (0.8941%)
Mean performance of unidp ditto dp global, Perf=0.9562
Mean performance of unidp ditto dp personal, Perf=0.8951
Mean performance of unidp ditto dp pooled, Perf=0.8947
--- Personal steps: 30 ---
---EPSILON 0.1 ---
default_sample_rate: 0.03232323232323232
noise_multiplier :  13.75
default_sample_rate: 0.03232323232323232
noise_multiplier :  11.25
learning rate =  0.01
sample_rate: 0.03, expected_batch_size: 128
sample_rate: 0.03, expected_batch_size: 128
sample_rate: 0.03, expected_batch_size: 128
sample_rate: 0.03, expected_batch_size: 128
sample_rate: 0.03, expected_batch_size: 128
sample_rate: 0.03, expected_batch_size: 128
sample_rate: 0.03, expected_batch_size: 128
sample_rate: 0.03, expected_batch_size: 128
sample_rate: 0.03, expected_batch_size: 128
sample_rate: 0.03, expected_batch_size: 128
sample_rate: 0.03, expected_batch_size: 128
sample_rate: 0.03, expected_batch_size: 128
sample_rate: 0.03, expected_batch_size: 128
sample_rate: 0.03, expected_batch_size: 128
sample_rate: 0.03, expected_batch_size: 128
sample_rate: 0.03, expected_batch_size: 128
sample_rate: 0.03, expected_batch_size: 128
sample_rate: 0.03, expected_batch_size: 128
sample_rate: 0.03, expected_batch_size: 128
sample_rate: 0.03, expected_batch_size: 128
initial privacy cost of all clients:  [0, 0, 0, 0, 0, 0, 0, 0, 0, 0]
Round=0
Round=1
Round=2
Round=3
Round=4
Round=5
Round=6
Round=7
Round=8
Round=9
Round=10
Round=11
Round=12
Round=13
Round=14
current privacy cost of all clients:  [0.06861627244984228, 0.06861627244984228, 0.052721685568101175, 0.0636130274845621, 0.07323580287115607, 0.06861627244984228, 0.07323580287115607, 0.07775445513440044, 0.08199366248919779, 0.05835482563852214]
Round=14, per client global perf=[0.6838, 0.6897, 0.6657, 0.6691, 0.6716, 0.6618, 0.6667, 0.6843, 0.6632, 0.677], mean perf=13735/20400 (0.6733%)
Round=14, per client personal perf=[0.3343, 0.3196, 0.2936, 0.2745, 0.3819, 0.3284, 0.2676, 0.4078, 0.3971, 0.3897], mean perf=6925/20400 (0.3395%)
Round=14, per client personal pooled=[0.3291, 0.3121, 0.2934, 0.2899, 0.3701, 0.3383, 0.2804, 0.4013, 0.4089, 0.3901], mean perf=69635/204000 (0.3413%)
Mean performance of unidp ditto dp global, Perf=0.6714
Mean performance of unidp ditto dp personal, Perf=0.3384
Mean performance of unidp ditto dp pooled, Perf=0.3394
---EPSILON 0.5 ---
default_sample_rate: 0.03232323232323232
noise_multiplier :  3.671875
default_sample_rate: 0.03232323232323232
noise_multiplier :  2.890625
learning rate =  0.01
sample_rate: 0.03, expected_batch_size: 128
sample_rate: 0.03, expected_batch_size: 128
sample_rate: 0.03, expected_batch_size: 128
sample_rate: 0.03, expected_batch_size: 128
sample_rate: 0.03, expected_batch_size: 128
sample_rate: 0.03, expected_batch_size: 128
sample_rate: 0.03, expected_batch_size: 128
sample_rate: 0.03, expected_batch_size: 128
sample_rate: 0.03, expected_batch_size: 128
sample_rate: 0.03, expected_batch_size: 128
sample_rate: 0.03, expected_batch_size: 128
sample_rate: 0.03, expected_batch_size: 128
sample_rate: 0.03, expected_batch_size: 128
sample_rate: 0.03, expected_batch_size: 128
sample_rate: 0.03, expected_batch_size: 128
sample_rate: 0.03, expected_batch_size: 128
sample_rate: 0.03, expected_batch_size: 128
sample_rate: 0.03, expected_batch_size: 128
sample_rate: 0.03, expected_batch_size: 128
sample_rate: 0.03, expected_batch_size: 128
initial privacy cost of all clients:  [0, 0, 0, 0, 0, 0, 0, 0, 0, 0]
Round=0
Round=1
Round=2
Round=3
Round=4
Round=5
Round=6
Round=7
Round=8
Round=9
Round=10
Round=11
Round=12
Round=13
Round=14
current privacy cost of all clients:  [0.3537320706559622, 0.3537320706559622, 0.279070325668136, 0.33033357372458066, 0.37555379650408366, 0.3537320706559622, 0.37555379650408366, 0.39649964853357994, 0.41674618847529443, 0.30557517331204553]
Round=14, per client global perf=[0.8877, 0.8966, 0.8784, 0.8814, 0.8912, 0.8828, 0.8843, 0.8922, 0.9049, 0.8824], mean perf=18119/20400 (0.8882%)
Round=14, per client personal perf=[0.7216, 0.7627, 0.7343, 0.7554, 0.7534, 0.7373, 0.6941, 0.727, 0.7328, 0.7417], mean perf=15015/20400 (0.7360%)
Round=14, per client personal pooled=[0.7202, 0.7515, 0.7423, 0.7546, 0.7484, 0.7349, 0.6925, 0.7231, 0.7203, 0.7347], mean perf=149378/204000 (0.7322%)
Mean performance of unidp ditto dp global, Perf=0.8872
Mean performance of unidp ditto dp personal, Perf=0.7344
Mean performance of unidp ditto dp pooled, Perf=0.7322
---EPSILON 1 ---
default_sample_rate: 0.03232323232323232
noise_multiplier :  2.12890625
default_sample_rate: 0.03232323232323232
noise_multiplier :  1.728515625
learning rate =  0.01
sample_rate: 0.03, expected_batch_size: 128
sample_rate: 0.03, expected_batch_size: 128
sample_rate: 0.03, expected_batch_size: 128
sample_rate: 0.03, expected_batch_size: 128
sample_rate: 0.03, expected_batch_size: 128
sample_rate: 0.03, expected_batch_size: 128
sample_rate: 0.03, expected_batch_size: 128
sample_rate: 0.03, expected_batch_size: 128
sample_rate: 0.03, expected_batch_size: 128
sample_rate: 0.03, expected_batch_size: 128
sample_rate: 0.03, expected_batch_size: 128
sample_rate: 0.03, expected_batch_size: 128
sample_rate: 0.03, expected_batch_size: 128
sample_rate: 0.03, expected_batch_size: 128
sample_rate: 0.03, expected_batch_size: 128
sample_rate: 0.03, expected_batch_size: 128
sample_rate: 0.03, expected_batch_size: 128
sample_rate: 0.03, expected_batch_size: 128
sample_rate: 0.03, expected_batch_size: 128
sample_rate: 0.03, expected_batch_size: 128
initial privacy cost of all clients:  [0, 0, 0, 0, 0, 0, 0, 0, 0, 0]
Round=0
Round=1
Round=2
Round=3
Round=4
Round=5
Round=6
Round=7
Round=8
Round=9
Round=10
Round=11
Round=12
Round=13
Round=14
current privacy cost of all clients:  [0.7206619146809711, 0.7206619146809711, 0.5742281727082242, 0.6750386529476061, 0.7653858016873494, 0.7206619146809711, 0.7653858016873494, 0.8052814395900469, 0.8451770774927443, 0.6260606530260836]
Round=14, per client global perf=[0.9172, 0.9142, 0.9098, 0.9147, 0.9108, 0.9147, 0.9103, 0.9235, 0.923, 0.9069], mean perf=18656/20400 (0.9145%)
Round=14, per client personal perf=[0.7917, 0.8172, 0.7956, 0.8225, 0.8196, 0.8127, 0.7789, 0.8088, 0.8059, 0.8201], mean perf=16469/20400 (0.8073%)
Round=14, per client personal pooled=[0.7828, 0.8136, 0.8025, 0.8185, 0.8193, 0.8144, 0.7819, 0.7986, 0.793, 0.8222], mean perf=164154/204000 (0.8047%)
Mean performance of unidp ditto dp global, Perf=0.9148
Mean performance of unidp ditto dp personal, Perf=0.8080
Mean performance of unidp ditto dp pooled, Perf=0.8073
---EPSILON 4 ---
default_sample_rate: 0.03232323232323232
noise_multiplier :  0.93994140625
default_sample_rate: 0.03232323232323232
noise_multiplier :  0.833740234375
learning rate =  0.01
sample_rate: 0.03, expected_batch_size: 128
sample_rate: 0.03, expected_batch_size: 128
sample_rate: 0.03, expected_batch_size: 128
sample_rate: 0.03, expected_batch_size: 128
sample_rate: 0.03, expected_batch_size: 128
sample_rate: 0.03, expected_batch_size: 128
sample_rate: 0.03, expected_batch_size: 128
sample_rate: 0.03, expected_batch_size: 128
sample_rate: 0.03, expected_batch_size: 128
sample_rate: 0.03, expected_batch_size: 128
sample_rate: 0.03, expected_batch_size: 128
sample_rate: 0.03, expected_batch_size: 128
sample_rate: 0.03, expected_batch_size: 128
sample_rate: 0.03, expected_batch_size: 128
sample_rate: 0.03, expected_batch_size: 128
sample_rate: 0.03, expected_batch_size: 128
sample_rate: 0.03, expected_batch_size: 128
sample_rate: 0.03, expected_batch_size: 128
sample_rate: 0.03, expected_batch_size: 128
sample_rate: 0.03, expected_batch_size: 128
initial privacy cost of all clients:  [0, 0, 0, 0, 0, 0, 0, 0, 0, 0]
Round=0
Round=1
Round=2
Round=3
Round=4
Round=5
Round=6
Round=7
Round=8
Round=9
Round=10
Round=11
Round=12
Round=13
Round=14
current privacy cost of all clients:  [2.9136136495948044, 2.9136136495948044, 2.4033103685601156, 2.743512555916575, 3.083714743273034, 2.9136136495948044, 3.083714743273034, 3.2538158369512633, 3.4239169306294928, 2.573411462238345]
Round=14, per client global perf=[0.95, 0.9485, 0.951, 0.9397, 0.9436, 0.9485, 0.9417, 0.9505, 0.951, 0.9368], mean perf=19301/20400 (0.9461%)
Round=14, per client personal perf=[0.877, 0.8716, 0.8725, 0.874, 0.8775, 0.8657, 0.8574, 0.8721, 0.8691, 0.8642], mean perf=17750/20400 (0.8701%)
Round=14, per client personal pooled=[0.8669, 0.8748, 0.872, 0.8716, 0.88, 0.8619, 0.8594, 0.8656, 0.8664, 0.8668], mean perf=177178/204000 (0.8685%)
Mean performance of unidp ditto dp global, Perf=0.9433
Mean performance of unidp ditto dp personal, Perf=0.8712
Mean performance of unidp ditto dp pooled, Perf=0.8696
---EPSILON 8 ---
default_sample_rate: 0.03232323232323232
noise_multiplier :  0.72021484375
default_sample_rate: 0.03232323232323232
noise_multiplier :  0.64788818359375
learning rate =  0.01
sample_rate: 0.03, expected_batch_size: 128
sample_rate: 0.03, expected_batch_size: 128
sample_rate: 0.03, expected_batch_size: 128
sample_rate: 0.03, expected_batch_size: 128
sample_rate: 0.03, expected_batch_size: 128
sample_rate: 0.03, expected_batch_size: 128
sample_rate: 0.03, expected_batch_size: 128
sample_rate: 0.03, expected_batch_size: 128
sample_rate: 0.03, expected_batch_size: 128
sample_rate: 0.03, expected_batch_size: 128
sample_rate: 0.03, expected_batch_size: 128
sample_rate: 0.03, expected_batch_size: 128
sample_rate: 0.03, expected_batch_size: 128
sample_rate: 0.03, expected_batch_size: 128
sample_rate: 0.03, expected_batch_size: 128
sample_rate: 0.03, expected_batch_size: 128
sample_rate: 0.03, expected_batch_size: 128
sample_rate: 0.03, expected_batch_size: 128
sample_rate: 0.03, expected_batch_size: 128
sample_rate: 0.03, expected_batch_size: 128
initial privacy cost of all clients:  [0, 0, 0, 0, 0, 0, 0, 0, 0, 0]
Round=0
Round=1
Round=2
Round=3
Round=4
Round=5
Round=6
Round=7
Round=8
Round=9
Round=10
Round=11
Round=12
Round=13
Round=14
current privacy cost of all clients:  [6.264765677912597, 6.264765677912597, 4.852643443838692, 5.794058266554629, 6.735473089270566, 6.264765677912597, 6.735473089270566, 7.167814057514629, 7.332449371479868, 5.323350855196661]
Round=14, per client global perf=[0.9549, 0.9529, 0.9549, 0.9466, 0.9495, 0.9529, 0.95, 0.9554, 0.9549, 0.9387], mean perf=19402/20400 (0.9511%)
Round=14, per client personal perf=[0.8858, 0.8951, 0.8897, 0.8853, 0.8848, 0.8877, 0.8755, 0.8814, 0.8853, 0.8755], mean perf=18046/20400 (0.8846%)
Round=14, per client personal pooled=[0.883, 0.8917, 0.8917, 0.8894, 0.8892, 0.8842, 0.8851, 0.8805, 0.881, 0.8757], mean perf=180574/204000 (0.8852%)
Mean performance of unidp ditto dp global, Perf=0.9500
Mean performance of unidp ditto dp personal, Perf=0.8845
Mean performance of unidp ditto dp pooled, Perf=0.8840
---EPSILON 16 ---
default_sample_rate: 0.03232323232323232
noise_multiplier :  0.567169189453125
default_sample_rate: 0.03232323232323232
noise_multiplier :  0.5263900756835938
learning rate =  0.01
sample_rate: 0.03, expected_batch_size: 128
sample_rate: 0.03, expected_batch_size: 128
sample_rate: 0.03, expected_batch_size: 128
sample_rate: 0.03, expected_batch_size: 128
sample_rate: 0.03, expected_batch_size: 128
sample_rate: 0.03, expected_batch_size: 128
sample_rate: 0.03, expected_batch_size: 128
sample_rate: 0.03, expected_batch_size: 128
sample_rate: 0.03, expected_batch_size: 128
sample_rate: 0.03, expected_batch_size: 128
sample_rate: 0.03, expected_batch_size: 128
sample_rate: 0.03, expected_batch_size: 128
sample_rate: 0.03, expected_batch_size: 128
sample_rate: 0.03, expected_batch_size: 128
sample_rate: 0.03, expected_batch_size: 128
sample_rate: 0.03, expected_batch_size: 128
sample_rate: 0.03, expected_batch_size: 128
sample_rate: 0.03, expected_batch_size: 128
sample_rate: 0.03, expected_batch_size: 128
sample_rate: 0.03, expected_batch_size: 128
initial privacy cost of all clients:  [0, 0, 0, 0, 0, 0, 0, 0, 0, 0]
Round=0
Round=1
Round=2
Round=3
Round=4
Round=5
Round=6
Round=7
Round=8
Round=9
Round=10
Round=11
Round=12
Round=13
Round=14
current privacy cost of all clients:  [11.105992316907031, 11.105992316907031, 9.011793042265237, 10.407925892026432, 11.80405874178763, 11.105992316907031, 11.80405874178763, 12.502125166668227, 13.200191591548824, 9.709859467145835]
Round=14, per client global perf=[0.9569, 0.9593, 0.9613, 0.9529, 0.9578, 0.9588, 0.9554, 0.9593, 0.9613, 0.9495], mean perf=19528/20400 (0.9573%)
Round=14, per client personal perf=[0.8941, 0.8971, 0.8985, 0.8902, 0.8946, 0.9069, 0.8779, 0.8956, 0.8951, 0.8897], mean perf=18237/20400 (0.8940%)
Round=14, per client personal pooled=[0.8955, 0.8986, 0.8931, 0.898, 0.8984, 0.8985, 0.8891, 0.9045, 0.8913, 0.892], mean perf=182763/204000 (0.8959%)
Mean performance of unidp ditto dp global, Perf=0.9562
Mean performance of unidp ditto dp personal, Perf=0.8941
Mean performance of unidp ditto dp pooled, Perf=0.8960
--- Finished seed: 42 ---
--- Seed: 43 ---
--- Personal steps: 15 ---
---EPSILON 0.1 ---
default_sample_rate: 0.03232323232323232
noise_multiplier :  13.75
default_sample_rate: 0.03232323232323232
noise_multiplier :  7.5
learning rate =  0.01
sample_rate: 0.03, expected_batch_size: 128
sample_rate: 0.03, expected_batch_size: 128
sample_rate: 0.03, expected_batch_size: 128
sample_rate: 0.03, expected_batch_size: 128
sample_rate: 0.03, expected_batch_size: 128
sample_rate: 0.03, expected_batch_size: 128
sample_rate: 0.03, expected_batch_size: 128
sample_rate: 0.03, expected_batch_size: 128
sample_rate: 0.03, expected_batch_size: 128
sample_rate: 0.03, expected_batch_size: 128
sample_rate: 0.03, expected_batch_size: 128
sample_rate: 0.03, expected_batch_size: 128
sample_rate: 0.03, expected_batch_size: 128
sample_rate: 0.03, expected_batch_size: 128
sample_rate: 0.03, expected_batch_size: 128
sample_rate: 0.03, expected_batch_size: 128
sample_rate: 0.03, expected_batch_size: 128
sample_rate: 0.03, expected_batch_size: 128
sample_rate: 0.03, expected_batch_size: 128
sample_rate: 0.03, expected_batch_size: 128
initial privacy cost of all clients:  [0, 0, 0, 0, 0, 0, 0, 0, 0, 0]
Round=0
Round=1
Round=2
Round=3
Round=4
Round=5
Round=6
Round=7
Round=8
Round=9
Round=10
Round=11
Round=12
Round=13
Round=14
current privacy cost of all clients:  [0.07323580287115607, 0.06861627244984228, 0.0636130274845621, 0.07323580287115607, 0.052721685568101175, 0.06861627244984228, 0.05835482563852214, 0.039763141150096236, 0.05835482563852214, 0.07775445513440044]
Round=14, per client global perf=[0.6515, 0.6407, 0.6382, 0.65, 0.649, 0.6402, 0.6471, 0.649, 0.6324, 0.6461], mean perf=13146/20400 (0.6444%)
Round=14, per client personal perf=[0.375, 0.3544, 0.3716, 0.5127, 0.3451, 0.4426, 0.4475, 0.2681, 0.3765, 0.4882], mean perf=8123/20400 (0.3982%)
Round=14, per client personal pooled=[0.3798, 0.3557, 0.363, 0.4983, 0.3488, 0.4555, 0.442, 0.2787, 0.3626, 0.4797], mean perf=80868/204000 (0.3964%)
Mean performance of unidp ditto dp global, Perf=0.6142
Mean performance of unidp ditto dp personal, Perf=0.3734
Mean performance of unidp ditto dp pooled, Perf=0.3724
---EPSILON 0.5 ---
default_sample_rate: 0.03232323232323232
noise_multiplier :  3.671875
default_sample_rate: 0.03232323232323232
noise_multiplier :  2.1484375
learning rate =  0.01
sample_rate: 0.03, expected_batch_size: 128
sample_rate: 0.03, expected_batch_size: 128
sample_rate: 0.03, expected_batch_size: 128
sample_rate: 0.03, expected_batch_size: 128
sample_rate: 0.03, expected_batch_size: 128
sample_rate: 0.03, expected_batch_size: 128
sample_rate: 0.03, expected_batch_size: 128
sample_rate: 0.03, expected_batch_size: 128
sample_rate: 0.03, expected_batch_size: 128
sample_rate: 0.03, expected_batch_size: 128
sample_rate: 0.03, expected_batch_size: 128
sample_rate: 0.03, expected_batch_size: 128
sample_rate: 0.03, expected_batch_size: 128
sample_rate: 0.03, expected_batch_size: 128
sample_rate: 0.03, expected_batch_size: 128
sample_rate: 0.03, expected_batch_size: 128
sample_rate: 0.03, expected_batch_size: 128
sample_rate: 0.03, expected_batch_size: 128
sample_rate: 0.03, expected_batch_size: 128
sample_rate: 0.03, expected_batch_size: 128
initial privacy cost of all clients:  [0, 0, 0, 0, 0, 0, 0, 0, 0, 0]
Round=0
Round=1
Round=2
Round=3
Round=4
Round=5
Round=6
Round=7
Round=8
Round=9
Round=10
Round=11
Round=12
Round=13
Round=14
current privacy cost of all clients:  [0.37555379650408366, 0.3537320706559622, 0.33033357372458066, 0.37555379650408366, 0.279070325668136, 0.3537320706559622, 0.30557517331204553, 0.2169627015110833, 0.30557517331204553, 0.39649964853357994]
Round=14, per client global perf=[0.8534, 0.8608, 0.8564, 0.8475, 0.8627, 0.8544, 0.8652, 0.8613, 0.8569, 0.852], mean perf=17484/20400 (0.8571%)
Round=14, per client personal perf=[0.7451, 0.7971, 0.7451, 0.7887, 0.6824, 0.8078, 0.7858, 0.5804, 0.7711, 0.8025], mean perf=15312/20400 (0.7506%)
Round=14, per client personal pooled=[0.7603, 0.7942, 0.7512, 0.7903, 0.6885, 0.8082, 0.7928, 0.5663, 0.7657, 0.8059], mean perf=153481/204000 (0.7524%)
Mean performance of unidp ditto dp global, Perf=0.8470
Mean performance of unidp ditto dp personal, Perf=0.7369
Mean performance of unidp ditto dp pooled, Perf=0.7396
---EPSILON 1 ---
default_sample_rate: 0.03232323232323232
noise_multiplier :  2.12890625
default_sample_rate: 0.03232323232323232
noise_multiplier :  1.3671875
learning rate =  0.01
sample_rate: 0.03, expected_batch_size: 128
sample_rate: 0.03, expected_batch_size: 128
sample_rate: 0.03, expected_batch_size: 128
sample_rate: 0.03, expected_batch_size: 128
sample_rate: 0.03, expected_batch_size: 128
sample_rate: 0.03, expected_batch_size: 128
sample_rate: 0.03, expected_batch_size: 128
sample_rate: 0.03, expected_batch_size: 128
sample_rate: 0.03, expected_batch_size: 128
sample_rate: 0.03, expected_batch_size: 128
sample_rate: 0.03, expected_batch_size: 128
sample_rate: 0.03, expected_batch_size: 128
sample_rate: 0.03, expected_batch_size: 128
sample_rate: 0.03, expected_batch_size: 128
sample_rate: 0.03, expected_batch_size: 128
sample_rate: 0.03, expected_batch_size: 128
sample_rate: 0.03, expected_batch_size: 128
sample_rate: 0.03, expected_batch_size: 128
sample_rate: 0.03, expected_batch_size: 128
sample_rate: 0.03, expected_batch_size: 128
initial privacy cost of all clients:  [0, 0, 0, 0, 0, 0, 0, 0, 0, 0]
Round=0
Round=1
Round=2
Round=3
Round=4
Round=5
Round=6
Round=7
Round=8
Round=9
Round=10
Round=11
Round=12
Round=13
Round=14
current privacy cost of all clients:  [0.7653858016873494, 0.7206619146809711, 0.6750386529476061, 0.7653858016873494, 0.5742281727082242, 0.7206619146809711, 0.6260606530260836, 0.4516481465484667, 0.6260606530260836, 0.8052814395900469]
Round=14, per client global perf=[0.8922, 0.8912, 0.8882, 0.877, 0.8887, 0.8853, 0.8975, 0.8936, 0.901, 0.8853], mean perf=18156/20400 (0.8900%)
Round=14, per client personal perf=[0.8176, 0.8525, 0.8113, 0.8309, 0.7843, 0.8485, 0.8319, 0.6662, 0.8426, 0.8353], mean perf=16567/20400 (0.8121%)
Round=14, per client personal pooled=[0.8308, 0.8488, 0.8185, 0.8378, 0.7802, 0.8479, 0.8403, 0.6625, 0.8246, 0.8452], mean perf=165986/204000 (0.8137%)
Mean performance of unidp ditto dp global, Perf=0.8816
Mean performance of unidp ditto dp personal, Perf=0.7960
Mean performance of unidp ditto dp pooled, Perf=0.7972
---EPSILON 4 ---
default_sample_rate: 0.03232323232323232
noise_multiplier :  0.93994140625
default_sample_rate: 0.03232323232323232
noise_multiplier :  0.736083984375
learning rate =  0.01
sample_rate: 0.03, expected_batch_size: 128
sample_rate: 0.03, expected_batch_size: 128
sample_rate: 0.03, expected_batch_size: 128
sample_rate: 0.03, expected_batch_size: 128
sample_rate: 0.03, expected_batch_size: 128
sample_rate: 0.03, expected_batch_size: 128
sample_rate: 0.03, expected_batch_size: 128
sample_rate: 0.03, expected_batch_size: 128
sample_rate: 0.03, expected_batch_size: 128
sample_rate: 0.03, expected_batch_size: 128
sample_rate: 0.03, expected_batch_size: 128
sample_rate: 0.03, expected_batch_size: 128
sample_rate: 0.03, expected_batch_size: 128
sample_rate: 0.03, expected_batch_size: 128
sample_rate: 0.03, expected_batch_size: 128
sample_rate: 0.03, expected_batch_size: 128
sample_rate: 0.03, expected_batch_size: 128
sample_rate: 0.03, expected_batch_size: 128
sample_rate: 0.03, expected_batch_size: 128
sample_rate: 0.03, expected_batch_size: 128
initial privacy cost of all clients:  [0, 0, 0, 0, 0, 0, 0, 0, 0, 0]
Round=0
Round=1
Round=2
Round=3
Round=4
Round=5
Round=6
Round=7
Round=8
Round=9
Round=10
Round=11
Round=12
Round=13
Round=14
current privacy cost of all clients:  [3.083714743273034, 2.9136136495948044, 2.743512555916575, 3.083714743273034, 2.4033103685601156, 2.9136136495948044, 2.573411462238345, 2.04500887038821, 2.573411462238345, 3.2538158369512633]
Round=14, per client global perf=[0.9353, 0.9373, 0.9294, 0.924, 0.9294, 0.9245, 0.9363, 0.9412, 0.9412, 0.9275], mean perf=19025/20400 (0.9326%)
Round=14, per client personal perf=[0.8745, 0.8868, 0.8593, 0.8873, 0.8338, 0.8853, 0.8716, 0.8054, 0.8971, 0.8637], mean perf=17676/20400 (0.8665%)
Round=14, per client personal pooled=[0.8766, 0.8839, 0.868, 0.8854, 0.8346, 0.8884, 0.8714, 0.7959, 0.8818, 0.8699], mean perf=176580/204000 (0.8656%)
Mean performance of unidp ditto dp global, Perf=0.9286
Mean performance of unidp ditto dp personal, Perf=0.8573
Mean performance of unidp ditto dp pooled, Perf=0.8575
---EPSILON 8 ---
default_sample_rate: 0.03232323232323232
noise_multiplier :  0.72021484375
default_sample_rate: 0.03232323232323232
noise_multiplier :  0.5743408203125
learning rate =  0.01
sample_rate: 0.03, expected_batch_size: 128
sample_rate: 0.03, expected_batch_size: 128
sample_rate: 0.03, expected_batch_size: 128
sample_rate: 0.03, expected_batch_size: 128
sample_rate: 0.03, expected_batch_size: 128
sample_rate: 0.03, expected_batch_size: 128
sample_rate: 0.03, expected_batch_size: 128
sample_rate: 0.03, expected_batch_size: 128
sample_rate: 0.03, expected_batch_size: 128
sample_rate: 0.03, expected_batch_size: 128
sample_rate: 0.03, expected_batch_size: 128
sample_rate: 0.03, expected_batch_size: 128
sample_rate: 0.03, expected_batch_size: 128
sample_rate: 0.03, expected_batch_size: 128
sample_rate: 0.03, expected_batch_size: 128
sample_rate: 0.03, expected_batch_size: 128
sample_rate: 0.03, expected_batch_size: 128
sample_rate: 0.03, expected_batch_size: 128
sample_rate: 0.03, expected_batch_size: 128
sample_rate: 0.03, expected_batch_size: 128
initial privacy cost of all clients:  [0, 0, 0, 0, 0, 0, 0, 0, 0, 0]
Round=0
Round=1
Round=2
Round=3
Round=4
Round=5
Round=6
Round=7
Round=8
Round=9
Round=10
Round=11
Round=12
Round=13
Round=14
current privacy cost of all clients:  [6.735473089270566, 6.264765677912597, 5.794058266554629, 6.735473089270566, 4.852643443838692, 6.264765677912597, 5.323350855196661, 3.9112286211227545, 5.323350855196661, 7.167814057514629]
Round=14, per client global perf=[0.9461, 0.9431, 0.9397, 0.9397, 0.9397, 0.9348, 0.9451, 0.952, 0.9485, 0.9358], mean perf=19226/20400 (0.9425%)
Round=14, per client personal perf=[0.8971, 0.9044, 0.8765, 0.8926, 0.849, 0.8985, 0.8794, 0.8186, 0.9, 0.876], mean perf=17936/20400 (0.8792%)
Round=14, per client personal pooled=[0.8924, 0.897, 0.8812, 0.8959, 0.8498, 0.9015, 0.88, 0.808, 0.8854, 0.885], mean perf=179033/204000 (0.8776%)
Mean performance of unidp ditto dp global, Perf=0.9391
Mean performance of unidp ditto dp personal, Perf=0.8721
Mean performance of unidp ditto dp pooled, Perf=0.8707
---EPSILON 16 ---
default_sample_rate: 0.03232323232323232
noise_multiplier :  0.567169189453125
default_sample_rate: 0.03232323232323232
noise_multiplier :  0.48187255859375
learning rate =  0.01
sample_rate: 0.03, expected_batch_size: 128
sample_rate: 0.03, expected_batch_size: 128
sample_rate: 0.03, expected_batch_size: 128
sample_rate: 0.03, expected_batch_size: 128
sample_rate: 0.03, expected_batch_size: 128
sample_rate: 0.03, expected_batch_size: 128
sample_rate: 0.03, expected_batch_size: 128
sample_rate: 0.03, expected_batch_size: 128
sample_rate: 0.03, expected_batch_size: 128
sample_rate: 0.03, expected_batch_size: 128
sample_rate: 0.03, expected_batch_size: 128
sample_rate: 0.03, expected_batch_size: 128
sample_rate: 0.03, expected_batch_size: 128
sample_rate: 0.03, expected_batch_size: 128
sample_rate: 0.03, expected_batch_size: 128
sample_rate: 0.03, expected_batch_size: 128
sample_rate: 0.03, expected_batch_size: 128
sample_rate: 0.03, expected_batch_size: 128
sample_rate: 0.03, expected_batch_size: 128
sample_rate: 0.03, expected_batch_size: 128
initial privacy cost of all clients:  [0, 0, 0, 0, 0, 0, 0, 0, 0, 0]
Round=0
Round=1
Round=2
Round=3
Round=4
Round=5
Round=6
Round=7
Round=8
Round=9
Round=10
Round=11
Round=12
Round=13
Round=14
current privacy cost of all clients:  [11.80405874178763, 11.105992316907031, 10.407925892026432, 11.80405874178763, 9.011793042265237, 11.105992316907031, 9.709859467145835, 7.6156601925040395, 9.709859467145835, 12.502125166668227]
Round=14, per client global perf=[0.9534, 0.948, 0.9461, 0.9466, 0.9534, 0.9505, 0.9544, 0.9574, 0.9583, 0.9422], mean perf=19401/20400 (0.9510%)
Round=14, per client personal perf=[0.9064, 0.901, 0.8779, 0.899, 0.85, 0.9059, 0.8946, 0.8544, 0.9054, 0.8917], mean perf=18128/20400 (0.8886%)
Round=14, per client personal pooled=[0.8974, 0.8992, 0.8893, 0.9047, 0.8464, 0.9047, 0.8959, 0.8476, 0.89, 0.9019], mean perf=181092/204000 (0.8877%)
Mean performance of unidp ditto dp global, Perf=0.9481
Mean performance of unidp ditto dp personal, Perf=0.8809
Mean performance of unidp ditto dp pooled, Perf=0.8805
--- Personal steps: 30 ---
---EPSILON 0.1 ---
default_sample_rate: 0.03232323232323232
noise_multiplier :  13.75
default_sample_rate: 0.03232323232323232
noise_multiplier :  11.25
learning rate =  0.01
sample_rate: 0.03, expected_batch_size: 128
sample_rate: 0.03, expected_batch_size: 128
sample_rate: 0.03, expected_batch_size: 128
sample_rate: 0.03, expected_batch_size: 128
sample_rate: 0.03, expected_batch_size: 128
sample_rate: 0.03, expected_batch_size: 128
sample_rate: 0.03, expected_batch_size: 128
sample_rate: 0.03, expected_batch_size: 128
sample_rate: 0.03, expected_batch_size: 128
sample_rate: 0.03, expected_batch_size: 128
sample_rate: 0.03, expected_batch_size: 128
sample_rate: 0.03, expected_batch_size: 128
sample_rate: 0.03, expected_batch_size: 128
sample_rate: 0.03, expected_batch_size: 128
sample_rate: 0.03, expected_batch_size: 128
sample_rate: 0.03, expected_batch_size: 128
sample_rate: 0.03, expected_batch_size: 128
sample_rate: 0.03, expected_batch_size: 128
sample_rate: 0.03, expected_batch_size: 128
sample_rate: 0.03, expected_batch_size: 128
initial privacy cost of all clients:  [0, 0, 0, 0, 0, 0, 0, 0, 0, 0]
Round=0
Round=1
Round=2
Round=3
Round=4
Round=5
Round=6
Round=7
Round=8
Round=9
Round=10
Round=11
Round=12
Round=13
Round=14
current privacy cost of all clients:  [0.07323580287115607, 0.06861627244984228, 0.0636130274845621, 0.07323580287115607, 0.052721685568101175, 0.06861627244984228, 0.05835482563852214, 0.039763141150096236, 0.05835482563852214, 0.07775445513440044]
Round=14, per client global perf=[0.6936, 0.7098, 0.7123, 0.701, 0.7132, 0.6966, 0.7152, 0.7211, 0.7142, 0.7083], mean perf=14454/20400 (0.7085%)
Round=14, per client personal perf=[0.3794, 0.4196, 0.3255, 0.35, 0.2015, 0.3387, 0.4049, 0.2515, 0.3446, 0.3858], mean perf=6939/20400 (0.3401%)
Round=14, per client personal pooled=[0.3859, 0.4114, 0.3228, 0.3539, 0.2, 0.3357, 0.4052, 0.2567, 0.3458, 0.3654], mean perf=69011/204000 (0.3383%)
Mean performance of unidp ditto dp global, Perf=0.6687
Mean performance of unidp ditto dp personal, Perf=0.3341
Mean performance of unidp ditto dp pooled, Perf=0.3320
---EPSILON 0.5 ---
default_sample_rate: 0.03232323232323232
noise_multiplier :  3.671875
default_sample_rate: 0.03232323232323232
noise_multiplier :  2.890625
learning rate =  0.01
sample_rate: 0.03, expected_batch_size: 128
sample_rate: 0.03, expected_batch_size: 128
sample_rate: 0.03, expected_batch_size: 128
sample_rate: 0.03, expected_batch_size: 128
sample_rate: 0.03, expected_batch_size: 128
sample_rate: 0.03, expected_batch_size: 128
sample_rate: 0.03, expected_batch_size: 128
sample_rate: 0.03, expected_batch_size: 128
sample_rate: 0.03, expected_batch_size: 128
sample_rate: 0.03, expected_batch_size: 128
sample_rate: 0.03, expected_batch_size: 128
sample_rate: 0.03, expected_batch_size: 128
sample_rate: 0.03, expected_batch_size: 128
sample_rate: 0.03, expected_batch_size: 128
sample_rate: 0.03, expected_batch_size: 128
sample_rate: 0.03, expected_batch_size: 128
sample_rate: 0.03, expected_batch_size: 128
sample_rate: 0.03, expected_batch_size: 128
sample_rate: 0.03, expected_batch_size: 128
sample_rate: 0.03, expected_batch_size: 128
initial privacy cost of all clients:  [0, 0, 0, 0, 0, 0, 0, 0, 0, 0]
Round=0
Round=1
Round=2
Round=3
Round=4
Round=5
Round=6
Round=7
Round=8
Round=9
Round=10
Round=11
Round=12
Round=13
Round=14
current privacy cost of all clients:  [0.37555379650408366, 0.3537320706559622, 0.33033357372458066, 0.37555379650408366, 0.279070325668136, 0.3537320706559622, 0.30557517331204553, 0.2169627015110833, 0.30557517331204553, 0.39649964853357994]
Round=14, per client global perf=[0.8716, 0.8721, 0.8721, 0.8554, 0.8681, 0.8789, 0.8725, 0.8804, 0.8819, 0.8603], mean perf=17775/20400 (0.8713%)
Round=14, per client personal perf=[0.7152, 0.7382, 0.7235, 0.7304, 0.7039, 0.7333, 0.7662, 0.7152, 0.7657, 0.7373], mean perf=14951/20400 (0.7329%)
Round=14, per client personal pooled=[0.7151, 0.7512, 0.7245, 0.7274, 0.708, 0.7374, 0.7669, 0.7038, 0.7599, 0.7352], mean perf=149520/204000 (0.7329%)
Mean performance of unidp ditto dp global, Perf=0.8591
Mean performance of unidp ditto dp personal, Perf=0.7275
Mean performance of unidp ditto dp pooled, Perf=0.7300
---EPSILON 1 ---
default_sample_rate: 0.03232323232323232
noise_multiplier :  2.12890625
default_sample_rate: 0.03232323232323232
noise_multiplier :  1.728515625
learning rate =  0.01
sample_rate: 0.03, expected_batch_size: 128
sample_rate: 0.03, expected_batch_size: 128
sample_rate: 0.03, expected_batch_size: 128
sample_rate: 0.03, expected_batch_size: 128
sample_rate: 0.03, expected_batch_size: 128
sample_rate: 0.03, expected_batch_size: 128
sample_rate: 0.03, expected_batch_size: 128
sample_rate: 0.03, expected_batch_size: 128
sample_rate: 0.03, expected_batch_size: 128
sample_rate: 0.03, expected_batch_size: 128
sample_rate: 0.03, expected_batch_size: 128
sample_rate: 0.03, expected_batch_size: 128
sample_rate: 0.03, expected_batch_size: 128
sample_rate: 0.03, expected_batch_size: 128
sample_rate: 0.03, expected_batch_size: 128
sample_rate: 0.03, expected_batch_size: 128
sample_rate: 0.03, expected_batch_size: 128
sample_rate: 0.03, expected_batch_size: 128
sample_rate: 0.03, expected_batch_size: 128
sample_rate: 0.03, expected_batch_size: 128
initial privacy cost of all clients:  [0, 0, 0, 0, 0, 0, 0, 0, 0, 0]
Round=0
Round=1
Round=2
Round=3
Round=4
Round=5
Round=6
Round=7
Round=8
Round=9
Round=10
Round=11
Round=12
Round=13
Round=14
current privacy cost of all clients:  [0.7653858016873494, 0.7206619146809711, 0.6750386529476061, 0.7653858016873494, 0.5742281727082242, 0.7206619146809711, 0.6260606530260836, 0.4516481465484667, 0.6260606530260836, 0.8052814395900469]
Round=14, per client global perf=[0.898, 0.8961, 0.8966, 0.8936, 0.9005, 0.9059, 0.9005, 0.9054, 0.9181, 0.8936], mean perf=18377/20400 (0.9008%)
Round=14, per client personal perf=[0.7828, 0.8245, 0.8069, 0.8078, 0.7892, 0.8093, 0.824, 0.823, 0.8299, 0.7882], mean perf=16495/20400 (0.8086%)
Round=14, per client personal pooled=[0.7816, 0.8245, 0.8058, 0.8045, 0.7926, 0.8095, 0.8242, 0.8132, 0.8207, 0.7882], mean perf=164522/204000 (0.8065%)
Mean performance of unidp ditto dp global, Perf=0.8930
Mean performance of unidp ditto dp personal, Perf=0.8022
Mean performance of unidp ditto dp pooled, Perf=0.8017
---EPSILON 4 ---
default_sample_rate: 0.03232323232323232
noise_multiplier :  0.93994140625
default_sample_rate: 0.03232323232323232
noise_multiplier :  0.833740234375
learning rate =  0.01
sample_rate: 0.03, expected_batch_size: 128
sample_rate: 0.03, expected_batch_size: 128
sample_rate: 0.03, expected_batch_size: 128
sample_rate: 0.03, expected_batch_size: 128
sample_rate: 0.03, expected_batch_size: 128
sample_rate: 0.03, expected_batch_size: 128
sample_rate: 0.03, expected_batch_size: 128
sample_rate: 0.03, expected_batch_size: 128
sample_rate: 0.03, expected_batch_size: 128
sample_rate: 0.03, expected_batch_size: 128
sample_rate: 0.03, expected_batch_size: 128
sample_rate: 0.03, expected_batch_size: 128
sample_rate: 0.03, expected_batch_size: 128
sample_rate: 0.03, expected_batch_size: 128
sample_rate: 0.03, expected_batch_size: 128
sample_rate: 0.03, expected_batch_size: 128
sample_rate: 0.03, expected_batch_size: 128
sample_rate: 0.03, expected_batch_size: 128
sample_rate: 0.03, expected_batch_size: 128
sample_rate: 0.03, expected_batch_size: 128
initial privacy cost of all clients:  [0, 0, 0, 0, 0, 0, 0, 0, 0, 0]
Round=0
Round=1
Round=2
Round=3
Round=4
Round=5
Round=6
Round=7
Round=8
Round=9
Round=10
Round=11
Round=12
Round=13
Round=14
current privacy cost of all clients:  [3.083714743273034, 2.9136136495948044, 2.743512555916575, 3.083714743273034, 2.4033103685601156, 2.9136136495948044, 2.573411462238345, 2.04500887038821, 2.573411462238345, 3.2538158369512633]
Round=14, per client global perf=[0.9456, 0.9387, 0.9368, 0.9328, 0.9358, 0.9392, 0.9382, 0.9431, 0.9436, 0.926], mean perf=19135/20400 (0.9380%)
Round=14, per client personal perf=[0.8632, 0.8765, 0.8721, 0.8569, 0.8471, 0.877, 0.8775, 0.8824, 0.873, 0.8397], mean perf=17677/20400 (0.8665%)
Round=14, per client personal pooled=[0.8642, 0.8709, 0.8704, 0.859, 0.8502, 0.8667, 0.8728, 0.8756, 0.8649, 0.8506], mean perf=176366/204000 (0.8645%)
Mean performance of unidp ditto dp global, Perf=0.9353
Mean performance of unidp ditto dp personal, Perf=0.8633
Mean performance of unidp ditto dp pooled, Perf=0.8627
---EPSILON 8 ---
default_sample_rate: 0.03232323232323232
noise_multiplier :  0.72021484375
default_sample_rate: 0.03232323232323232
noise_multiplier :  0.64788818359375
learning rate =  0.01
sample_rate: 0.03, expected_batch_size: 128
sample_rate: 0.03, expected_batch_size: 128
sample_rate: 0.03, expected_batch_size: 128
sample_rate: 0.03, expected_batch_size: 128
sample_rate: 0.03, expected_batch_size: 128
sample_rate: 0.03, expected_batch_size: 128
sample_rate: 0.03, expected_batch_size: 128
sample_rate: 0.03, expected_batch_size: 128
sample_rate: 0.03, expected_batch_size: 128
sample_rate: 0.03, expected_batch_size: 128
sample_rate: 0.03, expected_batch_size: 128
sample_rate: 0.03, expected_batch_size: 128
sample_rate: 0.03, expected_batch_size: 128
sample_rate: 0.03, expected_batch_size: 128
sample_rate: 0.03, expected_batch_size: 128
sample_rate: 0.03, expected_batch_size: 128
sample_rate: 0.03, expected_batch_size: 128
sample_rate: 0.03, expected_batch_size: 128
sample_rate: 0.03, expected_batch_size: 128
sample_rate: 0.03, expected_batch_size: 128
initial privacy cost of all clients:  [0, 0, 0, 0, 0, 0, 0, 0, 0, 0]
Round=0
Round=1
Round=2
Round=3
Round=4
Round=5
Round=6
Round=7
Round=8
Round=9
Round=10
Round=11
Round=12
Round=13
Round=14
current privacy cost of all clients:  [6.735473089270566, 6.264765677912597, 5.794058266554629, 6.735473089270566, 4.852643443838692, 6.264765677912597, 5.323350855196661, 3.9112286211227545, 5.323350855196661, 7.167814057514629]
Round=14, per client global perf=[0.9466, 0.9451, 0.9471, 0.9417, 0.9436, 0.9485, 0.95, 0.9539, 0.952, 0.9387], mean perf=19313/20400 (0.9467%)
Round=14, per client personal perf=[0.8716, 0.8971, 0.8877, 0.8667, 0.8627, 0.8716, 0.8882, 0.9034, 0.8887, 0.8662], mean perf=17960/20400 (0.8804%)
Round=14, per client personal pooled=[0.8777, 0.8886, 0.89, 0.8745, 0.8641, 0.8686, 0.88, 0.8971, 0.8827, 0.8789], mean perf=179565/204000 (0.8802%)
Mean performance of unidp ditto dp global, Perf=0.9439
Mean performance of unidp ditto dp personal, Perf=0.8767
Mean performance of unidp ditto dp pooled, Perf=0.8778
---EPSILON 16 ---
default_sample_rate: 0.03232323232323232
noise_multiplier :  0.567169189453125
default_sample_rate: 0.03232323232323232
noise_multiplier :  0.5263900756835938
learning rate =  0.01
sample_rate: 0.03, expected_batch_size: 128
sample_rate: 0.03, expected_batch_size: 128
sample_rate: 0.03, expected_batch_size: 128
sample_rate: 0.03, expected_batch_size: 128
sample_rate: 0.03, expected_batch_size: 128
sample_rate: 0.03, expected_batch_size: 128
sample_rate: 0.03, expected_batch_size: 128
sample_rate: 0.03, expected_batch_size: 128
sample_rate: 0.03, expected_batch_size: 128
sample_rate: 0.03, expected_batch_size: 128
sample_rate: 0.03, expected_batch_size: 128
sample_rate: 0.03, expected_batch_size: 128
sample_rate: 0.03, expected_batch_size: 128
sample_rate: 0.03, expected_batch_size: 128
sample_rate: 0.03, expected_batch_size: 128
sample_rate: 0.03, expected_batch_size: 128
sample_rate: 0.03, expected_batch_size: 128
sample_rate: 0.03, expected_batch_size: 128
sample_rate: 0.03, expected_batch_size: 128
sample_rate: 0.03, expected_batch_size: 128
initial privacy cost of all clients:  [0, 0, 0, 0, 0, 0, 0, 0, 0, 0]
Round=0
Round=1
Round=2
Round=3
Round=4
Round=5
Round=6
Round=7
Round=8
Round=9
Round=10
Round=11
Round=12
Round=13
Round=14
current privacy cost of all clients:  [11.80405874178763, 11.105992316907031, 10.407925892026432, 11.80405874178763, 9.011793042265237, 11.105992316907031, 9.709859467145835, 7.6156601925040395, 9.709859467145835, 12.502125166668227]
Round=14, per client global perf=[0.9583, 0.9525, 0.9539, 0.9529, 0.9534, 0.9534, 0.9559, 0.9578, 0.9559, 0.9461], mean perf=19462/20400 (0.9540%)
Round=14, per client personal perf=[0.9015, 0.8995, 0.8922, 0.8863, 0.8706, 0.9103, 0.8897, 0.9113, 0.898, 0.8838], mean perf=18244/20400 (0.8943%)
Round=14, per client personal pooled=[0.8961, 0.8979, 0.8965, 0.8867, 0.868, 0.9004, 0.8883, 0.9032, 0.8903, 0.8913], mean perf=181944/204000 (0.8919%)
Mean performance of unidp ditto dp global, Perf=0.9503
Mean performance of unidp ditto dp personal, Perf=0.8882
Mean performance of unidp ditto dp pooled, Perf=0.8886
--- Finished seed: 43 ---
--- Seed: 44 ---
--- Personal steps: 15 ---
---EPSILON 0.1 ---
default_sample_rate: 0.03232323232323232
noise_multiplier :  13.75
default_sample_rate: 0.03232323232323232
noise_multiplier :  7.5
learning rate =  0.01
sample_rate: 0.03, expected_batch_size: 128
sample_rate: 0.03, expected_batch_size: 128
sample_rate: 0.03, expected_batch_size: 128
sample_rate: 0.03, expected_batch_size: 128
sample_rate: 0.03, expected_batch_size: 128
sample_rate: 0.03, expected_batch_size: 128
sample_rate: 0.03, expected_batch_size: 128
sample_rate: 0.03, expected_batch_size: 128
sample_rate: 0.03, expected_batch_size: 128
sample_rate: 0.03, expected_batch_size: 128
sample_rate: 0.03, expected_batch_size: 128
sample_rate: 0.03, expected_batch_size: 128
sample_rate: 0.03, expected_batch_size: 128
sample_rate: 0.03, expected_batch_size: 128
sample_rate: 0.03, expected_batch_size: 128
sample_rate: 0.03, expected_batch_size: 128
sample_rate: 0.03, expected_batch_size: 128
sample_rate: 0.03, expected_batch_size: 128
sample_rate: 0.03, expected_batch_size: 128
sample_rate: 0.03, expected_batch_size: 128
initial privacy cost of all clients:  [0, 0, 0, 0, 0, 0, 0, 0, 0, 0]
Round=0
Round=1
Round=2
Round=3
Round=4
Round=5
Round=6
Round=7
Round=8
Round=9
Round=10
Round=11
Round=12
Round=13
Round=14
current privacy cost of all clients:  [0.07323580287115607, 0.08623286984399514, 0.07323580287115607, 0.039763141150096236, 0.08199366248919779, 0.05835482563852214, 0.052721685568101175, 0.05835482563852214, 0.052721685568101175, 0.06861627244984228]
Round=14, per client global perf=[0.6936, 0.6784, 0.6814, 0.6848, 0.7029, 0.7059, 0.7074, 0.701, 0.7044, 0.7005], mean perf=14199/20400 (0.6960%)
Round=14, per client personal perf=[0.4054, 0.4686, 0.4387, 0.2304, 0.5064, 0.3799, 0.3127, 0.3, 0.3843, 0.4667], mean perf=7942/20400 (0.3893%)
Round=14, per client personal pooled=[0.405, 0.472, 0.4467, 0.236, 0.5036, 0.3985, 0.3085, 0.3012, 0.3808, 0.4533], mean perf=79675/204000 (0.3906%)
Mean performance of unidp ditto dp global, Perf=0.6586
Mean performance of unidp ditto dp personal, Perf=0.3741
Mean performance of unidp ditto dp pooled, Perf=0.3731
---EPSILON 0.5 ---
default_sample_rate: 0.03232323232323232
noise_multiplier :  3.671875
default_sample_rate: 0.03232323232323232
noise_multiplier :  2.1484375
learning rate =  0.01
sample_rate: 0.03, expected_batch_size: 128
sample_rate: 0.03, expected_batch_size: 128
sample_rate: 0.03, expected_batch_size: 128
sample_rate: 0.03, expected_batch_size: 128
sample_rate: 0.03, expected_batch_size: 128
sample_rate: 0.03, expected_batch_size: 128
sample_rate: 0.03, expected_batch_size: 128
sample_rate: 0.03, expected_batch_size: 128
sample_rate: 0.03, expected_batch_size: 128
sample_rate: 0.03, expected_batch_size: 128
sample_rate: 0.03, expected_batch_size: 128
sample_rate: 0.03, expected_batch_size: 128
sample_rate: 0.03, expected_batch_size: 128
sample_rate: 0.03, expected_batch_size: 128
sample_rate: 0.03, expected_batch_size: 128
sample_rate: 0.03, expected_batch_size: 128
sample_rate: 0.03, expected_batch_size: 128
sample_rate: 0.03, expected_batch_size: 128
sample_rate: 0.03, expected_batch_size: 128
sample_rate: 0.03, expected_batch_size: 128
initial privacy cost of all clients:  [0, 0, 0, 0, 0, 0, 0, 0, 0, 0]
Round=0
Round=1
Round=2
Round=3
Round=4
Round=5
Round=6
Round=7
Round=8
Round=9
Round=10
Round=11
Round=12
Round=13
Round=14
current privacy cost of all clients:  [0.37555379650408366, 0.4369927284170089, 0.37555379650408366, 0.2169627015110833, 0.41674618847529443, 0.30557517331204553, 0.279070325668136, 0.30557517331204553, 0.279070325668136, 0.3537320706559622]
Round=14, per client global perf=[0.8833, 0.8819, 0.8809, 0.8765, 0.8794, 0.8809, 0.8824, 0.8824, 0.8941, 0.8667], mean perf=17969/20400 (0.8808%)
Round=14, per client personal perf=[0.7667, 0.7721, 0.7799, 0.573, 0.7789, 0.7637, 0.7054, 0.7426, 0.75, 0.8343], mean perf=15232/20400 (0.7467%)
Round=14, per client personal pooled=[0.7754, 0.7832, 0.7865, 0.5765, 0.7792, 0.7697, 0.704, 0.7474, 0.7529, 0.8377], mean perf=153254/204000 (0.7512%)
Mean performance of unidp ditto dp global, Perf=0.8742
Mean performance of unidp ditto dp personal, Perf=0.7320
Mean performance of unidp ditto dp pooled, Perf=0.7377
---EPSILON 1 ---
default_sample_rate: 0.03232323232323232
noise_multiplier :  2.12890625
default_sample_rate: 0.03232323232323232
noise_multiplier :  1.3671875
learning rate =  0.01
sample_rate: 0.03, expected_batch_size: 128
sample_rate: 0.03, expected_batch_size: 128
sample_rate: 0.03, expected_batch_size: 128
sample_rate: 0.03, expected_batch_size: 128
sample_rate: 0.03, expected_batch_size: 128
sample_rate: 0.03, expected_batch_size: 128
sample_rate: 0.03, expected_batch_size: 128
sample_rate: 0.03, expected_batch_size: 128
sample_rate: 0.03, expected_batch_size: 128
sample_rate: 0.03, expected_batch_size: 128
sample_rate: 0.03, expected_batch_size: 128
sample_rate: 0.03, expected_batch_size: 128
sample_rate: 0.03, expected_batch_size: 128
sample_rate: 0.03, expected_batch_size: 128
sample_rate: 0.03, expected_batch_size: 128
sample_rate: 0.03, expected_batch_size: 128
sample_rate: 0.03, expected_batch_size: 128
sample_rate: 0.03, expected_batch_size: 128
sample_rate: 0.03, expected_batch_size: 128
sample_rate: 0.03, expected_batch_size: 128
initial privacy cost of all clients:  [0, 0, 0, 0, 0, 0, 0, 0, 0, 0]
Round=0
Round=1
Round=2
Round=3
Round=4
Round=5
Round=6
Round=7
Round=8
Round=9
Round=10
Round=11
Round=12
Round=13
Round=14
current privacy cost of all clients:  [0.7653858016873494, 0.8850727153954416, 0.7653858016873494, 0.4516481465484667, 0.8451770774927443, 0.6260606530260836, 0.5742281727082242, 0.6260606530260836, 0.5742281727082242, 0.7206619146809711]
Round=14, per client global perf=[0.9181, 0.9069, 0.9147, 0.9044, 0.9078, 0.9132, 0.9113, 0.9172, 0.9196, 0.8966], mean perf=18584/20400 (0.9110%)
Round=14, per client personal perf=[0.8123, 0.8299, 0.8373, 0.6789, 0.8407, 0.8417, 0.8, 0.827, 0.8176, 0.8544], mean perf=16605/20400 (0.8140%)
Round=14, per client personal pooled=[0.8299, 0.8396, 0.8409, 0.6878, 0.8359, 0.8425, 0.8046, 0.8255, 0.8122, 0.8648], mean perf=166947/204000 (0.8184%)
Mean performance of unidp ditto dp global, Perf=0.9097
Mean performance of unidp ditto dp personal, Perf=0.8029
Mean performance of unidp ditto dp pooled, Perf=0.8074
---EPSILON 4 ---
default_sample_rate: 0.03232323232323232
noise_multiplier :  0.93994140625
default_sample_rate: 0.03232323232323232
noise_multiplier :  0.736083984375
learning rate =  0.01
sample_rate: 0.03, expected_batch_size: 128
sample_rate: 0.03, expected_batch_size: 128
sample_rate: 0.03, expected_batch_size: 128
sample_rate: 0.03, expected_batch_size: 128
sample_rate: 0.03, expected_batch_size: 128
sample_rate: 0.03, expected_batch_size: 128
sample_rate: 0.03, expected_batch_size: 128
sample_rate: 0.03, expected_batch_size: 128
sample_rate: 0.03, expected_batch_size: 128
sample_rate: 0.03, expected_batch_size: 128
sample_rate: 0.03, expected_batch_size: 128
sample_rate: 0.03, expected_batch_size: 128
sample_rate: 0.03, expected_batch_size: 128
sample_rate: 0.03, expected_batch_size: 128
sample_rate: 0.03, expected_batch_size: 128
sample_rate: 0.03, expected_batch_size: 128
sample_rate: 0.03, expected_batch_size: 128
sample_rate: 0.03, expected_batch_size: 128
sample_rate: 0.03, expected_batch_size: 128
sample_rate: 0.03, expected_batch_size: 128
initial privacy cost of all clients:  [0, 0, 0, 0, 0, 0, 0, 0, 0, 0]
Round=0
Round=1
Round=2
Round=3
Round=4
Round=5
Round=6
Round=7
Round=8
Round=9
Round=10
Round=11
Round=12
Round=13
Round=14
current privacy cost of all clients:  [3.083714743273034, 3.594018024307722, 3.083714743273034, 2.04500887038821, 3.4239169306294928, 2.573411462238345, 2.4033103685601156, 2.573411462238345, 2.4033103685601156, 2.9136136495948044]
Round=14, per client global perf=[0.9466, 0.9431, 0.9338, 0.9324, 0.9422, 0.9436, 0.9461, 0.9422, 0.9475, 0.9279], mean perf=19187/20400 (0.9405%)
Round=14, per client personal perf=[0.8843, 0.8971, 0.8755, 0.8284, 0.875, 0.8828, 0.8784, 0.8765, 0.874, 0.8691], mean perf=17832/20400 (0.8741%)
Round=14, per client personal pooled=[0.8853, 0.8903, 0.8682, 0.8316, 0.8771, 0.8789, 0.8746, 0.8744, 0.8668, 0.8831], mean perf=178097/204000 (0.8730%)
Mean performance of unidp ditto dp global, Perf=0.9399
Mean performance of unidp ditto dp personal, Perf=0.8660
Mean performance of unidp ditto dp pooled, Perf=0.8667
---EPSILON 8 ---
default_sample_rate: 0.03232323232323232
noise_multiplier :  0.72021484375
default_sample_rate: 0.03232323232323232
noise_multiplier :  0.5743408203125
learning rate =  0.01
sample_rate: 0.03, expected_batch_size: 128
sample_rate: 0.03, expected_batch_size: 128
sample_rate: 0.03, expected_batch_size: 128
sample_rate: 0.03, expected_batch_size: 128
sample_rate: 0.03, expected_batch_size: 128
sample_rate: 0.03, expected_batch_size: 128
sample_rate: 0.03, expected_batch_size: 128
sample_rate: 0.03, expected_batch_size: 128
sample_rate: 0.03, expected_batch_size: 128
sample_rate: 0.03, expected_batch_size: 128
sample_rate: 0.03, expected_batch_size: 128
sample_rate: 0.03, expected_batch_size: 128
sample_rate: 0.03, expected_batch_size: 128
sample_rate: 0.03, expected_batch_size: 128
sample_rate: 0.03, expected_batch_size: 128
sample_rate: 0.03, expected_batch_size: 128
sample_rate: 0.03, expected_batch_size: 128
sample_rate: 0.03, expected_batch_size: 128
sample_rate: 0.03, expected_batch_size: 128
sample_rate: 0.03, expected_batch_size: 128
initial privacy cost of all clients:  [0, 0, 0, 0, 0, 0, 0, 0, 0, 0]
Round=0
Round=1
Round=2
Round=3
Round=4
Round=5
Round=6
Round=7
Round=8
Round=9
Round=10
Round=11
Round=12
Round=13
Round=14
current privacy cost of all clients:  [6.735473089270566, 7.497084685445106, 6.735473089270566, 3.9112286211227545, 7.332449371479868, 5.323350855196661, 4.852643443838692, 5.323350855196661, 4.852643443838692, 6.264765677912597]
Round=14, per client global perf=[0.9539, 0.952, 0.9431, 0.9426, 0.949, 0.952, 0.9485, 0.9515, 0.9505, 0.9368], mean perf=19339/20400 (0.9480%)
Round=14, per client personal perf=[0.8936, 0.9108, 0.8892, 0.8456, 0.8814, 0.8956, 0.8853, 0.8902, 0.8657, 0.874], mean perf=18016/20400 (0.8831%)
Round=14, per client personal pooled=[0.8981, 0.907, 0.8852, 0.8384, 0.8861, 0.8937, 0.8822, 0.887, 0.8633, 0.8877], mean perf=180106/204000 (0.8829%)
Mean performance of unidp ditto dp global, Perf=0.9476
Mean performance of unidp ditto dp personal, Perf=0.8762
Mean performance of unidp ditto dp pooled, Perf=0.8771
---EPSILON 16 ---
default_sample_rate: 0.03232323232323232
noise_multiplier :  0.567169189453125
default_sample_rate: 0.03232323232323232
noise_multiplier :  0.48187255859375
learning rate =  0.01
sample_rate: 0.03, expected_batch_size: 128
sample_rate: 0.03, expected_batch_size: 128
sample_rate: 0.03, expected_batch_size: 128
sample_rate: 0.03, expected_batch_size: 128
sample_rate: 0.03, expected_batch_size: 128
sample_rate: 0.03, expected_batch_size: 128
sample_rate: 0.03, expected_batch_size: 128
sample_rate: 0.03, expected_batch_size: 128
sample_rate: 0.03, expected_batch_size: 128
sample_rate: 0.03, expected_batch_size: 128
sample_rate: 0.03, expected_batch_size: 128
sample_rate: 0.03, expected_batch_size: 128
sample_rate: 0.03, expected_batch_size: 128
sample_rate: 0.03, expected_batch_size: 128
sample_rate: 0.03, expected_batch_size: 128
sample_rate: 0.03, expected_batch_size: 128
sample_rate: 0.03, expected_batch_size: 128
sample_rate: 0.03, expected_batch_size: 128
sample_rate: 0.03, expected_batch_size: 128
sample_rate: 0.03, expected_batch_size: 128
initial privacy cost of all clients:  [0, 0, 0, 0, 0, 0, 0, 0, 0, 0]
Round=0
Round=1
Round=2
Round=3
Round=4
Round=5
Round=6
Round=7
Round=8
Round=9
Round=10
Round=11
Round=12
Round=13
Round=14
current privacy cost of all clients:  [11.80405874178763, 13.898258016429423, 11.80405874178763, 7.6156601925040395, 13.200191591548824, 9.709859467145835, 9.011793042265237, 9.709859467145835, 9.011793042265237, 11.105992316907031]
Round=14, per client global perf=[0.9608, 0.9549, 0.9475, 0.9456, 0.9539, 0.9564, 0.9564, 0.9583, 0.952, 0.9451], mean perf=19443/20400 (0.9531%)
Round=14, per client personal perf=[0.9088, 0.9162, 0.9, 0.8436, 0.8853, 0.9029, 0.8917, 0.8971, 0.8814, 0.8824], mean perf=18175/20400 (0.8909%)
Round=14, per client personal pooled=[0.9105, 0.9082, 0.8946, 0.8444, 0.891, 0.8987, 0.8856, 0.8947, 0.8756, 0.8958], mean perf=181542/204000 (0.8899%)
Mean performance of unidp ditto dp global, Perf=0.9522
Mean performance of unidp ditto dp personal, Perf=0.8834
Mean performance of unidp ditto dp pooled, Perf=0.8844
--- Personal steps: 30 ---
---EPSILON 0.1 ---
default_sample_rate: 0.03232323232323232
noise_multiplier :  13.75
default_sample_rate: 0.03232323232323232
noise_multiplier :  11.25
learning rate =  0.01
sample_rate: 0.03, expected_batch_size: 128
sample_rate: 0.03, expected_batch_size: 128
sample_rate: 0.03, expected_batch_size: 128
sample_rate: 0.03, expected_batch_size: 128
sample_rate: 0.03, expected_batch_size: 128
sample_rate: 0.03, expected_batch_size: 128
sample_rate: 0.03, expected_batch_size: 128
sample_rate: 0.03, expected_batch_size: 128
sample_rate: 0.03, expected_batch_size: 128
sample_rate: 0.03, expected_batch_size: 128
sample_rate: 0.03, expected_batch_size: 128
sample_rate: 0.03, expected_batch_size: 128
sample_rate: 0.03, expected_batch_size: 128
sample_rate: 0.03, expected_batch_size: 128
sample_rate: 0.03, expected_batch_size: 128
sample_rate: 0.03, expected_batch_size: 128
sample_rate: 0.03, expected_batch_size: 128
sample_rate: 0.03, expected_batch_size: 128
sample_rate: 0.03, expected_batch_size: 128
sample_rate: 0.03, expected_batch_size: 128
initial privacy cost of all clients:  [0, 0, 0, 0, 0, 0, 0, 0, 0, 0]
Round=0
Round=1
Round=2
Round=3
Round=4
Round=5
Round=6
Round=7
Round=8
Round=9
Round=10
Round=11
Round=12
Round=13
Round=14
current privacy cost of all clients:  [0.07323580287115607, 0.08623286984399514, 0.07323580287115607, 0.039763141150096236, 0.08199366248919779, 0.05835482563852214, 0.052721685568101175, 0.05835482563852214, 0.052721685568101175, 0.06861627244984228]
Round=14, per client global perf=[0.7221, 0.7235, 0.7201, 0.7127, 0.7118, 0.7216, 0.724, 0.7157, 0.724, 0.7275], mean perf=14694/20400 (0.7203%)
Round=14, per client personal perf=[0.3348, 0.3147, 0.2784, 0.2069, 0.2716, 0.3799, 0.2755, 0.3162, 0.3289, 0.3422], mean perf=6220/20400 (0.3049%)
Round=14, per client personal pooled=[0.3369, 0.3148, 0.2928, 0.2074, 0.2717, 0.392, 0.2783, 0.3228, 0.329, 0.333], mean perf=62803/204000 (0.3079%)
Mean performance of unidp ditto dp global, Perf=0.7099
Mean performance of unidp ditto dp personal, Perf=0.3008
Mean performance of unidp ditto dp pooled, Perf=0.3017
---EPSILON 0.5 ---
default_sample_rate: 0.03232323232323232
noise_multiplier :  3.671875
default_sample_rate: 0.03232323232323232
noise_multiplier :  2.890625
learning rate =  0.01
sample_rate: 0.03, expected_batch_size: 128
sample_rate: 0.03, expected_batch_size: 128
sample_rate: 0.03, expected_batch_size: 128
sample_rate: 0.03, expected_batch_size: 128
sample_rate: 0.03, expected_batch_size: 128
sample_rate: 0.03, expected_batch_size: 128
sample_rate: 0.03, expected_batch_size: 128
sample_rate: 0.03, expected_batch_size: 128
sample_rate: 0.03, expected_batch_size: 128
sample_rate: 0.03, expected_batch_size: 128
sample_rate: 0.03, expected_batch_size: 128
sample_rate: 0.03, expected_batch_size: 128
sample_rate: 0.03, expected_batch_size: 128
sample_rate: 0.03, expected_batch_size: 128
sample_rate: 0.03, expected_batch_size: 128
sample_rate: 0.03, expected_batch_size: 128
sample_rate: 0.03, expected_batch_size: 128
sample_rate: 0.03, expected_batch_size: 128
sample_rate: 0.03, expected_batch_size: 128
sample_rate: 0.03, expected_batch_size: 128
initial privacy cost of all clients:  [0, 0, 0, 0, 0, 0, 0, 0, 0, 0]
Round=0
Round=1
Round=2
Round=3
Round=4
Round=5
Round=6
Round=7
Round=8
Round=9
Round=10
Round=11
Round=12
Round=13
Round=14
current privacy cost of all clients:  [0.37555379650408366, 0.4369927284170089, 0.37555379650408366, 0.2169627015110833, 0.41674618847529443, 0.30557517331204553, 0.279070325668136, 0.30557517331204553, 0.279070325668136, 0.3537320706559622]
Round=14, per client global perf=[0.8696, 0.8662, 0.8706, 0.8578, 0.8701, 0.8696, 0.8632, 0.8676, 0.873, 0.851], mean perf=17664/20400 (0.8659%)
Round=14, per client personal perf=[0.7201, 0.7186, 0.7201, 0.6255, 0.6809, 0.7912, 0.7059, 0.7657, 0.7162, 0.7368], mean perf=14649/20400 (0.7181%)
Round=14, per client personal pooled=[0.7076, 0.7177, 0.7154, 0.6371, 0.6752, 0.7868, 0.7087, 0.7704, 0.7162, 0.7294], mean perf=146157/204000 (0.7165%)
Mean performance of unidp ditto dp global, Perf=0.8665
Mean performance of unidp ditto dp personal, Perf=0.7170
Mean performance of unidp ditto dp pooled, Perf=0.7149
---EPSILON 1 ---
default_sample_rate: 0.03232323232323232
noise_multiplier :  2.12890625
default_sample_rate: 0.03232323232323232
noise_multiplier :  1.728515625
learning rate =  0.01
sample_rate: 0.03, expected_batch_size: 128
sample_rate: 0.03, expected_batch_size: 128
sample_rate: 0.03, expected_batch_size: 128
sample_rate: 0.03, expected_batch_size: 128
sample_rate: 0.03, expected_batch_size: 128
sample_rate: 0.03, expected_batch_size: 128
sample_rate: 0.03, expected_batch_size: 128
sample_rate: 0.03, expected_batch_size: 128
sample_rate: 0.03, expected_batch_size: 128
sample_rate: 0.03, expected_batch_size: 128
sample_rate: 0.03, expected_batch_size: 128
sample_rate: 0.03, expected_batch_size: 128
sample_rate: 0.03, expected_batch_size: 128
sample_rate: 0.03, expected_batch_size: 128
sample_rate: 0.03, expected_batch_size: 128
sample_rate: 0.03, expected_batch_size: 128
sample_rate: 0.03, expected_batch_size: 128
sample_rate: 0.03, expected_batch_size: 128
sample_rate: 0.03, expected_batch_size: 128
sample_rate: 0.03, expected_batch_size: 128
initial privacy cost of all clients:  [0, 0, 0, 0, 0, 0, 0, 0, 0, 0]
Round=0
Round=1
Round=2
Round=3
Round=4
Round=5
Round=6
Round=7
Round=8
Round=9
Round=10
Round=11
Round=12
Round=13
Round=14
current privacy cost of all clients:  [0.7653858016873494, 0.8850727153954416, 0.7653858016873494, 0.4516481465484667, 0.8451770774927443, 0.6260606530260836, 0.5742281727082242, 0.6260606530260836, 0.5742281727082242, 0.7206619146809711]
Round=14, per client global perf=[0.9064, 0.902, 0.9005, 0.8966, 0.9049, 0.9064, 0.9005, 0.9054, 0.9054, 0.8961], mean perf=18409/20400 (0.9024%)
Round=14, per client personal perf=[0.7936, 0.7892, 0.8, 0.7309, 0.776, 0.8451, 0.8034, 0.8324, 0.7887, 0.8206], mean perf=16279/20400 (0.7980%)
Round=14, per client personal pooled=[0.7932, 0.7803, 0.8021, 0.7403, 0.7792, 0.838, 0.8058, 0.833, 0.7854, 0.8102], mean perf=162542/204000 (0.7968%)
Mean performance of unidp ditto dp global, Perf=0.9013
Mean performance of unidp ditto dp personal, Perf=0.7985
Mean performance of unidp ditto dp pooled, Perf=0.7976
---EPSILON 4 ---
default_sample_rate: 0.03232323232323232
noise_multiplier :  0.93994140625
default_sample_rate: 0.03232323232323232
noise_multiplier :  0.833740234375
learning rate =  0.01
sample_rate: 0.03, expected_batch_size: 128
sample_rate: 0.03, expected_batch_size: 128
sample_rate: 0.03, expected_batch_size: 128
sample_rate: 0.03, expected_batch_size: 128
sample_rate: 0.03, expected_batch_size: 128
sample_rate: 0.03, expected_batch_size: 128
sample_rate: 0.03, expected_batch_size: 128
sample_rate: 0.03, expected_batch_size: 128
sample_rate: 0.03, expected_batch_size: 128
sample_rate: 0.03, expected_batch_size: 128
sample_rate: 0.03, expected_batch_size: 128
sample_rate: 0.03, expected_batch_size: 128
sample_rate: 0.03, expected_batch_size: 128
sample_rate: 0.03, expected_batch_size: 128
sample_rate: 0.03, expected_batch_size: 128
sample_rate: 0.03, expected_batch_size: 128
sample_rate: 0.03, expected_batch_size: 128
sample_rate: 0.03, expected_batch_size: 128
sample_rate: 0.03, expected_batch_size: 128
sample_rate: 0.03, expected_batch_size: 128
initial privacy cost of all clients:  [0, 0, 0, 0, 0, 0, 0, 0, 0, 0]
Round=0
Round=1
Round=2
Round=3
Round=4
Round=5
Round=6
Round=7
Round=8
Round=9
Round=10
Round=11
Round=12
Round=13
Round=14
current privacy cost of all clients:  [3.083714743273034, 3.594018024307722, 3.083714743273034, 2.04500887038821, 3.4239169306294928, 2.573411462238345, 2.4033103685601156, 2.573411462238345, 2.4033103685601156, 2.9136136495948044]
Round=14, per client global perf=[0.9392, 0.9407, 0.9363, 0.9368, 0.9456, 0.9456, 0.9377, 0.9441, 0.9461, 0.9368], mean perf=19194/20400 (0.9409%)
Round=14, per client personal perf=[0.8799, 0.8461, 0.8598, 0.8186, 0.8559, 0.8833, 0.8456, 0.8647, 0.875, 0.8725], mean perf=17547/20400 (0.8601%)
Round=14, per client personal pooled=[0.8808, 0.8388, 0.8636, 0.829, 0.8523, 0.8843, 0.8473, 0.8711, 0.8711, 0.8722], mean perf=175653/204000 (0.8610%)
Mean performance of unidp ditto dp global, Perf=0.9377
Mean performance of unidp ditto dp personal, Perf=0.8632
Mean performance of unidp ditto dp pooled, Perf=0.8647
---EPSILON 8 ---
default_sample_rate: 0.03232323232323232
noise_multiplier :  0.72021484375
default_sample_rate: 0.03232323232323232
noise_multiplier :  0.64788818359375
learning rate =  0.01
sample_rate: 0.03, expected_batch_size: 128
sample_rate: 0.03, expected_batch_size: 128
sample_rate: 0.03, expected_batch_size: 128
sample_rate: 0.03, expected_batch_size: 128
sample_rate: 0.03, expected_batch_size: 128
sample_rate: 0.03, expected_batch_size: 128
sample_rate: 0.03, expected_batch_size: 128
sample_rate: 0.03, expected_batch_size: 128
sample_rate: 0.03, expected_batch_size: 128
sample_rate: 0.03, expected_batch_size: 128
sample_rate: 0.03, expected_batch_size: 128
sample_rate: 0.03, expected_batch_size: 128
sample_rate: 0.03, expected_batch_size: 128
sample_rate: 0.03, expected_batch_size: 128
sample_rate: 0.03, expected_batch_size: 128
sample_rate: 0.03, expected_batch_size: 128
sample_rate: 0.03, expected_batch_size: 128
sample_rate: 0.03, expected_batch_size: 128
sample_rate: 0.03, expected_batch_size: 128
sample_rate: 0.03, expected_batch_size: 128
initial privacy cost of all clients:  [0, 0, 0, 0, 0, 0, 0, 0, 0, 0]
Round=0
Round=1
Round=2
Round=3
Round=4
Round=5
Round=6
Round=7
Round=8
Round=9
Round=10
Round=11
Round=12
Round=13
Round=14
current privacy cost of all clients:  [6.735473089270566, 7.497084685445106, 6.735473089270566, 3.9112286211227545, 7.332449371479868, 5.323350855196661, 4.852643443838692, 5.323350855196661, 4.852643443838692, 6.264765677912597]
Round=14, per client global perf=[0.949, 0.9471, 0.9466, 0.9451, 0.9485, 0.9525, 0.9505, 0.9485, 0.9529, 0.9451], mean perf=19351/20400 (0.9486%)
Round=14, per client personal perf=[0.8941, 0.8676, 0.8721, 0.8544, 0.873, 0.9049, 0.8711, 0.8833, 0.8926, 0.8892], mean perf=17957/20400 (0.8802%)
Round=14, per client personal pooled=[0.8932, 0.8636, 0.8763, 0.8661, 0.8671, 0.8984, 0.8721, 0.8858, 0.8838, 0.887], mean perf=179384/204000 (0.8793%)
Mean performance of unidp ditto dp global, Perf=0.9461
Mean performance of unidp ditto dp personal, Perf=0.8815
Mean performance of unidp ditto dp pooled, Perf=0.8815
---EPSILON 16 ---
default_sample_rate: 0.03232323232323232
noise_multiplier :  0.567169189453125
default_sample_rate: 0.03232323232323232
noise_multiplier :  0.5263900756835938
learning rate =  0.01
sample_rate: 0.03, expected_batch_size: 128
sample_rate: 0.03, expected_batch_size: 128
sample_rate: 0.03, expected_batch_size: 128
sample_rate: 0.03, expected_batch_size: 128
sample_rate: 0.03, expected_batch_size: 128
sample_rate: 0.03, expected_batch_size: 128
sample_rate: 0.03, expected_batch_size: 128
sample_rate: 0.03, expected_batch_size: 128
sample_rate: 0.03, expected_batch_size: 128
sample_rate: 0.03, expected_batch_size: 128
sample_rate: 0.03, expected_batch_size: 128
sample_rate: 0.03, expected_batch_size: 128
sample_rate: 0.03, expected_batch_size: 128
sample_rate: 0.03, expected_batch_size: 128
sample_rate: 0.03, expected_batch_size: 128
sample_rate: 0.03, expected_batch_size: 128
sample_rate: 0.03, expected_batch_size: 128
sample_rate: 0.03, expected_batch_size: 128
sample_rate: 0.03, expected_batch_size: 128
sample_rate: 0.03, expected_batch_size: 128
initial privacy cost of all clients:  [0, 0, 0, 0, 0, 0, 0, 0, 0, 0]
Round=0
Round=1
Round=2
Round=3
Round=4
Round=5
Round=6
Round=7
Round=8
Round=9
Round=10
Round=11
Round=12
Round=13
Round=14
current privacy cost of all clients:  [11.80405874178763, 13.898258016429423, 11.80405874178763, 7.6156601925040395, 13.200191591548824, 9.709859467145835, 9.011793042265237, 9.709859467145835, 9.011793042265237, 11.105992316907031]
Round=14, per client global perf=[0.952, 0.9505, 0.952, 0.9505, 0.9544, 0.9554, 0.9593, 0.9539, 0.9564, 0.9471], mean perf=19444/20400 (0.9531%)
Round=14, per client personal perf=[0.9103, 0.902, 0.8721, 0.8897, 0.9015, 0.9123, 0.8868, 0.8946, 0.8971, 0.8946], mean perf=18280/20400 (0.8961%)
Round=14, per client personal pooled=[0.9044, 0.8975, 0.8781, 0.8945, 0.8898, 0.9063, 0.8848, 0.8924, 0.8935, 0.8937], mean perf=182272/204000 (0.8935%)
Mean performance of unidp ditto dp global, Perf=0.9519
Mean performance of unidp ditto dp personal, Perf=0.8960
Mean performance of unidp ditto dp pooled, Perf=0.8947
--- Finished seed: 44 ---
--- Seed: 45 ---
--- Personal steps: 15 ---
---EPSILON 0.1 ---
default_sample_rate: 0.03232323232323232
noise_multiplier :  13.75
default_sample_rate: 0.03232323232323232
noise_multiplier :  7.5
learning rate =  0.01
sample_rate: 0.03, expected_batch_size: 128
sample_rate: 0.03, expected_batch_size: 128
sample_rate: 0.03, expected_batch_size: 128
sample_rate: 0.03, expected_batch_size: 128
sample_rate: 0.03, expected_batch_size: 128
sample_rate: 0.03, expected_batch_size: 128
sample_rate: 0.03, expected_batch_size: 128
sample_rate: 0.03, expected_batch_size: 128
sample_rate: 0.03, expected_batch_size: 128
sample_rate: 0.03, expected_batch_size: 128
sample_rate: 0.03, expected_batch_size: 128
sample_rate: 0.03, expected_batch_size: 128
sample_rate: 0.03, expected_batch_size: 128
sample_rate: 0.03, expected_batch_size: 128
sample_rate: 0.03, expected_batch_size: 128
sample_rate: 0.03, expected_batch_size: 128
sample_rate: 0.03, expected_batch_size: 128
sample_rate: 0.03, expected_batch_size: 128
sample_rate: 0.03, expected_batch_size: 128
sample_rate: 0.03, expected_batch_size: 128
initial privacy cost of all clients:  [0, 0, 0, 0, 0, 0, 0, 0, 0, 0]
Round=0
Round=1
Round=2
Round=3
Round=4
Round=5
Round=6
Round=7
Round=8
Round=9
Round=10
Round=11
Round=12
Round=13
Round=14
current privacy cost of all clients:  [0.06861627244984228, 0.06861627244984228, 0.0636130274845621, 0.04658500139459702, 0.06861627244984228, 0.07775445513440044, 0.06861627244984228, 0.052721685568101175, 0.07323580287115607, 0.07775445513440044]
Round=14, per client global perf=[0.6485, 0.6613, 0.648, 0.6407, 0.6618, 0.6564, 0.649, 0.6686, 0.6593, 0.6627], mean perf=13375/20400 (0.6556%)
Round=14, per client personal perf=[0.3289, 0.3936, 0.3912, 0.2877, 0.4294, 0.4275, 0.3422, 0.2853, 0.4088, 0.4652], mean perf=7670/20400 (0.3760%)
Round=14, per client personal pooled=[0.3241, 0.4101, 0.3851, 0.2841, 0.4255, 0.4367, 0.3325, 0.2923, 0.4076, 0.4497], mean perf=76455/204000 (0.3748%)
Mean performance of unidp ditto dp global, Perf=0.6449
Mean performance of unidp ditto dp personal, Perf=0.3718
Mean performance of unidp ditto dp pooled, Perf=0.3711
---EPSILON 0.5 ---
default_sample_rate: 0.03232323232323232
noise_multiplier :  3.671875
default_sample_rate: 0.03232323232323232
noise_multiplier :  2.1484375
learning rate =  0.01
sample_rate: 0.03, expected_batch_size: 128
sample_rate: 0.03, expected_batch_size: 128
sample_rate: 0.03, expected_batch_size: 128
sample_rate: 0.03, expected_batch_size: 128
sample_rate: 0.03, expected_batch_size: 128
sample_rate: 0.03, expected_batch_size: 128
sample_rate: 0.03, expected_batch_size: 128
sample_rate: 0.03, expected_batch_size: 128
sample_rate: 0.03, expected_batch_size: 128
sample_rate: 0.03, expected_batch_size: 128
sample_rate: 0.03, expected_batch_size: 128
sample_rate: 0.03, expected_batch_size: 128
sample_rate: 0.03, expected_batch_size: 128
sample_rate: 0.03, expected_batch_size: 128
sample_rate: 0.03, expected_batch_size: 128
sample_rate: 0.03, expected_batch_size: 128
sample_rate: 0.03, expected_batch_size: 128
sample_rate: 0.03, expected_batch_size: 128
sample_rate: 0.03, expected_batch_size: 128
sample_rate: 0.03, expected_batch_size: 128
initial privacy cost of all clients:  [0, 0, 0, 0, 0, 0, 0, 0, 0, 0]
Round=0
Round=1
Round=2
Round=3
Round=4
Round=5
Round=6
Round=7
Round=8
Round=9
Round=10
Round=11
Round=12
Round=13
Round=14
current privacy cost of all clients:  [0.3537320706559622, 0.3537320706559622, 0.33033357372458066, 0.24971232645595445, 0.3537320706559622, 0.39649964853357994, 0.3537320706559622, 0.279070325668136, 0.37555379650408366, 0.39649964853357994]
Round=14, per client global perf=[0.8696, 0.8642, 0.8745, 0.8569, 0.8745, 0.8647, 0.8721, 0.8784, 0.8662, 0.8456], mean perf=17680/20400 (0.8667%)
Round=14, per client personal perf=[0.7608, 0.775, 0.7637, 0.5804, 0.7735, 0.7917, 0.7319, 0.677, 0.7877, 0.7843], mean perf=15149/20400 (0.7426%)
Round=14, per client personal pooled=[0.7707, 0.7705, 0.7699, 0.5958, 0.7689, 0.7891, 0.73, 0.6856, 0.7873, 0.7932], mean perf=152204/204000 (0.7461%)
Mean performance of unidp ditto dp global, Perf=0.8604
Mean performance of unidp ditto dp personal, Perf=0.7390
Mean performance of unidp ditto dp pooled, Perf=0.7421
---EPSILON 1 ---
default_sample_rate: 0.03232323232323232
noise_multiplier :  2.12890625
default_sample_rate: 0.03232323232323232
noise_multiplier :  1.3671875
learning rate =  0.01
sample_rate: 0.03, expected_batch_size: 128
sample_rate: 0.03, expected_batch_size: 128
sample_rate: 0.03, expected_batch_size: 128
sample_rate: 0.03, expected_batch_size: 128
sample_rate: 0.03, expected_batch_size: 128
sample_rate: 0.03, expected_batch_size: 128
sample_rate: 0.03, expected_batch_size: 128
sample_rate: 0.03, expected_batch_size: 128
sample_rate: 0.03, expected_batch_size: 128
sample_rate: 0.03, expected_batch_size: 128
sample_rate: 0.03, expected_batch_size: 128
sample_rate: 0.03, expected_batch_size: 128
sample_rate: 0.03, expected_batch_size: 128
sample_rate: 0.03, expected_batch_size: 128
sample_rate: 0.03, expected_batch_size: 128
sample_rate: 0.03, expected_batch_size: 128
sample_rate: 0.03, expected_batch_size: 128
sample_rate: 0.03, expected_batch_size: 128
sample_rate: 0.03, expected_batch_size: 128
sample_rate: 0.03, expected_batch_size: 128
initial privacy cost of all clients:  [0, 0, 0, 0, 0, 0, 0, 0, 0, 0]
Round=0
Round=1
Round=2
Round=3
Round=4
Round=5
Round=6
Round=7
Round=8
Round=9
Round=10
Round=11
Round=12
Round=13
Round=14
current privacy cost of all clients:  [0.7206619146809711, 0.7206619146809711, 0.6750386529476061, 0.5160637025135262, 0.7206619146809711, 0.8052814395900469, 0.7206619146809711, 0.5742281727082242, 0.7653858016873494, 0.8052814395900469]
Round=14, per client global perf=[0.9108, 0.9078, 0.9103, 0.9098, 0.9127, 0.9142, 0.9108, 0.9157, 0.9157, 0.8951], mean perf=18570/20400 (0.9103%)
Round=14, per client personal perf=[0.8279, 0.8196, 0.8191, 0.7564, 0.8382, 0.8289, 0.8181, 0.7775, 0.8373, 0.8196], mean perf=16611/20400 (0.8143%)
Round=14, per client personal pooled=[0.8236, 0.8175, 0.8275, 0.7646, 0.8348, 0.8313, 0.8169, 0.783, 0.8305, 0.8339], mean perf=166539/204000 (0.8164%)
Mean performance of unidp ditto dp global, Perf=0.9061
Mean performance of unidp ditto dp personal, Perf=0.8131
Mean performance of unidp ditto dp pooled, Perf=0.8138
---EPSILON 4 ---
default_sample_rate: 0.03232323232323232
noise_multiplier :  0.93994140625
default_sample_rate: 0.03232323232323232
noise_multiplier :  0.736083984375
learning rate =  0.01
sample_rate: 0.03, expected_batch_size: 128
sample_rate: 0.03, expected_batch_size: 128
sample_rate: 0.03, expected_batch_size: 128
sample_rate: 0.03, expected_batch_size: 128
sample_rate: 0.03, expected_batch_size: 128
sample_rate: 0.03, expected_batch_size: 128
sample_rate: 0.03, expected_batch_size: 128
sample_rate: 0.03, expected_batch_size: 128
sample_rate: 0.03, expected_batch_size: 128
sample_rate: 0.03, expected_batch_size: 128
sample_rate: 0.03, expected_batch_size: 128
sample_rate: 0.03, expected_batch_size: 128
sample_rate: 0.03, expected_batch_size: 128
sample_rate: 0.03, expected_batch_size: 128
sample_rate: 0.03, expected_batch_size: 128
sample_rate: 0.03, expected_batch_size: 128
sample_rate: 0.03, expected_batch_size: 128
sample_rate: 0.03, expected_batch_size: 128
sample_rate: 0.03, expected_batch_size: 128
sample_rate: 0.03, expected_batch_size: 128
initial privacy cost of all clients:  [0, 0, 0, 0, 0, 0, 0, 0, 0, 0]
Round=0
Round=1
Round=2
Round=3
Round=4
Round=5
Round=6
Round=7
Round=8
Round=9
Round=10
Round=11
Round=12
Round=13
Round=14
current privacy cost of all clients:  [2.9136136495948044, 2.9136136495948044, 2.743512555916575, 2.233209274881886, 2.9136136495948044, 3.2538158369512633, 2.9136136495948044, 2.4033103685601156, 3.083714743273034, 3.2538158369512633]
Round=14, per client global perf=[0.949, 0.9471, 0.9471, 0.9466, 0.948, 0.9466, 0.9505, 0.9515, 0.948, 0.9363], mean perf=19320/20400 (0.9471%)
Round=14, per client personal perf=[0.8745, 0.8706, 0.8681, 0.8368, 0.8799, 0.8686, 0.875, 0.8603, 0.9015, 0.8574], mean perf=17733/20400 (0.8693%)
Round=14, per client personal pooled=[0.866, 0.8766, 0.8733, 0.8397, 0.8676, 0.8684, 0.8791, 0.8553, 0.8861, 0.8684], mean perf=177083/204000 (0.8681%)
Mean performance of unidp ditto dp global, Perf=0.9449
Mean performance of unidp ditto dp personal, Perf=0.8663
Mean performance of unidp ditto dp pooled, Perf=0.8646
---EPSILON 8 ---
default_sample_rate: 0.03232323232323232
noise_multiplier :  0.72021484375
default_sample_rate: 0.03232323232323232
noise_multiplier :  0.5743408203125
learning rate =  0.01
sample_rate: 0.03, expected_batch_size: 128
sample_rate: 0.03, expected_batch_size: 128
sample_rate: 0.03, expected_batch_size: 128
sample_rate: 0.03, expected_batch_size: 128
sample_rate: 0.03, expected_batch_size: 128
sample_rate: 0.03, expected_batch_size: 128
sample_rate: 0.03, expected_batch_size: 128
sample_rate: 0.03, expected_batch_size: 128
sample_rate: 0.03, expected_batch_size: 128
sample_rate: 0.03, expected_batch_size: 128
sample_rate: 0.03, expected_batch_size: 128
sample_rate: 0.03, expected_batch_size: 128
sample_rate: 0.03, expected_batch_size: 128
sample_rate: 0.03, expected_batch_size: 128
sample_rate: 0.03, expected_batch_size: 128
sample_rate: 0.03, expected_batch_size: 128
sample_rate: 0.03, expected_batch_size: 128
sample_rate: 0.03, expected_batch_size: 128
sample_rate: 0.03, expected_batch_size: 128
sample_rate: 0.03, expected_batch_size: 128
initial privacy cost of all clients:  [0, 0, 0, 0, 0, 0, 0, 0, 0, 0]
Round=0
Round=1
Round=2
Round=3
Round=4
Round=5
Round=6
Round=7
Round=8
Round=9
Round=10
Round=11
Round=12
Round=13
Round=14
current privacy cost of all clients:  [6.264765677912597, 6.264765677912597, 5.794058266554629, 4.381936032480723, 6.264765677912597, 7.167814057514629, 6.264765677912597, 4.852643443838692, 6.735473089270566, 7.167814057514629]
Round=14, per client global perf=[0.951, 0.952, 0.9451, 0.9525, 0.95, 0.9525, 0.9544, 0.9603, 0.9529, 0.9456], mean perf=19413/20400 (0.9516%)
Round=14, per client personal perf=[0.8819, 0.8809, 0.8716, 0.8578, 0.8907, 0.8961, 0.8814, 0.8799, 0.9069, 0.8833], mean perf=18014/20400 (0.8830%)
Round=14, per client personal pooled=[0.8779, 0.8826, 0.8824, 0.8617, 0.8821, 0.8922, 0.8836, 0.8705, 0.8946, 0.8947], mean perf=179972/204000 (0.8822%)
Mean performance of unidp ditto dp global, Perf=0.9493
Mean performance of unidp ditto dp personal, Perf=0.8789
Mean performance of unidp ditto dp pooled, Perf=0.8778
---EPSILON 16 ---
default_sample_rate: 0.03232323232323232
noise_multiplier :  0.567169189453125
default_sample_rate: 0.03232323232323232
noise_multiplier :  0.48187255859375
learning rate =  0.01
sample_rate: 0.03, expected_batch_size: 128
sample_rate: 0.03, expected_batch_size: 128
sample_rate: 0.03, expected_batch_size: 128
sample_rate: 0.03, expected_batch_size: 128
sample_rate: 0.03, expected_batch_size: 128
sample_rate: 0.03, expected_batch_size: 128
sample_rate: 0.03, expected_batch_size: 128
sample_rate: 0.03, expected_batch_size: 128
sample_rate: 0.03, expected_batch_size: 128
sample_rate: 0.03, expected_batch_size: 128
sample_rate: 0.03, expected_batch_size: 128
sample_rate: 0.03, expected_batch_size: 128
sample_rate: 0.03, expected_batch_size: 128
sample_rate: 0.03, expected_batch_size: 128
sample_rate: 0.03, expected_batch_size: 128
sample_rate: 0.03, expected_batch_size: 128
sample_rate: 0.03, expected_batch_size: 128
sample_rate: 0.03, expected_batch_size: 128
sample_rate: 0.03, expected_batch_size: 128
sample_rate: 0.03, expected_batch_size: 128
initial privacy cost of all clients:  [0, 0, 0, 0, 0, 0, 0, 0, 0, 0]
Round=0
Round=1
Round=2
Round=3
Round=4
Round=5
Round=6
Round=7
Round=8
Round=9
Round=10
Round=11
Round=12
Round=13
Round=14
current privacy cost of all clients:  [11.105992316907031, 11.105992316907031, 10.407925892026432, 8.313726617384638, 11.105992316907031, 12.502125166668227, 11.105992316907031, 9.011793042265237, 11.80405874178763, 12.502125166668227]
Round=14, per client global perf=[0.952, 0.9525, 0.952, 0.9505, 0.9549, 0.9539, 0.9549, 0.9598, 0.9554, 0.9475], mean perf=19448/20400 (0.9533%)
Round=14, per client personal perf=[0.8892, 0.8961, 0.8794, 0.8642, 0.8931, 0.8926, 0.8931, 0.8838, 0.9103, 0.8912], mean perf=18142/20400 (0.8893%)
Round=14, per client personal pooled=[0.8808, 0.9012, 0.8855, 0.8613, 0.8865, 0.8951, 0.8979, 0.8767, 0.8996, 0.902], mean perf=181288/204000 (0.8887%)
Mean performance of unidp ditto dp global, Perf=0.9531
Mean performance of unidp ditto dp personal, Perf=0.8835
Mean performance of unidp ditto dp pooled, Perf=0.8838
--- Personal steps: 30 ---
---EPSILON 0.1 ---
default_sample_rate: 0.03232323232323232
noise_multiplier :  13.75
default_sample_rate: 0.03232323232323232
noise_multiplier :  11.25
learning rate =  0.01
sample_rate: 0.03, expected_batch_size: 128
sample_rate: 0.03, expected_batch_size: 128
sample_rate: 0.03, expected_batch_size: 128
sample_rate: 0.03, expected_batch_size: 128
sample_rate: 0.03, expected_batch_size: 128
sample_rate: 0.03, expected_batch_size: 128
sample_rate: 0.03, expected_batch_size: 128
sample_rate: 0.03, expected_batch_size: 128
sample_rate: 0.03, expected_batch_size: 128
sample_rate: 0.03, expected_batch_size: 128
sample_rate: 0.03, expected_batch_size: 128
sample_rate: 0.03, expected_batch_size: 128
sample_rate: 0.03, expected_batch_size: 128
sample_rate: 0.03, expected_batch_size: 128
sample_rate: 0.03, expected_batch_size: 128
sample_rate: 0.03, expected_batch_size: 128
sample_rate: 0.03, expected_batch_size: 128
sample_rate: 0.03, expected_batch_size: 128
sample_rate: 0.03, expected_batch_size: 128
sample_rate: 0.03, expected_batch_size: 128
initial privacy cost of all clients:  [0, 0, 0, 0, 0, 0, 0, 0, 0, 0]
Round=0
Round=1
Round=2
Round=3
Round=4
Round=5
Round=6
Round=7
Round=8
Round=9
Round=10
Round=11
Round=12
Round=13
Round=14
current privacy cost of all clients:  [0.06861627244984228, 0.06861627244984228, 0.0636130274845621, 0.04658500139459702, 0.06861627244984228, 0.07775445513440044, 0.06861627244984228, 0.052721685568101175, 0.07323580287115607, 0.07775445513440044]
Round=14, per client global perf=[0.6549, 0.6534, 0.6475, 0.6471, 0.649, 0.6593, 0.6446, 0.6618, 0.6564, 0.6691], mean perf=13348/20400 (0.6543%)
Round=14, per client personal perf=[0.3353, 0.3142, 0.4407, 0.3284, 0.3926, 0.3583, 0.3328, 0.3275, 0.3534, 0.2966], mean perf=7099/20400 (0.3480%)
Round=14, per client personal pooled=[0.3332, 0.3303, 0.4512, 0.3235, 0.3774, 0.368, 0.3346, 0.3152, 0.3631, 0.2776], mean perf=70873/204000 (0.3474%)
Mean performance of unidp ditto dp global, Perf=0.6251
Mean performance of unidp ditto dp personal, Perf=0.3369
Mean performance of unidp ditto dp pooled, Perf=0.3359
---EPSILON 0.5 ---
default_sample_rate: 0.03232323232323232
noise_multiplier :  3.671875
default_sample_rate: 0.03232323232323232
noise_multiplier :  2.890625
learning rate =  0.01
sample_rate: 0.03, expected_batch_size: 128
sample_rate: 0.03, expected_batch_size: 128
sample_rate: 0.03, expected_batch_size: 128
sample_rate: 0.03, expected_batch_size: 128
sample_rate: 0.03, expected_batch_size: 128
sample_rate: 0.03, expected_batch_size: 128
sample_rate: 0.03, expected_batch_size: 128
sample_rate: 0.03, expected_batch_size: 128
sample_rate: 0.03, expected_batch_size: 128
sample_rate: 0.03, expected_batch_size: 128
sample_rate: 0.03, expected_batch_size: 128
sample_rate: 0.03, expected_batch_size: 128
sample_rate: 0.03, expected_batch_size: 128
sample_rate: 0.03, expected_batch_size: 128
sample_rate: 0.03, expected_batch_size: 128
sample_rate: 0.03, expected_batch_size: 128
sample_rate: 0.03, expected_batch_size: 128
sample_rate: 0.03, expected_batch_size: 128
sample_rate: 0.03, expected_batch_size: 128
sample_rate: 0.03, expected_batch_size: 128
initial privacy cost of all clients:  [0, 0, 0, 0, 0, 0, 0, 0, 0, 0]
Round=0
Round=1
Round=2
Round=3
Round=4
Round=5
Round=6
Round=7
Round=8
Round=9
Round=10
Round=11
Round=12
Round=13
Round=14
current privacy cost of all clients:  [0.3537320706559622, 0.3537320706559622, 0.33033357372458066, 0.24971232645595445, 0.3537320706559622, 0.39649964853357994, 0.3537320706559622, 0.279070325668136, 0.37555379650408366, 0.39649964853357994]
Round=14, per client global perf=[0.8613, 0.8588, 0.8618, 0.8662, 0.8569, 0.8721, 0.8618, 0.8662, 0.8696, 0.852], mean perf=17598/20400 (0.8626%)
Round=14, per client personal perf=[0.7093, 0.7137, 0.7843, 0.7137, 0.726, 0.6681, 0.7441, 0.7441, 0.7078, 0.7211], mean perf=14754/20400 (0.7232%)
Round=14, per client personal pooled=[0.7224, 0.7214, 0.775, 0.722, 0.7245, 0.688, 0.7355, 0.7426, 0.7051, 0.7103], mean perf=147834/204000 (0.7247%)
Mean performance of unidp ditto dp global, Perf=0.8655
Mean performance of unidp ditto dp personal, Perf=0.7270
Mean performance of unidp ditto dp pooled, Perf=0.7287
---EPSILON 1 ---
default_sample_rate: 0.03232323232323232
noise_multiplier :  2.12890625
default_sample_rate: 0.03232323232323232
noise_multiplier :  1.728515625
learning rate =  0.01
sample_rate: 0.03, expected_batch_size: 128
sample_rate: 0.03, expected_batch_size: 128
sample_rate: 0.03, expected_batch_size: 128
sample_rate: 0.03, expected_batch_size: 128
sample_rate: 0.03, expected_batch_size: 128
sample_rate: 0.03, expected_batch_size: 128
sample_rate: 0.03, expected_batch_size: 128
sample_rate: 0.03, expected_batch_size: 128
sample_rate: 0.03, expected_batch_size: 128
sample_rate: 0.03, expected_batch_size: 128
sample_rate: 0.03, expected_batch_size: 128
sample_rate: 0.03, expected_batch_size: 128
sample_rate: 0.03, expected_batch_size: 128
sample_rate: 0.03, expected_batch_size: 128
sample_rate: 0.03, expected_batch_size: 128
sample_rate: 0.03, expected_batch_size: 128
sample_rate: 0.03, expected_batch_size: 128
sample_rate: 0.03, expected_batch_size: 128
sample_rate: 0.03, expected_batch_size: 128
sample_rate: 0.03, expected_batch_size: 128
initial privacy cost of all clients:  [0, 0, 0, 0, 0, 0, 0, 0, 0, 0]
Round=0
Round=1
Round=2
Round=3
Round=4
Round=5
Round=6
Round=7
Round=8
Round=9
Round=10
Round=11
Round=12
Round=13
Round=14
current privacy cost of all clients:  [0.7206619146809711, 0.7206619146809711, 0.6750386529476061, 0.5160637025135262, 0.7206619146809711, 0.8052814395900469, 0.7206619146809711, 0.5742281727082242, 0.7653858016873494, 0.8052814395900469]
Round=14, per client global perf=[0.9015, 0.8966, 0.8956, 0.8971, 0.8926, 0.9069, 0.9015, 0.9025, 0.9103, 0.8922], mean perf=18353/20400 (0.8997%)
Round=14, per client personal perf=[0.7828, 0.7956, 0.8255, 0.7789, 0.8069, 0.7779, 0.8098, 0.8147, 0.7789, 0.7799], mean perf=16220/20400 (0.7951%)
Round=14, per client personal pooled=[0.7853, 0.7921, 0.823, 0.7846, 0.805, 0.7733, 0.8025, 0.8045, 0.7607, 0.7862], mean perf=161510/204000 (0.7917%)
Mean performance of unidp ditto dp global, Perf=0.8992
Mean performance of unidp ditto dp personal, Perf=0.8014
Mean performance of unidp ditto dp pooled, Perf=0.7995
---EPSILON 4 ---
default_sample_rate: 0.03232323232323232
noise_multiplier :  0.93994140625
default_sample_rate: 0.03232323232323232
noise_multiplier :  0.833740234375
learning rate =  0.01
sample_rate: 0.03, expected_batch_size: 128
sample_rate: 0.03, expected_batch_size: 128
sample_rate: 0.03, expected_batch_size: 128
sample_rate: 0.03, expected_batch_size: 128
sample_rate: 0.03, expected_batch_size: 128
sample_rate: 0.03, expected_batch_size: 128
sample_rate: 0.03, expected_batch_size: 128
sample_rate: 0.03, expected_batch_size: 128
sample_rate: 0.03, expected_batch_size: 128
sample_rate: 0.03, expected_batch_size: 128
sample_rate: 0.03, expected_batch_size: 128
sample_rate: 0.03, expected_batch_size: 128
sample_rate: 0.03, expected_batch_size: 128
sample_rate: 0.03, expected_batch_size: 128
sample_rate: 0.03, expected_batch_size: 128
sample_rate: 0.03, expected_batch_size: 128
sample_rate: 0.03, expected_batch_size: 128
sample_rate: 0.03, expected_batch_size: 128
sample_rate: 0.03, expected_batch_size: 128
sample_rate: 0.03, expected_batch_size: 128
initial privacy cost of all clients:  [0, 0, 0, 0, 0, 0, 0, 0, 0, 0]
Round=0
Round=1
Round=2
Round=3
Round=4
Round=5
Round=6
Round=7
Round=8
Round=9
Round=10
Round=11
Round=12
Round=13
Round=14
current privacy cost of all clients:  [2.9136136495948044, 2.9136136495948044, 2.743512555916575, 2.233209274881886, 2.9136136495948044, 3.2538158369512633, 2.9136136495948044, 2.4033103685601156, 3.083714743273034, 3.2538158369512633]
Round=14, per client global perf=[0.9412, 0.9392, 0.9304, 0.9314, 0.9426, 0.9431, 0.9392, 0.9363, 0.9392, 0.9382], mean perf=19137/20400 (0.9381%)
Round=14, per client personal perf=[0.8696, 0.8608, 0.8794, 0.85, 0.8676, 0.8569, 0.8745, 0.8725, 0.8706, 0.8441], mean perf=17638/20400 (0.8646%)
Round=14, per client personal pooled=[0.8695, 0.8604, 0.8774, 0.8484, 0.864, 0.8562, 0.8662, 0.8634, 0.8573, 0.8524], mean perf=175751/204000 (0.8615%)
Mean performance of unidp ditto dp global, Perf=0.9384
Mean performance of unidp ditto dp personal, Perf=0.8661
Mean performance of unidp ditto dp pooled, Perf=0.8641
---EPSILON 8 ---
default_sample_rate: 0.03232323232323232
noise_multiplier :  0.72021484375
default_sample_rate: 0.03232323232323232
noise_multiplier :  0.64788818359375
learning rate =  0.01
sample_rate: 0.03, expected_batch_size: 128
sample_rate: 0.03, expected_batch_size: 128
sample_rate: 0.03, expected_batch_size: 128
sample_rate: 0.03, expected_batch_size: 128
sample_rate: 0.03, expected_batch_size: 128
sample_rate: 0.03, expected_batch_size: 128
sample_rate: 0.03, expected_batch_size: 128
sample_rate: 0.03, expected_batch_size: 128
sample_rate: 0.03, expected_batch_size: 128
sample_rate: 0.03, expected_batch_size: 128
sample_rate: 0.03, expected_batch_size: 128
sample_rate: 0.03, expected_batch_size: 128
sample_rate: 0.03, expected_batch_size: 128
sample_rate: 0.03, expected_batch_size: 128
sample_rate: 0.03, expected_batch_size: 128
sample_rate: 0.03, expected_batch_size: 128
sample_rate: 0.03, expected_batch_size: 128
sample_rate: 0.03, expected_batch_size: 128
sample_rate: 0.03, expected_batch_size: 128
sample_rate: 0.03, expected_batch_size: 128
initial privacy cost of all clients:  [0, 0, 0, 0, 0, 0, 0, 0, 0, 0]
Round=0
Round=1
Round=2
Round=3
Round=4
Round=5
Round=6
Round=7
Round=8
Round=9
Round=10
Round=11
Round=12
Round=13
Round=14
current privacy cost of all clients:  [6.264765677912597, 6.264765677912597, 5.794058266554629, 4.381936032480723, 6.264765677912597, 7.167814057514629, 6.264765677912597, 4.852643443838692, 6.735473089270566, 7.167814057514629]
Round=14, per client global perf=[0.9495, 0.9456, 0.9387, 0.9407, 0.9461, 0.9475, 0.948, 0.9475, 0.949, 0.9446], mean perf=19293/20400 (0.9457%)
Round=14, per client personal perf=[0.8887, 0.8667, 0.8936, 0.8613, 0.875, 0.877, 0.8799, 0.8917, 0.8789, 0.8667], mean perf=17910/20400 (0.8779%)
Round=14, per client personal pooled=[0.8847, 0.8688, 0.8949, 0.8617, 0.8721, 0.8672, 0.8764, 0.8823, 0.8672, 0.8766], mean perf=178535/204000 (0.8752%)
Mean performance of unidp ditto dp global, Perf=0.9444
Mean performance of unidp ditto dp personal, Perf=0.8827
Mean performance of unidp ditto dp pooled, Perf=0.8796
---EPSILON 16 ---
default_sample_rate: 0.03232323232323232
noise_multiplier :  0.567169189453125
default_sample_rate: 0.03232323232323232
noise_multiplier :  0.5263900756835938
learning rate =  0.01
sample_rate: 0.03, expected_batch_size: 128
sample_rate: 0.03, expected_batch_size: 128
sample_rate: 0.03, expected_batch_size: 128
sample_rate: 0.03, expected_batch_size: 128
sample_rate: 0.03, expected_batch_size: 128
sample_rate: 0.03, expected_batch_size: 128
sample_rate: 0.03, expected_batch_size: 128
sample_rate: 0.03, expected_batch_size: 128
sample_rate: 0.03, expected_batch_size: 128
sample_rate: 0.03, expected_batch_size: 128
sample_rate: 0.03, expected_batch_size: 128
sample_rate: 0.03, expected_batch_size: 128
sample_rate: 0.03, expected_batch_size: 128
sample_rate: 0.03, expected_batch_size: 128
sample_rate: 0.03, expected_batch_size: 128
sample_rate: 0.03, expected_batch_size: 128
sample_rate: 0.03, expected_batch_size: 128
sample_rate: 0.03, expected_batch_size: 128
sample_rate: 0.03, expected_batch_size: 128
sample_rate: 0.03, expected_batch_size: 128
initial privacy cost of all clients:  [0, 0, 0, 0, 0, 0, 0, 0, 0, 0]
Round=0
Round=1
Round=2
Round=3
Round=4
Round=5
Round=6
Round=7
Round=8
Round=9
Round=10
Round=11
Round=12
Round=13
Round=14
current privacy cost of all clients:  [11.105992316907031, 11.105992316907031, 10.407925892026432, 8.313726617384638, 11.105992316907031, 12.502125166668227, 11.105992316907031, 9.011793042265237, 11.80405874178763, 12.502125166668227]
Round=14, per client global perf=[0.9569, 0.9495, 0.9475, 0.95, 0.9485, 0.9554, 0.95, 0.9554, 0.9569, 0.95], mean perf=19421/20400 (0.9520%)
Round=14, per client personal perf=[0.8971, 0.8966, 0.8936, 0.8882, 0.9049, 0.8858, 0.8941, 0.8995, 0.9025, 0.8863], mean perf=18255/20400 (0.8949%)
Round=14, per client personal pooled=[0.8917, 0.8822, 0.8949, 0.8834, 0.8928, 0.8783, 0.8885, 0.8946, 0.8942, 0.8876], mean perf=181318/204000 (0.8888%)
Mean performance of unidp ditto dp global, Perf=0.9521
Mean performance of unidp ditto dp personal, Perf=0.8959
Mean performance of unidp ditto dp pooled, Perf=0.8921
--- Finished seed: 45 ---
--- Seed: 46 ---
--- Personal steps: 15 ---
---EPSILON 0.1 ---
default_sample_rate: 0.03232323232323232
noise_multiplier :  13.75
default_sample_rate: 0.03232323232323232
noise_multiplier :  7.5
learning rate =  0.01
sample_rate: 0.03, expected_batch_size: 128
sample_rate: 0.03, expected_batch_size: 128
sample_rate: 0.03, expected_batch_size: 128
sample_rate: 0.03, expected_batch_size: 128
sample_rate: 0.03, expected_batch_size: 128
sample_rate: 0.03, expected_batch_size: 128
sample_rate: 0.03, expected_batch_size: 128
sample_rate: 0.03, expected_batch_size: 128
sample_rate: 0.03, expected_batch_size: 128
sample_rate: 0.03, expected_batch_size: 128
sample_rate: 0.03, expected_batch_size: 128
sample_rate: 0.03, expected_batch_size: 128
sample_rate: 0.03, expected_batch_size: 128
sample_rate: 0.03, expected_batch_size: 128
sample_rate: 0.03, expected_batch_size: 128
sample_rate: 0.03, expected_batch_size: 128
sample_rate: 0.03, expected_batch_size: 128
sample_rate: 0.03, expected_batch_size: 128
sample_rate: 0.03, expected_batch_size: 128
sample_rate: 0.03, expected_batch_size: 128
initial privacy cost of all clients:  [0, 0, 0, 0, 0, 0, 0, 0, 0, 0]
Round=0
Round=1
Round=2
Round=3
Round=4
Round=5
Round=6
Round=7
Round=8
Round=9
Round=10
Round=11
Round=12
Round=13
Round=14
current privacy cost of all clients:  [0.0636130274845621, 0.07323580287115607, 0.0636130274845621, 0.06861627244984228, 0.0636130274845621, 0.06861627244984228, 0.06861627244984228, 0.08199366248919779, 0.07775445513440044, 0.06861627244984228]
Round=14, per client global perf=[0.673, 0.6828, 0.6985, 0.6608, 0.6647, 0.6779, 0.6887, 0.6912, 0.6853, 0.6912], mean perf=13901/20400 (0.6814%)
Round=14, per client personal perf=[0.3196, 0.3775, 0.324, 0.4471, 0.3887, 0.4113, 0.398, 0.4863, 0.4324, 0.3784], mean perf=8085/20400 (0.3963%)
Round=14, per client personal pooled=[0.3217, 0.3722, 0.3279, 0.4454, 0.3623, 0.4028, 0.3916, 0.4857, 0.4131, 0.3583], mean perf=79172/204000 (0.3881%)
Mean performance of unidp ditto dp global, Perf=0.6540
Mean performance of unidp ditto dp personal, Perf=0.3735
Mean performance of unidp ditto dp pooled, Perf=0.3680
---EPSILON 0.5 ---
default_sample_rate: 0.03232323232323232
noise_multiplier :  3.671875
default_sample_rate: 0.03232323232323232
noise_multiplier :  2.1484375
learning rate =  0.01
sample_rate: 0.03, expected_batch_size: 128
sample_rate: 0.03, expected_batch_size: 128
sample_rate: 0.03, expected_batch_size: 128
sample_rate: 0.03, expected_batch_size: 128
sample_rate: 0.03, expected_batch_size: 128
sample_rate: 0.03, expected_batch_size: 128
sample_rate: 0.03, expected_batch_size: 128
sample_rate: 0.03, expected_batch_size: 128
sample_rate: 0.03, expected_batch_size: 128
sample_rate: 0.03, expected_batch_size: 128
sample_rate: 0.03, expected_batch_size: 128
sample_rate: 0.03, expected_batch_size: 128
sample_rate: 0.03, expected_batch_size: 128
sample_rate: 0.03, expected_batch_size: 128
sample_rate: 0.03, expected_batch_size: 128
sample_rate: 0.03, expected_batch_size: 128
sample_rate: 0.03, expected_batch_size: 128
sample_rate: 0.03, expected_batch_size: 128
sample_rate: 0.03, expected_batch_size: 128
sample_rate: 0.03, expected_batch_size: 128
initial privacy cost of all clients:  [0, 0, 0, 0, 0, 0, 0, 0, 0, 0]
Round=0
Round=1
Round=2
Round=3
Round=4
Round=5
Round=6
Round=7
Round=8
Round=9
Round=10
Round=11
Round=12
Round=13
Round=14
current privacy cost of all clients:  [0.33033357372458066, 0.37555379650408366, 0.33033357372458066, 0.3537320706559622, 0.33033357372458066, 0.3537320706559622, 0.3537320706559622, 0.41674618847529443, 0.39649964853357994, 0.3537320706559622]
Round=14, per client global perf=[0.8691, 0.873, 0.8662, 0.8554, 0.877, 0.873, 0.873, 0.8863, 0.8799, 0.8681], mean perf=17791/20400 (0.8721%)
Round=14, per client personal perf=[0.698, 0.7123, 0.7461, 0.7789, 0.6975, 0.7559, 0.7647, 0.7814, 0.749, 0.7809], mean perf=15228/20400 (0.7465%)
Round=14, per client personal pooled=[0.7001, 0.7072, 0.744, 0.7846, 0.6868, 0.7586, 0.7679, 0.7775, 0.7439, 0.7673], mean perf=151734/204000 (0.7438%)
Mean performance of unidp ditto dp global, Perf=0.8682
Mean performance of unidp ditto dp personal, Perf=0.7328
Mean performance of unidp ditto dp pooled, Perf=0.7301
---EPSILON 1 ---
default_sample_rate: 0.03232323232323232
noise_multiplier :  2.12890625
default_sample_rate: 0.03232323232323232
noise_multiplier :  1.3671875
learning rate =  0.01
sample_rate: 0.03, expected_batch_size: 128
sample_rate: 0.03, expected_batch_size: 128
sample_rate: 0.03, expected_batch_size: 128
sample_rate: 0.03, expected_batch_size: 128
sample_rate: 0.03, expected_batch_size: 128
sample_rate: 0.03, expected_batch_size: 128
sample_rate: 0.03, expected_batch_size: 128
sample_rate: 0.03, expected_batch_size: 128
sample_rate: 0.03, expected_batch_size: 128
sample_rate: 0.03, expected_batch_size: 128
sample_rate: 0.03, expected_batch_size: 128
sample_rate: 0.03, expected_batch_size: 128
sample_rate: 0.03, expected_batch_size: 128
sample_rate: 0.03, expected_batch_size: 128
sample_rate: 0.03, expected_batch_size: 128
sample_rate: 0.03, expected_batch_size: 128
sample_rate: 0.03, expected_batch_size: 128
sample_rate: 0.03, expected_batch_size: 128
sample_rate: 0.03, expected_batch_size: 128
sample_rate: 0.03, expected_batch_size: 128
initial privacy cost of all clients:  [0, 0, 0, 0, 0, 0, 0, 0, 0, 0]
Round=0
Round=1
Round=2
Round=3
Round=4
Round=5
Round=6
Round=7
Round=8
Round=9
Round=10
Round=11
Round=12
Round=13
Round=14
current privacy cost of all clients:  [0.6750386529476061, 0.7653858016873494, 0.6750386529476061, 0.7206619146809711, 0.6750386529476061, 0.7206619146809711, 0.7206619146809711, 0.8451770774927443, 0.8052814395900469, 0.7206619146809711]
Round=14, per client global perf=[0.9118, 0.9088, 0.8985, 0.8902, 0.9025, 0.9103, 0.9088, 0.9191, 0.9123, 0.899], mean perf=18485/20400 (0.9061%)
Round=14, per client personal perf=[0.799, 0.8142, 0.8118, 0.8314, 0.7721, 0.8157, 0.8201, 0.8397, 0.8402, 0.8466], mean perf=16709/20400 (0.8191%)
Round=14, per client personal pooled=[0.798, 0.8036, 0.8175, 0.84, 0.7744, 0.8129, 0.8238, 0.8211, 0.8338, 0.8459], mean perf=166690/204000 (0.8171%)
Mean performance of unidp ditto dp global, Perf=0.9046
Mean performance of unidp ditto dp personal, Perf=0.8125
Mean performance of unidp ditto dp pooled, Perf=0.8109
---EPSILON 4 ---
default_sample_rate: 0.03232323232323232
noise_multiplier :  0.93994140625
default_sample_rate: 0.03232323232323232
noise_multiplier :  0.736083984375
learning rate =  0.01
sample_rate: 0.03, expected_batch_size: 128
sample_rate: 0.03, expected_batch_size: 128
sample_rate: 0.03, expected_batch_size: 128
sample_rate: 0.03, expected_batch_size: 128
sample_rate: 0.03, expected_batch_size: 128
sample_rate: 0.03, expected_batch_size: 128
sample_rate: 0.03, expected_batch_size: 128
sample_rate: 0.03, expected_batch_size: 128
sample_rate: 0.03, expected_batch_size: 128
sample_rate: 0.03, expected_batch_size: 128
sample_rate: 0.03, expected_batch_size: 128
sample_rate: 0.03, expected_batch_size: 128
sample_rate: 0.03, expected_batch_size: 128
sample_rate: 0.03, expected_batch_size: 128
sample_rate: 0.03, expected_batch_size: 128
sample_rate: 0.03, expected_batch_size: 128
sample_rate: 0.03, expected_batch_size: 128
sample_rate: 0.03, expected_batch_size: 128
sample_rate: 0.03, expected_batch_size: 128
sample_rate: 0.03, expected_batch_size: 128
initial privacy cost of all clients:  [0, 0, 0, 0, 0, 0, 0, 0, 0, 0]
Round=0
Round=1
Round=2
Round=3
Round=4
Round=5
Round=6
Round=7
Round=8
Round=9
Round=10
Round=11
Round=12
Round=13
Round=14
current privacy cost of all clients:  [2.743512555916575, 3.083714743273034, 2.743512555916575, 2.9136136495948044, 2.743512555916575, 2.9136136495948044, 2.9136136495948044, 3.4239169306294928, 3.2538158369512633, 2.9136136495948044]
Round=14, per client global perf=[0.9525, 0.9431, 0.9431, 0.9343, 0.9441, 0.9485, 0.9495, 0.9539, 0.9456, 0.9407], mean perf=19289/20400 (0.9455%)
Round=14, per client personal perf=[0.8765, 0.8779, 0.8838, 0.8676, 0.8784, 0.8941, 0.8711, 0.8794, 0.8784, 0.8828], mean perf=17932/20400 (0.8790%)
Round=14, per client personal pooled=[0.8757, 0.8767, 0.8826, 0.8726, 0.8746, 0.8888, 0.8698, 0.8725, 0.871, 0.8871], mean perf=178939/204000 (0.8772%)
Mean performance of unidp ditto dp global, Perf=0.9416
Mean performance of unidp ditto dp personal, Perf=0.8790
Mean performance of unidp ditto dp pooled, Perf=0.8767
---EPSILON 8 ---
default_sample_rate: 0.03232323232323232
noise_multiplier :  0.72021484375
default_sample_rate: 0.03232323232323232
noise_multiplier :  0.5743408203125
learning rate =  0.01
sample_rate: 0.03, expected_batch_size: 128
sample_rate: 0.03, expected_batch_size: 128
sample_rate: 0.03, expected_batch_size: 128
sample_rate: 0.03, expected_batch_size: 128
sample_rate: 0.03, expected_batch_size: 128
sample_rate: 0.03, expected_batch_size: 128
sample_rate: 0.03, expected_batch_size: 128
sample_rate: 0.03, expected_batch_size: 128
sample_rate: 0.03, expected_batch_size: 128
sample_rate: 0.03, expected_batch_size: 128
sample_rate: 0.03, expected_batch_size: 128
sample_rate: 0.03, expected_batch_size: 128
sample_rate: 0.03, expected_batch_size: 128
sample_rate: 0.03, expected_batch_size: 128
sample_rate: 0.03, expected_batch_size: 128
sample_rate: 0.03, expected_batch_size: 128
sample_rate: 0.03, expected_batch_size: 128
sample_rate: 0.03, expected_batch_size: 128
sample_rate: 0.03, expected_batch_size: 128
sample_rate: 0.03, expected_batch_size: 128
initial privacy cost of all clients:  [0, 0, 0, 0, 0, 0, 0, 0, 0, 0]
Round=0
Round=1
Round=2
Round=3
Round=4
Round=5
Round=6
Round=7
Round=8
Round=9
Round=10
Round=11
Round=12
Round=13
Round=14
current privacy cost of all clients:  [5.794058266554629, 6.735473089270566, 5.794058266554629, 6.264765677912597, 5.794058266554629, 6.264765677912597, 6.264765677912597, 7.332449371479868, 7.167814057514629, 6.264765677912597]
Round=14, per client global perf=[0.9544, 0.9475, 0.9529, 0.9422, 0.952, 0.951, 0.9534, 0.9574, 0.951, 0.9456], mean perf=19395/20400 (0.9507%)
Round=14, per client personal perf=[0.8907, 0.9015, 0.8877, 0.8819, 0.8819, 0.9015, 0.8877, 0.901, 0.9025, 0.8819], mean perf=18193/20400 (0.8918%)
Round=14, per client personal pooled=[0.8906, 0.8999, 0.8935, 0.8819, 0.8753, 0.9003, 0.8877, 0.8893, 0.8953, 0.8911], mean perf=181662/204000 (0.8905%)
Mean performance of unidp ditto dp global, Perf=0.9476
Mean performance of unidp ditto dp personal, Perf=0.8893
Mean performance of unidp ditto dp pooled, Perf=0.8886
---EPSILON 16 ---
default_sample_rate: 0.03232323232323232
noise_multiplier :  0.567169189453125
default_sample_rate: 0.03232323232323232
noise_multiplier :  0.48187255859375
learning rate =  0.01
sample_rate: 0.03, expected_batch_size: 128
sample_rate: 0.03, expected_batch_size: 128
sample_rate: 0.03, expected_batch_size: 128
sample_rate: 0.03, expected_batch_size: 128
sample_rate: 0.03, expected_batch_size: 128
sample_rate: 0.03, expected_batch_size: 128
sample_rate: 0.03, expected_batch_size: 128
sample_rate: 0.03, expected_batch_size: 128
sample_rate: 0.03, expected_batch_size: 128
sample_rate: 0.03, expected_batch_size: 128
sample_rate: 0.03, expected_batch_size: 128
sample_rate: 0.03, expected_batch_size: 128
sample_rate: 0.03, expected_batch_size: 128
sample_rate: 0.03, expected_batch_size: 128
sample_rate: 0.03, expected_batch_size: 128
sample_rate: 0.03, expected_batch_size: 128
sample_rate: 0.03, expected_batch_size: 128
sample_rate: 0.03, expected_batch_size: 128
sample_rate: 0.03, expected_batch_size: 128
sample_rate: 0.03, expected_batch_size: 128
initial privacy cost of all clients:  [0, 0, 0, 0, 0, 0, 0, 0, 0, 0]
Round=0
Round=1
Round=2
Round=3
Round=4
Round=5
Round=6
Round=7
Round=8
Round=9
Round=10
Round=11
Round=12
Round=13
Round=14
current privacy cost of all clients:  [10.407925892026432, 11.80405874178763, 10.407925892026432, 11.105992316907031, 10.407925892026432, 11.105992316907031, 11.105992316907031, 13.200191591548824, 12.502125166668227, 11.105992316907031]
Round=14, per client global perf=[0.9623, 0.9534, 0.9618, 0.9495, 0.9627, 0.9559, 0.9583, 0.9657, 0.9603, 0.9515], mean perf=19546/20400 (0.9581%)
Round=14, per client personal perf=[0.9015, 0.8975, 0.8956, 0.8941, 0.8902, 0.9074, 0.9044, 0.9064, 0.9029, 0.8912], mean perf=18342/20400 (0.8991%)
Round=14, per client personal pooled=[0.9038, 0.8975, 0.9018, 0.894, 0.8826, 0.9041, 0.8957, 0.8991, 0.8976, 0.8956], mean perf=183023/204000 (0.8972%)
Mean performance of unidp ditto dp global, Perf=0.9550
Mean performance of unidp ditto dp personal, Perf=0.8980
Mean performance of unidp ditto dp pooled, Perf=0.8966
--- Personal steps: 30 ---
---EPSILON 0.1 ---
default_sample_rate: 0.03232323232323232
noise_multiplier :  13.75
default_sample_rate: 0.03232323232323232
noise_multiplier :  11.25
learning rate =  0.01
sample_rate: 0.03, expected_batch_size: 128
sample_rate: 0.03, expected_batch_size: 128
sample_rate: 0.03, expected_batch_size: 128
sample_rate: 0.03, expected_batch_size: 128
sample_rate: 0.03, expected_batch_size: 128
sample_rate: 0.03, expected_batch_size: 128
sample_rate: 0.03, expected_batch_size: 128
sample_rate: 0.03, expected_batch_size: 128
sample_rate: 0.03, expected_batch_size: 128
sample_rate: 0.03, expected_batch_size: 128
sample_rate: 0.03, expected_batch_size: 128
sample_rate: 0.03, expected_batch_size: 128
sample_rate: 0.03, expected_batch_size: 128
sample_rate: 0.03, expected_batch_size: 128
sample_rate: 0.03, expected_batch_size: 128
sample_rate: 0.03, expected_batch_size: 128
sample_rate: 0.03, expected_batch_size: 128
sample_rate: 0.03, expected_batch_size: 128
sample_rate: 0.03, expected_batch_size: 128
sample_rate: 0.03, expected_batch_size: 128
initial privacy cost of all clients:  [0, 0, 0, 0, 0, 0, 0, 0, 0, 0]
Round=0
Round=1
Round=2
Round=3
Round=4
Round=5
Round=6
Round=7
Round=8
Round=9
Round=10
Round=11
Round=12
Round=13
Round=14
current privacy cost of all clients:  [0.0636130274845621, 0.07323580287115607, 0.0636130274845621, 0.06861627244984228, 0.0636130274845621, 0.06861627244984228, 0.06861627244984228, 0.08199366248919779, 0.07775445513440044, 0.06861627244984228]
Round=14, per client global perf=[0.7142, 0.7025, 0.7029, 0.699, 0.7034, 0.7137, 0.6902, 0.7176, 0.7206, 0.7127], mean perf=14437/20400 (0.7077%)
Round=14, per client personal perf=[0.3559, 0.3123, 0.3279, 0.3265, 0.3529, 0.2652, 0.324, 0.2853, 0.3475, 0.3598], mean perf=6645/20400 (0.3257%)
Round=14, per client personal pooled=[0.3501, 0.3123, 0.3213, 0.329, 0.3436, 0.2713, 0.3404, 0.2824, 0.3525, 0.3567], mean perf=66499/204000 (0.3260%)
Mean performance of unidp ditto dp global, Perf=0.7023
Mean performance of unidp ditto dp personal, Perf=0.3218
Mean performance of unidp ditto dp pooled, Perf=0.3213
---EPSILON 0.5 ---
default_sample_rate: 0.03232323232323232
noise_multiplier :  3.671875
default_sample_rate: 0.03232323232323232
noise_multiplier :  2.890625
learning rate =  0.01
sample_rate: 0.03, expected_batch_size: 128
sample_rate: 0.03, expected_batch_size: 128
sample_rate: 0.03, expected_batch_size: 128
sample_rate: 0.03, expected_batch_size: 128
sample_rate: 0.03, expected_batch_size: 128
sample_rate: 0.03, expected_batch_size: 128
sample_rate: 0.03, expected_batch_size: 128
sample_rate: 0.03, expected_batch_size: 128
sample_rate: 0.03, expected_batch_size: 128
sample_rate: 0.03, expected_batch_size: 128
sample_rate: 0.03, expected_batch_size: 128
sample_rate: 0.03, expected_batch_size: 128
sample_rate: 0.03, expected_batch_size: 128
sample_rate: 0.03, expected_batch_size: 128
sample_rate: 0.03, expected_batch_size: 128
sample_rate: 0.03, expected_batch_size: 128
sample_rate: 0.03, expected_batch_size: 128
sample_rate: 0.03, expected_batch_size: 128
sample_rate: 0.03, expected_batch_size: 128
sample_rate: 0.03, expected_batch_size: 128
initial privacy cost of all clients:  [0, 0, 0, 0, 0, 0, 0, 0, 0, 0]
Round=0
Round=1
Round=2
Round=3
Round=4
Round=5
Round=6
Round=7
Round=8
Round=9
Round=10
Round=11
Round=12
Round=13
Round=14
current privacy cost of all clients:  [0.33033357372458066, 0.37555379650408366, 0.33033357372458066, 0.3537320706559622, 0.33033357372458066, 0.3537320706559622, 0.3537320706559622, 0.41674618847529443, 0.39649964853357994, 0.3537320706559622]
Round=14, per client global perf=[0.874, 0.8779, 0.8681, 0.8515, 0.8819, 0.8833, 0.875, 0.8775, 0.8755, 0.8549], mean perf=17788/20400 (0.8720%)
Round=14, per client personal perf=[0.7554, 0.7054, 0.7127, 0.6711, 0.7324, 0.7034, 0.6686, 0.6971, 0.6931, 0.701], mean perf=14362/20400 (0.7040%)
Round=14, per client personal pooled=[0.7557, 0.7135, 0.7069, 0.6803, 0.7269, 0.7133, 0.6828, 0.6919, 0.6907, 0.6974], mean perf=144013/204000 (0.7059%)
Mean performance of unidp ditto dp global, Perf=0.8726
Mean performance of unidp ditto dp personal, Perf=0.7057
Mean performance of unidp ditto dp pooled, Perf=0.7071
---EPSILON 1 ---
default_sample_rate: 0.03232323232323232
noise_multiplier :  2.12890625
default_sample_rate: 0.03232323232323232
noise_multiplier :  1.728515625
learning rate =  0.01
sample_rate: 0.03, expected_batch_size: 128
sample_rate: 0.03, expected_batch_size: 128
sample_rate: 0.03, expected_batch_size: 128
sample_rate: 0.03, expected_batch_size: 128
sample_rate: 0.03, expected_batch_size: 128
sample_rate: 0.03, expected_batch_size: 128
sample_rate: 0.03, expected_batch_size: 128
sample_rate: 0.03, expected_batch_size: 128
sample_rate: 0.03, expected_batch_size: 128
sample_rate: 0.03, expected_batch_size: 128
sample_rate: 0.03, expected_batch_size: 128
sample_rate: 0.03, expected_batch_size: 128
sample_rate: 0.03, expected_batch_size: 128
sample_rate: 0.03, expected_batch_size: 128
sample_rate: 0.03, expected_batch_size: 128
sample_rate: 0.03, expected_batch_size: 128
sample_rate: 0.03, expected_batch_size: 128
sample_rate: 0.03, expected_batch_size: 128
sample_rate: 0.03, expected_batch_size: 128
sample_rate: 0.03, expected_batch_size: 128
initial privacy cost of all clients:  [0, 0, 0, 0, 0, 0, 0, 0, 0, 0]
Round=0
Round=1
Round=2
Round=3
Round=4
Round=5
Round=6
Round=7
Round=8
Round=9
Round=10
Round=11
Round=12
Round=13
Round=14
current privacy cost of all clients:  [0.6750386529476061, 0.7653858016873494, 0.6750386529476061, 0.7206619146809711, 0.6750386529476061, 0.7206619146809711, 0.7206619146809711, 0.8451770774927443, 0.8052814395900469, 0.7206619146809711]
Round=14, per client global perf=[0.9, 0.9069, 0.8961, 0.8892, 0.9059, 0.9123, 0.9039, 0.9093, 0.9098, 0.8799], mean perf=18387/20400 (0.9013%)
Round=14, per client personal perf=[0.7961, 0.7902, 0.7907, 0.7623, 0.8025, 0.7922, 0.7794, 0.7853, 0.7819, 0.8015], mean perf=16079/20400 (0.7882%)
Round=14, per client personal pooled=[0.8001, 0.7884, 0.7914, 0.7723, 0.7927, 0.7905, 0.7829, 0.7746, 0.7759, 0.7983], mean perf=160491/204000 (0.7867%)
Mean performance of unidp ditto dp global, Perf=0.9020
Mean performance of unidp ditto dp personal, Perf=0.7896
Mean performance of unidp ditto dp pooled, Perf=0.7887
---EPSILON 4 ---
default_sample_rate: 0.03232323232323232
noise_multiplier :  0.93994140625
default_sample_rate: 0.03232323232323232
noise_multiplier :  0.833740234375
learning rate =  0.01
sample_rate: 0.03, expected_batch_size: 128
sample_rate: 0.03, expected_batch_size: 128
sample_rate: 0.03, expected_batch_size: 128
sample_rate: 0.03, expected_batch_size: 128
sample_rate: 0.03, expected_batch_size: 128
sample_rate: 0.03, expected_batch_size: 128
sample_rate: 0.03, expected_batch_size: 128
sample_rate: 0.03, expected_batch_size: 128
sample_rate: 0.03, expected_batch_size: 128
sample_rate: 0.03, expected_batch_size: 128
sample_rate: 0.03, expected_batch_size: 128
sample_rate: 0.03, expected_batch_size: 128
sample_rate: 0.03, expected_batch_size: 128
sample_rate: 0.03, expected_batch_size: 128
sample_rate: 0.03, expected_batch_size: 128
sample_rate: 0.03, expected_batch_size: 128
sample_rate: 0.03, expected_batch_size: 128
sample_rate: 0.03, expected_batch_size: 128
sample_rate: 0.03, expected_batch_size: 128
sample_rate: 0.03, expected_batch_size: 128
initial privacy cost of all clients:  [0, 0, 0, 0, 0, 0, 0, 0, 0, 0]
Round=0
Round=1
Round=2
Round=3
Round=4
Round=5
Round=6
Round=7
Round=8
Round=9
Round=10
Round=11
Round=12
Round=13
Round=14
current privacy cost of all clients:  [2.743512555916575, 3.083714743273034, 2.743512555916575, 2.9136136495948044, 2.743512555916575, 2.9136136495948044, 2.9136136495948044, 3.4239169306294928, 3.2538158369512633, 2.9136136495948044]
Round=14, per client global perf=[0.9446, 0.9466, 0.9382, 0.9358, 0.949, 0.9471, 0.9402, 0.9422, 0.9466, 0.9343], mean perf=19226/20400 (0.9425%)
Round=14, per client personal perf=[0.8642, 0.8637, 0.8716, 0.8426, 0.8637, 0.8863, 0.8515, 0.873, 0.8706, 0.8598], mean perf=17640/20400 (0.8647%)
Round=14, per client personal pooled=[0.8639, 0.8669, 0.8748, 0.8515, 0.8647, 0.8811, 0.8578, 0.8626, 0.8609, 0.8665], mean perf=176473/204000 (0.8651%)
Mean performance of unidp ditto dp global, Perf=0.9414
Mean performance of unidp ditto dp personal, Perf=0.8663
Mean performance of unidp ditto dp pooled, Perf=0.8657
---EPSILON 8 ---
default_sample_rate: 0.03232323232323232
noise_multiplier :  0.72021484375
default_sample_rate: 0.03232323232323232
noise_multiplier :  0.64788818359375
learning rate =  0.01
sample_rate: 0.03, expected_batch_size: 128
sample_rate: 0.03, expected_batch_size: 128
sample_rate: 0.03, expected_batch_size: 128
sample_rate: 0.03, expected_batch_size: 128
sample_rate: 0.03, expected_batch_size: 128
sample_rate: 0.03, expected_batch_size: 128
sample_rate: 0.03, expected_batch_size: 128
sample_rate: 0.03, expected_batch_size: 128
sample_rate: 0.03, expected_batch_size: 128
sample_rate: 0.03, expected_batch_size: 128
sample_rate: 0.03, expected_batch_size: 128
sample_rate: 0.03, expected_batch_size: 128
sample_rate: 0.03, expected_batch_size: 128
sample_rate: 0.03, expected_batch_size: 128
sample_rate: 0.03, expected_batch_size: 128
sample_rate: 0.03, expected_batch_size: 128
sample_rate: 0.03, expected_batch_size: 128
sample_rate: 0.03, expected_batch_size: 128
sample_rate: 0.03, expected_batch_size: 128
sample_rate: 0.03, expected_batch_size: 128
initial privacy cost of all clients:  [0, 0, 0, 0, 0, 0, 0, 0, 0, 0]
Round=0
Round=1
Round=2
Round=3
Round=4
Round=5
Round=6
Round=7
Round=8
Round=9
Round=10
Round=11
Round=12
Round=13
Round=14
current privacy cost of all clients:  [5.794058266554629, 6.735473089270566, 5.794058266554629, 6.264765677912597, 5.794058266554629, 6.264765677912597, 6.264765677912597, 7.332449371479868, 7.167814057514629, 6.264765677912597]
Round=14, per client global perf=[0.9574, 0.9505, 0.9471, 0.9475, 0.952, 0.9559, 0.952, 0.951, 0.9534, 0.9461], mean perf=19406/20400 (0.9513%)
Round=14, per client personal perf=[0.8819, 0.874, 0.8838, 0.8833, 0.8936, 0.9069, 0.8637, 0.8971, 0.8877, 0.8725], mean perf=18043/20400 (0.8845%)
Round=14, per client personal pooled=[0.8807, 0.8753, 0.8879, 0.8848, 0.8886, 0.8996, 0.8708, 0.88, 0.8778, 0.8797], mean perf=180033/204000 (0.8825%)
Mean performance of unidp ditto dp global, Perf=0.9488
Mean performance of unidp ditto dp personal, Perf=0.8838
Mean performance of unidp ditto dp pooled, Perf=0.8819
---EPSILON 16 ---
default_sample_rate: 0.03232323232323232
noise_multiplier :  0.567169189453125
default_sample_rate: 0.03232323232323232
noise_multiplier :  0.5263900756835938
learning rate =  0.01
sample_rate: 0.03, expected_batch_size: 128
sample_rate: 0.03, expected_batch_size: 128
sample_rate: 0.03, expected_batch_size: 128
sample_rate: 0.03, expected_batch_size: 128
sample_rate: 0.03, expected_batch_size: 128
sample_rate: 0.03, expected_batch_size: 128
sample_rate: 0.03, expected_batch_size: 128
sample_rate: 0.03, expected_batch_size: 128
sample_rate: 0.03, expected_batch_size: 128
sample_rate: 0.03, expected_batch_size: 128
sample_rate: 0.03, expected_batch_size: 128
sample_rate: 0.03, expected_batch_size: 128
sample_rate: 0.03, expected_batch_size: 128
sample_rate: 0.03, expected_batch_size: 128
sample_rate: 0.03, expected_batch_size: 128
sample_rate: 0.03, expected_batch_size: 128
sample_rate: 0.03, expected_batch_size: 128
sample_rate: 0.03, expected_batch_size: 128
sample_rate: 0.03, expected_batch_size: 128
sample_rate: 0.03, expected_batch_size: 128
initial privacy cost of all clients:  [0, 0, 0, 0, 0, 0, 0, 0, 0, 0]
Round=0
Round=1
Round=2
Round=3
Round=4
Round=5
Round=6
Round=7
Round=8
Round=9
Round=10
Round=11
Round=12
Round=13
Round=14
current privacy cost of all clients:  [10.407925892026432, 11.80405874178763, 10.407925892026432, 11.105992316907031, 10.407925892026432, 11.105992316907031, 11.105992316907031, 13.200191591548824, 12.502125166668227, 11.105992316907031]
Round=14, per client global perf=[0.9613, 0.9608, 0.9529, 0.9525, 0.9578, 0.9564, 0.9583, 0.9574, 0.9549, 0.9544], mean perf=19516/20400 (0.9567%)
Round=14, per client personal perf=[0.8868, 0.902, 0.8971, 0.8892, 0.8961, 0.9162, 0.8574, 0.902, 0.9, 0.8912], mean perf=18233/20400 (0.8938%)
Round=14, per client personal pooled=[0.8895, 0.9008, 0.9001, 0.8852, 0.8919, 0.9129, 0.8631, 0.8936, 0.8962, 0.8965], mean perf=182169/204000 (0.8930%)
Mean performance of unidp ditto dp global, Perf=0.9549
Mean performance of unidp ditto dp personal, Perf=0.8946
Mean performance of unidp ditto dp pooled, Perf=0.8945
--- Finished seed: 46 ---
=== Finished data_type: iid_10 ===
All experiments completed!
