PARAMS: dataset=mnist, gpu=0, data_type=niid_10_2
=== Running reg_param=0, num_steps=15 ===
Running seed 42
/Users/shegao_t1/DP_Research/Personal_DP_Personal_FL/rpdp_fl/experiments/datasets/fed_mnist/niid_10_2way_3000shot

Client 0 label distribution:
[(5, 1996), (6, 1964)]

Client 1 label distribution:
[(7, 1995), (9, 1965)]

Client 2 label distribution:
[(0, 1983), (8, 1977)]

Client 3 label distribution:
[(2, 1954), (9, 1972)]

Client 4 label distribution:
[(2, 1973), (3, 1959)]

Client 5 label distribution:
[(4, 2007), (6, 1898)]

Client 6 label distribution:
[(4, 1761), (8, 1996)]

Client 7 label distribution:
[(0, 1989), (1, 1920)]

Client 8 label distribution:
[(1, 1984), (5, 1593)]

Client 9 label distribution:
[(3, 1988), (7, 1972)]
Client 0: avg epsilon = 0.1000
Client 1: avg epsilon = 2.8816
Client 2: avg epsilon = 0.5493
Client 3: avg epsilon = 2.5612
Client 4: avg epsilon = 0.1000
Client 5: avg epsilon = 0.1000
Client 6: avg epsilon = 0.5781
Client 7: avg epsilon = 0.1000
Client 8: avg epsilon = 0.1000
Client 9: avg epsilon = 0.5482
 We run FedAvg with rPDP (ThreeLevels-0) ...
max_epsilon :  10.0  noise_multiplier :  9.736328125
The R-Squared value of the best-fit curve : 0.999749898528281
learning rate =  0.01
sample_rate: (min) 0.03, (max) 0.03, expected_batch_size: 99
sample_rate: (min) 0.03, (max) 0.61, expected_batch_size: 1454
sample_rate: (min) 0.03, (max) 0.16, expected_batch_size: 362
sample_rate: (min) 0.03, (max) 0.61, expected_batch_size: 1245
sample_rate: (min) 0.03, (max) 0.03, expected_batch_size: 99
sample_rate: (min) 0.03, (max) 0.03, expected_batch_size: 98
sample_rate: (min) 0.03, (max) 0.16, expected_batch_size: 360
sample_rate: (min) 0.03, (max) 0.03, expected_batch_size: 98
sample_rate: (min) 0.03, (max) 0.03, expected_batch_size: 90
sample_rate: (min) 0.03, (max) 0.16, expected_batch_size: 362
initial privacy cost of all clients:  [0, 0, 0, 0, 0, 0, 0, 0, 0, 0]
Round=0
Round=1
Round=2
Round=3
Round=4
Round=5
Round=6
Round=7
Round=8
Round=9
Round=10
Round=11
Round=12
Round=13
Round=14
current privacy cost of all clients:  [0.0777036851988212, 3.554611437795162, 0.5558558712260362, 3.3043856205918876, 0.08299634815037049, 0.0777036851988212, 0.7482516858029494, 0.0879752932513391, 0.09280122601357536, 0.6093162705378211]
Round=14, per client global perf=[0.549, 0.4657, 0.0377, 0.0104, 0.3643, 0.4014, 0.0692, 0.3987, 0.6209, 0.8417], mean perf=7513/20016 (0.3753%)
Round=14, per client personal perf=[0.9931, 0.9853, 0.9985, 0.9881, 0.9822, 0.9925, 0.9721, 0.9871, 0.9995, 0.9917], mean perf=19796/20016 (0.9890%)
Round=14, per client personal pooled=[0.1931, 0.2009, 0.2007, 0.2022, 0.1987, 0.1976, 0.1939, 0.2009, 0.1921, 0.2004], mean perf=39646/200160 (0.1981%)
Mean performance of ditto rpdp global, Perf=0.3445, seed=42
Mean performance of ditto rpdp personal, Perf=0.9879, seed=42
Mean performance of ditto rpdp pooled, Perf=0.1978, seed=42
Client 0: avg epsilon = 0.3394
Client 1: avg epsilon = 0.7403
Client 2: avg epsilon = 0.3718
Client 3: avg epsilon = 1.0341
Client 4: avg epsilon = 0.1952
Client 5: avg epsilon = 0.3320
Client 6: avg epsilon = 0.5426
Client 7: avg epsilon = 0.1272
Client 8: avg epsilon = 0.2339
Client 9: avg epsilon = 0.3847
 We run FedAvg with rPDP (BoundedPareto-0) ...
max_epsilon :  10.0  noise_multiplier :  9.736328125
The R-Squared value of the best-fit curve : 0.999749898528281
learning rate =  0.01
sample_rate: (min) 0.05, (max) 0.07, expected_batch_size: 246
sample_rate: (min) 0.08, (max) 0.19, expected_batch_size: 478
sample_rate: (min) 0.03, (max) 0.12, expected_batch_size: 262
sample_rate: (min) 0.03, (max) 0.98, expected_batch_size: 604
sample_rate: (min) 0.04, (max) 0.04, expected_batch_size: 157
sample_rate: (min) 0.05, (max) 0.08, expected_batch_size: 238
sample_rate: (min) 0.05, (max) 0.14, expected_batch_size: 345
sample_rate: (min) 0.03, (max) 0.03, expected_batch_size: 115
sample_rate: (min) 0.03, (max) 0.06, expected_batch_size: 164
sample_rate: (min) 0.04, (max) 0.1, expected_batch_size: 272
initial privacy cost of all clients:  [0, 0, 0, 0, 0, 0, 0, 0, 0, 0]
Round=0
Round=1
Round=2
Round=3
Round=4
Round=5
Round=6
Round=7
Round=8
Round=9
Round=10
Round=11
Round=12
Round=13
Round=14
current privacy cost of all clients:  [0.2708323864883786, 0.8540737692761711, 0.38128025560790973, 6.0748074655109106, 0.16019017623493748, 0.3040402155953894, 0.6468345354434932, 0.11696328180044625, 0.2864418954362965, 0.349925282462024]
Round=14, per client global perf=[0.3721, 0.4333, 0.0471, 0.2002, 0.4847, 0.7124, 0.4571, 0.4106, 0.5385, 0.6912], mean perf=8675/20016 (0.4334%)
Round=14, per client personal perf=[0.9941, 0.9917, 0.9985, 0.9862, 0.9788, 0.9906, 0.9716, 0.9881, 0.9967, 0.9922], mean perf=19793/20016 (0.9889%)
Round=14, per client personal pooled=[0.1931, 0.2021, 0.2006, 0.2016, 0.1977, 0.1973, 0.1931, 0.201, 0.1918, 0.2007], mean perf=39615/200160 (0.1979%)
Mean performance of ditto rpdp global, Perf=0.3837, seed=42
Mean performance of ditto rpdp personal, Perf=0.9883, seed=42
Mean performance of ditto rpdp pooled, Perf=0.1978, seed=42
Client 0: avg epsilon = 0.1475
Client 1: avg epsilon = 2.5575
Client 2: avg epsilon = 0.5619
Client 3: avg epsilon = 2.7494
Client 4: avg epsilon = 0.1000
Client 5: avg epsilon = 0.1501
Client 6: avg epsilon = 0.6492
Client 7: avg epsilon = 0.1000
Client 8: avg epsilon = 0.1205
Client 9: avg epsilon = 0.5308
 We run FedAvg with rPDP (BoundedMixGauss-0) ...
max_epsilon :  10.0  noise_multiplier :  9.736328125
The R-Squared value of the best-fit curve : 0.999749898528281
learning rate =  0.01
sample_rate: (min) 0.03, (max) 0.04, expected_batch_size: 129
sample_rate: (min) 0.04, (max) 0.6, expected_batch_size: 1319
sample_rate: (min) 0.03, (max) 0.17, expected_batch_size: 369
sample_rate: (min) 0.03, (max) 0.79, expected_batch_size: 1311
sample_rate: (min) 0.03, (max) 0.03, expected_batch_size: 99
sample_rate: (min) 0.03, (max) 0.04, expected_batch_size: 129
sample_rate: (min) 0.03, (max) 0.19, expected_batch_size: 397
sample_rate: (min) 0.03, (max) 0.03, expected_batch_size: 98
sample_rate: (min) 0.03, (max) 0.03, expected_batch_size: 101
sample_rate: (min) 0.03, (max) 0.16, expected_batch_size: 352
initial privacy cost of all clients:  [0, 0, 0, 0, 0, 0, 0, 0, 0, 0]
Round=0
Round=1
Round=2
Round=3
Round=4
Round=5
Round=6
Round=7
Round=8
Round=9
Round=10
Round=11
Round=12
Round=13
Round=14
current privacy cost of all clients:  [0.12172556056862104, 3.5303696928939345, 0.5909771225250234, 4.677926050365698, 0.08352205379363559, 0.15029524279357093, 0.9137356376429576, 0.0879752932513391, 0.13049532099934139, 0.6050251440761018]
Round=14, per client global perf=[0.3461, 0.4152, 0.1534, 0.0089, 0.0538, 0.228, 0.3233, 0.2329, 0.5255, 0.4681], mean perf=5471/20016 (0.2733%)
Round=14, per client personal perf=[0.9936, 0.9907, 0.998, 0.9857, 0.9788, 0.9935, 0.9654, 0.9881, 0.9995, 0.9936], mean perf=19790/20016 (0.9887%)
Round=14, per client personal pooled=[0.1932, 0.2022, 0.2004, 0.2016, 0.1982, 0.1978, 0.1921, 0.2009, 0.1922, 0.2007], mean perf=39624/200160 (0.1980%)
Mean performance of ditto rpdp global, Perf=0.2947, seed=42
Mean performance of ditto rpdp personal, Perf=0.9885, seed=42
Mean performance of ditto rpdp pooled, Perf=0.1979, seed=42
Finished seed 42
----------------------------------------
Running seed 43
/Users/shegao_t1/DP_Research/Personal_DP_Personal_FL/rpdp_fl/experiments/datasets/fed_mnist/niid_10_2way_3000shot

Client 0 label distribution:
[(5, 1996), (6, 1964)]

Client 1 label distribution:
[(7, 1995), (9, 1965)]

Client 2 label distribution:
[(0, 1983), (8, 1977)]

Client 3 label distribution:
[(2, 1954), (9, 1972)]

Client 4 label distribution:
[(2, 1973), (3, 1959)]

Client 5 label distribution:
[(4, 2007), (6, 1898)]

Client 6 label distribution:
[(4, 1761), (8, 1996)]

Client 7 label distribution:
[(0, 1989), (1, 1920)]

Client 8 label distribution:
[(1, 1984), (5, 1593)]

Client 9 label distribution:
[(3, 1988), (7, 1972)]
Client 0: avg epsilon = 0.1000
Client 1: avg epsilon = 2.8816
Client 2: avg epsilon = 0.5493
Client 3: avg epsilon = 2.5612
Client 4: avg epsilon = 0.1000
Client 5: avg epsilon = 0.1000
Client 6: avg epsilon = 0.5781
Client 7: avg epsilon = 0.1000
Client 8: avg epsilon = 0.1000
Client 9: avg epsilon = 0.5482
 We run FedAvg with rPDP (ThreeLevels-0) ...
max_epsilon :  10.0  noise_multiplier :  9.736328125
The R-Squared value of the best-fit curve : 0.999749898528281
learning rate =  0.01
sample_rate: (min) 0.03, (max) 0.03, expected_batch_size: 99
sample_rate: (min) 0.03, (max) 0.61, expected_batch_size: 1454
sample_rate: (min) 0.03, (max) 0.16, expected_batch_size: 362
sample_rate: (min) 0.03, (max) 0.61, expected_batch_size: 1245
sample_rate: (min) 0.03, (max) 0.03, expected_batch_size: 99
sample_rate: (min) 0.03, (max) 0.03, expected_batch_size: 98
sample_rate: (min) 0.03, (max) 0.16, expected_batch_size: 360
sample_rate: (min) 0.03, (max) 0.03, expected_batch_size: 98
sample_rate: (min) 0.03, (max) 0.03, expected_batch_size: 90
sample_rate: (min) 0.03, (max) 0.16, expected_batch_size: 362
initial privacy cost of all clients:  [0, 0, 0, 0, 0, 0, 0, 0, 0, 0]
Round=0
Round=1
Round=2
Round=3
Round=4
Round=5
Round=6
Round=7
Round=8
Round=9
Round=10
Round=11
Round=12
Round=13
Round=14
current privacy cost of all clients:  [0.08299634815037049, 3.554611437795162, 0.6583580204409699, 3.8048372549984366, 0.05997229379927632, 0.0777036851988212, 0.6093162705378211, 0.04533992744859791, 0.06629602355155903, 0.7915678459669535]
Round=14, per client global perf=[0.3191, 0.9196, 0.427, 0.4988, 0.0188, 0.3274, 0.0, 0.5382, 0.1372, 0.4382], mean perf=7335/20016 (0.3665%)
Round=14, per client personal perf=[0.9971, 0.9941, 0.9975, 0.9876, 0.9763, 0.994, 0.9711, 0.9861, 0.9978, 0.9966], mean perf=19813/20016 (0.9899%)
Round=14, per client personal pooled=[0.1935, 0.202, 0.2006, 0.202, 0.1976, 0.198, 0.1939, 0.2005, 0.1918, 0.2011], mean perf=39656/200160 (0.1981%)
Mean performance of ditto rpdp global, Perf=0.2923, seed=43
Mean performance of ditto rpdp personal, Perf=0.9888, seed=43
Mean performance of ditto rpdp pooled, Perf=0.1980, seed=43
Client 0: avg epsilon = 0.3422
Client 1: avg epsilon = 0.7440
Client 2: avg epsilon = 0.3733
Client 3: avg epsilon = 1.0550
Client 4: avg epsilon = 0.1984
Client 5: avg epsilon = 0.3346
Client 6: avg epsilon = 0.5446
Client 7: avg epsilon = 0.1280
Client 8: avg epsilon = 0.2357
Client 9: avg epsilon = 0.3885
 We run FedAvg with rPDP (BoundedPareto-0) ...
max_epsilon :  10.0  noise_multiplier :  9.736328125
The R-Squared value of the best-fit curve : 0.999749898528281
learning rate =  0.01
sample_rate: (min) 0.06, (max) 0.07, expected_batch_size: 247
sample_rate: (min) 0.08, (max) 0.19, expected_batch_size: 480
sample_rate: (min) 0.03, (max) 0.12, expected_batch_size: 263
sample_rate: (min) 0.03, (max) 1.0, expected_batch_size: 613
sample_rate: (min) 0.04, (max) 0.04, expected_batch_size: 159
sample_rate: (min) 0.05, (max) 0.08, expected_batch_size: 239
sample_rate: (min) 0.05, (max) 0.14, expected_batch_size: 346
sample_rate: (min) 0.03, (max) 0.03, expected_batch_size: 115
sample_rate: (min) 0.03, (max) 0.06, expected_batch_size: 165
sample_rate: (min) 0.04, (max) 0.1, expected_batch_size: 274
initial privacy cost of all clients:  [0, 0, 0, 0, 0, 0, 0, 0, 0, 0]
Round=0
Round=1
Round=2
Round=3
Round=4
Round=5
Round=6
Round=7
Round=8
Round=9
Round=10
Round=11
Round=12
Round=13
Round=14
current privacy cost of all clients:  [0.2897700369095664, 0.8554656094904252, 0.4542599881316137, 7.341489632879909, 0.11916502206487452, 0.30613051230988353, 0.529486572881692, 0.061547506010356044, 0.210318774210376, 0.4587832950902705]
Round=14, per client global perf=[0.4789, 0.8181, 0.4593, 0.4464, 0.0183, 0.4824, 0.0026, 0.4722, 0.0103, 0.3863], mean perf=7257/20016 (0.3626%)
Round=14, per client personal perf=[0.9961, 0.9877, 0.998, 0.9862, 0.9763, 0.995, 0.9711, 0.9861, 0.9984, 0.998], mean perf=19802/20016 (0.9893%)
Round=14, per client personal pooled=[0.1935, 0.2012, 0.2003, 0.2018, 0.1971, 0.1979, 0.1939, 0.2007, 0.1919, 0.2014], mean perf=39629/200160 (0.1980%)
Mean performance of ditto rpdp global, Perf=0.3267, seed=43
Mean performance of ditto rpdp personal, Perf=0.9887, seed=43
Mean performance of ditto rpdp pooled, Perf=0.1979, seed=43
Client 0: avg epsilon = 0.1488
Client 1: avg epsilon = 2.7091
Client 2: avg epsilon = 0.5659
Client 3: avg epsilon = 2.7560
Client 4: avg epsilon = 0.1000
Client 5: avg epsilon = 0.1535
Client 6: avg epsilon = 0.6579
Client 7: avg epsilon = 0.1000
Client 8: avg epsilon = 0.1210
Client 9: avg epsilon = 0.5351
 We run FedAvg with rPDP (BoundedMixGauss-0) ...
max_epsilon :  10.0  noise_multiplier :  9.736328125
The R-Squared value of the best-fit curve : 0.999749898528281
learning rate =  0.01
sample_rate: (min) 0.03, (max) 0.04, expected_batch_size: 130
sample_rate: (min) 0.05, (max) 0.6, expected_batch_size: 1391
sample_rate: (min) 0.03, (max) 0.17, expected_batch_size: 371
sample_rate: (min) 0.03, (max) 0.75, expected_batch_size: 1314
sample_rate: (min) 0.03, (max) 0.03, expected_batch_size: 99
sample_rate: (min) 0.03, (max) 0.05, expected_batch_size: 131
sample_rate: (min) 0.03, (max) 0.2, expected_batch_size: 402
sample_rate: (min) 0.03, (max) 0.03, expected_batch_size: 98
sample_rate: (min) 0.03, (max) 0.03, expected_batch_size: 101
sample_rate: (min) 0.03, (max) 0.16, expected_batch_size: 354
initial privacy cost of all clients:  [0, 0, 0, 0, 0, 0, 0, 0, 0, 0]
Round=0
Round=1
Round=2
Round=3
Round=4
Round=5
Round=6
Round=7
Round=8
Round=9
Round=10
Round=11
Round=12
Round=13
Round=14
current privacy cost of all clients:  [0.13107709906834628, 3.54017094327906, 0.7044507055018924, 4.965375462186012, 0.060483653964017496, 0.17107574497199254, 0.8273215395363687, 0.04533992744859791, 0.09443738242059632, 0.7918575912032448]
Round=14, per client global perf=[0.45, 0.924, 0.4275, 0.5195, 0.0217, 0.457, 0.0, 0.497, 0.0841, 0.4373], mean perf=7738/20016 (0.3866%)
Round=14, per client personal perf=[0.9951, 0.9951, 0.9931, 0.9886, 0.9778, 0.9876, 0.9716, 0.9871, 0.9984, 0.9951], mean perf=19795/20016 (0.9890%)
Round=14, per client personal pooled=[0.1932, 0.2022, 0.1995, 0.2025, 0.1973, 0.1968, 0.1933, 0.2007, 0.1918, 0.201], mean perf=39604/200160 (0.1979%)
Mean performance of ditto rpdp global, Perf=0.3173, seed=43
Mean performance of ditto rpdp personal, Perf=0.9881, seed=43
Mean performance of ditto rpdp pooled, Perf=0.1977, seed=43
Finished seed 43
----------------------------------------
Running seed 44
/Users/shegao_t1/DP_Research/Personal_DP_Personal_FL/rpdp_fl/experiments/datasets/fed_mnist/niid_10_2way_3000shot

Client 0 label distribution:
[(5, 1996), (6, 1964)]

Client 1 label distribution:
[(7, 1995), (9, 1965)]

Client 2 label distribution:
[(0, 1983), (8, 1977)]

Client 3 label distribution:
[(2, 1954), (9, 1972)]

Client 4 label distribution:
[(2, 1973), (3, 1959)]

Client 5 label distribution:
[(4, 2007), (6, 1898)]

Client 6 label distribution:
[(4, 1761), (8, 1996)]

Client 7 label distribution:
[(0, 1989), (1, 1920)]

Client 8 label distribution:
[(1, 1984), (5, 1593)]

Client 9 label distribution:
[(3, 1988), (7, 1972)]
Client 0: avg epsilon = 0.1000
Client 1: avg epsilon = 2.8816
Client 2: avg epsilon = 0.5493
Client 3: avg epsilon = 2.5612
Client 4: avg epsilon = 0.1000
Client 5: avg epsilon = 0.1000
Client 6: avg epsilon = 0.5781
Client 7: avg epsilon = 0.1000
Client 8: avg epsilon = 0.1000
Client 9: avg epsilon = 0.5482
 We run FedAvg with rPDP (ThreeLevels-0) ...
max_epsilon :  10.0  noise_multiplier :  9.736328125
The R-Squared value of the best-fit curve : 0.999749898528281
learning rate =  0.01
sample_rate: (min) 0.03, (max) 0.03, expected_batch_size: 99
sample_rate: (min) 0.03, (max) 0.61, expected_batch_size: 1454
sample_rate: (min) 0.03, (max) 0.16, expected_batch_size: 362
sample_rate: (min) 0.03, (max) 0.61, expected_batch_size: 1245
sample_rate: (min) 0.03, (max) 0.03, expected_batch_size: 99
sample_rate: (min) 0.03, (max) 0.03, expected_batch_size: 98
sample_rate: (min) 0.03, (max) 0.16, expected_batch_size: 360
sample_rate: (min) 0.03, (max) 0.03, expected_batch_size: 98
sample_rate: (min) 0.03, (max) 0.03, expected_batch_size: 90
sample_rate: (min) 0.03, (max) 0.16, expected_batch_size: 362
initial privacy cost of all clients:  [0, 0, 0, 0, 0, 0, 0, 0, 0, 0]
Round=0
Round=1
Round=2
Round=3
Round=4
Round=5
Round=6
Round=7
Round=8
Round=9
Round=10
Round=11
Round=12
Round=13
Round=14
current privacy cost of all clients:  [0.08299634815037049, 4.510367153745826, 0.7482516858029494, 2.1521425035466386, 0.09280122601357536, 0.06629602355155903, 0.5558558712260362, 0.06629602355155903, 0.05997229379927632, 0.7046321452486275]
Round=14, per client global perf=[0.0, 0.9275, 0.4363, 0.476, 0.0326, 0.0, 0.4272, 0.0228, 0.0201, 0.4662], mean perf=5672/20016 (0.2834%)
Round=14, per client personal perf=[0.9941, 0.9922, 0.998, 0.9817, 0.9867, 0.9901, 0.9638, 0.9856, 0.9962, 0.9946], mean perf=19783/20016 (0.9884%)
Round=14, per client personal pooled=[0.1932, 0.2022, 0.2001, 0.2014, 0.1992, 0.1973, 0.1923, 0.2005, 0.1912, 0.201], mean perf=39604/200160 (0.1979%)
Mean performance of ditto rpdp global, Perf=0.3443, seed=44
Mean performance of ditto rpdp personal, Perf=0.9877, seed=44
Mean performance of ditto rpdp pooled, Perf=0.1977, seed=44
Client 0: avg epsilon = 0.3392
Client 1: avg epsilon = 0.7494
Client 2: avg epsilon = 0.3757
Client 3: avg epsilon = 1.0420
Client 4: avg epsilon = 0.1945
Client 5: avg epsilon = 0.3332
Client 6: avg epsilon = 0.5452
Client 7: avg epsilon = 0.1271
Client 8: avg epsilon = 0.2330
Client 9: avg epsilon = 0.3875
 We run FedAvg with rPDP (BoundedPareto-0) ...
max_epsilon :  10.0  noise_multiplier :  9.736328125
The R-Squared value of the best-fit curve : 0.999749898528281
learning rate =  0.01
sample_rate: (min) 0.05, (max) 0.07, expected_batch_size: 246
sample_rate: (min) 0.08, (max) 0.19, expected_batch_size: 483
sample_rate: (min) 0.03, (max) 0.12, expected_batch_size: 265
sample_rate: (min) 0.03, (max) 1.0, expected_batch_size: 608
sample_rate: (min) 0.04, (max) 0.04, expected_batch_size: 157
sample_rate: (min) 0.05, (max) 0.08, expected_batch_size: 238
sample_rate: (min) 0.05, (max) 0.14, expected_batch_size: 347
sample_rate: (min) 0.03, (max) 0.03, expected_batch_size: 115
sample_rate: (min) 0.03, (max) 0.06, expected_batch_size: 163
sample_rate: (min) 0.04, (max) 0.1, expected_batch_size: 274
initial privacy cost of all clients:  [0, 0, 0, 0, 0, 0, 0, 0, 0, 0]
Round=0
Round=1
Round=2
Round=3
Round=4
Round=5
Round=6
Round=7
Round=8
Round=9
Round=10
Round=11
Round=12
Round=13
Round=14
current privacy cost of all clients:  [0.2893732544554233, 1.0695406285632225, 0.5195432324157971, 4.065705449544012, 0.17813101208369886, 0.2639126927938433, 0.48631807442847724, 0.08846754820483427, 0.1892981066982835, 0.40888933507194186]
Round=14, per client global perf=[0.0083, 0.5799, 0.4373, 0.1186, 0.1876, 0.0467, 0.4478, 0.0283, 0.0, 0.652], mean perf=5060/20016 (0.2528%)
Round=14, per client personal perf=[0.9887, 0.9912, 0.9971, 0.9674, 0.9822, 0.994, 0.9587, 0.9851, 0.9957, 0.9912], mean perf=19719/20016 (0.9852%)
Round=14, per client personal pooled=[0.192, 0.2021, 0.2005, 0.1986, 0.198, 0.1979, 0.1911, 0.2004, 0.191, 0.2005], mean perf=39475/200160 (0.1972%)
Mean performance of ditto rpdp global, Perf=0.3625, seed=44
Mean performance of ditto rpdp personal, Perf=0.9865, seed=44
Mean performance of ditto rpdp pooled, Perf=0.1974, seed=44
Client 0: avg epsilon = 0.1475
Client 1: avg epsilon = 2.6723
Client 2: avg epsilon = 0.5628
Client 3: avg epsilon = 2.7567
Client 4: avg epsilon = 0.1000
Client 5: avg epsilon = 0.1501
Client 6: avg epsilon = 0.6551
Client 7: avg epsilon = 0.1000
Client 8: avg epsilon = 0.1205
Client 9: avg epsilon = 0.5315
 We run FedAvg with rPDP (BoundedMixGauss-0) ...
max_epsilon :  10.0  noise_multiplier :  9.736328125
The R-Squared value of the best-fit curve : 0.999749898528281
learning rate =  0.01
sample_rate: (min) 0.03, (max) 0.04, expected_batch_size: 129
sample_rate: (min) 0.04, (max) 0.61, expected_batch_size: 1370
sample_rate: (min) 0.03, (max) 0.17, expected_batch_size: 370
sample_rate: (min) 0.03, (max) 0.77, expected_batch_size: 1314
sample_rate: (min) 0.03, (max) 0.03, expected_batch_size: 99
sample_rate: (min) 0.03, (max) 0.04, expected_batch_size: 129
sample_rate: (min) 0.03, (max) 0.22, expected_batch_size: 400
sample_rate: (min) 0.03, (max) 0.03, expected_batch_size: 98
sample_rate: (min) 0.03, (max) 0.03, expected_batch_size: 101
sample_rate: (min) 0.03, (max) 0.16, expected_batch_size: 353
initial privacy cost of all clients:  [0, 0, 0, 0, 0, 0, 0, 0, 0, 0]
Round=0
Round=1
Round=2
Round=3
Round=4
Round=5
Round=6
Round=7
Round=8
Round=9
Round=10
Round=11
Round=12
Round=13
Round=14
current privacy cost of all clients:  [0.12949311458056192, 4.500171165228081, 0.7981019908203113, 2.867614688859706, 0.09329220854604373, 0.13066890902589304, 0.813224908404701, 0.06629602355155903, 0.08496160334862189, 0.7005096248680255]
Round=14, per client global perf=[0.0, 0.898, 0.4686, 0.4913, 0.0429, 0.0, 0.437, 0.1668, 0.1318, 0.448], mean perf=6208/20016 (0.3102%)
Round=14, per client personal perf=[0.9936, 0.9887, 0.999, 0.9852, 0.9763, 0.9811, 0.97, 0.9846, 0.9946, 0.9951], mean perf=19753/20016 (0.9869%)
Round=14, per client personal pooled=[0.1932, 0.2012, 0.2007, 0.2014, 0.1974, 0.1954, 0.1933, 0.2004, 0.1914, 0.2008], mean perf=39538/200160 (0.1975%)
Mean performance of ditto rpdp global, Perf=0.3513, seed=44
Mean performance of ditto rpdp personal, Perf=0.9846, seed=44
Mean performance of ditto rpdp pooled, Perf=0.1971, seed=44
Finished seed 44
----------------------------------------
Running seed 45
/Users/shegao_t1/DP_Research/Personal_DP_Personal_FL/rpdp_fl/experiments/datasets/fed_mnist/niid_10_2way_3000shot

Client 0 label distribution:
[(5, 1996), (6, 1964)]

Client 1 label distribution:
[(7, 1995), (9, 1965)]

Client 2 label distribution:
[(0, 1983), (8, 1977)]

Client 3 label distribution:
[(2, 1954), (9, 1972)]

Client 4 label distribution:
[(2, 1973), (3, 1959)]

Client 5 label distribution:
[(4, 2007), (6, 1898)]

Client 6 label distribution:
[(4, 1761), (8, 1996)]

Client 7 label distribution:
[(0, 1989), (1, 1920)]

Client 8 label distribution:
[(1, 1984), (5, 1593)]

Client 9 label distribution:
[(3, 1988), (7, 1972)]
Client 0: avg epsilon = 0.1000
Client 1: avg epsilon = 2.8816
Client 2: avg epsilon = 0.5493
Client 3: avg epsilon = 2.5612
Client 4: avg epsilon = 0.1000
Client 5: avg epsilon = 0.1000
Client 6: avg epsilon = 0.5781
Client 7: avg epsilon = 0.1000
Client 8: avg epsilon = 0.1000
Client 9: avg epsilon = 0.5482
 We run FedAvg with rPDP (ThreeLevels-0) ...
max_epsilon :  10.0  noise_multiplier :  9.736328125
The R-Squared value of the best-fit curve : 0.999749898528281
learning rate =  0.01
sample_rate: (min) 0.03, (max) 0.03, expected_batch_size: 99
sample_rate: (min) 0.03, (max) 0.61, expected_batch_size: 1454
sample_rate: (min) 0.03, (max) 0.16, expected_batch_size: 362
sample_rate: (min) 0.03, (max) 0.61, expected_batch_size: 1245
sample_rate: (min) 0.03, (max) 0.03, expected_batch_size: 99
sample_rate: (min) 0.03, (max) 0.03, expected_batch_size: 98
sample_rate: (min) 0.03, (max) 0.16, expected_batch_size: 360
sample_rate: (min) 0.03, (max) 0.03, expected_batch_size: 98
sample_rate: (min) 0.03, (max) 0.03, expected_batch_size: 90
sample_rate: (min) 0.03, (max) 0.16, expected_batch_size: 362
initial privacy cost of all clients:  [0, 0, 0, 0, 0, 0, 0, 0, 0, 0]
Round=0
Round=1
Round=2
Round=3
Round=4
Round=5
Round=6
Round=7
Round=8
Round=9
Round=10
Round=11
Round=12
Round=13
Round=14
current privacy cost of all clients:  [0.0777036851988212, 3.554611437795162, 0.6583580204409699, 2.502378074621252, 0.0777036851988212, 0.0879752932513391, 0.7046321452486275, 0.05997229379927632, 0.08299634815037049, 0.7915678459669535]
Round=14, per client global perf=[0.0583, 0.2838, 0.5025, 0.0188, 0.078, 0.3522, 0.8383, 0.0338, 0.0672, 0.3167], mean perf=5089/20016 (0.2542%)
Round=14, per client personal perf=[0.9946, 0.9922, 0.999, 0.9857, 0.9827, 0.9921, 0.9721, 0.9856, 0.9995, 0.9941], mean perf=19811/20016 (0.9898%)
Round=14, per client personal pooled=[0.1932, 0.2019, 0.2007, 0.2018, 0.1986, 0.1974, 0.194, 0.2004, 0.1921, 0.2011], mean perf=39658/200160 (0.1981%)
Mean performance of ditto rpdp global, Perf=0.3029, seed=45
Mean performance of ditto rpdp personal, Perf=0.9895, seed=45
Mean performance of ditto rpdp pooled, Perf=0.1981, seed=45
Client 0: avg epsilon = 0.3410
Client 1: avg epsilon = 0.7416
Client 2: avg epsilon = 0.3744
Client 3: avg epsilon = 1.0395
Client 4: avg epsilon = 0.1950
Client 5: avg epsilon = 0.3350
Client 6: avg epsilon = 0.5440
Client 7: avg epsilon = 0.1271
Client 8: avg epsilon = 0.2343
Client 9: avg epsilon = 0.3879
 We run FedAvg with rPDP (BoundedPareto-0) ...
max_epsilon :  10.0  noise_multiplier :  9.736328125
The R-Squared value of the best-fit curve : 0.999749898528281
learning rate =  0.01
sample_rate: (min) 0.05, (max) 0.07, expected_batch_size: 247
sample_rate: (min) 0.08, (max) 0.19, expected_batch_size: 478
sample_rate: (min) 0.03, (max) 0.12, expected_batch_size: 264
sample_rate: (min) 0.03, (max) 1.0, expected_batch_size: 605
sample_rate: (min) 0.04, (max) 0.04, expected_batch_size: 157
sample_rate: (min) 0.05, (max) 0.08, expected_batch_size: 240
sample_rate: (min) 0.05, (max) 0.14, expected_batch_size: 346
sample_rate: (min) 0.03, (max) 0.03, expected_batch_size: 115
sample_rate: (min) 0.03, (max) 0.06, expected_batch_size: 164
sample_rate: (min) 0.04, (max) 0.1, expected_batch_size: 274
initial privacy cost of all clients:  [0, 0, 0, 0, 0, 0, 0, 0, 0, 0]
Round=0
Round=1
Round=2
Round=3
Round=4
Round=5
Round=6
Round=7
Round=8
Round=9
Round=10
Round=11
Round=12
Round=13
Round=14
current privacy cost of all clients:  [0.2734219659311125, 0.8496329408207246, 0.45563635867345087, 4.65127671852932, 0.1505718772789174, 0.3459849381557856, 0.6088764751254605, 0.08018205509991227, 0.2593368953115138, 0.459204484938208]
Round=14, per client global perf=[0.4167, 0.3775, 0.5637, 0.0361, 0.3564, 0.6269, 0.8027, 0.4916, 0.558, 0.7015], mean perf=9831/20016 (0.4912%)
Round=14, per client personal perf=[0.9936, 0.9877, 0.998, 0.9871, 0.9803, 0.994, 0.9711, 0.9856, 0.9978, 0.9971], mean perf=19801/20016 (0.9893%)
Round=14, per client personal pooled=[0.1931, 0.2013, 0.2005, 0.2017, 0.1981, 0.1978, 0.1938, 0.2006, 0.1918, 0.2014], mean perf=39637/200160 (0.1980%)
Mean performance of ditto rpdp global, Perf=0.4883, seed=45
Mean performance of ditto rpdp personal, Perf=0.9884, seed=45
Mean performance of ditto rpdp pooled, Perf=0.1979, seed=45
Client 0: avg epsilon = 0.1484
Client 1: avg epsilon = 2.7197
Client 2: avg epsilon = 0.5657
Client 3: avg epsilon = 2.7592
Client 4: avg epsilon = 0.1000
Client 5: avg epsilon = 0.1527
Client 6: avg epsilon = 0.6800
Client 7: avg epsilon = 0.1000
Client 8: avg epsilon = 0.1209
Client 9: avg epsilon = 0.5345
 We run FedAvg with rPDP (BoundedMixGauss-0) ...
max_epsilon :  10.0  noise_multiplier :  9.736328125
The R-Squared value of the best-fit curve : 0.999749898528281
learning rate =  0.01
sample_rate: (min) 0.03, (max) 0.04, expected_batch_size: 129
sample_rate: (min) 0.05, (max) 0.61, expected_batch_size: 1394
sample_rate: (min) 0.03, (max) 0.17, expected_batch_size: 371
sample_rate: (min) 0.03, (max) 0.77, expected_batch_size: 1315
sample_rate: (min) 0.03, (max) 0.03, expected_batch_size: 99
sample_rate: (min) 0.03, (max) 0.05, expected_batch_size: 130
sample_rate: (min) 0.03, (max) 0.49, expected_batch_size: 412
sample_rate: (min) 0.03, (max) 0.03, expected_batch_size: 98
sample_rate: (min) 0.03, (max) 0.03, expected_batch_size: 101
sample_rate: (min) 0.03, (max) 0.16, expected_batch_size: 354
initial privacy cost of all clients:  [0, 0, 0, 0, 0, 0, 0, 0, 0, 0]
Round=0
Round=1
Round=2
Round=3
Round=4
Round=5
Round=6
Round=7
Round=8
Round=9
Round=10
Round=11
Round=12
Round=13
Round=14
current privacy cost of all clients:  [0.1228453738887237, 3.5500474671477065, 0.7051365371105033, 3.3324169844940013, 0.07843135584168298, 0.18829274433624257, 2.7721146962758922, 0.05997229379927632, 0.11748024103344672, 0.7907027823214281]
Round=14, per client global perf=[0.0819, 0.2348, 0.5681, 0.0059, 0.1713, 0.4232, 0.876, 0.0924, 0.0363, 0.376], mean perf=5732/20016 (0.2864%)
Round=14, per client personal perf=[0.9926, 0.9887, 0.9892, 0.9832, 0.9837, 0.993, 0.9706, 0.9856, 1.0, 0.9882], mean perf=19765/20016 (0.9875%)
Round=14, per client personal pooled=[0.1929, 0.2014, 0.1985, 0.2007, 0.1986, 0.1978, 0.1934, 0.2004, 0.1922, 0.2], mean perf=39556/200160 (0.1976%)
Mean performance of ditto rpdp global, Perf=0.3391, seed=45
Mean performance of ditto rpdp personal, Perf=0.9882, seed=45
Mean performance of ditto rpdp pooled, Perf=0.1978, seed=45
Finished seed 45
----------------------------------------
Running seed 46
/Users/shegao_t1/DP_Research/Personal_DP_Personal_FL/rpdp_fl/experiments/datasets/fed_mnist/niid_10_2way_3000shot

Client 0 label distribution:
[(5, 1996), (6, 1964)]

Client 1 label distribution:
[(7, 1995), (9, 1965)]

Client 2 label distribution:
[(0, 1983), (8, 1977)]

Client 3 label distribution:
[(2, 1954), (9, 1972)]

Client 4 label distribution:
[(2, 1973), (3, 1959)]

Client 5 label distribution:
[(4, 2007), (6, 1898)]

Client 6 label distribution:
[(4, 1761), (8, 1996)]

Client 7 label distribution:
[(0, 1989), (1, 1920)]

Client 8 label distribution:
[(1, 1984), (5, 1593)]

Client 9 label distribution:
[(3, 1988), (7, 1972)]
Client 0: avg epsilon = 0.1000
Client 1: avg epsilon = 2.8816
Client 2: avg epsilon = 0.5493
Client 3: avg epsilon = 2.5612
Client 4: avg epsilon = 0.1000
Client 5: avg epsilon = 0.1000
Client 6: avg epsilon = 0.5781
Client 7: avg epsilon = 0.1000
Client 8: avg epsilon = 0.1000
Client 9: avg epsilon = 0.5482
 We run FedAvg with rPDP (ThreeLevels-0) ...
max_epsilon :  10.0  noise_multiplier :  9.736328125
The R-Squared value of the best-fit curve : 0.999749898528281
learning rate =  0.01
sample_rate: (min) 0.03, (max) 0.03, expected_batch_size: 99
sample_rate: (min) 0.03, (max) 0.61, expected_batch_size: 1454
sample_rate: (min) 0.03, (max) 0.16, expected_batch_size: 362
sample_rate: (min) 0.03, (max) 0.61, expected_batch_size: 1245
sample_rate: (min) 0.03, (max) 0.03, expected_batch_size: 99
sample_rate: (min) 0.03, (max) 0.03, expected_batch_size: 98
sample_rate: (min) 0.03, (max) 0.16, expected_batch_size: 360
sample_rate: (min) 0.03, (max) 0.03, expected_batch_size: 98
sample_rate: (min) 0.03, (max) 0.03, expected_batch_size: 90
sample_rate: (min) 0.03, (max) 0.16, expected_batch_size: 362
initial privacy cost of all clients:  [0, 0, 0, 0, 0, 0, 0, 0, 0, 0]
Round=0
Round=1
Round=2
Round=3
Round=4
Round=5
Round=6
Round=7
Round=8
Round=9
Round=10
Round=11
Round=12
Round=13
Round=14
current privacy cost of all clients:  [0.07214729257008984, 3.8048372549984366, 0.6583580204409699, 3.554611437795162, 0.07214729257008984, 0.0777036851988212, 0.7046321452486275, 0.09280122601357536, 0.0879752932513391, 0.7046321452486275]
Round=14, per client global perf=[0.0, 0.8583, 0.5618, 0.5141, 0.039, 0.0, 0.1059, 0.434, 0.0011, 0.3588], mean perf=5829/20016 (0.2912%)
Round=14, per client personal perf=[0.9951, 0.9868, 0.9971, 0.9881, 0.9827, 0.994, 0.9711, 0.9871, 0.9984, 0.9956], mean perf=19808/20016 (0.9896%)
Round=14, per client personal pooled=[0.1933, 0.2013, 0.2003, 0.2018, 0.1991, 0.1978, 0.1938, 0.2008, 0.1919, 0.2012], mean perf=39660/200160 (0.1981%)
Mean performance of ditto rpdp global, Perf=0.3198, seed=46
Mean performance of ditto rpdp personal, Perf=0.9891, seed=46
Mean performance of ditto rpdp pooled, Perf=0.1979, seed=46
Client 0: avg epsilon = 0.3385
Client 1: avg epsilon = 0.7382
Client 2: avg epsilon = 0.3693
Client 3: avg epsilon = 1.0464
Client 4: avg epsilon = 0.1947
Client 5: avg epsilon = 0.3306
Client 6: avg epsilon = 0.5397
Client 7: avg epsilon = 0.1277
Client 8: avg epsilon = 0.2337
Client 9: avg epsilon = 0.3826
 We run FedAvg with rPDP (BoundedPareto-0) ...
max_epsilon :  10.0  noise_multiplier :  9.736328125
The R-Squared value of the best-fit curve : 0.999749898528281
learning rate =  0.01
sample_rate: (min) 0.05, (max) 0.07, expected_batch_size: 245
sample_rate: (min) 0.08, (max) 0.19, expected_batch_size: 476
sample_rate: (min) 0.03, (max) 0.11, expected_batch_size: 261
sample_rate: (min) 0.03, (max) 1.0, expected_batch_size: 609
sample_rate: (min) 0.04, (max) 0.04, expected_batch_size: 157
sample_rate: (min) 0.05, (max) 0.08, expected_batch_size: 237
sample_rate: (min) 0.05, (max) 0.14, expected_batch_size: 344
sample_rate: (min) 0.03, (max) 0.03, expected_batch_size: 115
sample_rate: (min) 0.03, (max) 0.06, expected_batch_size: 164
sample_rate: (min) 0.04, (max) 0.1, expected_batch_size: 271
initial privacy cost of all clients:  [0, 0, 0, 0, 0, 0, 0, 0, 0, 0]
Round=0
Round=1
Round=2
Round=3
Round=4
Round=5
Round=6
Round=7
Round=8
Round=9
Round=10
Round=11
Round=12
Round=13
Round=14
current privacy cost of all clients:  [0.25079682047850677, 0.9122037251308232, 0.44996267231344056, 6.803447050009791, 0.13958018947250211, 0.3027474917788089, 0.6097937903188453, 0.12351557766073824, 0.27143209625635345, 0.4019992928862715]
Round=14, per client global perf=[0.0132, 0.7784, 0.8176, 0.6851, 0.3065, 0.0025, 0.3724, 0.4404, 0.0108, 0.3681], mean perf=7674/20016 (0.3834%)
Round=14, per client personal perf=[0.9946, 0.9897, 0.9995, 0.9842, 0.9808, 0.994, 0.9731, 0.9881, 0.9989, 0.9946], mean perf=19811/20016 (0.9898%)
Round=14, per client personal pooled=[0.1933, 0.2018, 0.2009, 0.2018, 0.1983, 0.1979, 0.1941, 0.2009, 0.192, 0.2007], mean perf=39669/200160 (0.1982%)
Mean performance of ditto rpdp global, Perf=0.3502, seed=46
Mean performance of ditto rpdp personal, Perf=0.9896, seed=46
Mean performance of ditto rpdp pooled, Perf=0.1981, seed=46
Client 0: avg epsilon = 0.1470
Client 1: avg epsilon = 2.5523
Client 2: avg epsilon = 0.5617
Client 3: avg epsilon = 2.7595
Client 4: avg epsilon = 0.1000
Client 5: avg epsilon = 0.1492
Client 6: avg epsilon = 0.6493
Client 7: avg epsilon = 0.1000
Client 8: avg epsilon = 0.1202
Client 9: avg epsilon = 0.5299
 We run FedAvg with rPDP (BoundedMixGauss-0) ...
max_epsilon :  10.0  noise_multiplier :  9.736328125
The R-Squared value of the best-fit curve : 0.999749898528281
learning rate =  0.01
sample_rate: (min) 0.03, (max) 0.04, expected_batch_size: 128
sample_rate: (min) 0.04, (max) 0.6, expected_batch_size: 1316
sample_rate: (min) 0.03, (max) 0.17, expected_batch_size: 369
sample_rate: (min) 0.03, (max) 0.75, expected_batch_size: 1315
sample_rate: (min) 0.03, (max) 0.03, expected_batch_size: 99
sample_rate: (min) 0.03, (max) 0.04, expected_batch_size: 128
sample_rate: (min) 0.03, (max) 0.19, expected_batch_size: 397
sample_rate: (min) 0.03, (max) 0.03, expected_batch_size: 98
sample_rate: (min) 0.03, (max) 0.03, expected_batch_size: 101
sample_rate: (min) 0.03, (max) 0.16, expected_batch_size: 352
initial privacy cost of all clients:  [0, 0, 0, 0, 0, 0, 0, 0, 0, 0]
Round=0
Round=1
Round=2
Round=3
Round=4
Round=5
Round=6
Round=7
Round=8
Round=9
Round=10
Round=11
Round=12
Round=13
Round=14
current privacy cost of all clients:  [0.11255629253084441, 3.7840682892999693, 0.6984894096524226, 4.699892211236226, 0.07217052326793813, 0.15008424402015133, 0.8663651952270777, 0.09280122601357536, 0.12357141377301965, 0.6997669219387922]
Round=14, per client global perf=[0.0, 0.8588, 0.6657, 0.5843, 0.1278, 0.0, 0.2221, 0.433, 0.0011, 0.3799], mean perf=6630/20016 (0.3312%)
Round=14, per client personal perf=[0.9951, 0.9863, 0.998, 0.9881, 0.9773, 0.9896, 0.9711, 0.9871, 0.9984, 0.9897], mean perf=19777/20016 (0.9881%)
Round=14, per client personal pooled=[0.1932, 0.2011, 0.2004, 0.2025, 0.1978, 0.1972, 0.1934, 0.2007, 0.192, 0.2002], mean perf=39605/200160 (0.1979%)
Mean performance of ditto rpdp global, Perf=0.3395, seed=46
Mean performance of ditto rpdp personal, Perf=0.9877, seed=46
Mean performance of ditto rpdp pooled, Perf=0.1978, seed=46
Finished seed 46
----------------------------------------
=== Running reg_param=0.001, num_steps=15 ===
Running seed 42
/Users/shegao_t1/DP_Research/Personal_DP_Personal_FL/rpdp_fl/experiments/datasets/fed_mnist/niid_10_2way_3000shot

Client 0 label distribution:
[(5, 1996), (6, 1964)]

Client 1 label distribution:
[(7, 1995), (9, 1965)]

Client 2 label distribution:
[(0, 1983), (8, 1977)]

Client 3 label distribution:
[(2, 1954), (9, 1972)]

Client 4 label distribution:
[(2, 1973), (3, 1959)]

Client 5 label distribution:
[(4, 2007), (6, 1898)]

Client 6 label distribution:
[(4, 1761), (8, 1996)]

Client 7 label distribution:
[(0, 1989), (1, 1920)]

Client 8 label distribution:
[(1, 1984), (5, 1593)]

Client 9 label distribution:
[(3, 1988), (7, 1972)]
Client 0: avg epsilon = 0.1000
Client 1: avg epsilon = 2.8816
Client 2: avg epsilon = 0.5493
Client 3: avg epsilon = 2.5612
Client 4: avg epsilon = 0.1000
Client 5: avg epsilon = 0.1000
Client 6: avg epsilon = 0.5781
Client 7: avg epsilon = 0.1000
Client 8: avg epsilon = 0.1000
Client 9: avg epsilon = 0.5482
 We run FedAvg with rPDP (ThreeLevels-0) ...
max_epsilon :  10.0  noise_multiplier :  9.736328125
The R-Squared value of the best-fit curve : 0.999749898528281
learning rate =  0.01
sample_rate: (min) 0.03, (max) 0.03, expected_batch_size: 99
sample_rate: (min) 0.03, (max) 0.61, expected_batch_size: 1454
sample_rate: (min) 0.03, (max) 0.16, expected_batch_size: 362
sample_rate: (min) 0.03, (max) 0.61, expected_batch_size: 1245
sample_rate: (min) 0.03, (max) 0.03, expected_batch_size: 99
sample_rate: (min) 0.03, (max) 0.03, expected_batch_size: 98
sample_rate: (min) 0.03, (max) 0.16, expected_batch_size: 360
sample_rate: (min) 0.03, (max) 0.03, expected_batch_size: 98
sample_rate: (min) 0.03, (max) 0.03, expected_batch_size: 90
sample_rate: (min) 0.03, (max) 0.16, expected_batch_size: 362
initial privacy cost of all clients:  [0, 0, 0, 0, 0, 0, 0, 0, 0, 0]
Round=0
Round=1
Round=2
Round=3
Round=4
Round=5
Round=6
Round=7
Round=8
Round=9
Round=10
Round=11
Round=12
Round=13
Round=14
current privacy cost of all clients:  [0.0777036851988212, 3.554611437795162, 0.5558558712260362, 3.3043856205918876, 0.08299634815037049, 0.0777036851988212, 0.7482516858029494, 0.0879752932513391, 0.09280122601357536, 0.6093162705378211]
Round=14, per client global perf=[0.549, 0.4657, 0.0377, 0.0104, 0.3643, 0.4014, 0.0692, 0.3987, 0.6209, 0.8417], mean perf=7513/20016 (0.3753%)
Round=14, per client personal perf=[0.9926, 0.9882, 0.9985, 0.9812, 0.9798, 0.997, 0.9731, 0.9881, 0.9984, 0.9936], mean perf=19797/20016 (0.9891%)
Round=14, per client personal pooled=[0.1928, 0.2014, 0.2007, 0.2006, 0.1983, 0.1983, 0.1939, 0.2009, 0.1921, 0.2008], mean perf=39634/200160 (0.1980%)
Mean performance of ditto rpdp global, Perf=0.3445, seed=42
Mean performance of ditto rpdp personal, Perf=0.9888, seed=42
Mean performance of ditto rpdp pooled, Perf=0.1980, seed=42
Client 0: avg epsilon = 0.3394
Client 1: avg epsilon = 0.7403
Client 2: avg epsilon = 0.3718
Client 3: avg epsilon = 1.0341
Client 4: avg epsilon = 0.1952
Client 5: avg epsilon = 0.3320
Client 6: avg epsilon = 0.5426
Client 7: avg epsilon = 0.1272
Client 8: avg epsilon = 0.2339
Client 9: avg epsilon = 0.3847
 We run FedAvg with rPDP (BoundedPareto-0) ...
max_epsilon :  10.0  noise_multiplier :  9.736328125
The R-Squared value of the best-fit curve : 0.999749898528281
learning rate =  0.01
sample_rate: (min) 0.05, (max) 0.07, expected_batch_size: 246
sample_rate: (min) 0.08, (max) 0.19, expected_batch_size: 478
sample_rate: (min) 0.03, (max) 0.12, expected_batch_size: 262
sample_rate: (min) 0.03, (max) 0.98, expected_batch_size: 604
sample_rate: (min) 0.04, (max) 0.04, expected_batch_size: 157
sample_rate: (min) 0.05, (max) 0.08, expected_batch_size: 238
sample_rate: (min) 0.05, (max) 0.14, expected_batch_size: 345
sample_rate: (min) 0.03, (max) 0.03, expected_batch_size: 115
sample_rate: (min) 0.03, (max) 0.06, expected_batch_size: 164
sample_rate: (min) 0.04, (max) 0.1, expected_batch_size: 272
initial privacy cost of all clients:  [0, 0, 0, 0, 0, 0, 0, 0, 0, 0]
Round=0
Round=1
Round=2
Round=3
Round=4
Round=5
Round=6
Round=7
Round=8
Round=9
Round=10
Round=11
Round=12
Round=13
Round=14
current privacy cost of all clients:  [0.2708323864883786, 0.8540737692761711, 0.38128025560790973, 6.0748074655109106, 0.16019017623493748, 0.3040402155953894, 0.6468345354434932, 0.11696328180044625, 0.2864418954362965, 0.349925282462024]
Round=14, per client global perf=[0.3721, 0.4333, 0.0471, 0.2002, 0.4847, 0.7124, 0.4571, 0.4106, 0.5385, 0.6912], mean perf=8675/20016 (0.4334%)
Round=14, per client personal perf=[0.9922, 0.9917, 0.9961, 0.9778, 0.9733, 0.9925, 0.9664, 0.9876, 0.9989, 0.9931], mean perf=19755/20016 (0.9870%)
Round=14, per client personal pooled=[0.1931, 0.2023, 0.1998, 0.1999, 0.1968, 0.1975, 0.1928, 0.2009, 0.1921, 0.201], mean perf=39559/200160 (0.1976%)
Mean performance of ditto rpdp global, Perf=0.3837, seed=42
Mean performance of ditto rpdp personal, Perf=0.9872, seed=42
Mean performance of ditto rpdp pooled, Perf=0.1976, seed=42
Client 0: avg epsilon = 0.1475
Client 1: avg epsilon = 2.5575
Client 2: avg epsilon = 0.5619
Client 3: avg epsilon = 2.7494
Client 4: avg epsilon = 0.1000
Client 5: avg epsilon = 0.1501
Client 6: avg epsilon = 0.6492
Client 7: avg epsilon = 0.1000
Client 8: avg epsilon = 0.1205
Client 9: avg epsilon = 0.5308
 We run FedAvg with rPDP (BoundedMixGauss-0) ...
max_epsilon :  10.0  noise_multiplier :  9.736328125
The R-Squared value of the best-fit curve : 0.999749898528281
learning rate =  0.01
sample_rate: (min) 0.03, (max) 0.04, expected_batch_size: 129
sample_rate: (min) 0.04, (max) 0.6, expected_batch_size: 1319
sample_rate: (min) 0.03, (max) 0.17, expected_batch_size: 369
sample_rate: (min) 0.03, (max) 0.79, expected_batch_size: 1311
sample_rate: (min) 0.03, (max) 0.03, expected_batch_size: 99
sample_rate: (min) 0.03, (max) 0.04, expected_batch_size: 129
sample_rate: (min) 0.03, (max) 0.19, expected_batch_size: 397
sample_rate: (min) 0.03, (max) 0.03, expected_batch_size: 98
sample_rate: (min) 0.03, (max) 0.03, expected_batch_size: 101
sample_rate: (min) 0.03, (max) 0.16, expected_batch_size: 352
initial privacy cost of all clients:  [0, 0, 0, 0, 0, 0, 0, 0, 0, 0]
Round=0
Round=1
Round=2
Round=3
Round=4
Round=5
Round=6
Round=7
Round=8
Round=9
Round=10
Round=11
Round=12
Round=13
Round=14
current privacy cost of all clients:  [0.12172556056862104, 3.5303696928939345, 0.5909771225250234, 4.677926050365698, 0.08352205379363559, 0.15029524279357093, 0.9137356376429576, 0.0879752932513391, 0.13049532099934139, 0.6050251440761018]
Round=14, per client global perf=[0.3461, 0.4152, 0.1534, 0.0089, 0.0538, 0.228, 0.3233, 0.2329, 0.5255, 0.4681], mean perf=5471/20016 (0.2733%)
Round=14, per client personal perf=[0.9946, 0.9912, 0.9966, 0.9871, 0.9827, 0.9935, 0.9721, 0.9881, 0.9989, 0.9907], mean perf=19807/20016 (0.9896%)
Round=14, per client personal pooled=[0.1934, 0.2024, 0.2005, 0.2017, 0.1987, 0.1978, 0.1934, 0.201, 0.1921, 0.2004], mean perf=39661/200160 (0.1981%)
Mean performance of ditto rpdp global, Perf=0.2947, seed=42
Mean performance of ditto rpdp personal, Perf=0.9887, seed=42
Mean performance of ditto rpdp pooled, Perf=0.1980, seed=42
Finished seed 42
----------------------------------------
Running seed 43
/Users/shegao_t1/DP_Research/Personal_DP_Personal_FL/rpdp_fl/experiments/datasets/fed_mnist/niid_10_2way_3000shot

Client 0 label distribution:
[(5, 1996), (6, 1964)]

Client 1 label distribution:
[(7, 1995), (9, 1965)]

Client 2 label distribution:
[(0, 1983), (8, 1977)]

Client 3 label distribution:
[(2, 1954), (9, 1972)]

Client 4 label distribution:
[(2, 1973), (3, 1959)]

Client 5 label distribution:
[(4, 2007), (6, 1898)]

Client 6 label distribution:
[(4, 1761), (8, 1996)]

Client 7 label distribution:
[(0, 1989), (1, 1920)]

Client 8 label distribution:
[(1, 1984), (5, 1593)]

Client 9 label distribution:
[(3, 1988), (7, 1972)]
Client 0: avg epsilon = 0.1000
Client 1: avg epsilon = 2.8816
Client 2: avg epsilon = 0.5493
Client 3: avg epsilon = 2.5612
Client 4: avg epsilon = 0.1000
Client 5: avg epsilon = 0.1000
Client 6: avg epsilon = 0.5781
Client 7: avg epsilon = 0.1000
Client 8: avg epsilon = 0.1000
Client 9: avg epsilon = 0.5482
 We run FedAvg with rPDP (ThreeLevels-0) ...
max_epsilon :  10.0  noise_multiplier :  9.736328125
The R-Squared value of the best-fit curve : 0.999749898528281
learning rate =  0.01
sample_rate: (min) 0.03, (max) 0.03, expected_batch_size: 99
sample_rate: (min) 0.03, (max) 0.61, expected_batch_size: 1454
sample_rate: (min) 0.03, (max) 0.16, expected_batch_size: 362
sample_rate: (min) 0.03, (max) 0.61, expected_batch_size: 1245
sample_rate: (min) 0.03, (max) 0.03, expected_batch_size: 99
sample_rate: (min) 0.03, (max) 0.03, expected_batch_size: 98
sample_rate: (min) 0.03, (max) 0.16, expected_batch_size: 360
sample_rate: (min) 0.03, (max) 0.03, expected_batch_size: 98
sample_rate: (min) 0.03, (max) 0.03, expected_batch_size: 90
sample_rate: (min) 0.03, (max) 0.16, expected_batch_size: 362
initial privacy cost of all clients:  [0, 0, 0, 0, 0, 0, 0, 0, 0, 0]
Round=0
Round=1
Round=2
Round=3
Round=4
Round=5
Round=6
Round=7
Round=8
Round=9
Round=10
Round=11
Round=12
Round=13
Round=14
current privacy cost of all clients:  [0.08299634815037049, 3.554611437795162, 0.6583580204409699, 3.8048372549984366, 0.05997229379927632, 0.0777036851988212, 0.6093162705378211, 0.04533992744859791, 0.06629602355155903, 0.7915678459669535]
Round=14, per client global perf=[0.3191, 0.9196, 0.427, 0.4988, 0.0188, 0.3274, 0.0, 0.5382, 0.1372, 0.4382], mean perf=7335/20016 (0.3665%)
Round=14, per client personal perf=[0.998, 0.9912, 1.0, 0.9857, 0.9793, 0.9955, 0.9731, 0.9876, 0.9978, 0.9907], mean perf=19814/20016 (0.9899%)
Round=14, per client personal pooled=[0.1937, 0.2018, 0.2007, 0.2021, 0.1979, 0.1979, 0.194, 0.2008, 0.1919, 0.2004], mean perf=39658/200160 (0.1981%)
Mean performance of ditto rpdp global, Perf=0.2923, seed=43
Mean performance of ditto rpdp personal, Perf=0.9886, seed=43
Mean performance of ditto rpdp pooled, Perf=0.1978, seed=43
Client 0: avg epsilon = 0.3422
Client 1: avg epsilon = 0.7440
Client 2: avg epsilon = 0.3733
Client 3: avg epsilon = 1.0550
Client 4: avg epsilon = 0.1984
Client 5: avg epsilon = 0.3346
Client 6: avg epsilon = 0.5446
Client 7: avg epsilon = 0.1280
Client 8: avg epsilon = 0.2357
Client 9: avg epsilon = 0.3885
 We run FedAvg with rPDP (BoundedPareto-0) ...
max_epsilon :  10.0  noise_multiplier :  9.736328125
The R-Squared value of the best-fit curve : 0.999749898528281
learning rate =  0.01
sample_rate: (min) 0.06, (max) 0.07, expected_batch_size: 247
sample_rate: (min) 0.08, (max) 0.19, expected_batch_size: 480
sample_rate: (min) 0.03, (max) 0.12, expected_batch_size: 263
sample_rate: (min) 0.03, (max) 1.0, expected_batch_size: 613
sample_rate: (min) 0.04, (max) 0.04, expected_batch_size: 159
sample_rate: (min) 0.05, (max) 0.08, expected_batch_size: 239
sample_rate: (min) 0.05, (max) 0.14, expected_batch_size: 346
sample_rate: (min) 0.03, (max) 0.03, expected_batch_size: 115
sample_rate: (min) 0.03, (max) 0.06, expected_batch_size: 165
sample_rate: (min) 0.04, (max) 0.1, expected_batch_size: 274
initial privacy cost of all clients:  [0, 0, 0, 0, 0, 0, 0, 0, 0, 0]
Round=0
Round=1
Round=2
Round=3
Round=4
Round=5
Round=6
Round=7
Round=8
Round=9
Round=10
Round=11
Round=12
Round=13
Round=14
current privacy cost of all clients:  [0.2897700369095664, 0.8554656094904252, 0.4542599881316137, 7.341489632879909, 0.11916502206487452, 0.30613051230988353, 0.529486572881692, 0.061547506010356044, 0.210318774210376, 0.4587832950902705]
Round=14, per client global perf=[0.4789, 0.8181, 0.4593, 0.4464, 0.0183, 0.4824, 0.0026, 0.4722, 0.0103, 0.3863], mean perf=7257/20016 (0.3626%)
Round=14, per client personal perf=[0.9892, 0.9897, 0.9971, 0.9817, 0.9758, 0.993, 0.9731, 0.9861, 0.9989, 0.9946], mean perf=19774/20016 (0.9879%)
Round=14, per client personal pooled=[0.1924, 0.2017, 0.2002, 0.2014, 0.1971, 0.1975, 0.1941, 0.2007, 0.1919, 0.2009], mean perf=39594/200160 (0.1978%)
Mean performance of ditto rpdp global, Perf=0.3267, seed=43
Mean performance of ditto rpdp personal, Perf=0.9885, seed=43
Mean performance of ditto rpdp pooled, Perf=0.1979, seed=43
Client 0: avg epsilon = 0.1488
Client 1: avg epsilon = 2.7091
Client 2: avg epsilon = 0.5659
Client 3: avg epsilon = 2.7560
Client 4: avg epsilon = 0.1000
Client 5: avg epsilon = 0.1535
Client 6: avg epsilon = 0.6579
Client 7: avg epsilon = 0.1000
Client 8: avg epsilon = 0.1210
Client 9: avg epsilon = 0.5351
 We run FedAvg with rPDP (BoundedMixGauss-0) ...
max_epsilon :  10.0  noise_multiplier :  9.736328125
The R-Squared value of the best-fit curve : 0.999749898528281
learning rate =  0.01
sample_rate: (min) 0.03, (max) 0.04, expected_batch_size: 130
sample_rate: (min) 0.05, (max) 0.6, expected_batch_size: 1391
sample_rate: (min) 0.03, (max) 0.17, expected_batch_size: 371
sample_rate: (min) 0.03, (max) 0.75, expected_batch_size: 1314
sample_rate: (min) 0.03, (max) 0.03, expected_batch_size: 99
sample_rate: (min) 0.03, (max) 0.05, expected_batch_size: 131
sample_rate: (min) 0.03, (max) 0.2, expected_batch_size: 402
sample_rate: (min) 0.03, (max) 0.03, expected_batch_size: 98
sample_rate: (min) 0.03, (max) 0.03, expected_batch_size: 101
sample_rate: (min) 0.03, (max) 0.16, expected_batch_size: 354
initial privacy cost of all clients:  [0, 0, 0, 0, 0, 0, 0, 0, 0, 0]
Round=0
Round=1
Round=2
Round=3
Round=4
Round=5
Round=6
Round=7
Round=8
Round=9
Round=10
Round=11
Round=12
Round=13
Round=14
current privacy cost of all clients:  [0.13107709906834628, 3.54017094327906, 0.7044507055018924, 4.965375462186012, 0.060483653964017496, 0.17107574497199254, 0.8273215395363687, 0.04533992744859791, 0.09443738242059632, 0.7918575912032448]
Round=14, per client global perf=[0.45, 0.924, 0.4275, 0.5195, 0.0217, 0.457, 0.0, 0.497, 0.0841, 0.4373], mean perf=7738/20016 (0.3866%)
Round=14, per client personal perf=[0.9951, 0.9897, 0.9941, 0.9886, 0.9733, 0.9916, 0.9716, 0.9841, 0.9978, 0.9956], mean perf=19779/20016 (0.9882%)
Round=14, per client personal pooled=[0.1933, 0.2014, 0.1997, 0.2025, 0.1968, 0.1975, 0.1937, 0.2004, 0.1919, 0.2014], mean perf=39606/200160 (0.1979%)
Mean performance of ditto rpdp global, Perf=0.3173, seed=43
Mean performance of ditto rpdp personal, Perf=0.9877, seed=43
Mean performance of ditto rpdp pooled, Perf=0.1978, seed=43
Finished seed 43
----------------------------------------
Running seed 44
/Users/shegao_t1/DP_Research/Personal_DP_Personal_FL/rpdp_fl/experiments/datasets/fed_mnist/niid_10_2way_3000shot

Client 0 label distribution:
[(5, 1996), (6, 1964)]

Client 1 label distribution:
[(7, 1995), (9, 1965)]

Client 2 label distribution:
[(0, 1983), (8, 1977)]

Client 3 label distribution:
[(2, 1954), (9, 1972)]

Client 4 label distribution:
[(2, 1973), (3, 1959)]

Client 5 label distribution:
[(4, 2007), (6, 1898)]

Client 6 label distribution:
[(4, 1761), (8, 1996)]

Client 7 label distribution:
[(0, 1989), (1, 1920)]

Client 8 label distribution:
[(1, 1984), (5, 1593)]

Client 9 label distribution:
[(3, 1988), (7, 1972)]
Client 0: avg epsilon = 0.1000
Client 1: avg epsilon = 2.8816
Client 2: avg epsilon = 0.5493
Client 3: avg epsilon = 2.5612
Client 4: avg epsilon = 0.1000
Client 5: avg epsilon = 0.1000
Client 6: avg epsilon = 0.5781
Client 7: avg epsilon = 0.1000
Client 8: avg epsilon = 0.1000
Client 9: avg epsilon = 0.5482
 We run FedAvg with rPDP (ThreeLevels-0) ...
max_epsilon :  10.0  noise_multiplier :  9.736328125
The R-Squared value of the best-fit curve : 0.999749898528281
learning rate =  0.01
sample_rate: (min) 0.03, (max) 0.03, expected_batch_size: 99
sample_rate: (min) 0.03, (max) 0.61, expected_batch_size: 1454
sample_rate: (min) 0.03, (max) 0.16, expected_batch_size: 362
sample_rate: (min) 0.03, (max) 0.61, expected_batch_size: 1245
sample_rate: (min) 0.03, (max) 0.03, expected_batch_size: 99
sample_rate: (min) 0.03, (max) 0.03, expected_batch_size: 98
sample_rate: (min) 0.03, (max) 0.16, expected_batch_size: 360
sample_rate: (min) 0.03, (max) 0.03, expected_batch_size: 98
sample_rate: (min) 0.03, (max) 0.03, expected_batch_size: 90
sample_rate: (min) 0.03, (max) 0.16, expected_batch_size: 362
initial privacy cost of all clients:  [0, 0, 0, 0, 0, 0, 0, 0, 0, 0]
Round=0
Round=1
Round=2
Round=3
Round=4
Round=5
Round=6
Round=7
Round=8
Round=9
Round=10
Round=11
Round=12
Round=13
Round=14
current privacy cost of all clients:  [0.08299634815037049, 4.510367153745826, 0.7482516858029494, 2.1521425035466386, 0.09280122601357536, 0.06629602355155903, 0.5558558712260362, 0.06629602355155903, 0.05997229379927632, 0.7046321452486275]
Round=14, per client global perf=[0.0, 0.9275, 0.4363, 0.476, 0.0326, 0.0, 0.4272, 0.0228, 0.0201, 0.4662], mean perf=5672/20016 (0.2834%)
Round=14, per client personal perf=[0.9946, 0.9887, 0.9975, 0.9778, 0.9837, 0.9911, 0.9654, 0.9851, 0.994, 0.9946], mean perf=19762/20016 (0.9873%)
Round=14, per client personal pooled=[0.1932, 0.2014, 0.2005, 0.2002, 0.1987, 0.1974, 0.1926, 0.2004, 0.1911, 0.2009], mean perf=39561/200160 (0.1976%)
Mean performance of ditto rpdp global, Perf=0.3443, seed=44
Mean performance of ditto rpdp personal, Perf=0.9875, seed=44
Mean performance of ditto rpdp pooled, Perf=0.1977, seed=44
Client 0: avg epsilon = 0.3392
Client 1: avg epsilon = 0.7494
Client 2: avg epsilon = 0.3757
Client 3: avg epsilon = 1.0420
Client 4: avg epsilon = 0.1945
Client 5: avg epsilon = 0.3332
Client 6: avg epsilon = 0.5452
Client 7: avg epsilon = 0.1271
Client 8: avg epsilon = 0.2330
Client 9: avg epsilon = 0.3875
 We run FedAvg with rPDP (BoundedPareto-0) ...
max_epsilon :  10.0  noise_multiplier :  9.736328125
The R-Squared value of the best-fit curve : 0.999749898528281
learning rate =  0.01
sample_rate: (min) 0.05, (max) 0.07, expected_batch_size: 246
sample_rate: (min) 0.08, (max) 0.19, expected_batch_size: 483
sample_rate: (min) 0.03, (max) 0.12, expected_batch_size: 265
sample_rate: (min) 0.03, (max) 1.0, expected_batch_size: 608
sample_rate: (min) 0.04, (max) 0.04, expected_batch_size: 157
sample_rate: (min) 0.05, (max) 0.08, expected_batch_size: 238
sample_rate: (min) 0.05, (max) 0.14, expected_batch_size: 347
sample_rate: (min) 0.03, (max) 0.03, expected_batch_size: 115
sample_rate: (min) 0.03, (max) 0.06, expected_batch_size: 163
sample_rate: (min) 0.04, (max) 0.1, expected_batch_size: 274
initial privacy cost of all clients:  [0, 0, 0, 0, 0, 0, 0, 0, 0, 0]
Round=0
Round=1
Round=2
Round=3
Round=4
Round=5
Round=6
Round=7
Round=8
Round=9
Round=10
Round=11
Round=12
Round=13
Round=14
current privacy cost of all clients:  [0.2893732544554233, 1.0695406285632225, 0.5195432324157971, 4.065705449544012, 0.17813101208369886, 0.2639126927938433, 0.48631807442847724, 0.08846754820483427, 0.1892981066982835, 0.40888933507194186]
Round=14, per client global perf=[0.0083, 0.5799, 0.4373, 0.1186, 0.1876, 0.0467, 0.4478, 0.0283, 0.0, 0.652], mean perf=5060/20016 (0.2528%)
Round=14, per client personal perf=[0.9912, 0.9873, 0.9985, 0.9654, 0.9837, 0.9935, 0.9597, 0.9871, 0.9946, 0.9946], mean perf=19728/20016 (0.9856%)
Round=14, per client personal pooled=[0.1927, 0.2016, 0.2006, 0.198, 0.1988, 0.1977, 0.1912, 0.2007, 0.1912, 0.201], mean perf=39506/200160 (0.1974%)
Mean performance of ditto rpdp global, Perf=0.3625, seed=44
Mean performance of ditto rpdp personal, Perf=0.9864, seed=44
Mean performance of ditto rpdp pooled, Perf=0.1975, seed=44
Client 0: avg epsilon = 0.1475
Client 1: avg epsilon = 2.6723
Client 2: avg epsilon = 0.5628
Client 3: avg epsilon = 2.7567
Client 4: avg epsilon = 0.1000
Client 5: avg epsilon = 0.1501
Client 6: avg epsilon = 0.6551
Client 7: avg epsilon = 0.1000
Client 8: avg epsilon = 0.1205
Client 9: avg epsilon = 0.5315
 We run FedAvg with rPDP (BoundedMixGauss-0) ...
max_epsilon :  10.0  noise_multiplier :  9.736328125
The R-Squared value of the best-fit curve : 0.999749898528281
learning rate =  0.01
sample_rate: (min) 0.03, (max) 0.04, expected_batch_size: 129
sample_rate: (min) 0.04, (max) 0.61, expected_batch_size: 1370
sample_rate: (min) 0.03, (max) 0.17, expected_batch_size: 370
sample_rate: (min) 0.03, (max) 0.77, expected_batch_size: 1314
sample_rate: (min) 0.03, (max) 0.03, expected_batch_size: 99
sample_rate: (min) 0.03, (max) 0.04, expected_batch_size: 129
sample_rate: (min) 0.03, (max) 0.22, expected_batch_size: 400
sample_rate: (min) 0.03, (max) 0.03, expected_batch_size: 98
sample_rate: (min) 0.03, (max) 0.03, expected_batch_size: 101
sample_rate: (min) 0.03, (max) 0.16, expected_batch_size: 353
initial privacy cost of all clients:  [0, 0, 0, 0, 0, 0, 0, 0, 0, 0]
Round=0
Round=1
Round=2
Round=3
Round=4
Round=5
Round=6
Round=7
Round=8
Round=9
Round=10
Round=11
Round=12
Round=13
Round=14
current privacy cost of all clients:  [0.12949311458056192, 4.500171165228081, 0.7981019908203113, 2.867614688859706, 0.09329220854604373, 0.13066890902589304, 0.813224908404701, 0.06629602355155903, 0.08496160334862189, 0.7005096248680255]
Round=14, per client global perf=[0.0, 0.898, 0.4686, 0.4913, 0.0429, 0.0, 0.437, 0.1668, 0.1318, 0.448], mean perf=6208/20016 (0.3102%)
Round=14, per client personal perf=[0.9926, 0.9873, 0.9956, 0.9837, 0.9832, 0.9955, 0.9711, 0.9866, 0.9973, 0.9917], mean perf=19785/20016 (0.9885%)
Round=14, per client personal pooled=[0.1928, 0.201, 0.2, 0.2014, 0.1987, 0.1977, 0.1935, 0.2008, 0.1918, 0.2004], mean perf=39599/200160 (0.1978%)
Mean performance of ditto rpdp global, Perf=0.3513, seed=44
Mean performance of ditto rpdp personal, Perf=0.9861, seed=44
Mean performance of ditto rpdp pooled, Perf=0.1973, seed=44
Finished seed 44
----------------------------------------
Running seed 45
/Users/shegao_t1/DP_Research/Personal_DP_Personal_FL/rpdp_fl/experiments/datasets/fed_mnist/niid_10_2way_3000shot

Client 0 label distribution:
[(5, 1996), (6, 1964)]

Client 1 label distribution:
[(7, 1995), (9, 1965)]

Client 2 label distribution:
[(0, 1983), (8, 1977)]

Client 3 label distribution:
[(2, 1954), (9, 1972)]

Client 4 label distribution:
[(2, 1973), (3, 1959)]

Client 5 label distribution:
[(4, 2007), (6, 1898)]

Client 6 label distribution:
[(4, 1761), (8, 1996)]

Client 7 label distribution:
[(0, 1989), (1, 1920)]

Client 8 label distribution:
[(1, 1984), (5, 1593)]

Client 9 label distribution:
[(3, 1988), (7, 1972)]
Client 0: avg epsilon = 0.1000
Client 1: avg epsilon = 2.8816
Client 2: avg epsilon = 0.5493
Client 3: avg epsilon = 2.5612
Client 4: avg epsilon = 0.1000
Client 5: avg epsilon = 0.1000
Client 6: avg epsilon = 0.5781
Client 7: avg epsilon = 0.1000
Client 8: avg epsilon = 0.1000
Client 9: avg epsilon = 0.5482
 We run FedAvg with rPDP (ThreeLevels-0) ...
max_epsilon :  10.0  noise_multiplier :  9.736328125
The R-Squared value of the best-fit curve : 0.999749898528281
learning rate =  0.01
sample_rate: (min) 0.03, (max) 0.03, expected_batch_size: 99
sample_rate: (min) 0.03, (max) 0.61, expected_batch_size: 1454
sample_rate: (min) 0.03, (max) 0.16, expected_batch_size: 362
sample_rate: (min) 0.03, (max) 0.61, expected_batch_size: 1245
sample_rate: (min) 0.03, (max) 0.03, expected_batch_size: 99
sample_rate: (min) 0.03, (max) 0.03, expected_batch_size: 98
sample_rate: (min) 0.03, (max) 0.16, expected_batch_size: 360
sample_rate: (min) 0.03, (max) 0.03, expected_batch_size: 98
sample_rate: (min) 0.03, (max) 0.03, expected_batch_size: 90
sample_rate: (min) 0.03, (max) 0.16, expected_batch_size: 362
initial privacy cost of all clients:  [0, 0, 0, 0, 0, 0, 0, 0, 0, 0]
Round=0
Round=1
Round=2
Round=3
Round=4
Round=5
Round=6
Round=7
Round=8
Round=9
Round=10
Round=11
Round=12
Round=13
Round=14
current privacy cost of all clients:  [0.0777036851988212, 3.554611437795162, 0.6583580204409699, 2.502378074621252, 0.0777036851988212, 0.0879752932513391, 0.7046321452486275, 0.05997229379927632, 0.08299634815037049, 0.7915678459669535]
Round=14, per client global perf=[0.0583, 0.2838, 0.5025, 0.0188, 0.078, 0.3522, 0.8383, 0.0338, 0.0672, 0.3167], mean perf=5089/20016 (0.2542%)
Round=14, per client personal perf=[0.9941, 0.9794, 0.9966, 0.9867, 0.9832, 0.9896, 0.9742, 0.9856, 0.9989, 0.9961], mean perf=19784/20016 (0.9884%)
Round=14, per client personal pooled=[0.1933, 0.199, 0.2003, 0.2018, 0.1987, 0.1967, 0.1941, 0.2006, 0.1921, 0.2012], mean perf=39589/200160 (0.1978%)
Mean performance of ditto rpdp global, Perf=0.3029, seed=45
Mean performance of ditto rpdp personal, Perf=0.9883, seed=45
Mean performance of ditto rpdp pooled, Perf=0.1979, seed=45
Client 0: avg epsilon = 0.3410
Client 1: avg epsilon = 0.7416
Client 2: avg epsilon = 0.3744
Client 3: avg epsilon = 1.0395
Client 4: avg epsilon = 0.1950
Client 5: avg epsilon = 0.3350
Client 6: avg epsilon = 0.5440
Client 7: avg epsilon = 0.1271
Client 8: avg epsilon = 0.2343
Client 9: avg epsilon = 0.3879
 We run FedAvg with rPDP (BoundedPareto-0) ...
max_epsilon :  10.0  noise_multiplier :  9.736328125
The R-Squared value of the best-fit curve : 0.999749898528281
learning rate =  0.01
sample_rate: (min) 0.05, (max) 0.07, expected_batch_size: 247
sample_rate: (min) 0.08, (max) 0.19, expected_batch_size: 478
sample_rate: (min) 0.03, (max) 0.12, expected_batch_size: 264
sample_rate: (min) 0.03, (max) 1.0, expected_batch_size: 605
sample_rate: (min) 0.04, (max) 0.04, expected_batch_size: 157
sample_rate: (min) 0.05, (max) 0.08, expected_batch_size: 240
sample_rate: (min) 0.05, (max) 0.14, expected_batch_size: 346
sample_rate: (min) 0.03, (max) 0.03, expected_batch_size: 115
sample_rate: (min) 0.03, (max) 0.06, expected_batch_size: 164
sample_rate: (min) 0.04, (max) 0.1, expected_batch_size: 274
initial privacy cost of all clients:  [0, 0, 0, 0, 0, 0, 0, 0, 0, 0]
Round=0
Round=1
Round=2
Round=3
Round=4
Round=5
Round=6
Round=7
Round=8
Round=9
Round=10
Round=11
Round=12
Round=13
Round=14
current privacy cost of all clients:  [0.2734219659311125, 0.8496329408207246, 0.45563635867345087, 4.65127671852932, 0.1505718772789174, 0.3459849381557856, 0.6088764751254605, 0.08018205509991227, 0.2593368953115138, 0.459204484938208]
Round=14, per client global perf=[0.4167, 0.3775, 0.5637, 0.0361, 0.3564, 0.6269, 0.8027, 0.4916, 0.558, 0.7015], mean perf=9831/20016 (0.4912%)
Round=14, per client personal perf=[0.9951, 0.9892, 0.9922, 0.9857, 0.9817, 0.995, 0.9721, 0.9871, 0.9984, 0.9917], mean perf=19792/20016 (0.9888%)
Round=14, per client personal pooled=[0.1934, 0.2015, 0.1991, 0.2017, 0.1985, 0.198, 0.1938, 0.2007, 0.1919, 0.2003], mean perf=39612/200160 (0.1979%)
Mean performance of ditto rpdp global, Perf=0.4883, seed=45
Mean performance of ditto rpdp personal, Perf=0.9879, seed=45
Mean performance of ditto rpdp pooled, Perf=0.1978, seed=45
Client 0: avg epsilon = 0.1484
Client 1: avg epsilon = 2.7197
Client 2: avg epsilon = 0.5657
Client 3: avg epsilon = 2.7592
Client 4: avg epsilon = 0.1000
Client 5: avg epsilon = 0.1527
Client 6: avg epsilon = 0.6800
Client 7: avg epsilon = 0.1000
Client 8: avg epsilon = 0.1209
Client 9: avg epsilon = 0.5345
 We run FedAvg with rPDP (BoundedMixGauss-0) ...
max_epsilon :  10.0  noise_multiplier :  9.736328125
The R-Squared value of the best-fit curve : 0.999749898528281
learning rate =  0.01
sample_rate: (min) 0.03, (max) 0.04, expected_batch_size: 129
sample_rate: (min) 0.05, (max) 0.61, expected_batch_size: 1394
sample_rate: (min) 0.03, (max) 0.17, expected_batch_size: 371
sample_rate: (min) 0.03, (max) 0.77, expected_batch_size: 1315
sample_rate: (min) 0.03, (max) 0.03, expected_batch_size: 99
sample_rate: (min) 0.03, (max) 0.05, expected_batch_size: 130
sample_rate: (min) 0.03, (max) 0.49, expected_batch_size: 412
sample_rate: (min) 0.03, (max) 0.03, expected_batch_size: 98
sample_rate: (min) 0.03, (max) 0.03, expected_batch_size: 101
sample_rate: (min) 0.03, (max) 0.16, expected_batch_size: 354
initial privacy cost of all clients:  [0, 0, 0, 0, 0, 0, 0, 0, 0, 0]
Round=0
Round=1
Round=2
Round=3
Round=4
Round=5
Round=6
Round=7
Round=8
Round=9
Round=10
Round=11
Round=12
Round=13
Round=14
current privacy cost of all clients:  [0.1228453738887237, 3.5500474671477065, 0.7051365371105033, 3.3324169844940013, 0.07843135584168298, 0.18829274433624257, 2.7721146962758922, 0.05997229379927632, 0.11748024103344672, 0.7907027823214281]
Round=14, per client global perf=[0.0819, 0.2348, 0.5681, 0.0059, 0.1713, 0.4232, 0.876, 0.0924, 0.0363, 0.376], mean perf=5732/20016 (0.2864%)
Round=14, per client personal perf=[0.9941, 0.9863, 0.9897, 0.9857, 0.9817, 0.993, 0.9721, 0.9856, 0.9995, 0.9936], mean perf=19778/20016 (0.9881%)
Round=14, per client personal pooled=[0.1932, 0.201, 0.1987, 0.2017, 0.1984, 0.1977, 0.1938, 0.2005, 0.1922, 0.2008], mean perf=39596/200160 (0.1978%)
Mean performance of ditto rpdp global, Perf=0.3391, seed=45
Mean performance of ditto rpdp personal, Perf=0.9884, seed=45
Mean performance of ditto rpdp pooled, Perf=0.1979, seed=45
Finished seed 45
----------------------------------------
Running seed 46
/Users/shegao_t1/DP_Research/Personal_DP_Personal_FL/rpdp_fl/experiments/datasets/fed_mnist/niid_10_2way_3000shot

Client 0 label distribution:
[(5, 1996), (6, 1964)]

Client 1 label distribution:
[(7, 1995), (9, 1965)]

Client 2 label distribution:
[(0, 1983), (8, 1977)]

Client 3 label distribution:
[(2, 1954), (9, 1972)]

Client 4 label distribution:
[(2, 1973), (3, 1959)]

Client 5 label distribution:
[(4, 2007), (6, 1898)]

Client 6 label distribution:
[(4, 1761), (8, 1996)]

Client 7 label distribution:
[(0, 1989), (1, 1920)]

Client 8 label distribution:
[(1, 1984), (5, 1593)]

Client 9 label distribution:
[(3, 1988), (7, 1972)]
Client 0: avg epsilon = 0.1000
Client 1: avg epsilon = 2.8816
Client 2: avg epsilon = 0.5493
Client 3: avg epsilon = 2.5612
Client 4: avg epsilon = 0.1000
Client 5: avg epsilon = 0.1000
Client 6: avg epsilon = 0.5781
Client 7: avg epsilon = 0.1000
Client 8: avg epsilon = 0.1000
Client 9: avg epsilon = 0.5482
 We run FedAvg with rPDP (ThreeLevels-0) ...
max_epsilon :  10.0  noise_multiplier :  9.736328125
The R-Squared value of the best-fit curve : 0.999749898528281
learning rate =  0.01
sample_rate: (min) 0.03, (max) 0.03, expected_batch_size: 99
sample_rate: (min) 0.03, (max) 0.61, expected_batch_size: 1454
sample_rate: (min) 0.03, (max) 0.16, expected_batch_size: 362
sample_rate: (min) 0.03, (max) 0.61, expected_batch_size: 1245
sample_rate: (min) 0.03, (max) 0.03, expected_batch_size: 99
sample_rate: (min) 0.03, (max) 0.03, expected_batch_size: 98
sample_rate: (min) 0.03, (max) 0.16, expected_batch_size: 360
sample_rate: (min) 0.03, (max) 0.03, expected_batch_size: 98
sample_rate: (min) 0.03, (max) 0.03, expected_batch_size: 90
sample_rate: (min) 0.03, (max) 0.16, expected_batch_size: 362
initial privacy cost of all clients:  [0, 0, 0, 0, 0, 0, 0, 0, 0, 0]
Round=0
Round=1
Round=2
Round=3
Round=4
Round=5
Round=6
Round=7
Round=8
Round=9
Round=10
Round=11
Round=12
Round=13
Round=14
current privacy cost of all clients:  [0.07214729257008984, 3.8048372549984366, 0.6583580204409699, 3.554611437795162, 0.07214729257008984, 0.0777036851988212, 0.7046321452486275, 0.09280122601357536, 0.0879752932513391, 0.7046321452486275]
Round=14, per client global perf=[0.0, 0.8583, 0.5618, 0.5141, 0.039, 0.0, 0.1059, 0.434, 0.0011, 0.3588], mean perf=5829/20016 (0.2912%)
Round=14, per client personal perf=[0.9946, 0.9882, 0.9985, 0.9871, 0.9842, 0.9945, 0.9737, 0.9881, 0.9989, 0.9951], mean perf=19822/20016 (0.9903%)
Round=14, per client personal pooled=[0.1933, 0.2015, 0.2004, 0.202, 0.1991, 0.1977, 0.1941, 0.2009, 0.1919, 0.2011], mean perf=39677/200160 (0.1982%)
Mean performance of ditto rpdp global, Perf=0.3198, seed=46
Mean performance of ditto rpdp personal, Perf=0.9895, seed=46
Mean performance of ditto rpdp pooled, Perf=0.1981, seed=46
Client 0: avg epsilon = 0.3385
Client 1: avg epsilon = 0.7382
Client 2: avg epsilon = 0.3693
Client 3: avg epsilon = 1.0464
Client 4: avg epsilon = 0.1947
Client 5: avg epsilon = 0.3306
Client 6: avg epsilon = 0.5397
Client 7: avg epsilon = 0.1277
Client 8: avg epsilon = 0.2337
Client 9: avg epsilon = 0.3826
 We run FedAvg with rPDP (BoundedPareto-0) ...
max_epsilon :  10.0  noise_multiplier :  9.736328125
The R-Squared value of the best-fit curve : 0.999749898528281
learning rate =  0.01
sample_rate: (min) 0.05, (max) 0.07, expected_batch_size: 245
sample_rate: (min) 0.08, (max) 0.19, expected_batch_size: 476
sample_rate: (min) 0.03, (max) 0.11, expected_batch_size: 261
sample_rate: (min) 0.03, (max) 1.0, expected_batch_size: 609
sample_rate: (min) 0.04, (max) 0.04, expected_batch_size: 157
sample_rate: (min) 0.05, (max) 0.08, expected_batch_size: 237
sample_rate: (min) 0.05, (max) 0.14, expected_batch_size: 344
sample_rate: (min) 0.03, (max) 0.03, expected_batch_size: 115
sample_rate: (min) 0.03, (max) 0.06, expected_batch_size: 164
sample_rate: (min) 0.04, (max) 0.1, expected_batch_size: 271
initial privacy cost of all clients:  [0, 0, 0, 0, 0, 0, 0, 0, 0, 0]
Round=0
Round=1
Round=2
Round=3
Round=4
Round=5
Round=6
Round=7
Round=8
Round=9
Round=10
Round=11
Round=12
Round=13
Round=14
current privacy cost of all clients:  [0.25079682047850677, 0.9122037251308232, 0.44996267231344056, 6.803447050009791, 0.13958018947250211, 0.3027474917788089, 0.6097937903188453, 0.12351557766073824, 0.27143209625635345, 0.4019992928862715]
Round=14, per client global perf=[0.0132, 0.7784, 0.8176, 0.6851, 0.3065, 0.0025, 0.3724, 0.4404, 0.0108, 0.3681], mean perf=7674/20016 (0.3834%)
Round=14, per client personal perf=[0.9941, 0.9922, 0.998, 0.9852, 0.9753, 0.9945, 0.9737, 0.9866, 0.9978, 0.9971], mean perf=19805/20016 (0.9895%)
Round=14, per client personal pooled=[0.1932, 0.2022, 0.2005, 0.2018, 0.1973, 0.1975, 0.1944, 0.2007, 0.192, 0.2014], mean perf=39655/200160 (0.1981%)
Mean performance of ditto rpdp global, Perf=0.3502, seed=46
Mean performance of ditto rpdp personal, Perf=0.9892, seed=46
Mean performance of ditto rpdp pooled, Perf=0.1980, seed=46
Client 0: avg epsilon = 0.1470
Client 1: avg epsilon = 2.5523
Client 2: avg epsilon = 0.5617
Client 3: avg epsilon = 2.7595
Client 4: avg epsilon = 0.1000
Client 5: avg epsilon = 0.1492
Client 6: avg epsilon = 0.6493
Client 7: avg epsilon = 0.1000
Client 8: avg epsilon = 0.1202
Client 9: avg epsilon = 0.5299
 We run FedAvg with rPDP (BoundedMixGauss-0) ...
max_epsilon :  10.0  noise_multiplier :  9.736328125
The R-Squared value of the best-fit curve : 0.999749898528281
learning rate =  0.01
sample_rate: (min) 0.03, (max) 0.04, expected_batch_size: 128
sample_rate: (min) 0.04, (max) 0.6, expected_batch_size: 1316
sample_rate: (min) 0.03, (max) 0.17, expected_batch_size: 369
sample_rate: (min) 0.03, (max) 0.75, expected_batch_size: 1315
sample_rate: (min) 0.03, (max) 0.03, expected_batch_size: 99
sample_rate: (min) 0.03, (max) 0.04, expected_batch_size: 128
sample_rate: (min) 0.03, (max) 0.19, expected_batch_size: 397
sample_rate: (min) 0.03, (max) 0.03, expected_batch_size: 98
sample_rate: (min) 0.03, (max) 0.03, expected_batch_size: 101
sample_rate: (min) 0.03, (max) 0.16, expected_batch_size: 352
initial privacy cost of all clients:  [0, 0, 0, 0, 0, 0, 0, 0, 0, 0]
Round=0
Round=1
Round=2
Round=3
Round=4
Round=5
Round=6
Round=7
Round=8
Round=9
Round=10
Round=11
Round=12
Round=13
Round=14
current privacy cost of all clients:  [0.11255629253084441, 3.7840682892999693, 0.6984894096524226, 4.699892211236226, 0.07217052326793813, 0.15008424402015133, 0.8663651952270777, 0.09280122601357536, 0.12357141377301965, 0.6997669219387922]
Round=14, per client global perf=[0.0, 0.8588, 0.6657, 0.5843, 0.1278, 0.0, 0.2221, 0.433, 0.0011, 0.3799], mean perf=6630/20016 (0.3312%)
Round=14, per client personal perf=[0.9951, 0.9887, 0.9985, 0.9862, 0.9783, 0.9901, 0.9731, 0.9871, 0.9984, 0.9951], mean perf=19797/20016 (0.9891%)
Round=14, per client personal pooled=[0.1934, 0.2015, 0.2007, 0.2022, 0.1981, 0.197, 0.194, 0.2008, 0.1919, 0.201], mean perf=39647/200160 (0.1981%)
Mean performance of ditto rpdp global, Perf=0.3395, seed=46
Mean performance of ditto rpdp personal, Perf=0.9879, seed=46
Mean performance of ditto rpdp pooled, Perf=0.1979, seed=46
Finished seed 46
----------------------------------------
=== Running reg_param=0.01, num_steps=15 ===
Running seed 42
/Users/shegao_t1/DP_Research/Personal_DP_Personal_FL/rpdp_fl/experiments/datasets/fed_mnist/niid_10_2way_3000shot

Client 0 label distribution:
[(5, 1996), (6, 1964)]

Client 1 label distribution:
[(7, 1995), (9, 1965)]

Client 2 label distribution:
[(0, 1983), (8, 1977)]

Client 3 label distribution:
[(2, 1954), (9, 1972)]

Client 4 label distribution:
[(2, 1973), (3, 1959)]

Client 5 label distribution:
[(4, 2007), (6, 1898)]

Client 6 label distribution:
[(4, 1761), (8, 1996)]

Client 7 label distribution:
[(0, 1989), (1, 1920)]

Client 8 label distribution:
[(1, 1984), (5, 1593)]

Client 9 label distribution:
[(3, 1988), (7, 1972)]
Client 0: avg epsilon = 0.1000
Client 1: avg epsilon = 2.8816
Client 2: avg epsilon = 0.5493
Client 3: avg epsilon = 2.5612
Client 4: avg epsilon = 0.1000
Client 5: avg epsilon = 0.1000
Client 6: avg epsilon = 0.5781
Client 7: avg epsilon = 0.1000
Client 8: avg epsilon = 0.1000
Client 9: avg epsilon = 0.5482
 We run FedAvg with rPDP (ThreeLevels-0) ...
max_epsilon :  10.0  noise_multiplier :  9.736328125
The R-Squared value of the best-fit curve : 0.999749898528281
learning rate =  0.01
sample_rate: (min) 0.03, (max) 0.03, expected_batch_size: 99
sample_rate: (min) 0.03, (max) 0.61, expected_batch_size: 1454
sample_rate: (min) 0.03, (max) 0.16, expected_batch_size: 362
sample_rate: (min) 0.03, (max) 0.61, expected_batch_size: 1245
sample_rate: (min) 0.03, (max) 0.03, expected_batch_size: 99
sample_rate: (min) 0.03, (max) 0.03, expected_batch_size: 98
sample_rate: (min) 0.03, (max) 0.16, expected_batch_size: 360
sample_rate: (min) 0.03, (max) 0.03, expected_batch_size: 98
sample_rate: (min) 0.03, (max) 0.03, expected_batch_size: 90
sample_rate: (min) 0.03, (max) 0.16, expected_batch_size: 362
initial privacy cost of all clients:  [0, 0, 0, 0, 0, 0, 0, 0, 0, 0]
Round=0
Round=1
Round=2
Round=3
Round=4
Round=5
Round=6
Round=7
Round=8
Round=9
Round=10
Round=11
Round=12
Round=13
Round=14
current privacy cost of all clients:  [0.0777036851988212, 3.554611437795162, 0.5558558712260362, 3.3043856205918876, 0.08299634815037049, 0.0777036851988212, 0.7482516858029494, 0.0879752932513391, 0.09280122601357536, 0.6093162705378211]
Round=14, per client global perf=[0.549, 0.4657, 0.0377, 0.0104, 0.3643, 0.4014, 0.0692, 0.3987, 0.6209, 0.8417], mean perf=7513/20016 (0.3753%)
Round=14, per client personal perf=[0.9922, 0.9877, 0.999, 0.9837, 0.9733, 0.9921, 0.97, 0.9866, 0.9978, 0.9946], mean perf=19770/20016 (0.9877%)
Round=14, per client personal pooled=[0.1928, 0.2007, 0.2006, 0.2012, 0.1964, 0.1974, 0.1934, 0.2007, 0.192, 0.2009], mean perf=39558/200160 (0.1976%)
Mean performance of ditto rpdp global, Perf=0.3445, seed=42
Mean performance of ditto rpdp personal, Perf=0.9853, seed=42
Mean performance of ditto rpdp pooled, Perf=0.1973, seed=42
Client 0: avg epsilon = 0.3394
Client 1: avg epsilon = 0.7403
Client 2: avg epsilon = 0.3718
Client 3: avg epsilon = 1.0341
Client 4: avg epsilon = 0.1952
Client 5: avg epsilon = 0.3320
Client 6: avg epsilon = 0.5426
Client 7: avg epsilon = 0.1272
Client 8: avg epsilon = 0.2339
Client 9: avg epsilon = 0.3847
 We run FedAvg with rPDP (BoundedPareto-0) ...
max_epsilon :  10.0  noise_multiplier :  9.736328125
The R-Squared value of the best-fit curve : 0.999749898528281
learning rate =  0.01
sample_rate: (min) 0.05, (max) 0.07, expected_batch_size: 246
sample_rate: (min) 0.08, (max) 0.19, expected_batch_size: 478
sample_rate: (min) 0.03, (max) 0.12, expected_batch_size: 262
sample_rate: (min) 0.03, (max) 0.98, expected_batch_size: 604
sample_rate: (min) 0.04, (max) 0.04, expected_batch_size: 157
sample_rate: (min) 0.05, (max) 0.08, expected_batch_size: 238
sample_rate: (min) 0.05, (max) 0.14, expected_batch_size: 345
sample_rate: (min) 0.03, (max) 0.03, expected_batch_size: 115
sample_rate: (min) 0.03, (max) 0.06, expected_batch_size: 164
sample_rate: (min) 0.04, (max) 0.1, expected_batch_size: 272
initial privacy cost of all clients:  [0, 0, 0, 0, 0, 0, 0, 0, 0, 0]
Round=0
Round=1
Round=2
Round=3
Round=4
Round=5
Round=6
Round=7
Round=8
Round=9
Round=10
Round=11
Round=12
Round=13
Round=14
current privacy cost of all clients:  [0.2708323864883786, 0.8540737692761711, 0.38128025560790973, 6.0748074655109106, 0.16019017623493748, 0.3040402155953894, 0.6468345354434932, 0.11696328180044625, 0.2864418954362965, 0.349925282462024]
Round=14, per client global perf=[0.3721, 0.4333, 0.0471, 0.2002, 0.4847, 0.7124, 0.4571, 0.4106, 0.5385, 0.6912], mean perf=8675/20016 (0.4334%)
Round=14, per client personal perf=[0.9892, 0.9853, 0.9975, 0.9511, 0.9842, 0.993, 0.9706, 0.9841, 0.9978, 0.9922], mean perf=19705/20016 (0.9845%)
Round=14, per client personal pooled=[0.1924, 0.2014, 0.2005, 0.1949, 0.1991, 0.1978, 0.1938, 0.2002, 0.1921, 0.2001], mean perf=39480/200160 (0.1972%)
Mean performance of ditto rpdp global, Perf=0.3837, seed=42
Mean performance of ditto rpdp personal, Perf=0.9858, seed=42
Mean performance of ditto rpdp pooled, Perf=0.1975, seed=42
Client 0: avg epsilon = 0.1475
Client 1: avg epsilon = 2.5575
Client 2: avg epsilon = 0.5619
Client 3: avg epsilon = 2.7494
Client 4: avg epsilon = 0.1000
Client 5: avg epsilon = 0.1501
Client 6: avg epsilon = 0.6492
Client 7: avg epsilon = 0.1000
Client 8: avg epsilon = 0.1205
Client 9: avg epsilon = 0.5308
 We run FedAvg with rPDP (BoundedMixGauss-0) ...
max_epsilon :  10.0  noise_multiplier :  9.736328125
The R-Squared value of the best-fit curve : 0.999749898528281
learning rate =  0.01
sample_rate: (min) 0.03, (max) 0.04, expected_batch_size: 129
sample_rate: (min) 0.04, (max) 0.6, expected_batch_size: 1319
sample_rate: (min) 0.03, (max) 0.17, expected_batch_size: 369
sample_rate: (min) 0.03, (max) 0.79, expected_batch_size: 1311
sample_rate: (min) 0.03, (max) 0.03, expected_batch_size: 99
sample_rate: (min) 0.03, (max) 0.04, expected_batch_size: 129
sample_rate: (min) 0.03, (max) 0.19, expected_batch_size: 397
sample_rate: (min) 0.03, (max) 0.03, expected_batch_size: 98
sample_rate: (min) 0.03, (max) 0.03, expected_batch_size: 101
sample_rate: (min) 0.03, (max) 0.16, expected_batch_size: 352
initial privacy cost of all clients:  [0, 0, 0, 0, 0, 0, 0, 0, 0, 0]
Round=0
Round=1
Round=2
Round=3
Round=4
Round=5
Round=6
Round=7
Round=8
Round=9
Round=10
Round=11
Round=12
Round=13
Round=14
current privacy cost of all clients:  [0.12172556056862104, 3.5303696928939345, 0.5909771225250234, 4.677926050365698, 0.08352205379363559, 0.15029524279357093, 0.9137356376429576, 0.0879752932513391, 0.13049532099934139, 0.6050251440761018]
Round=14, per client global perf=[0.3461, 0.4152, 0.1534, 0.0089, 0.0538, 0.228, 0.3233, 0.2329, 0.5255, 0.4681], mean perf=5471/20016 (0.2733%)
Round=14, per client personal perf=[0.9897, 0.9877, 0.9961, 0.9857, 0.9704, 0.9906, 0.9649, 0.9871, 0.9924, 0.9936], mean perf=19733/20016 (0.9859%)
Round=14, per client personal pooled=[0.1922, 0.2016, 0.2001, 0.2018, 0.1963, 0.197, 0.1918, 0.2008, 0.1909, 0.2009], mean perf=39505/200160 (0.1974%)
Mean performance of ditto rpdp global, Perf=0.2947, seed=42
Mean performance of ditto rpdp personal, Perf=0.9871, seed=42
Mean performance of ditto rpdp pooled, Perf=0.1976, seed=42
Finished seed 42
----------------------------------------
Running seed 43
/Users/shegao_t1/DP_Research/Personal_DP_Personal_FL/rpdp_fl/experiments/datasets/fed_mnist/niid_10_2way_3000shot

Client 0 label distribution:
[(5, 1996), (6, 1964)]

Client 1 label distribution:
[(7, 1995), (9, 1965)]

Client 2 label distribution:
[(0, 1983), (8, 1977)]

Client 3 label distribution:
[(2, 1954), (9, 1972)]

Client 4 label distribution:
[(2, 1973), (3, 1959)]

Client 5 label distribution:
[(4, 2007), (6, 1898)]

Client 6 label distribution:
[(4, 1761), (8, 1996)]

Client 7 label distribution:
[(0, 1989), (1, 1920)]

Client 8 label distribution:
[(1, 1984), (5, 1593)]

Client 9 label distribution:
[(3, 1988), (7, 1972)]
Client 0: avg epsilon = 0.1000
Client 1: avg epsilon = 2.8816
Client 2: avg epsilon = 0.5493
Client 3: avg epsilon = 2.5612
Client 4: avg epsilon = 0.1000
Client 5: avg epsilon = 0.1000
Client 6: avg epsilon = 0.5781
Client 7: avg epsilon = 0.1000
Client 8: avg epsilon = 0.1000
Client 9: avg epsilon = 0.5482
 We run FedAvg with rPDP (ThreeLevels-0) ...
max_epsilon :  10.0  noise_multiplier :  9.736328125
The R-Squared value of the best-fit curve : 0.999749898528281
learning rate =  0.01
sample_rate: (min) 0.03, (max) 0.03, expected_batch_size: 99
sample_rate: (min) 0.03, (max) 0.61, expected_batch_size: 1454
sample_rate: (min) 0.03, (max) 0.16, expected_batch_size: 362
sample_rate: (min) 0.03, (max) 0.61, expected_batch_size: 1245
sample_rate: (min) 0.03, (max) 0.03, expected_batch_size: 99
sample_rate: (min) 0.03, (max) 0.03, expected_batch_size: 98
sample_rate: (min) 0.03, (max) 0.16, expected_batch_size: 360
sample_rate: (min) 0.03, (max) 0.03, expected_batch_size: 98
sample_rate: (min) 0.03, (max) 0.03, expected_batch_size: 90
sample_rate: (min) 0.03, (max) 0.16, expected_batch_size: 362
initial privacy cost of all clients:  [0, 0, 0, 0, 0, 0, 0, 0, 0, 0]
Round=0
Round=1
Round=2
Round=3
Round=4
Round=5
Round=6
Round=7
Round=8
Round=9
Round=10
Round=11
Round=12
Round=13
Round=14
current privacy cost of all clients:  [0.08299634815037049, 3.554611437795162, 0.6583580204409699, 3.8048372549984366, 0.05997229379927632, 0.0777036851988212, 0.6093162705378211, 0.04533992744859791, 0.06629602355155903, 0.7915678459669535]
Round=14, per client global perf=[0.3191, 0.9196, 0.427, 0.4988, 0.0188, 0.3274, 0.0, 0.5382, 0.1372, 0.4382], mean perf=7335/20016 (0.3665%)
Round=14, per client personal perf=[0.9922, 0.9897, 0.9956, 0.9817, 0.9694, 0.9925, 0.9649, 0.9846, 0.9984, 0.9926], mean perf=19739/20016 (0.9862%)
Round=14, per client personal pooled=[0.193, 0.2019, 0.2001, 0.2008, 0.1963, 0.198, 0.1925, 0.2004, 0.1917, 0.2006], mean perf=39542/200160 (0.1976%)
Mean performance of ditto rpdp global, Perf=0.2923, seed=43
Mean performance of ditto rpdp personal, Perf=0.9861, seed=43
Mean performance of ditto rpdp pooled, Perf=0.1975, seed=43
Client 0: avg epsilon = 0.3422
Client 1: avg epsilon = 0.7440
Client 2: avg epsilon = 0.3733
Client 3: avg epsilon = 1.0550
Client 4: avg epsilon = 0.1984
Client 5: avg epsilon = 0.3346
Client 6: avg epsilon = 0.5446
Client 7: avg epsilon = 0.1280
Client 8: avg epsilon = 0.2357
Client 9: avg epsilon = 0.3885
 We run FedAvg with rPDP (BoundedPareto-0) ...
max_epsilon :  10.0  noise_multiplier :  9.736328125
The R-Squared value of the best-fit curve : 0.999749898528281
learning rate =  0.01
sample_rate: (min) 0.06, (max) 0.07, expected_batch_size: 247
sample_rate: (min) 0.08, (max) 0.19, expected_batch_size: 480
sample_rate: (min) 0.03, (max) 0.12, expected_batch_size: 263
sample_rate: (min) 0.03, (max) 1.0, expected_batch_size: 613
sample_rate: (min) 0.04, (max) 0.04, expected_batch_size: 159
sample_rate: (min) 0.05, (max) 0.08, expected_batch_size: 239
sample_rate: (min) 0.05, (max) 0.14, expected_batch_size: 346
sample_rate: (min) 0.03, (max) 0.03, expected_batch_size: 115
sample_rate: (min) 0.03, (max) 0.06, expected_batch_size: 165
sample_rate: (min) 0.04, (max) 0.1, expected_batch_size: 274
initial privacy cost of all clients:  [0, 0, 0, 0, 0, 0, 0, 0, 0, 0]
Round=0
Round=1
Round=2
Round=3
Round=4
Round=5
Round=6
Round=7
Round=8
Round=9
Round=10
Round=11
Round=12
Round=13
Round=14
current privacy cost of all clients:  [0.2897700369095664, 0.8554656094904252, 0.4542599881316137, 7.341489632879909, 0.11916502206487452, 0.30613051230988353, 0.529486572881692, 0.061547506010356044, 0.210318774210376, 0.4587832950902705]
Round=14, per client global perf=[0.4789, 0.8181, 0.4593, 0.4464, 0.0183, 0.4824, 0.0026, 0.4722, 0.0103, 0.3863], mean perf=7257/20016 (0.3626%)
Round=14, per client personal perf=[0.9809, 0.9902, 0.9971, 0.9867, 0.9768, 0.9925, 0.9675, 0.9856, 0.9978, 0.9892], mean perf=19744/20016 (0.9864%)
Round=14, per client personal pooled=[0.1912, 0.2017, 0.2003, 0.2024, 0.1977, 0.1976, 0.1927, 0.2006, 0.192, 0.1999], mean perf=39561/200160 (0.1976%)
Mean performance of ditto rpdp global, Perf=0.3267, seed=43
Mean performance of ditto rpdp personal, Perf=0.9853, seed=43
Mean performance of ditto rpdp pooled, Perf=0.1973, seed=43
Client 0: avg epsilon = 0.1488
Client 1: avg epsilon = 2.7091
Client 2: avg epsilon = 0.5659
Client 3: avg epsilon = 2.7560
Client 4: avg epsilon = 0.1000
Client 5: avg epsilon = 0.1535
Client 6: avg epsilon = 0.6579
Client 7: avg epsilon = 0.1000
Client 8: avg epsilon = 0.1210
Client 9: avg epsilon = 0.5351
 We run FedAvg with rPDP (BoundedMixGauss-0) ...
max_epsilon :  10.0  noise_multiplier :  9.736328125
The R-Squared value of the best-fit curve : 0.999749898528281
learning rate =  0.01
sample_rate: (min) 0.03, (max) 0.04, expected_batch_size: 130
sample_rate: (min) 0.05, (max) 0.6, expected_batch_size: 1391
sample_rate: (min) 0.03, (max) 0.17, expected_batch_size: 371
sample_rate: (min) 0.03, (max) 0.75, expected_batch_size: 1314
sample_rate: (min) 0.03, (max) 0.03, expected_batch_size: 99
sample_rate: (min) 0.03, (max) 0.05, expected_batch_size: 131
sample_rate: (min) 0.03, (max) 0.2, expected_batch_size: 402
sample_rate: (min) 0.03, (max) 0.03, expected_batch_size: 98
sample_rate: (min) 0.03, (max) 0.03, expected_batch_size: 101
sample_rate: (min) 0.03, (max) 0.16, expected_batch_size: 354
initial privacy cost of all clients:  [0, 0, 0, 0, 0, 0, 0, 0, 0, 0]
Round=0
Round=1
Round=2
Round=3
Round=4
Round=5
Round=6
Round=7
Round=8
Round=9
Round=10
Round=11
Round=12
Round=13
Round=14
current privacy cost of all clients:  [0.13107709906834628, 3.54017094327906, 0.7044507055018924, 4.965375462186012, 0.060483653964017496, 0.17107574497199254, 0.8273215395363687, 0.04533992744859791, 0.09443738242059632, 0.7918575912032448]
Round=14, per client global perf=[0.45, 0.924, 0.4275, 0.5195, 0.0217, 0.457, 0.0, 0.497, 0.0841, 0.4373], mean perf=7738/20016 (0.3866%)
Round=14, per client personal perf=[0.9926, 0.9902, 0.9951, 0.9857, 0.9798, 0.993, 0.9695, 0.9836, 0.9935, 0.9951], mean perf=19773/20016 (0.9879%)
Round=14, per client personal pooled=[0.1928, 0.2017, 0.2, 0.2018, 0.1977, 0.1977, 0.1932, 0.2004, 0.1911, 0.2011], mean perf=39586/200160 (0.1978%)
Mean performance of ditto rpdp global, Perf=0.3173, seed=43
Mean performance of ditto rpdp personal, Perf=0.9872, seed=43
Mean performance of ditto rpdp pooled, Perf=0.1976, seed=43
Finished seed 43
----------------------------------------
Running seed 44
/Users/shegao_t1/DP_Research/Personal_DP_Personal_FL/rpdp_fl/experiments/datasets/fed_mnist/niid_10_2way_3000shot

Client 0 label distribution:
[(5, 1996), (6, 1964)]

Client 1 label distribution:
[(7, 1995), (9, 1965)]

Client 2 label distribution:
[(0, 1983), (8, 1977)]

Client 3 label distribution:
[(2, 1954), (9, 1972)]

Client 4 label distribution:
[(2, 1973), (3, 1959)]

Client 5 label distribution:
[(4, 2007), (6, 1898)]

Client 6 label distribution:
[(4, 1761), (8, 1996)]

Client 7 label distribution:
[(0, 1989), (1, 1920)]

Client 8 label distribution:
[(1, 1984), (5, 1593)]

Client 9 label distribution:
[(3, 1988), (7, 1972)]
Client 0: avg epsilon = 0.1000
Client 1: avg epsilon = 2.8816
Client 2: avg epsilon = 0.5493
Client 3: avg epsilon = 2.5612
Client 4: avg epsilon = 0.1000
Client 5: avg epsilon = 0.1000
Client 6: avg epsilon = 0.5781
Client 7: avg epsilon = 0.1000
Client 8: avg epsilon = 0.1000
Client 9: avg epsilon = 0.5482
 We run FedAvg with rPDP (ThreeLevels-0) ...
max_epsilon :  10.0  noise_multiplier :  9.736328125
The R-Squared value of the best-fit curve : 0.999749898528281
learning rate =  0.01
sample_rate: (min) 0.03, (max) 0.03, expected_batch_size: 99
sample_rate: (min) 0.03, (max) 0.61, expected_batch_size: 1454
sample_rate: (min) 0.03, (max) 0.16, expected_batch_size: 362
sample_rate: (min) 0.03, (max) 0.61, expected_batch_size: 1245
sample_rate: (min) 0.03, (max) 0.03, expected_batch_size: 99
sample_rate: (min) 0.03, (max) 0.03, expected_batch_size: 98
sample_rate: (min) 0.03, (max) 0.16, expected_batch_size: 360
sample_rate: (min) 0.03, (max) 0.03, expected_batch_size: 98
sample_rate: (min) 0.03, (max) 0.03, expected_batch_size: 90
sample_rate: (min) 0.03, (max) 0.16, expected_batch_size: 362
initial privacy cost of all clients:  [0, 0, 0, 0, 0, 0, 0, 0, 0, 0]
Round=0
Round=1
Round=2
Round=3
Round=4
Round=5
Round=6
Round=7
Round=8
Round=9
Round=10
Round=11
Round=12
Round=13
Round=14
current privacy cost of all clients:  [0.08299634815037049, 4.510367153745826, 0.7482516858029494, 2.1521425035466386, 0.09280122601357536, 0.06629602355155903, 0.5558558712260362, 0.06629602355155903, 0.05997229379927632, 0.7046321452486275]
Round=14, per client global perf=[0.0, 0.9275, 0.4363, 0.476, 0.0326, 0.0, 0.4272, 0.0228, 0.0201, 0.4662], mean perf=5672/20016 (0.2834%)
Round=14, per client personal perf=[0.9941, 0.9887, 0.9961, 0.9689, 0.9763, 0.993, 0.9711, 0.9861, 0.9913, 0.9941], mean perf=19736/20016 (0.9860%)
Round=14, per client personal pooled=[0.193, 0.2016, 0.2002, 0.1981, 0.1971, 0.1975, 0.1937, 0.2002, 0.1905, 0.2009], mean perf=39493/200160 (0.1973%)
Mean performance of ditto rpdp global, Perf=0.3443, seed=44
Mean performance of ditto rpdp personal, Perf=0.9850, seed=44
Mean performance of ditto rpdp pooled, Perf=0.1971, seed=44
Client 0: avg epsilon = 0.3392
Client 1: avg epsilon = 0.7494
Client 2: avg epsilon = 0.3757
Client 3: avg epsilon = 1.0420
Client 4: avg epsilon = 0.1945
Client 5: avg epsilon = 0.3332
Client 6: avg epsilon = 0.5452
Client 7: avg epsilon = 0.1271
Client 8: avg epsilon = 0.2330
Client 9: avg epsilon = 0.3875
 We run FedAvg with rPDP (BoundedPareto-0) ...
max_epsilon :  10.0  noise_multiplier :  9.736328125
The R-Squared value of the best-fit curve : 0.999749898528281
learning rate =  0.01
sample_rate: (min) 0.05, (max) 0.07, expected_batch_size: 246
sample_rate: (min) 0.08, (max) 0.19, expected_batch_size: 483
sample_rate: (min) 0.03, (max) 0.12, expected_batch_size: 265
sample_rate: (min) 0.03, (max) 1.0, expected_batch_size: 608
sample_rate: (min) 0.04, (max) 0.04, expected_batch_size: 157
sample_rate: (min) 0.05, (max) 0.08, expected_batch_size: 238
sample_rate: (min) 0.05, (max) 0.14, expected_batch_size: 347
sample_rate: (min) 0.03, (max) 0.03, expected_batch_size: 115
sample_rate: (min) 0.03, (max) 0.06, expected_batch_size: 163
sample_rate: (min) 0.04, (max) 0.1, expected_batch_size: 274
initial privacy cost of all clients:  [0, 0, 0, 0, 0, 0, 0, 0, 0, 0]
Round=0
Round=1
Round=2
Round=3
Round=4
Round=5
Round=6
Round=7
Round=8
Round=9
Round=10
Round=11
Round=12
Round=13
Round=14
current privacy cost of all clients:  [0.2893732544554233, 1.0695406285632225, 0.5195432324157971, 4.065705449544012, 0.17813101208369886, 0.2639126927938433, 0.48631807442847724, 0.08846754820483427, 0.1892981066982835, 0.40888933507194186]
Round=14, per client global perf=[0.0083, 0.5799, 0.4373, 0.1186, 0.1876, 0.0467, 0.4478, 0.0283, 0.0, 0.652], mean perf=5060/20016 (0.2528%)
Round=14, per client personal perf=[0.9936, 0.9868, 0.9936, 0.9481, 0.9699, 0.996, 0.968, 0.9866, 0.9967, 0.9897], mean perf=19673/20016 (0.9829%)
Round=14, per client personal pooled=[0.1931, 0.2017, 0.1992, 0.1946, 0.196, 0.1979, 0.1926, 0.2005, 0.1916, 0.2], mean perf=39380/200160 (0.1967%)
Mean performance of ditto rpdp global, Perf=0.3625, seed=44
Mean performance of ditto rpdp personal, Perf=0.9832, seed=44
Mean performance of ditto rpdp pooled, Perf=0.1968, seed=44
Client 0: avg epsilon = 0.1475
Client 1: avg epsilon = 2.6723
Client 2: avg epsilon = 0.5628
Client 3: avg epsilon = 2.7567
Client 4: avg epsilon = 0.1000
Client 5: avg epsilon = 0.1501
Client 6: avg epsilon = 0.6551
Client 7: avg epsilon = 0.1000
Client 8: avg epsilon = 0.1205
Client 9: avg epsilon = 0.5315
 We run FedAvg with rPDP (BoundedMixGauss-0) ...
max_epsilon :  10.0  noise_multiplier :  9.736328125
The R-Squared value of the best-fit curve : 0.999749898528281
learning rate =  0.01
sample_rate: (min) 0.03, (max) 0.04, expected_batch_size: 129
sample_rate: (min) 0.04, (max) 0.61, expected_batch_size: 1370
sample_rate: (min) 0.03, (max) 0.17, expected_batch_size: 370
sample_rate: (min) 0.03, (max) 0.77, expected_batch_size: 1314
sample_rate: (min) 0.03, (max) 0.03, expected_batch_size: 99
sample_rate: (min) 0.03, (max) 0.04, expected_batch_size: 129
sample_rate: (min) 0.03, (max) 0.22, expected_batch_size: 400
sample_rate: (min) 0.03, (max) 0.03, expected_batch_size: 98
sample_rate: (min) 0.03, (max) 0.03, expected_batch_size: 101
sample_rate: (min) 0.03, (max) 0.16, expected_batch_size: 353
initial privacy cost of all clients:  [0, 0, 0, 0, 0, 0, 0, 0, 0, 0]
Round=0
Round=1
Round=2
Round=3
Round=4
Round=5
Round=6
Round=7
Round=8
Round=9
Round=10
Round=11
Round=12
Round=13
Round=14
current privacy cost of all clients:  [0.12949311458056192, 4.500171165228081, 0.7981019908203113, 2.867614688859706, 0.09329220854604373, 0.13066890902589304, 0.813224908404701, 0.06629602355155903, 0.08496160334862189, 0.7005096248680255]
Round=14, per client global perf=[0.0, 0.898, 0.4686, 0.4913, 0.0429, 0.0, 0.437, 0.1668, 0.1318, 0.448], mean perf=6208/20016 (0.3102%)
Round=14, per client personal perf=[0.9926, 0.9902, 0.998, 0.9763, 0.9477, 0.9886, 0.9706, 0.9871, 0.9946, 0.9755], mean perf=19657/20016 (0.9821%)
Round=14, per client personal pooled=[0.1929, 0.2019, 0.2006, 0.2, 0.1917, 0.197, 0.1934, 0.2008, 0.1912, 0.196], mean perf=39343/200160 (0.1966%)
Mean performance of ditto rpdp global, Perf=0.3513, seed=44
Mean performance of ditto rpdp personal, Perf=0.9821, seed=44
Mean performance of ditto rpdp pooled, Perf=0.1967, seed=44
Finished seed 44
----------------------------------------
Running seed 45
/Users/shegao_t1/DP_Research/Personal_DP_Personal_FL/rpdp_fl/experiments/datasets/fed_mnist/niid_10_2way_3000shot

Client 0 label distribution:
[(5, 1996), (6, 1964)]

Client 1 label distribution:
[(7, 1995), (9, 1965)]

Client 2 label distribution:
[(0, 1983), (8, 1977)]

Client 3 label distribution:
[(2, 1954), (9, 1972)]

Client 4 label distribution:
[(2, 1973), (3, 1959)]

Client 5 label distribution:
[(4, 2007), (6, 1898)]

Client 6 label distribution:
[(4, 1761), (8, 1996)]

Client 7 label distribution:
[(0, 1989), (1, 1920)]

Client 8 label distribution:
[(1, 1984), (5, 1593)]

Client 9 label distribution:
[(3, 1988), (7, 1972)]
Client 0: avg epsilon = 0.1000
Client 1: avg epsilon = 2.8816
Client 2: avg epsilon = 0.5493
Client 3: avg epsilon = 2.5612
Client 4: avg epsilon = 0.1000
Client 5: avg epsilon = 0.1000
Client 6: avg epsilon = 0.5781
Client 7: avg epsilon = 0.1000
Client 8: avg epsilon = 0.1000
Client 9: avg epsilon = 0.5482
 We run FedAvg with rPDP (ThreeLevels-0) ...
max_epsilon :  10.0  noise_multiplier :  9.736328125
The R-Squared value of the best-fit curve : 0.999749898528281
learning rate =  0.01
sample_rate: (min) 0.03, (max) 0.03, expected_batch_size: 99
sample_rate: (min) 0.03, (max) 0.61, expected_batch_size: 1454
sample_rate: (min) 0.03, (max) 0.16, expected_batch_size: 362
sample_rate: (min) 0.03, (max) 0.61, expected_batch_size: 1245
sample_rate: (min) 0.03, (max) 0.03, expected_batch_size: 99
sample_rate: (min) 0.03, (max) 0.03, expected_batch_size: 98
sample_rate: (min) 0.03, (max) 0.16, expected_batch_size: 360
sample_rate: (min) 0.03, (max) 0.03, expected_batch_size: 98
sample_rate: (min) 0.03, (max) 0.03, expected_batch_size: 90
sample_rate: (min) 0.03, (max) 0.16, expected_batch_size: 362
initial privacy cost of all clients:  [0, 0, 0, 0, 0, 0, 0, 0, 0, 0]
Round=0
Round=1
Round=2
Round=3
Round=4
Round=5
Round=6
Round=7
Round=8
Round=9
Round=10
Round=11
Round=12
Round=13
Round=14
current privacy cost of all clients:  [0.0777036851988212, 3.554611437795162, 0.6583580204409699, 2.502378074621252, 0.0777036851988212, 0.0879752932513391, 0.7046321452486275, 0.05997229379927632, 0.08299634815037049, 0.7915678459669535]
Round=14, per client global perf=[0.0583, 0.2838, 0.5025, 0.0188, 0.078, 0.3522, 0.8383, 0.0338, 0.0672, 0.3167], mean perf=5089/20016 (0.2542%)
Round=14, per client personal perf=[0.9917, 0.9858, 0.998, 0.9871, 0.9793, 0.9955, 0.9716, 0.9851, 0.9946, 0.9897], mean perf=19773/20016 (0.9879%)
Round=14, per client personal pooled=[0.1929, 0.2011, 0.2004, 0.2017, 0.198, 0.1977, 0.1939, 0.2003, 0.1914, 0.2], mean perf=39583/200160 (0.1978%)
Mean performance of ditto rpdp global, Perf=0.3029, seed=45
Mean performance of ditto rpdp personal, Perf=0.9871, seed=45
Mean performance of ditto rpdp pooled, Perf=0.1977, seed=45
Client 0: avg epsilon = 0.3410
Client 1: avg epsilon = 0.7416
Client 2: avg epsilon = 0.3744
Client 3: avg epsilon = 1.0395
Client 4: avg epsilon = 0.1950
Client 5: avg epsilon = 0.3350
Client 6: avg epsilon = 0.5440
Client 7: avg epsilon = 0.1271
Client 8: avg epsilon = 0.2343
Client 9: avg epsilon = 0.3879
 We run FedAvg with rPDP (BoundedPareto-0) ...
max_epsilon :  10.0  noise_multiplier :  9.736328125
The R-Squared value of the best-fit curve : 0.999749898528281
learning rate =  0.01
sample_rate: (min) 0.05, (max) 0.07, expected_batch_size: 247
sample_rate: (min) 0.08, (max) 0.19, expected_batch_size: 478
sample_rate: (min) 0.03, (max) 0.12, expected_batch_size: 264
sample_rate: (min) 0.03, (max) 1.0, expected_batch_size: 605
sample_rate: (min) 0.04, (max) 0.04, expected_batch_size: 157
sample_rate: (min) 0.05, (max) 0.08, expected_batch_size: 240
sample_rate: (min) 0.05, (max) 0.14, expected_batch_size: 346
sample_rate: (min) 0.03, (max) 0.03, expected_batch_size: 115
sample_rate: (min) 0.03, (max) 0.06, expected_batch_size: 164
sample_rate: (min) 0.04, (max) 0.1, expected_batch_size: 274
initial privacy cost of all clients:  [0, 0, 0, 0, 0, 0, 0, 0, 0, 0]
Round=0
Round=1
Round=2
Round=3
Round=4
Round=5
Round=6
Round=7
Round=8
Round=9
Round=10
Round=11
Round=12
Round=13
Round=14
current privacy cost of all clients:  [0.2734219659311125, 0.8496329408207246, 0.45563635867345087, 4.65127671852932, 0.1505718772789174, 0.3459849381557856, 0.6088764751254605, 0.08018205509991227, 0.2593368953115138, 0.459204484938208]
Round=14, per client global perf=[0.4167, 0.3775, 0.5637, 0.0361, 0.3564, 0.6269, 0.8027, 0.4916, 0.558, 0.7015], mean perf=9831/20016 (0.4912%)
Round=14, per client personal perf=[0.9931, 0.9618, 0.9931, 0.9867, 0.9709, 0.993, 0.9675, 0.9816, 0.9989, 0.9799], mean perf=19667/20016 (0.9826%)
Round=14, per client personal pooled=[0.193, 0.1964, 0.1997, 0.2018, 0.1959, 0.1977, 0.193, 0.1999, 0.192, 0.1978], mean perf=39382/200160 (0.1968%)
Mean performance of ditto rpdp global, Perf=0.4883, seed=45
Mean performance of ditto rpdp personal, Perf=0.9848, seed=45
Mean performance of ditto rpdp pooled, Perf=0.1974, seed=45
Client 0: avg epsilon = 0.1484
Client 1: avg epsilon = 2.7197
Client 2: avg epsilon = 0.5657
Client 3: avg epsilon = 2.7592
Client 4: avg epsilon = 0.1000
Client 5: avg epsilon = 0.1527
Client 6: avg epsilon = 0.6800
Client 7: avg epsilon = 0.1000
Client 8: avg epsilon = 0.1209
Client 9: avg epsilon = 0.5345
 We run FedAvg with rPDP (BoundedMixGauss-0) ...
max_epsilon :  10.0  noise_multiplier :  9.736328125
The R-Squared value of the best-fit curve : 0.999749898528281
learning rate =  0.01
sample_rate: (min) 0.03, (max) 0.04, expected_batch_size: 129
sample_rate: (min) 0.05, (max) 0.61, expected_batch_size: 1394
sample_rate: (min) 0.03, (max) 0.17, expected_batch_size: 371
sample_rate: (min) 0.03, (max) 0.77, expected_batch_size: 1315
sample_rate: (min) 0.03, (max) 0.03, expected_batch_size: 99
sample_rate: (min) 0.03, (max) 0.05, expected_batch_size: 130
sample_rate: (min) 0.03, (max) 0.49, expected_batch_size: 412
sample_rate: (min) 0.03, (max) 0.03, expected_batch_size: 98
sample_rate: (min) 0.03, (max) 0.03, expected_batch_size: 101
sample_rate: (min) 0.03, (max) 0.16, expected_batch_size: 354
initial privacy cost of all clients:  [0, 0, 0, 0, 0, 0, 0, 0, 0, 0]
Round=0
Round=1
Round=2
Round=3
Round=4
Round=5
Round=6
Round=7
Round=8
Round=9
Round=10
Round=11
Round=12
Round=13
Round=14
current privacy cost of all clients:  [0.1228453738887237, 3.5500474671477065, 0.7051365371105033, 3.3324169844940013, 0.07843135584168298, 0.18829274433624257, 2.7721146962758922, 0.05997229379927632, 0.11748024103344672, 0.7907027823214281]
Round=14, per client global perf=[0.0819, 0.2348, 0.5681, 0.0059, 0.1713, 0.4232, 0.876, 0.0924, 0.0363, 0.376], mean perf=5732/20016 (0.2864%)
Round=14, per client personal perf=[0.9931, 0.9858, 0.9975, 0.9847, 0.9753, 0.994, 0.9669, 0.9871, 0.9984, 0.9931], mean perf=19768/20016 (0.9876%)
Round=14, per client personal pooled=[0.1929, 0.2008, 0.2005, 0.2018, 0.1977, 0.1979, 0.192, 0.2007, 0.1921, 0.2009], mean perf=39579/200160 (0.1977%)
Mean performance of ditto rpdp global, Perf=0.3391, seed=45
Mean performance of ditto rpdp personal, Perf=0.9868, seed=45
Mean performance of ditto rpdp pooled, Perf=0.1976, seed=45
Finished seed 45
----------------------------------------
Running seed 46
/Users/shegao_t1/DP_Research/Personal_DP_Personal_FL/rpdp_fl/experiments/datasets/fed_mnist/niid_10_2way_3000shot

Client 0 label distribution:
[(5, 1996), (6, 1964)]

Client 1 label distribution:
[(7, 1995), (9, 1965)]

Client 2 label distribution:
[(0, 1983), (8, 1977)]

Client 3 label distribution:
[(2, 1954), (9, 1972)]

Client 4 label distribution:
[(2, 1973), (3, 1959)]

Client 5 label distribution:
[(4, 2007), (6, 1898)]

Client 6 label distribution:
[(4, 1761), (8, 1996)]

Client 7 label distribution:
[(0, 1989), (1, 1920)]

Client 8 label distribution:
[(1, 1984), (5, 1593)]

Client 9 label distribution:
[(3, 1988), (7, 1972)]
Client 0: avg epsilon = 0.1000
Client 1: avg epsilon = 2.8816
Client 2: avg epsilon = 0.5493
Client 3: avg epsilon = 2.5612
Client 4: avg epsilon = 0.1000
Client 5: avg epsilon = 0.1000
Client 6: avg epsilon = 0.5781
Client 7: avg epsilon = 0.1000
Client 8: avg epsilon = 0.1000
Client 9: avg epsilon = 0.5482
 We run FedAvg with rPDP (ThreeLevels-0) ...
max_epsilon :  10.0  noise_multiplier :  9.736328125
The R-Squared value of the best-fit curve : 0.999749898528281
learning rate =  0.01
sample_rate: (min) 0.03, (max) 0.03, expected_batch_size: 99
sample_rate: (min) 0.03, (max) 0.61, expected_batch_size: 1454
sample_rate: (min) 0.03, (max) 0.16, expected_batch_size: 362
sample_rate: (min) 0.03, (max) 0.61, expected_batch_size: 1245
sample_rate: (min) 0.03, (max) 0.03, expected_batch_size: 99
sample_rate: (min) 0.03, (max) 0.03, expected_batch_size: 98
sample_rate: (min) 0.03, (max) 0.16, expected_batch_size: 360
sample_rate: (min) 0.03, (max) 0.03, expected_batch_size: 98
sample_rate: (min) 0.03, (max) 0.03, expected_batch_size: 90
sample_rate: (min) 0.03, (max) 0.16, expected_batch_size: 362
initial privacy cost of all clients:  [0, 0, 0, 0, 0, 0, 0, 0, 0, 0]
Round=0
Round=1
Round=2
Round=3
Round=4
Round=5
Round=6
Round=7
Round=8
Round=9
Round=10
Round=11
Round=12
Round=13
Round=14
current privacy cost of all clients:  [0.07214729257008984, 3.8048372549984366, 0.6583580204409699, 3.554611437795162, 0.07214729257008984, 0.0777036851988212, 0.7046321452486275, 0.09280122601357536, 0.0879752932513391, 0.7046321452486275]
Round=14, per client global perf=[0.0, 0.8583, 0.5618, 0.5141, 0.039, 0.0, 0.1059, 0.434, 0.0011, 0.3588], mean perf=5829/20016 (0.2912%)
Round=14, per client personal perf=[0.9931, 0.9882, 0.998, 0.9867, 0.9773, 0.993, 0.9716, 0.9876, 0.9984, 0.9922], mean perf=19788/20016 (0.9886%)
Round=14, per client personal pooled=[0.1927, 0.2015, 0.2006, 0.2015, 0.1977, 0.1977, 0.1933, 0.2008, 0.192, 0.2005], mean perf=39600/200160 (0.1978%)
Mean performance of ditto rpdp global, Perf=0.3198, seed=46
Mean performance of ditto rpdp personal, Perf=0.9861, seed=46
Mean performance of ditto rpdp pooled, Perf=0.1974, seed=46
Client 0: avg epsilon = 0.3385
Client 1: avg epsilon = 0.7382
Client 2: avg epsilon = 0.3693
Client 3: avg epsilon = 1.0464
Client 4: avg epsilon = 0.1947
Client 5: avg epsilon = 0.3306
Client 6: avg epsilon = 0.5397
Client 7: avg epsilon = 0.1277
Client 8: avg epsilon = 0.2337
Client 9: avg epsilon = 0.3826
 We run FedAvg with rPDP (BoundedPareto-0) ...
max_epsilon :  10.0  noise_multiplier :  9.736328125
The R-Squared value of the best-fit curve : 0.999749898528281
learning rate =  0.01
sample_rate: (min) 0.05, (max) 0.07, expected_batch_size: 245
sample_rate: (min) 0.08, (max) 0.19, expected_batch_size: 476
sample_rate: (min) 0.03, (max) 0.11, expected_batch_size: 261
sample_rate: (min) 0.03, (max) 1.0, expected_batch_size: 609
sample_rate: (min) 0.04, (max) 0.04, expected_batch_size: 157
sample_rate: (min) 0.05, (max) 0.08, expected_batch_size: 237
sample_rate: (min) 0.05, (max) 0.14, expected_batch_size: 344
sample_rate: (min) 0.03, (max) 0.03, expected_batch_size: 115
sample_rate: (min) 0.03, (max) 0.06, expected_batch_size: 164
sample_rate: (min) 0.04, (max) 0.1, expected_batch_size: 271
initial privacy cost of all clients:  [0, 0, 0, 0, 0, 0, 0, 0, 0, 0]
Round=0
Round=1
Round=2
Round=3
Round=4
Round=5
Round=6
Round=7
Round=8
Round=9
Round=10
Round=11
Round=12
Round=13
Round=14
current privacy cost of all clients:  [0.25079682047850677, 0.9122037251308232, 0.44996267231344056, 6.803447050009791, 0.13958018947250211, 0.3027474917788089, 0.6097937903188453, 0.12351557766073824, 0.27143209625635345, 0.4019992928862715]
Round=14, per client global perf=[0.0132, 0.7784, 0.8176, 0.6851, 0.3065, 0.0025, 0.3724, 0.4404, 0.0108, 0.3681], mean perf=7674/20016 (0.3834%)
Round=14, per client personal perf=[0.9946, 0.9877, 0.9833, 0.9862, 0.9768, 0.9896, 0.9711, 0.9851, 0.9913, 0.9922], mean perf=19732/20016 (0.9858%)
Round=14, per client personal pooled=[0.1931, 0.2014, 0.1978, 0.2018, 0.1973, 0.1972, 0.1937, 0.2004, 0.1905, 0.2004], mean perf=39509/200160 (0.1974%)
Mean performance of ditto rpdp global, Perf=0.3502, seed=46
Mean performance of ditto rpdp personal, Perf=0.9859, seed=46
Mean performance of ditto rpdp pooled, Perf=0.1975, seed=46
Client 0: avg epsilon = 0.1470
Client 1: avg epsilon = 2.5523
Client 2: avg epsilon = 0.5617
Client 3: avg epsilon = 2.7595
Client 4: avg epsilon = 0.1000
Client 5: avg epsilon = 0.1492
Client 6: avg epsilon = 0.6493
Client 7: avg epsilon = 0.1000
Client 8: avg epsilon = 0.1202
Client 9: avg epsilon = 0.5299
 We run FedAvg with rPDP (BoundedMixGauss-0) ...
max_epsilon :  10.0  noise_multiplier :  9.736328125
The R-Squared value of the best-fit curve : 0.999749898528281
learning rate =  0.01
sample_rate: (min) 0.03, (max) 0.04, expected_batch_size: 128
sample_rate: (min) 0.04, (max) 0.6, expected_batch_size: 1316
sample_rate: (min) 0.03, (max) 0.17, expected_batch_size: 369
sample_rate: (min) 0.03, (max) 0.75, expected_batch_size: 1315
sample_rate: (min) 0.03, (max) 0.03, expected_batch_size: 99
sample_rate: (min) 0.03, (max) 0.04, expected_batch_size: 128
sample_rate: (min) 0.03, (max) 0.19, expected_batch_size: 397
sample_rate: (min) 0.03, (max) 0.03, expected_batch_size: 98
sample_rate: (min) 0.03, (max) 0.03, expected_batch_size: 101
sample_rate: (min) 0.03, (max) 0.16, expected_batch_size: 352
initial privacy cost of all clients:  [0, 0, 0, 0, 0, 0, 0, 0, 0, 0]
Round=0
Round=1
Round=2
Round=3
Round=4
Round=5
Round=6
Round=7
Round=8
Round=9
Round=10
Round=11
Round=12
Round=13
Round=14
current privacy cost of all clients:  [0.11255629253084441, 3.7840682892999693, 0.6984894096524226, 4.699892211236226, 0.07217052326793813, 0.15008424402015133, 0.8663651952270777, 0.09280122601357536, 0.12357141377301965, 0.6997669219387922]
Round=14, per client global perf=[0.0, 0.8588, 0.6657, 0.5843, 0.1278, 0.0, 0.2221, 0.433, 0.0011, 0.3799], mean perf=6630/20016 (0.3312%)
Round=14, per client personal perf=[0.9838, 0.9922, 0.9971, 0.9857, 0.959, 0.9901, 0.9716, 0.9876, 0.9984, 0.9799], mean perf=19705/20016 (0.9845%)
Round=14, per client personal pooled=[0.1915, 0.202, 0.2002, 0.2022, 0.1943, 0.1972, 0.1934, 0.2009, 0.192, 0.1974], mean perf=39457/200160 (0.1971%)
Mean performance of ditto rpdp global, Perf=0.3395, seed=46
Mean performance of ditto rpdp personal, Perf=0.9865, seed=46
Mean performance of ditto rpdp pooled, Perf=0.1975, seed=46
Finished seed 46
----------------------------------------
=== Running reg_param=0.1, num_steps=15 ===
Running seed 42
/Users/shegao_t1/DP_Research/Personal_DP_Personal_FL/rpdp_fl/experiments/datasets/fed_mnist/niid_10_2way_3000shot

Client 0 label distribution:
[(5, 1996), (6, 1964)]

Client 1 label distribution:
[(7, 1995), (9, 1965)]

Client 2 label distribution:
[(0, 1983), (8, 1977)]

Client 3 label distribution:
[(2, 1954), (9, 1972)]

Client 4 label distribution:
[(2, 1973), (3, 1959)]

Client 5 label distribution:
[(4, 2007), (6, 1898)]

Client 6 label distribution:
[(4, 1761), (8, 1996)]

Client 7 label distribution:
[(0, 1989), (1, 1920)]

Client 8 label distribution:
[(1, 1984), (5, 1593)]

Client 9 label distribution:
[(3, 1988), (7, 1972)]
Client 0: avg epsilon = 0.1000
Client 1: avg epsilon = 2.8816
Client 2: avg epsilon = 0.5493
Client 3: avg epsilon = 2.5612
Client 4: avg epsilon = 0.1000
Client 5: avg epsilon = 0.1000
Client 6: avg epsilon = 0.5781
Client 7: avg epsilon = 0.1000
Client 8: avg epsilon = 0.1000
Client 9: avg epsilon = 0.5482
 We run FedAvg with rPDP (ThreeLevels-0) ...
max_epsilon :  10.0  noise_multiplier :  9.736328125
The R-Squared value of the best-fit curve : 0.999749898528281
learning rate =  0.01
sample_rate: (min) 0.03, (max) 0.03, expected_batch_size: 99
sample_rate: (min) 0.03, (max) 0.61, expected_batch_size: 1454
sample_rate: (min) 0.03, (max) 0.16, expected_batch_size: 362
sample_rate: (min) 0.03, (max) 0.61, expected_batch_size: 1245
sample_rate: (min) 0.03, (max) 0.03, expected_batch_size: 99
sample_rate: (min) 0.03, (max) 0.03, expected_batch_size: 98
sample_rate: (min) 0.03, (max) 0.16, expected_batch_size: 360
sample_rate: (min) 0.03, (max) 0.03, expected_batch_size: 98
sample_rate: (min) 0.03, (max) 0.03, expected_batch_size: 90
sample_rate: (min) 0.03, (max) 0.16, expected_batch_size: 362
initial privacy cost of all clients:  [0, 0, 0, 0, 0, 0, 0, 0, 0, 0]
Round=0
Round=1
Round=2
Round=3
Round=4
Round=5
Round=6
Round=7
Round=8
Round=9
Round=10
Round=11
Round=12
Round=13
Round=14
current privacy cost of all clients:  [0.0777036851988212, 3.554611437795162, 0.5558558712260362, 3.3043856205918876, 0.08299634815037049, 0.0777036851988212, 0.7482516858029494, 0.0879752932513391, 0.09280122601357536, 0.6093162705378211]
Round=14, per client global perf=[0.549, 0.4657, 0.0377, 0.0104, 0.3643, 0.4014, 0.0692, 0.3987, 0.6209, 0.8417], mean perf=7513/20016 (0.3753%)
Round=14, per client personal perf=[0.9858, 0.9721, 0.9873, 0.9842, 0.9541, 0.9925, 0.9669, 0.9856, 0.9924, 0.9201], mean perf=19494/20016 (0.9739%)
Round=14, per client personal pooled=[0.1916, 0.1984, 0.2198, 0.2026, 0.1937, 0.2196, 0.1919, 0.2151, 0.1912, 0.1852], mean perf=40216/200160 (0.2009%)
Mean performance of ditto rpdp global, Perf=0.3445, seed=42
Mean performance of ditto rpdp personal, Perf=0.9746, seed=42
Mean performance of ditto rpdp pooled, Perf=0.2079, seed=42
Client 0: avg epsilon = 0.3394
Client 1: avg epsilon = 0.7403
Client 2: avg epsilon = 0.3718
Client 3: avg epsilon = 1.0341
Client 4: avg epsilon = 0.1952
Client 5: avg epsilon = 0.3320
Client 6: avg epsilon = 0.5426
Client 7: avg epsilon = 0.1272
Client 8: avg epsilon = 0.2339
Client 9: avg epsilon = 0.3847
 We run FedAvg with rPDP (BoundedPareto-0) ...
max_epsilon :  10.0  noise_multiplier :  9.736328125
The R-Squared value of the best-fit curve : 0.999749898528281
learning rate =  0.01
sample_rate: (min) 0.05, (max) 0.07, expected_batch_size: 246
sample_rate: (min) 0.08, (max) 0.19, expected_batch_size: 478
sample_rate: (min) 0.03, (max) 0.12, expected_batch_size: 262
sample_rate: (min) 0.03, (max) 0.98, expected_batch_size: 604
sample_rate: (min) 0.04, (max) 0.04, expected_batch_size: 157
sample_rate: (min) 0.05, (max) 0.08, expected_batch_size: 238
sample_rate: (min) 0.05, (max) 0.14, expected_batch_size: 345
sample_rate: (min) 0.03, (max) 0.03, expected_batch_size: 115
sample_rate: (min) 0.03, (max) 0.06, expected_batch_size: 164
sample_rate: (min) 0.04, (max) 0.1, expected_batch_size: 272
initial privacy cost of all clients:  [0, 0, 0, 0, 0, 0, 0, 0, 0, 0]
Round=0
Round=1
Round=2
Round=3
Round=4
Round=5
Round=6
Round=7
Round=8
Round=9
Round=10
Round=11
Round=12
Round=13
Round=14
current privacy cost of all clients:  [0.2708323864883786, 0.8540737692761711, 0.38128025560790973, 6.0748074655109106, 0.16019017623493748, 0.3040402155953894, 0.6468345354434932, 0.11696328180044625, 0.2864418954362965, 0.349925282462024]
Round=14, per client global perf=[0.3721, 0.4333, 0.0471, 0.2002, 0.4847, 0.7124, 0.4571, 0.4106, 0.5385, 0.6912], mean perf=8675/20016 (0.4334%)
Round=14, per client personal perf=[0.9868, 0.9647, 0.9917, 0.9822, 0.965, 0.7854, 0.9649, 0.9841, 0.9919, 0.9873], mean perf=19220/20016 (0.9602%)
Round=14, per client personal pooled=[0.2031, 0.2774, 0.2056, 0.2029, 0.1964, 0.1953, 0.2132, 0.2108, 0.1924, 0.1997], mean perf=41971/200160 (0.2097%)
Mean performance of ditto rpdp global, Perf=0.3837, seed=42
Mean performance of ditto rpdp personal, Perf=0.9703, seed=42
Mean performance of ditto rpdp pooled, Perf=0.2132, seed=42
Client 0: avg epsilon = 0.1475
Client 1: avg epsilon = 2.5575
Client 2: avg epsilon = 0.5619
Client 3: avg epsilon = 2.7494
Client 4: avg epsilon = 0.1000
Client 5: avg epsilon = 0.1501
Client 6: avg epsilon = 0.6492
Client 7: avg epsilon = 0.1000
Client 8: avg epsilon = 0.1205
Client 9: avg epsilon = 0.5308
 We run FedAvg with rPDP (BoundedMixGauss-0) ...
max_epsilon :  10.0  noise_multiplier :  9.736328125
The R-Squared value of the best-fit curve : 0.999749898528281
learning rate =  0.01
sample_rate: (min) 0.03, (max) 0.04, expected_batch_size: 129
sample_rate: (min) 0.04, (max) 0.6, expected_batch_size: 1319
sample_rate: (min) 0.03, (max) 0.17, expected_batch_size: 369
sample_rate: (min) 0.03, (max) 0.79, expected_batch_size: 1311
sample_rate: (min) 0.03, (max) 0.03, expected_batch_size: 99
sample_rate: (min) 0.03, (max) 0.04, expected_batch_size: 129
sample_rate: (min) 0.03, (max) 0.19, expected_batch_size: 397
sample_rate: (min) 0.03, (max) 0.03, expected_batch_size: 98
sample_rate: (min) 0.03, (max) 0.03, expected_batch_size: 101
sample_rate: (min) 0.03, (max) 0.16, expected_batch_size: 352
initial privacy cost of all clients:  [0, 0, 0, 0, 0, 0, 0, 0, 0, 0]
Round=0
Round=1
Round=2
Round=3
Round=4
Round=5
Round=6
Round=7
Round=8
Round=9
Round=10
Round=11
Round=12
Round=13
Round=14
current privacy cost of all clients:  [0.12172556056862104, 3.5303696928939345, 0.5909771225250234, 4.677926050365698, 0.08352205379363559, 0.15029524279357093, 0.9137356376429576, 0.0879752932513391, 0.13049532099934139, 0.6050251440761018]
Round=14, per client global perf=[0.3461, 0.4152, 0.1534, 0.0089, 0.0538, 0.228, 0.3233, 0.2329, 0.5255, 0.4681], mean perf=5471/20016 (0.2733%)
Round=14, per client personal perf=[0.9931, 0.976, 0.9799, 0.9624, 0.8712, 0.9702, 0.9669, 0.9816, 0.9805, 0.9667], mean perf=19310/20016 (0.9647%)
Round=14, per client personal pooled=[0.1952, 0.1998, 0.1971, 0.1985, 0.1765, 0.203, 0.1956, 0.1994, 0.1945, 0.1953], mean perf=39130/200160 (0.1955%)
Mean performance of ditto rpdp global, Perf=0.2947, seed=42
Mean performance of ditto rpdp personal, Perf=0.9702, seed=42
Mean performance of ditto rpdp pooled, Perf=0.1994, seed=42
Finished seed 42
----------------------------------------
Running seed 43
/Users/shegao_t1/DP_Research/Personal_DP_Personal_FL/rpdp_fl/experiments/datasets/fed_mnist/niid_10_2way_3000shot

Client 0 label distribution:
[(5, 1996), (6, 1964)]

Client 1 label distribution:
[(7, 1995), (9, 1965)]

Client 2 label distribution:
[(0, 1983), (8, 1977)]

Client 3 label distribution:
[(2, 1954), (9, 1972)]

Client 4 label distribution:
[(2, 1973), (3, 1959)]

Client 5 label distribution:
[(4, 2007), (6, 1898)]

Client 6 label distribution:
[(4, 1761), (8, 1996)]

Client 7 label distribution:
[(0, 1989), (1, 1920)]

Client 8 label distribution:
[(1, 1984), (5, 1593)]

Client 9 label distribution:
[(3, 1988), (7, 1972)]
Client 0: avg epsilon = 0.1000
Client 1: avg epsilon = 2.8816
Client 2: avg epsilon = 0.5493
Client 3: avg epsilon = 2.5612
Client 4: avg epsilon = 0.1000
Client 5: avg epsilon = 0.1000
Client 6: avg epsilon = 0.5781
Client 7: avg epsilon = 0.1000
Client 8: avg epsilon = 0.1000
Client 9: avg epsilon = 0.5482
 We run FedAvg with rPDP (ThreeLevels-0) ...
max_epsilon :  10.0  noise_multiplier :  9.736328125
The R-Squared value of the best-fit curve : 0.999749898528281
learning rate =  0.01
sample_rate: (min) 0.03, (max) 0.03, expected_batch_size: 99
sample_rate: (min) 0.03, (max) 0.61, expected_batch_size: 1454
sample_rate: (min) 0.03, (max) 0.16, expected_batch_size: 362
sample_rate: (min) 0.03, (max) 0.61, expected_batch_size: 1245
sample_rate: (min) 0.03, (max) 0.03, expected_batch_size: 99
sample_rate: (min) 0.03, (max) 0.03, expected_batch_size: 98
sample_rate: (min) 0.03, (max) 0.16, expected_batch_size: 360
sample_rate: (min) 0.03, (max) 0.03, expected_batch_size: 98
sample_rate: (min) 0.03, (max) 0.03, expected_batch_size: 90
sample_rate: (min) 0.03, (max) 0.16, expected_batch_size: 362
initial privacy cost of all clients:  [0, 0, 0, 0, 0, 0, 0, 0, 0, 0]
Round=0
Round=1
Round=2
Round=3
Round=4
Round=5
Round=6
Round=7
Round=8
Round=9
Round=10
Round=11
Round=12
Round=13
Round=14
current privacy cost of all clients:  [0.08299634815037049, 3.554611437795162, 0.6583580204409699, 3.8048372549984366, 0.05997229379927632, 0.0777036851988212, 0.6093162705378211, 0.04533992744859791, 0.06629602355155903, 0.7915678459669535]
Round=14, per client global perf=[0.3191, 0.9196, 0.427, 0.4988, 0.0188, 0.3274, 0.0, 0.5382, 0.1372, 0.4382], mean perf=7335/20016 (0.3665%)
Round=14, per client personal perf=[0.9583, 0.9804, 0.9681, 0.9812, 0.9654, 0.9796, 0.9669, 0.9831, 0.9908, 0.9706], mean perf=19502/20016 (0.9743%)
Round=14, per client personal pooled=[0.1862, 0.2001, 0.2016, 0.201, 0.1969, 0.2339, 0.1943, 0.2012, 0.2289, 0.1958], mean perf=40831/200160 (0.2040%)
Mean performance of ditto rpdp global, Perf=0.2923, seed=43
Mean performance of ditto rpdp personal, Perf=0.9746, seed=43
Mean performance of ditto rpdp pooled, Perf=0.2032, seed=43
Client 0: avg epsilon = 0.3422
Client 1: avg epsilon = 0.7440
Client 2: avg epsilon = 0.3733
Client 3: avg epsilon = 1.0550
Client 4: avg epsilon = 0.1984
Client 5: avg epsilon = 0.3346
Client 6: avg epsilon = 0.5446
Client 7: avg epsilon = 0.1280
Client 8: avg epsilon = 0.2357
Client 9: avg epsilon = 0.3885
 We run FedAvg with rPDP (BoundedPareto-0) ...
max_epsilon :  10.0  noise_multiplier :  9.736328125
The R-Squared value of the best-fit curve : 0.999749898528281
learning rate =  0.01
sample_rate: (min) 0.06, (max) 0.07, expected_batch_size: 247
sample_rate: (min) 0.08, (max) 0.19, expected_batch_size: 480
sample_rate: (min) 0.03, (max) 0.12, expected_batch_size: 263
sample_rate: (min) 0.03, (max) 1.0, expected_batch_size: 613
sample_rate: (min) 0.04, (max) 0.04, expected_batch_size: 159
sample_rate: (min) 0.05, (max) 0.08, expected_batch_size: 239
sample_rate: (min) 0.05, (max) 0.14, expected_batch_size: 346
sample_rate: (min) 0.03, (max) 0.03, expected_batch_size: 115
sample_rate: (min) 0.03, (max) 0.06, expected_batch_size: 165
sample_rate: (min) 0.04, (max) 0.1, expected_batch_size: 274
initial privacy cost of all clients:  [0, 0, 0, 0, 0, 0, 0, 0, 0, 0]
Round=0
Round=1
Round=2
Round=3
Round=4
Round=5
Round=6
Round=7
Round=8
Round=9
Round=10
Round=11
Round=12
Round=13
Round=14
current privacy cost of all clients:  [0.2897700369095664, 0.8554656094904252, 0.4542599881316137, 7.341489632879909, 0.11916502206487452, 0.30613051230988353, 0.529486572881692, 0.061547506010356044, 0.210318774210376, 0.4587832950902705]
Round=14, per client global perf=[0.4789, 0.8181, 0.4593, 0.4464, 0.0183, 0.4824, 0.0026, 0.4722, 0.0103, 0.3863], mean perf=7257/20016 (0.3626%)
Round=14, per client personal perf=[0.9373, 0.9637, 0.9843, 0.9802, 0.963, 0.9747, 0.9597, 0.926, 0.9957, 0.9475], mean perf=19274/20016 (0.9629%)
Round=14, per client personal pooled=[0.1893, 0.221, 0.1981, 0.201, 0.1964, 0.1944, 0.2275, 0.1905, 0.224, 0.1915], mean perf=40709/200160 (0.2034%)
Mean performance of ditto rpdp global, Perf=0.3267, seed=43
Mean performance of ditto rpdp personal, Perf=0.9700, seed=43
Mean performance of ditto rpdp pooled, Perf=0.2046, seed=43
Client 0: avg epsilon = 0.1488
Client 1: avg epsilon = 2.7091
Client 2: avg epsilon = 0.5659
Client 3: avg epsilon = 2.7560
Client 4: avg epsilon = 0.1000
Client 5: avg epsilon = 0.1535
Client 6: avg epsilon = 0.6579
Client 7: avg epsilon = 0.1000
Client 8: avg epsilon = 0.1210
Client 9: avg epsilon = 0.5351
 We run FedAvg with rPDP (BoundedMixGauss-0) ...
max_epsilon :  10.0  noise_multiplier :  9.736328125
The R-Squared value of the best-fit curve : 0.999749898528281
learning rate =  0.01
sample_rate: (min) 0.03, (max) 0.04, expected_batch_size: 130
sample_rate: (min) 0.05, (max) 0.6, expected_batch_size: 1391
sample_rate: (min) 0.03, (max) 0.17, expected_batch_size: 371
sample_rate: (min) 0.03, (max) 0.75, expected_batch_size: 1314
sample_rate: (min) 0.03, (max) 0.03, expected_batch_size: 99
sample_rate: (min) 0.03, (max) 0.05, expected_batch_size: 131
sample_rate: (min) 0.03, (max) 0.2, expected_batch_size: 402
sample_rate: (min) 0.03, (max) 0.03, expected_batch_size: 98
sample_rate: (min) 0.03, (max) 0.03, expected_batch_size: 101
sample_rate: (min) 0.03, (max) 0.16, expected_batch_size: 354
initial privacy cost of all clients:  [0, 0, 0, 0, 0, 0, 0, 0, 0, 0]
Round=0
Round=1
Round=2
Round=3
Round=4
Round=5
Round=6
Round=7
Round=8
Round=9
Round=10
Round=11
Round=12
Round=13
Round=14
current privacy cost of all clients:  [0.13107709906834628, 3.54017094327906, 0.7044507055018924, 4.965375462186012, 0.060483653964017496, 0.17107574497199254, 0.8273215395363687, 0.04533992744859791, 0.09443738242059632, 0.7918575912032448]
Round=14, per client global perf=[0.45, 0.924, 0.4275, 0.5195, 0.0217, 0.457, 0.0, 0.497, 0.0841, 0.4373], mean perf=7738/20016 (0.3866%)
Round=14, per client personal perf=[0.9652, 0.9696, 0.9623, 0.9787, 0.9329, 0.9662, 0.8698, 0.5968, 0.9946, 0.9799], mean perf=18444/20016 (0.9215%)
Round=14, per client personal pooled=[0.2015, 0.1974, 0.2055, 0.2005, 0.1948, 0.2062, 0.1728, 0.1242, 0.2416, 0.1978], mean perf=38878/200160 (0.1942%)
Mean performance of ditto rpdp global, Perf=0.3173, seed=43
Mean performance of ditto rpdp personal, Perf=0.9520, seed=43
Mean performance of ditto rpdp pooled, Perf=0.1997, seed=43
Finished seed 43
----------------------------------------
Running seed 44
/Users/shegao_t1/DP_Research/Personal_DP_Personal_FL/rpdp_fl/experiments/datasets/fed_mnist/niid_10_2way_3000shot

Client 0 label distribution:
[(5, 1996), (6, 1964)]

Client 1 label distribution:
[(7, 1995), (9, 1965)]

Client 2 label distribution:
[(0, 1983), (8, 1977)]

Client 3 label distribution:
[(2, 1954), (9, 1972)]

Client 4 label distribution:
[(2, 1973), (3, 1959)]

Client 5 label distribution:
[(4, 2007), (6, 1898)]

Client 6 label distribution:
[(4, 1761), (8, 1996)]

Client 7 label distribution:
[(0, 1989), (1, 1920)]

Client 8 label distribution:
[(1, 1984), (5, 1593)]

Client 9 label distribution:
[(3, 1988), (7, 1972)]
Client 0: avg epsilon = 0.1000
Client 1: avg epsilon = 2.8816
Client 2: avg epsilon = 0.5493
Client 3: avg epsilon = 2.5612
Client 4: avg epsilon = 0.1000
Client 5: avg epsilon = 0.1000
Client 6: avg epsilon = 0.5781
Client 7: avg epsilon = 0.1000
Client 8: avg epsilon = 0.1000
Client 9: avg epsilon = 0.5482
 We run FedAvg with rPDP (ThreeLevels-0) ...
max_epsilon :  10.0  noise_multiplier :  9.736328125
The R-Squared value of the best-fit curve : 0.999749898528281
learning rate =  0.01
sample_rate: (min) 0.03, (max) 0.03, expected_batch_size: 99
sample_rate: (min) 0.03, (max) 0.61, expected_batch_size: 1454
sample_rate: (min) 0.03, (max) 0.16, expected_batch_size: 362
sample_rate: (min) 0.03, (max) 0.61, expected_batch_size: 1245
sample_rate: (min) 0.03, (max) 0.03, expected_batch_size: 99
sample_rate: (min) 0.03, (max) 0.03, expected_batch_size: 98
sample_rate: (min) 0.03, (max) 0.16, expected_batch_size: 360
sample_rate: (min) 0.03, (max) 0.03, expected_batch_size: 98
sample_rate: (min) 0.03, (max) 0.03, expected_batch_size: 90
sample_rate: (min) 0.03, (max) 0.16, expected_batch_size: 362
initial privacy cost of all clients:  [0, 0, 0, 0, 0, 0, 0, 0, 0, 0]
Round=0
Round=1
Round=2
Round=3
Round=4
Round=5
Round=6
Round=7
Round=8
Round=9
Round=10
Round=11
Round=12
Round=13
Round=14
current privacy cost of all clients:  [0.08299634815037049, 4.510367153745826, 0.7482516858029494, 2.1521425035466386, 0.09280122601357536, 0.06629602355155903, 0.5558558712260362, 0.06629602355155903, 0.05997229379927632, 0.7046321452486275]
Round=14, per client global perf=[0.0, 0.9275, 0.4363, 0.476, 0.0326, 0.0, 0.4272, 0.0228, 0.0201, 0.4662], mean perf=5672/20016 (0.2834%)
Round=14, per client personal perf=[0.9804, 0.9676, 0.9819, 0.9723, 0.961, 0.9891, 0.9659, 0.9538, 0.9957, 0.9824], mean perf=19513/20016 (0.9749%)
Round=14, per client personal pooled=[0.2018, 0.1983, 0.2185, 0.1998, 0.194, 0.1969, 0.1943, 0.1935, 0.2142, 0.1984], mean perf=40229/200160 (0.2010%)
Mean performance of ditto rpdp global, Perf=0.3443, seed=44
Mean performance of ditto rpdp personal, Perf=0.9693, seed=44
Mean performance of ditto rpdp pooled, Perf=0.2006, seed=44
Client 0: avg epsilon = 0.3392
Client 1: avg epsilon = 0.7494
Client 2: avg epsilon = 0.3757
Client 3: avg epsilon = 1.0420
Client 4: avg epsilon = 0.1945
Client 5: avg epsilon = 0.3332
Client 6: avg epsilon = 0.5452
Client 7: avg epsilon = 0.1271
Client 8: avg epsilon = 0.2330
Client 9: avg epsilon = 0.3875
 We run FedAvg with rPDP (BoundedPareto-0) ...
max_epsilon :  10.0  noise_multiplier :  9.736328125
The R-Squared value of the best-fit curve : 0.999749898528281
learning rate =  0.01
sample_rate: (min) 0.05, (max) 0.07, expected_batch_size: 246
sample_rate: (min) 0.08, (max) 0.19, expected_batch_size: 483
sample_rate: (min) 0.03, (max) 0.12, expected_batch_size: 265
sample_rate: (min) 0.03, (max) 1.0, expected_batch_size: 608
sample_rate: (min) 0.04, (max) 0.04, expected_batch_size: 157
sample_rate: (min) 0.05, (max) 0.08, expected_batch_size: 238
sample_rate: (min) 0.05, (max) 0.14, expected_batch_size: 347
sample_rate: (min) 0.03, (max) 0.03, expected_batch_size: 115
sample_rate: (min) 0.03, (max) 0.06, expected_batch_size: 163
sample_rate: (min) 0.04, (max) 0.1, expected_batch_size: 274
initial privacy cost of all clients:  [0, 0, 0, 0, 0, 0, 0, 0, 0, 0]
Round=0
Round=1
Round=2
Round=3
Round=4
Round=5
Round=6
Round=7
Round=8
Round=9
Round=10
Round=11
Round=12
Round=13
Round=14
current privacy cost of all clients:  [0.2893732544554233, 1.0695406285632225, 0.5195432324157971, 4.065705449544012, 0.17813101208369886, 0.2639126927938433, 0.48631807442847724, 0.08846754820483427, 0.1892981066982835, 0.40888933507194186]
Round=14, per client global perf=[0.0083, 0.5799, 0.4373, 0.1186, 0.1876, 0.0467, 0.4478, 0.0283, 0.0, 0.652], mean perf=5060/20016 (0.2528%)
Round=14, per client personal perf=[0.9887, 0.9593, 0.9931, 0.9773, 0.961, 0.9856, 0.9654, 0.9816, 0.9371, 0.9691], mean perf=19459/20016 (0.9722%)
Round=14, per client personal pooled=[0.2224, 0.2317, 0.1997, 0.2008, 0.2286, 0.1966, 0.2766, 0.2225, 0.1813, 0.2049], mean perf=43337/200160 (0.2165%)
Mean performance of ditto rpdp global, Perf=0.3625, seed=44
Mean performance of ditto rpdp personal, Perf=0.9723, seed=44
Mean performance of ditto rpdp pooled, Perf=0.2054, seed=44
Client 0: avg epsilon = 0.1475
Client 1: avg epsilon = 2.6723
Client 2: avg epsilon = 0.5628
Client 3: avg epsilon = 2.7567
Client 4: avg epsilon = 0.1000
Client 5: avg epsilon = 0.1501
Client 6: avg epsilon = 0.6551
Client 7: avg epsilon = 0.1000
Client 8: avg epsilon = 0.1205
Client 9: avg epsilon = 0.5315
 We run FedAvg with rPDP (BoundedMixGauss-0) ...
max_epsilon :  10.0  noise_multiplier :  9.736328125
The R-Squared value of the best-fit curve : 0.999749898528281
learning rate =  0.01
sample_rate: (min) 0.03, (max) 0.04, expected_batch_size: 129
sample_rate: (min) 0.04, (max) 0.61, expected_batch_size: 1370
sample_rate: (min) 0.03, (max) 0.17, expected_batch_size: 370
sample_rate: (min) 0.03, (max) 0.77, expected_batch_size: 1314
sample_rate: (min) 0.03, (max) 0.03, expected_batch_size: 99
sample_rate: (min) 0.03, (max) 0.04, expected_batch_size: 129
sample_rate: (min) 0.03, (max) 0.22, expected_batch_size: 400
sample_rate: (min) 0.03, (max) 0.03, expected_batch_size: 98
sample_rate: (min) 0.03, (max) 0.03, expected_batch_size: 101
sample_rate: (min) 0.03, (max) 0.16, expected_batch_size: 353
initial privacy cost of all clients:  [0, 0, 0, 0, 0, 0, 0, 0, 0, 0]
Round=0
Round=1
Round=2
Round=3
Round=4
Round=5
Round=6
Round=7
Round=8
Round=9
Round=10
Round=11
Round=12
Round=13
Round=14
current privacy cost of all clients:  [0.12949311458056192, 4.500171165228081, 0.7981019908203113, 2.867614688859706, 0.09329220854604373, 0.13066890902589304, 0.813224908404701, 0.06629602355155903, 0.08496160334862189, 0.7005096248680255]
Round=14, per client global perf=[0.0, 0.898, 0.4686, 0.4913, 0.0429, 0.0, 0.437, 0.1668, 0.1318, 0.448], mean perf=6208/20016 (0.3102%)
Round=14, per client personal perf=[0.9892, 0.9819, 0.9941, 0.9768, 0.96, 0.9856, 0.9669, 0.9856, 0.9832, 0.898], mean perf=19456/20016 (0.9720%)
Round=14, per client personal pooled=[0.1984, 0.2001, 0.2361, 0.2034, 0.2004, 0.1965, 0.1925, 0.2007, 0.2215, 0.1812], mean perf=40649/200160 (0.2031%)
Mean performance of ditto rpdp global, Perf=0.3513, seed=44
Mean performance of ditto rpdp personal, Perf=0.9659, seed=44
Mean performance of ditto rpdp pooled, Perf=0.2025, seed=44
Finished seed 44
----------------------------------------
Running seed 45
/Users/shegao_t1/DP_Research/Personal_DP_Personal_FL/rpdp_fl/experiments/datasets/fed_mnist/niid_10_2way_3000shot

Client 0 label distribution:
[(5, 1996), (6, 1964)]

Client 1 label distribution:
[(7, 1995), (9, 1965)]

Client 2 label distribution:
[(0, 1983), (8, 1977)]

Client 3 label distribution:
[(2, 1954), (9, 1972)]

Client 4 label distribution:
[(2, 1973), (3, 1959)]

Client 5 label distribution:
[(4, 2007), (6, 1898)]

Client 6 label distribution:
[(4, 1761), (8, 1996)]

Client 7 label distribution:
[(0, 1989), (1, 1920)]

Client 8 label distribution:
[(1, 1984), (5, 1593)]

Client 9 label distribution:
[(3, 1988), (7, 1972)]
Client 0: avg epsilon = 0.1000
Client 1: avg epsilon = 2.8816
Client 2: avg epsilon = 0.5493
Client 3: avg epsilon = 2.5612
Client 4: avg epsilon = 0.1000
Client 5: avg epsilon = 0.1000
Client 6: avg epsilon = 0.5781
Client 7: avg epsilon = 0.1000
Client 8: avg epsilon = 0.1000
Client 9: avg epsilon = 0.5482
 We run FedAvg with rPDP (ThreeLevels-0) ...
max_epsilon :  10.0  noise_multiplier :  9.736328125
The R-Squared value of the best-fit curve : 0.999749898528281
learning rate =  0.01
sample_rate: (min) 0.03, (max) 0.03, expected_batch_size: 99
sample_rate: (min) 0.03, (max) 0.61, expected_batch_size: 1454
sample_rate: (min) 0.03, (max) 0.16, expected_batch_size: 362
sample_rate: (min) 0.03, (max) 0.61, expected_batch_size: 1245
sample_rate: (min) 0.03, (max) 0.03, expected_batch_size: 99
sample_rate: (min) 0.03, (max) 0.03, expected_batch_size: 98
sample_rate: (min) 0.03, (max) 0.16, expected_batch_size: 360
sample_rate: (min) 0.03, (max) 0.03, expected_batch_size: 98
sample_rate: (min) 0.03, (max) 0.03, expected_batch_size: 90
sample_rate: (min) 0.03, (max) 0.16, expected_batch_size: 362
initial privacy cost of all clients:  [0, 0, 0, 0, 0, 0, 0, 0, 0, 0]
Round=0
Round=1
Round=2
Round=3
Round=4
Round=5
Round=6
Round=7
Round=8
Round=9
Round=10
Round=11
Round=12
Round=13
Round=14
current privacy cost of all clients:  [0.0777036851988212, 3.554611437795162, 0.6583580204409699, 2.502378074621252, 0.0777036851988212, 0.0879752932513391, 0.7046321452486275, 0.05997229379927632, 0.08299634815037049, 0.7915678459669535]
Round=14, per client global perf=[0.0583, 0.2838, 0.5025, 0.0188, 0.078, 0.3522, 0.8383, 0.0338, 0.0672, 0.3167], mean perf=5089/20016 (0.2542%)
Round=14, per client personal perf=[0.9843, 0.9711, 0.9809, 0.9832, 0.9674, 0.9647, 0.969, 0.9846, 0.993, 0.8853], mean perf=19377/20016 (0.9681%)
Round=14, per client personal pooled=[0.1915, 0.1973, 0.2269, 0.2319, 0.2193, 0.1987, 0.1946, 0.2005, 0.1909, 0.1795], mean perf=40655/200160 (0.2031%)
Mean performance of ditto rpdp global, Perf=0.3029, seed=45
Mean performance of ditto rpdp personal, Perf=0.9743, seed=45
Mean performance of ditto rpdp pooled, Perf=0.2034, seed=45
Client 0: avg epsilon = 0.3410
Client 1: avg epsilon = 0.7416
Client 2: avg epsilon = 0.3744
Client 3: avg epsilon = 1.0395
Client 4: avg epsilon = 0.1950
Client 5: avg epsilon = 0.3350
Client 6: avg epsilon = 0.5440
Client 7: avg epsilon = 0.1271
Client 8: avg epsilon = 0.2343
Client 9: avg epsilon = 0.3879
 We run FedAvg with rPDP (BoundedPareto-0) ...
max_epsilon :  10.0  noise_multiplier :  9.736328125
The R-Squared value of the best-fit curve : 0.999749898528281
learning rate =  0.01
sample_rate: (min) 0.05, (max) 0.07, expected_batch_size: 247
sample_rate: (min) 0.08, (max) 0.19, expected_batch_size: 478
sample_rate: (min) 0.03, (max) 0.12, expected_batch_size: 264
sample_rate: (min) 0.03, (max) 1.0, expected_batch_size: 605
sample_rate: (min) 0.04, (max) 0.04, expected_batch_size: 157
sample_rate: (min) 0.05, (max) 0.08, expected_batch_size: 240
sample_rate: (min) 0.05, (max) 0.14, expected_batch_size: 346
sample_rate: (min) 0.03, (max) 0.03, expected_batch_size: 115
sample_rate: (min) 0.03, (max) 0.06, expected_batch_size: 164
sample_rate: (min) 0.04, (max) 0.1, expected_batch_size: 274
initial privacy cost of all clients:  [0, 0, 0, 0, 0, 0, 0, 0, 0, 0]
Round=0
Round=1
Round=2
Round=3
Round=4
Round=5
Round=6
Round=7
Round=8
Round=9
Round=10
Round=11
Round=12
Round=13
Round=14
current privacy cost of all clients:  [0.2734219659311125, 0.8496329408207246, 0.45563635867345087, 4.65127671852932, 0.1505718772789174, 0.3459849381557856, 0.6088764751254605, 0.08018205509991227, 0.2593368953115138, 0.459204484938208]
Round=14, per client global perf=[0.4167, 0.3775, 0.5637, 0.0361, 0.3564, 0.6269, 0.8027, 0.4916, 0.558, 0.7015], mean perf=9831/20016 (0.4912%)
Round=14, per client personal perf=[0.9824, 0.9716, 0.9848, 0.9783, 0.9383, 0.9826, 0.9644, 0.9841, 0.9653, 0.9868], mean perf=19495/20016 (0.9740%)
Round=14, per client personal pooled=[0.1932, 0.1989, 0.202, 0.1998, 0.1969, 0.3031, 0.1918, 0.2157, 0.2075, 0.1992], mean perf=42200/200160 (0.2108%)
Mean performance of ditto rpdp global, Perf=0.4883, seed=45
Mean performance of ditto rpdp personal, Perf=0.9722, seed=45
Mean performance of ditto rpdp pooled, Perf=0.2081, seed=45
Client 0: avg epsilon = 0.1484
Client 1: avg epsilon = 2.7197
Client 2: avg epsilon = 0.5657
Client 3: avg epsilon = 2.7592
Client 4: avg epsilon = 0.1000
Client 5: avg epsilon = 0.1527
Client 6: avg epsilon = 0.6800
Client 7: avg epsilon = 0.1000
Client 8: avg epsilon = 0.1209
Client 9: avg epsilon = 0.5345
 We run FedAvg with rPDP (BoundedMixGauss-0) ...
max_epsilon :  10.0  noise_multiplier :  9.736328125
The R-Squared value of the best-fit curve : 0.999749898528281
learning rate =  0.01
sample_rate: (min) 0.03, (max) 0.04, expected_batch_size: 129
sample_rate: (min) 0.05, (max) 0.61, expected_batch_size: 1394
sample_rate: (min) 0.03, (max) 0.17, expected_batch_size: 371
sample_rate: (min) 0.03, (max) 0.77, expected_batch_size: 1315
sample_rate: (min) 0.03, (max) 0.03, expected_batch_size: 99
sample_rate: (min) 0.03, (max) 0.05, expected_batch_size: 130
sample_rate: (min) 0.03, (max) 0.49, expected_batch_size: 412
sample_rate: (min) 0.03, (max) 0.03, expected_batch_size: 98
sample_rate: (min) 0.03, (max) 0.03, expected_batch_size: 101
sample_rate: (min) 0.03, (max) 0.16, expected_batch_size: 354
initial privacy cost of all clients:  [0, 0, 0, 0, 0, 0, 0, 0, 0, 0]
Round=0
Round=1
Round=2
Round=3
Round=4
Round=5
Round=6
Round=7
Round=8
Round=9
Round=10
Round=11
Round=12
Round=13
Round=14
current privacy cost of all clients:  [0.1228453738887237, 3.5500474671477065, 0.7051365371105033, 3.3324169844940013, 0.07843135584168298, 0.18829274433624257, 2.7721146962758922, 0.05997229379927632, 0.11748024103344672, 0.7907027823214281]
Round=14, per client global perf=[0.0819, 0.2348, 0.5681, 0.0059, 0.1713, 0.4232, 0.876, 0.0924, 0.0363, 0.376], mean perf=5732/20016 (0.2864%)
Round=14, per client personal perf=[0.9828, 0.9672, 0.9946, 0.9837, 0.9457, 0.9801, 0.9607, 0.9811, 0.9946, 0.9588], mean perf=19512/20016 (0.9748%)
Round=14, per client personal pooled=[0.2142, 0.1986, 0.1997, 0.2034, 0.1924, 0.2161, 0.1944, 0.2004, 0.192, 0.1946], mean perf=40148/200160 (0.2006%)
Mean performance of ditto rpdp global, Perf=0.3391, seed=45
Mean performance of ditto rpdp personal, Perf=0.9763, seed=45
Mean performance of ditto rpdp pooled, Perf=0.2015, seed=45
Finished seed 45
----------------------------------------
Running seed 46
/Users/shegao_t1/DP_Research/Personal_DP_Personal_FL/rpdp_fl/experiments/datasets/fed_mnist/niid_10_2way_3000shot

Client 0 label distribution:
[(5, 1996), (6, 1964)]

Client 1 label distribution:
[(7, 1995), (9, 1965)]

Client 2 label distribution:
[(0, 1983), (8, 1977)]

Client 3 label distribution:
[(2, 1954), (9, 1972)]

Client 4 label distribution:
[(2, 1973), (3, 1959)]

Client 5 label distribution:
[(4, 2007), (6, 1898)]

Client 6 label distribution:
[(4, 1761), (8, 1996)]

Client 7 label distribution:
[(0, 1989), (1, 1920)]

Client 8 label distribution:
[(1, 1984), (5, 1593)]

Client 9 label distribution:
[(3, 1988), (7, 1972)]
Client 0: avg epsilon = 0.1000
Client 1: avg epsilon = 2.8816
Client 2: avg epsilon = 0.5493
Client 3: avg epsilon = 2.5612
Client 4: avg epsilon = 0.1000
Client 5: avg epsilon = 0.1000
Client 6: avg epsilon = 0.5781
Client 7: avg epsilon = 0.1000
Client 8: avg epsilon = 0.1000
Client 9: avg epsilon = 0.5482
 We run FedAvg with rPDP (ThreeLevels-0) ...
max_epsilon :  10.0  noise_multiplier :  9.736328125
The R-Squared value of the best-fit curve : 0.999749898528281
learning rate =  0.01
sample_rate: (min) 0.03, (max) 0.03, expected_batch_size: 99
sample_rate: (min) 0.03, (max) 0.61, expected_batch_size: 1454
sample_rate: (min) 0.03, (max) 0.16, expected_batch_size: 362
sample_rate: (min) 0.03, (max) 0.61, expected_batch_size: 1245
sample_rate: (min) 0.03, (max) 0.03, expected_batch_size: 99
sample_rate: (min) 0.03, (max) 0.03, expected_batch_size: 98
sample_rate: (min) 0.03, (max) 0.16, expected_batch_size: 360
sample_rate: (min) 0.03, (max) 0.03, expected_batch_size: 98
sample_rate: (min) 0.03, (max) 0.03, expected_batch_size: 90
sample_rate: (min) 0.03, (max) 0.16, expected_batch_size: 362
initial privacy cost of all clients:  [0, 0, 0, 0, 0, 0, 0, 0, 0, 0]
Round=0
Round=1
Round=2
Round=3
Round=4
Round=5
Round=6
Round=7
Round=8
Round=9
Round=10
Round=11
Round=12
Round=13
Round=14
current privacy cost of all clients:  [0.07214729257008984, 3.8048372549984366, 0.6583580204409699, 3.554611437795162, 0.07214729257008984, 0.0777036851988212, 0.7046321452486275, 0.09280122601357536, 0.0879752932513391, 0.7046321452486275]
Round=14, per client global perf=[0.0, 0.8583, 0.5618, 0.5141, 0.039, 0.0, 0.1059, 0.434, 0.0011, 0.3588], mean perf=5829/20016 (0.2912%)
Round=14, per client personal perf=[0.9936, 0.9676, 0.9892, 0.9768, 0.9664, 0.9652, 0.9644, 0.9786, 0.994, 0.9868], mean perf=19580/20016 (0.9782%)
Round=14, per client personal pooled=[0.193, 0.1967, 0.2065, 0.199, 0.1959, 0.1932, 0.1914, 0.2004, 0.1907, 0.2091], mean perf=39553/200160 (0.1976%)
Mean performance of ditto rpdp global, Perf=0.3198, seed=46
Mean performance of ditto rpdp personal, Perf=0.9764, seed=46
Mean performance of ditto rpdp pooled, Perf=0.1971, seed=46
Client 0: avg epsilon = 0.3385
Client 1: avg epsilon = 0.7382
Client 2: avg epsilon = 0.3693
Client 3: avg epsilon = 1.0464
Client 4: avg epsilon = 0.1947
Client 5: avg epsilon = 0.3306
Client 6: avg epsilon = 0.5397
Client 7: avg epsilon = 0.1277
Client 8: avg epsilon = 0.2337
Client 9: avg epsilon = 0.3826
 We run FedAvg with rPDP (BoundedPareto-0) ...
max_epsilon :  10.0  noise_multiplier :  9.736328125
The R-Squared value of the best-fit curve : 0.999749898528281
learning rate =  0.01
sample_rate: (min) 0.05, (max) 0.07, expected_batch_size: 245
sample_rate: (min) 0.08, (max) 0.19, expected_batch_size: 476
sample_rate: (min) 0.03, (max) 0.11, expected_batch_size: 261
sample_rate: (min) 0.03, (max) 1.0, expected_batch_size: 609
sample_rate: (min) 0.04, (max) 0.04, expected_batch_size: 157
sample_rate: (min) 0.05, (max) 0.08, expected_batch_size: 237
sample_rate: (min) 0.05, (max) 0.14, expected_batch_size: 344
sample_rate: (min) 0.03, (max) 0.03, expected_batch_size: 115
sample_rate: (min) 0.03, (max) 0.06, expected_batch_size: 164
sample_rate: (min) 0.04, (max) 0.1, expected_batch_size: 271
initial privacy cost of all clients:  [0, 0, 0, 0, 0, 0, 0, 0, 0, 0]
Round=0
Round=1
Round=2
Round=3
Round=4
Round=5
Round=6
Round=7
Round=8
Round=9
Round=10
Round=11
Round=12
Round=13
Round=14
current privacy cost of all clients:  [0.25079682047850677, 0.9122037251308232, 0.44996267231344056, 6.803447050009791, 0.13958018947250211, 0.3027474917788089, 0.6097937903188453, 0.12351557766073824, 0.27143209625635345, 0.4019992928862715]
Round=14, per client global perf=[0.0132, 0.7784, 0.8176, 0.6851, 0.3065, 0.0025, 0.3724, 0.4404, 0.0108, 0.3681], mean perf=7674/20016 (0.3834%)
Round=14, per client personal perf=[0.7853, 0.9544, 0.9858, 0.9807, 0.9724, 0.9742, 0.9664, 0.9846, 0.981, 0.9525], mean perf=19081/20016 (0.9533%)
Round=14, per client personal pooled=[0.1556, 0.1937, 0.1986, 0.2005, 0.214, 0.2466, 0.1927, 0.2438, 0.1884, 0.1965], mean perf=40641/200160 (0.2030%)
Mean performance of ditto rpdp global, Perf=0.3502, seed=46
Mean performance of ditto rpdp personal, Perf=0.9686, seed=46
Mean performance of ditto rpdp pooled, Perf=0.2031, seed=46
Client 0: avg epsilon = 0.1470
Client 1: avg epsilon = 2.5523
Client 2: avg epsilon = 0.5617
Client 3: avg epsilon = 2.7595
Client 4: avg epsilon = 0.1000
Client 5: avg epsilon = 0.1492
Client 6: avg epsilon = 0.6493
Client 7: avg epsilon = 0.1000
Client 8: avg epsilon = 0.1202
Client 9: avg epsilon = 0.5299
 We run FedAvg with rPDP (BoundedMixGauss-0) ...
max_epsilon :  10.0  noise_multiplier :  9.736328125
The R-Squared value of the best-fit curve : 0.999749898528281
learning rate =  0.01
sample_rate: (min) 0.03, (max) 0.04, expected_batch_size: 128
sample_rate: (min) 0.04, (max) 0.6, expected_batch_size: 1316
sample_rate: (min) 0.03, (max) 0.17, expected_batch_size: 369
sample_rate: (min) 0.03, (max) 0.75, expected_batch_size: 1315
sample_rate: (min) 0.03, (max) 0.03, expected_batch_size: 99
sample_rate: (min) 0.03, (max) 0.04, expected_batch_size: 128
sample_rate: (min) 0.03, (max) 0.19, expected_batch_size: 397
sample_rate: (min) 0.03, (max) 0.03, expected_batch_size: 98
sample_rate: (min) 0.03, (max) 0.03, expected_batch_size: 101
sample_rate: (min) 0.03, (max) 0.16, expected_batch_size: 352
initial privacy cost of all clients:  [0, 0, 0, 0, 0, 0, 0, 0, 0, 0]
Round=0
Round=1
Round=2
Round=3
Round=4
Round=5
Round=6
Round=7
Round=8
Round=9
Round=10
Round=11
Round=12
Round=13
Round=14
current privacy cost of all clients:  [0.11255629253084441, 3.7840682892999693, 0.6984894096524226, 4.699892211236226, 0.07217052326793813, 0.15008424402015133, 0.8663651952270777, 0.09280122601357536, 0.12357141377301965, 0.6997669219387922]
Round=14, per client global perf=[0.0, 0.8588, 0.6657, 0.5843, 0.1278, 0.0, 0.2221, 0.433, 0.0011, 0.3799], mean perf=6630/20016 (0.3312%)
Round=14, per client personal perf=[0.9843, 0.975, 0.9907, 0.9871, 0.963, 0.9717, 0.9561, 0.9836, 0.9973, 0.9848], mean perf=19602/20016 (0.9793%)
Round=14, per client personal pooled=[0.2265, 0.1986, 0.2132, 0.2036, 0.1962, 0.2005, 0.1904, 0.2006, 0.1928, 0.2033], mean perf=40547/200160 (0.2026%)
Mean performance of ditto rpdp global, Perf=0.3395, seed=46
Mean performance of ditto rpdp personal, Perf=0.9653, seed=46
Mean performance of ditto rpdp pooled, Perf=0.1968, seed=46
Finished seed 46
----------------------------------------
=== Running reg_param=1.0, num_steps=15 ===
Running seed 42
/Users/shegao_t1/DP_Research/Personal_DP_Personal_FL/rpdp_fl/experiments/datasets/fed_mnist/niid_10_2way_3000shot

Client 0 label distribution:
[(5, 1996), (6, 1964)]

Client 1 label distribution:
[(7, 1995), (9, 1965)]

Client 2 label distribution:
[(0, 1983), (8, 1977)]

Client 3 label distribution:
[(2, 1954), (9, 1972)]

Client 4 label distribution:
[(2, 1973), (3, 1959)]

Client 5 label distribution:
[(4, 2007), (6, 1898)]

Client 6 label distribution:
[(4, 1761), (8, 1996)]

Client 7 label distribution:
[(0, 1989), (1, 1920)]

Client 8 label distribution:
[(1, 1984), (5, 1593)]

Client 9 label distribution:
[(3, 1988), (7, 1972)]
Client 0: avg epsilon = 0.1000
Client 1: avg epsilon = 2.8816
Client 2: avg epsilon = 0.5493
Client 3: avg epsilon = 2.5612
Client 4: avg epsilon = 0.1000
Client 5: avg epsilon = 0.1000
Client 6: avg epsilon = 0.5781
Client 7: avg epsilon = 0.1000
Client 8: avg epsilon = 0.1000
Client 9: avg epsilon = 0.5482
 We run FedAvg with rPDP (ThreeLevels-0) ...
max_epsilon :  10.0  noise_multiplier :  9.736328125
The R-Squared value of the best-fit curve : 0.999749898528281
learning rate =  0.01
sample_rate: (min) 0.03, (max) 0.03, expected_batch_size: 99
sample_rate: (min) 0.03, (max) 0.61, expected_batch_size: 1454
sample_rate: (min) 0.03, (max) 0.16, expected_batch_size: 362
sample_rate: (min) 0.03, (max) 0.61, expected_batch_size: 1245
sample_rate: (min) 0.03, (max) 0.03, expected_batch_size: 99
sample_rate: (min) 0.03, (max) 0.03, expected_batch_size: 98
sample_rate: (min) 0.03, (max) 0.16, expected_batch_size: 360
sample_rate: (min) 0.03, (max) 0.03, expected_batch_size: 98
sample_rate: (min) 0.03, (max) 0.03, expected_batch_size: 90
sample_rate: (min) 0.03, (max) 0.16, expected_batch_size: 362
initial privacy cost of all clients:  [0, 0, 0, 0, 0, 0, 0, 0, 0, 0]
Round=0
Round=1
Round=2
Round=3
Round=4
Round=5
Round=6
Round=7
Round=8
Round=9
Round=10
Round=11
Round=12
Round=13
Round=14
current privacy cost of all clients:  [0.0777036851988212, 3.554611437795162, 0.5558558712260362, 3.3043856205918876, 0.08299634815037049, 0.0777036851988212, 0.7482516858029494, 0.0879752932513391, 0.09280122601357536, 0.6093162705378211]
Round=14, per client global perf=[0.549, 0.4657, 0.0377, 0.0104, 0.3643, 0.4014, 0.0692, 0.3987, 0.6209, 0.8417], mean perf=7513/20016 (0.3753%)
Round=14, per client personal perf=[0.9657, 0.9098, 0.9809, 0.9486, 0.8692, 0.9523, 0.892, 0.9811, 0.9886, 0.9328], mean perf=18853/20016 (0.9419%)
Round=14, per client personal pooled=[0.2027, 0.1856, 0.2486, 0.2523, 0.2214, 0.251, 0.1771, 0.2565, 0.1952, 0.19], mean perf=43641/200160 (0.2180%)
Mean performance of ditto rpdp global, Perf=0.3445, seed=42
Mean performance of ditto rpdp personal, Perf=0.9368, seed=42
Mean performance of ditto rpdp pooled, Perf=0.2208, seed=42
Client 0: avg epsilon = 0.3394
Client 1: avg epsilon = 0.7403
Client 2: avg epsilon = 0.3718
Client 3: avg epsilon = 1.0341
Client 4: avg epsilon = 0.1952
Client 5: avg epsilon = 0.3320
Client 6: avg epsilon = 0.5426
Client 7: avg epsilon = 0.1272
Client 8: avg epsilon = 0.2339
Client 9: avg epsilon = 0.3847
 We run FedAvg with rPDP (BoundedPareto-0) ...
max_epsilon :  10.0  noise_multiplier :  9.736328125
The R-Squared value of the best-fit curve : 0.999749898528281
learning rate =  0.01
sample_rate: (min) 0.05, (max) 0.07, expected_batch_size: 246
sample_rate: (min) 0.08, (max) 0.19, expected_batch_size: 478
sample_rate: (min) 0.03, (max) 0.12, expected_batch_size: 262
sample_rate: (min) 0.03, (max) 0.98, expected_batch_size: 604
sample_rate: (min) 0.04, (max) 0.04, expected_batch_size: 157
sample_rate: (min) 0.05, (max) 0.08, expected_batch_size: 238
sample_rate: (min) 0.05, (max) 0.14, expected_batch_size: 345
sample_rate: (min) 0.03, (max) 0.03, expected_batch_size: 115
sample_rate: (min) 0.03, (max) 0.06, expected_batch_size: 164
sample_rate: (min) 0.04, (max) 0.1, expected_batch_size: 272
initial privacy cost of all clients:  [0, 0, 0, 0, 0, 0, 0, 0, 0, 0]
Round=0
Round=1
Round=2
Round=3
Round=4
Round=5
Round=6
Round=7
Round=8
Round=9
Round=10
Round=11
Round=12
Round=13
Round=14
current privacy cost of all clients:  [0.2708323864883786, 0.8540737692761711, 0.38128025560790973, 6.0748074655109106, 0.16019017623493748, 0.3040402155953894, 0.6468345354434932, 0.11696328180044625, 0.2864418954362965, 0.349925282462024]
Round=14, per client global perf=[0.3721, 0.4333, 0.0471, 0.2002, 0.4847, 0.7124, 0.4571, 0.4106, 0.5385, 0.6912], mean perf=8675/20016 (0.4334%)
Round=14, per client personal perf=[0.9814, 0.9382, 0.8745, 0.9501, 0.8944, 0.7526, 0.9323, 0.9374, 0.9745, 0.9431], mean perf=18363/20016 (0.9174%)
Round=14, per client personal pooled=[0.2182, 0.3106, 0.2256, 0.2411, 0.1897, 0.2717, 0.289, 0.208, 0.2741, 0.279], mean perf=50180/200160 (0.2507%)
Mean performance of ditto rpdp global, Perf=0.3837, seed=42
Mean performance of ditto rpdp personal, Perf=0.9349, seed=42
Mean performance of ditto rpdp pooled, Perf=0.2535, seed=42
Client 0: avg epsilon = 0.1475
Client 1: avg epsilon = 2.5575
Client 2: avg epsilon = 0.5619
Client 3: avg epsilon = 2.7494
Client 4: avg epsilon = 0.1000
Client 5: avg epsilon = 0.1501
Client 6: avg epsilon = 0.6492
Client 7: avg epsilon = 0.1000
Client 8: avg epsilon = 0.1205
Client 9: avg epsilon = 0.5308
 We run FedAvg with rPDP (BoundedMixGauss-0) ...
max_epsilon :  10.0  noise_multiplier :  9.736328125
The R-Squared value of the best-fit curve : 0.999749898528281
learning rate =  0.01
sample_rate: (min) 0.03, (max) 0.04, expected_batch_size: 129
sample_rate: (min) 0.04, (max) 0.6, expected_batch_size: 1319
sample_rate: (min) 0.03, (max) 0.17, expected_batch_size: 369
sample_rate: (min) 0.03, (max) 0.79, expected_batch_size: 1311
sample_rate: (min) 0.03, (max) 0.03, expected_batch_size: 99
sample_rate: (min) 0.03, (max) 0.04, expected_batch_size: 129
sample_rate: (min) 0.03, (max) 0.19, expected_batch_size: 397
sample_rate: (min) 0.03, (max) 0.03, expected_batch_size: 98
sample_rate: (min) 0.03, (max) 0.03, expected_batch_size: 101
sample_rate: (min) 0.03, (max) 0.16, expected_batch_size: 352
initial privacy cost of all clients:  [0, 0, 0, 0, 0, 0, 0, 0, 0, 0]
Round=0
Round=1
Round=2
Round=3
Round=4
Round=5
Round=6
Round=7
Round=8
Round=9
Round=10
Round=11
Round=12
Round=13
Round=14
current privacy cost of all clients:  [0.12172556056862104, 3.5303696928939345, 0.5909771225250234, 4.677926050365698, 0.08352205379363559, 0.15029524279357093, 0.9137356376429576, 0.0879752932513391, 0.13049532099934139, 0.6050251440761018]
Round=14, per client global perf=[0.3461, 0.4152, 0.1534, 0.0089, 0.0538, 0.228, 0.3233, 0.2329, 0.5255, 0.4681], mean perf=5471/20016 (0.2733%)
Round=14, per client personal perf=[0.9686, 0.9529, 0.9613, 0.9723, 0.9334, 0.9647, 0.9411, 0.9578, 0.987, 0.9265], mean perf=19142/20016 (0.9563%)
Round=14, per client personal pooled=[0.1974, 0.196, 0.2349, 0.2149, 0.2023, 0.2104, 0.291, 0.1996, 0.202, 0.1917], mean perf=42837/200160 (0.2140%)
Mean performance of ditto rpdp global, Perf=0.2947, seed=42
Mean performance of ditto rpdp personal, Perf=0.9429, seed=42
Mean performance of ditto rpdp pooled, Perf=0.2182, seed=42
Finished seed 42
----------------------------------------
Running seed 43
/Users/shegao_t1/DP_Research/Personal_DP_Personal_FL/rpdp_fl/experiments/datasets/fed_mnist/niid_10_2way_3000shot

Client 0 label distribution:
[(5, 1996), (6, 1964)]

Client 1 label distribution:
[(7, 1995), (9, 1965)]

Client 2 label distribution:
[(0, 1983), (8, 1977)]

Client 3 label distribution:
[(2, 1954), (9, 1972)]

Client 4 label distribution:
[(2, 1973), (3, 1959)]

Client 5 label distribution:
[(4, 2007), (6, 1898)]

Client 6 label distribution:
[(4, 1761), (8, 1996)]

Client 7 label distribution:
[(0, 1989), (1, 1920)]

Client 8 label distribution:
[(1, 1984), (5, 1593)]

Client 9 label distribution:
[(3, 1988), (7, 1972)]
Client 0: avg epsilon = 0.1000
Client 1: avg epsilon = 2.8816
Client 2: avg epsilon = 0.5493
Client 3: avg epsilon = 2.5612
Client 4: avg epsilon = 0.1000
Client 5: avg epsilon = 0.1000
Client 6: avg epsilon = 0.5781
Client 7: avg epsilon = 0.1000
Client 8: avg epsilon = 0.1000
Client 9: avg epsilon = 0.5482
 We run FedAvg with rPDP (ThreeLevels-0) ...
max_epsilon :  10.0  noise_multiplier :  9.736328125
The R-Squared value of the best-fit curve : 0.999749898528281
learning rate =  0.01
sample_rate: (min) 0.03, (max) 0.03, expected_batch_size: 99
sample_rate: (min) 0.03, (max) 0.61, expected_batch_size: 1454
sample_rate: (min) 0.03, (max) 0.16, expected_batch_size: 362
sample_rate: (min) 0.03, (max) 0.61, expected_batch_size: 1245
sample_rate: (min) 0.03, (max) 0.03, expected_batch_size: 99
sample_rate: (min) 0.03, (max) 0.03, expected_batch_size: 98
sample_rate: (min) 0.03, (max) 0.16, expected_batch_size: 360
sample_rate: (min) 0.03, (max) 0.03, expected_batch_size: 98
sample_rate: (min) 0.03, (max) 0.03, expected_batch_size: 90
sample_rate: (min) 0.03, (max) 0.16, expected_batch_size: 362
initial privacy cost of all clients:  [0, 0, 0, 0, 0, 0, 0, 0, 0, 0]
Round=0
Round=1
Round=2
Round=3
Round=4
Round=5
Round=6
Round=7
Round=8
Round=9
Round=10
Round=11
Round=12
Round=13
Round=14
current privacy cost of all clients:  [0.08299634815037049, 3.554611437795162, 0.6583580204409699, 3.8048372549984366, 0.05997229379927632, 0.0777036851988212, 0.6093162705378211, 0.04533992744859791, 0.06629602355155903, 0.7915678459669535]
Round=14, per client global perf=[0.3191, 0.9196, 0.427, 0.4988, 0.0188, 0.3274, 0.0, 0.5382, 0.1372, 0.4382], mean perf=7335/20016 (0.3665%)
Round=14, per client personal perf=[0.976, 0.9657, 0.9686, 0.9753, 0.9136, 0.9742, 0.954, 0.9652, 0.9848, 0.9627], mean perf=19293/20016 (0.9639%)
Round=14, per client personal pooled=[0.2018, 0.1977, 0.2633, 0.2314, 0.216, 0.2727, 0.2457, 0.2376, 0.2632, 0.1942], mean perf=46511/200160 (0.2324%)
Mean performance of ditto rpdp global, Perf=0.2923, seed=43
Mean performance of ditto rpdp personal, Perf=0.9612, seed=43
Mean performance of ditto rpdp pooled, Perf=0.2300, seed=43
Client 0: avg epsilon = 0.3422
Client 1: avg epsilon = 0.7440
Client 2: avg epsilon = 0.3733
Client 3: avg epsilon = 1.0550
Client 4: avg epsilon = 0.1984
Client 5: avg epsilon = 0.3346
Client 6: avg epsilon = 0.5446
Client 7: avg epsilon = 0.1280
Client 8: avg epsilon = 0.2357
Client 9: avg epsilon = 0.3885
 We run FedAvg with rPDP (BoundedPareto-0) ...
max_epsilon :  10.0  noise_multiplier :  9.736328125
The R-Squared value of the best-fit curve : 0.999749898528281
learning rate =  0.01
sample_rate: (min) 0.06, (max) 0.07, expected_batch_size: 247
sample_rate: (min) 0.08, (max) 0.19, expected_batch_size: 480
sample_rate: (min) 0.03, (max) 0.12, expected_batch_size: 263
sample_rate: (min) 0.03, (max) 1.0, expected_batch_size: 613
sample_rate: (min) 0.04, (max) 0.04, expected_batch_size: 159
sample_rate: (min) 0.05, (max) 0.08, expected_batch_size: 239
sample_rate: (min) 0.05, (max) 0.14, expected_batch_size: 346
sample_rate: (min) 0.03, (max) 0.03, expected_batch_size: 115
sample_rate: (min) 0.03, (max) 0.06, expected_batch_size: 165
sample_rate: (min) 0.04, (max) 0.1, expected_batch_size: 274
initial privacy cost of all clients:  [0, 0, 0, 0, 0, 0, 0, 0, 0, 0]
Round=0
Round=1
Round=2
Round=3
Round=4
Round=5
Round=6
Round=7
Round=8
Round=9
Round=10
Round=11
Round=12
Round=13
Round=14
current privacy cost of all clients:  [0.2897700369095664, 0.8554656094904252, 0.4542599881316137, 7.341489632879909, 0.11916502206487452, 0.30613051230988353, 0.529486572881692, 0.061547506010356044, 0.210318774210376, 0.4587832950902705]
Round=14, per client global perf=[0.4789, 0.8181, 0.4593, 0.4464, 0.0183, 0.4824, 0.0026, 0.4722, 0.0103, 0.3863], mean perf=7257/20016 (0.3626%)
Round=14, per client personal perf=[0.9706, 0.9588, 0.977, 0.9787, 0.8889, 0.9776, 0.9013, 0.9573, 0.9604, 0.9603], mean perf=19081/20016 (0.9533%)
Round=14, per client personal pooled=[0.2538, 0.2576, 0.2452, 0.2358, 0.2348, 0.2853, 0.2519, 0.2915, 0.2628, 0.2716], mean perf=51846/200160 (0.2590%)
Mean performance of ditto rpdp global, Perf=0.3267, seed=43
Mean performance of ditto rpdp personal, Perf=0.9462, seed=43
Mean performance of ditto rpdp pooled, Perf=0.2485, seed=43
Client 0: avg epsilon = 0.1488
Client 1: avg epsilon = 2.7091
Client 2: avg epsilon = 0.5659
Client 3: avg epsilon = 2.7560
Client 4: avg epsilon = 0.1000
Client 5: avg epsilon = 0.1535
Client 6: avg epsilon = 0.6579
Client 7: avg epsilon = 0.1000
Client 8: avg epsilon = 0.1210
Client 9: avg epsilon = 0.5351
 We run FedAvg with rPDP (BoundedMixGauss-0) ...
max_epsilon :  10.0  noise_multiplier :  9.736328125
The R-Squared value of the best-fit curve : 0.999749898528281
learning rate =  0.01
sample_rate: (min) 0.03, (max) 0.04, expected_batch_size: 130
sample_rate: (min) 0.05, (max) 0.6, expected_batch_size: 1391
sample_rate: (min) 0.03, (max) 0.17, expected_batch_size: 371
sample_rate: (min) 0.03, (max) 0.75, expected_batch_size: 1314
sample_rate: (min) 0.03, (max) 0.03, expected_batch_size: 99
sample_rate: (min) 0.03, (max) 0.05, expected_batch_size: 131
sample_rate: (min) 0.03, (max) 0.2, expected_batch_size: 402
sample_rate: (min) 0.03, (max) 0.03, expected_batch_size: 98
sample_rate: (min) 0.03, (max) 0.03, expected_batch_size: 101
sample_rate: (min) 0.03, (max) 0.16, expected_batch_size: 354
initial privacy cost of all clients:  [0, 0, 0, 0, 0, 0, 0, 0, 0, 0]
Round=0
Round=1
Round=2
Round=3
Round=4
Round=5
Round=6
Round=7
Round=8
Round=9
Round=10
Round=11
Round=12
Round=13
Round=14
current privacy cost of all clients:  [0.13107709906834628, 3.54017094327906, 0.7044507055018924, 4.965375462186012, 0.060483653964017496, 0.17107574497199254, 0.8273215395363687, 0.04533992744859791, 0.09443738242059632, 0.7918575912032448]
Round=14, per client global perf=[0.45, 0.924, 0.4275, 0.5195, 0.0217, 0.457, 0.0, 0.497, 0.0841, 0.4373], mean perf=7738/20016 (0.3866%)
Round=14, per client personal perf=[0.9377, 0.9569, 0.9627, 0.9407, 0.9102, 0.9488, 0.952, 0.6698, 0.9696, 0.8941], mean perf=18290/20016 (0.9138%)
Round=14, per client personal pooled=[0.211, 0.1951, 0.2593, 0.1975, 0.2371, 0.2614, 0.2179, 0.2029, 0.298, 0.1877], mean perf=45397/200160 (0.2268%)
Mean performance of ditto rpdp global, Perf=0.3173, seed=43
Mean performance of ditto rpdp personal, Perf=0.9387, seed=43
Mean performance of ditto rpdp pooled, Perf=0.2293, seed=43
Finished seed 43
----------------------------------------
Running seed 44
/Users/shegao_t1/DP_Research/Personal_DP_Personal_FL/rpdp_fl/experiments/datasets/fed_mnist/niid_10_2way_3000shot

Client 0 label distribution:
[(5, 1996), (6, 1964)]

Client 1 label distribution:
[(7, 1995), (9, 1965)]

Client 2 label distribution:
[(0, 1983), (8, 1977)]

Client 3 label distribution:
[(2, 1954), (9, 1972)]

Client 4 label distribution:
[(2, 1973), (3, 1959)]

Client 5 label distribution:
[(4, 2007), (6, 1898)]

Client 6 label distribution:
[(4, 1761), (8, 1996)]

Client 7 label distribution:
[(0, 1989), (1, 1920)]

Client 8 label distribution:
[(1, 1984), (5, 1593)]

Client 9 label distribution:
[(3, 1988), (7, 1972)]
Client 0: avg epsilon = 0.1000
Client 1: avg epsilon = 2.8816
Client 2: avg epsilon = 0.5493
Client 3: avg epsilon = 2.5612
Client 4: avg epsilon = 0.1000
Client 5: avg epsilon = 0.1000
Client 6: avg epsilon = 0.5781
Client 7: avg epsilon = 0.1000
Client 8: avg epsilon = 0.1000
Client 9: avg epsilon = 0.5482
 We run FedAvg with rPDP (ThreeLevels-0) ...
max_epsilon :  10.0  noise_multiplier :  9.736328125
The R-Squared value of the best-fit curve : 0.999749898528281
learning rate =  0.01
sample_rate: (min) 0.03, (max) 0.03, expected_batch_size: 99
sample_rate: (min) 0.03, (max) 0.61, expected_batch_size: 1454
sample_rate: (min) 0.03, (max) 0.16, expected_batch_size: 362
sample_rate: (min) 0.03, (max) 0.61, expected_batch_size: 1245
sample_rate: (min) 0.03, (max) 0.03, expected_batch_size: 99
sample_rate: (min) 0.03, (max) 0.03, expected_batch_size: 98
sample_rate: (min) 0.03, (max) 0.16, expected_batch_size: 360
sample_rate: (min) 0.03, (max) 0.03, expected_batch_size: 98
sample_rate: (min) 0.03, (max) 0.03, expected_batch_size: 90
sample_rate: (min) 0.03, (max) 0.16, expected_batch_size: 362
initial privacy cost of all clients:  [0, 0, 0, 0, 0, 0, 0, 0, 0, 0]
Round=0
Round=1
Round=2
Round=3
Round=4
Round=5
Round=6
Round=7
Round=8
Round=9
Round=10
Round=11
Round=12
Round=13
Round=14
current privacy cost of all clients:  [0.08299634815037049, 4.510367153745826, 0.7482516858029494, 2.1521425035466386, 0.09280122601357536, 0.06629602355155903, 0.5558558712260362, 0.06629602355155903, 0.05997229379927632, 0.7046321452486275]
Round=14, per client global perf=[0.0, 0.9275, 0.4363, 0.476, 0.0326, 0.0, 0.4272, 0.0228, 0.0201, 0.4662], mean perf=5672/20016 (0.2834%)
Round=14, per client personal perf=[0.9775, 0.9387, 0.9863, 0.9575, 0.9344, 0.93, 0.9313, 0.9841, 0.9859, 0.952], mean perf=19168/20016 (0.9576%)
Round=14, per client personal pooled=[0.2375, 0.2381, 0.2621, 0.2338, 0.2207, 0.1877, 0.3084, 0.1998, 0.2503, 0.207], mean perf=46948/200160 (0.2346%)
Mean performance of ditto rpdp global, Perf=0.3443, seed=44
Mean performance of ditto rpdp personal, Perf=0.9486, seed=44
Mean performance of ditto rpdp pooled, Perf=0.2278, seed=44
Client 0: avg epsilon = 0.3392
Client 1: avg epsilon = 0.7494
Client 2: avg epsilon = 0.3757
Client 3: avg epsilon = 1.0420
Client 4: avg epsilon = 0.1945
Client 5: avg epsilon = 0.3332
Client 6: avg epsilon = 0.5452
Client 7: avg epsilon = 0.1271
Client 8: avg epsilon = 0.2330
Client 9: avg epsilon = 0.3875
 We run FedAvg with rPDP (BoundedPareto-0) ...
max_epsilon :  10.0  noise_multiplier :  9.736328125
The R-Squared value of the best-fit curve : 0.999749898528281
learning rate =  0.01
sample_rate: (min) 0.05, (max) 0.07, expected_batch_size: 246
sample_rate: (min) 0.08, (max) 0.19, expected_batch_size: 483
sample_rate: (min) 0.03, (max) 0.12, expected_batch_size: 265
sample_rate: (min) 0.03, (max) 1.0, expected_batch_size: 608
sample_rate: (min) 0.04, (max) 0.04, expected_batch_size: 157
sample_rate: (min) 0.05, (max) 0.08, expected_batch_size: 238
sample_rate: (min) 0.05, (max) 0.14, expected_batch_size: 347
sample_rate: (min) 0.03, (max) 0.03, expected_batch_size: 115
sample_rate: (min) 0.03, (max) 0.06, expected_batch_size: 163
sample_rate: (min) 0.04, (max) 0.1, expected_batch_size: 274
initial privacy cost of all clients:  [0, 0, 0, 0, 0, 0, 0, 0, 0, 0]
Round=0
Round=1
Round=2
Round=3
Round=4
Round=5
Round=6
Round=7
Round=8
Round=9
Round=10
Round=11
Round=12
Round=13
Round=14
current privacy cost of all clients:  [0.2893732544554233, 1.0695406285632225, 0.5195432324157971, 4.065705449544012, 0.17813101208369886, 0.2639126927938433, 0.48631807442847724, 0.08846754820483427, 0.1892981066982835, 0.40888933507194186]
Round=14, per client global perf=[0.0083, 0.5799, 0.4373, 0.1186, 0.1876, 0.0467, 0.4478, 0.0283, 0.0, 0.652], mean perf=5060/20016 (0.2528%)
Round=14, per client personal perf=[0.9598, 0.9402, 0.9132, 0.9031, 0.9432, 0.9523, 0.9556, 0.9801, 0.9843, 0.9608], mean perf=18993/20016 (0.9489%)
Round=14, per client personal pooled=[0.2053, 0.2532, 0.2119, 0.2458, 0.3957, 0.2633, 0.2984, 0.2302, 0.1995, 0.2795], mean perf=51700/200160 (0.2583%)
Mean performance of ditto rpdp global, Perf=0.3625, seed=44
Mean performance of ditto rpdp personal, Perf=0.9494, seed=44
Mean performance of ditto rpdp pooled, Perf=0.2426, seed=44
Client 0: avg epsilon = 0.1475
Client 1: avg epsilon = 2.6723
Client 2: avg epsilon = 0.5628
Client 3: avg epsilon = 2.7567
Client 4: avg epsilon = 0.1000
Client 5: avg epsilon = 0.1501
Client 6: avg epsilon = 0.6551
Client 7: avg epsilon = 0.1000
Client 8: avg epsilon = 0.1205
Client 9: avg epsilon = 0.5315
 We run FedAvg with rPDP (BoundedMixGauss-0) ...
max_epsilon :  10.0  noise_multiplier :  9.736328125
The R-Squared value of the best-fit curve : 0.999749898528281
learning rate =  0.01
sample_rate: (min) 0.03, (max) 0.04, expected_batch_size: 129
sample_rate: (min) 0.04, (max) 0.61, expected_batch_size: 1370
sample_rate: (min) 0.03, (max) 0.17, expected_batch_size: 370
sample_rate: (min) 0.03, (max) 0.77, expected_batch_size: 1314
sample_rate: (min) 0.03, (max) 0.03, expected_batch_size: 99
sample_rate: (min) 0.03, (max) 0.04, expected_batch_size: 129
sample_rate: (min) 0.03, (max) 0.22, expected_batch_size: 400
sample_rate: (min) 0.03, (max) 0.03, expected_batch_size: 98
sample_rate: (min) 0.03, (max) 0.03, expected_batch_size: 101
sample_rate: (min) 0.03, (max) 0.16, expected_batch_size: 353
initial privacy cost of all clients:  [0, 0, 0, 0, 0, 0, 0, 0, 0, 0]
Round=0
Round=1
Round=2
Round=3
Round=4
Round=5
Round=6
Round=7
Round=8
Round=9
Round=10
Round=11
Round=12
Round=13
Round=14
current privacy cost of all clients:  [0.12949311458056192, 4.500171165228081, 0.7981019908203113, 2.867614688859706, 0.09329220854604373, 0.13066890902589304, 0.813224908404701, 0.06629602355155903, 0.08496160334862189, 0.7005096248680255]
Round=14, per client global perf=[0.0, 0.898, 0.4686, 0.4913, 0.0429, 0.0, 0.437, 0.1668, 0.1318, 0.448], mean perf=6208/20016 (0.3102%)
Round=14, per client personal perf=[0.9515, 0.9015, 0.9902, 0.8927, 0.9324, 0.9617, 0.9582, 0.9697, 0.9821, 0.9328], mean perf=18953/20016 (0.9469%)
Round=14, per client personal pooled=[0.2369, 0.2346, 0.2594, 0.2372, 0.2368, 0.2393, 0.3155, 0.2022, 0.2424, 0.198], mean perf=48082/200160 (0.2402%)
Mean performance of ditto rpdp global, Perf=0.3513, seed=44
Mean performance of ditto rpdp personal, Perf=0.9487, seed=44
Mean performance of ditto rpdp pooled, Perf=0.2327, seed=44
Finished seed 44
----------------------------------------
Running seed 45
/Users/shegao_t1/DP_Research/Personal_DP_Personal_FL/rpdp_fl/experiments/datasets/fed_mnist/niid_10_2way_3000shot

Client 0 label distribution:
[(5, 1996), (6, 1964)]

Client 1 label distribution:
[(7, 1995), (9, 1965)]

Client 2 label distribution:
[(0, 1983), (8, 1977)]

Client 3 label distribution:
[(2, 1954), (9, 1972)]

Client 4 label distribution:
[(2, 1973), (3, 1959)]

Client 5 label distribution:
[(4, 2007), (6, 1898)]

Client 6 label distribution:
[(4, 1761), (8, 1996)]

Client 7 label distribution:
[(0, 1989), (1, 1920)]

Client 8 label distribution:
[(1, 1984), (5, 1593)]

Client 9 label distribution:
[(3, 1988), (7, 1972)]
Client 0: avg epsilon = 0.1000
Client 1: avg epsilon = 2.8816
Client 2: avg epsilon = 0.5493
Client 3: avg epsilon = 2.5612
Client 4: avg epsilon = 0.1000
Client 5: avg epsilon = 0.1000
Client 6: avg epsilon = 0.5781
Client 7: avg epsilon = 0.1000
Client 8: avg epsilon = 0.1000
Client 9: avg epsilon = 0.5482
 We run FedAvg with rPDP (ThreeLevels-0) ...
max_epsilon :  10.0  noise_multiplier :  9.736328125
The R-Squared value of the best-fit curve : 0.999749898528281
learning rate =  0.01
sample_rate: (min) 0.03, (max) 0.03, expected_batch_size: 99
sample_rate: (min) 0.03, (max) 0.61, expected_batch_size: 1454
sample_rate: (min) 0.03, (max) 0.16, expected_batch_size: 362
sample_rate: (min) 0.03, (max) 0.61, expected_batch_size: 1245
sample_rate: (min) 0.03, (max) 0.03, expected_batch_size: 99
sample_rate: (min) 0.03, (max) 0.03, expected_batch_size: 98
sample_rate: (min) 0.03, (max) 0.16, expected_batch_size: 360
sample_rate: (min) 0.03, (max) 0.03, expected_batch_size: 98
sample_rate: (min) 0.03, (max) 0.03, expected_batch_size: 90
sample_rate: (min) 0.03, (max) 0.16, expected_batch_size: 362
initial privacy cost of all clients:  [0, 0, 0, 0, 0, 0, 0, 0, 0, 0]
Round=0
Round=1
Round=2
Round=3
Round=4
Round=5
Round=6
Round=7
Round=8
Round=9
Round=10
Round=11
Round=12
Round=13
Round=14
current privacy cost of all clients:  [0.0777036851988212, 3.554611437795162, 0.6583580204409699, 2.502378074621252, 0.0777036851988212, 0.0879752932513391, 0.7046321452486275, 0.05997229379927632, 0.08299634815037049, 0.7915678459669535]
Round=14, per client global perf=[0.0583, 0.2838, 0.5025, 0.0188, 0.078, 0.3522, 0.8383, 0.0338, 0.0672, 0.3167], mean perf=5089/20016 (0.2542%)
Round=14, per client personal perf=[0.9485, 0.9397, 0.9716, 0.9496, 0.9255, 0.9722, 0.9349, 0.9801, 0.9837, 0.9691], mean perf=19162/20016 (0.9573%)
Round=14, per client personal pooled=[0.2007, 0.2165, 0.2724, 0.2384, 0.2578, 0.2901, 0.282, 0.2489, 0.2688, 0.1997], mean perf=49544/200160 (0.2475%)
Mean performance of ditto rpdp global, Perf=0.3029, seed=45
Mean performance of ditto rpdp personal, Perf=0.9545, seed=45
Mean performance of ditto rpdp pooled, Perf=0.2354, seed=45
Client 0: avg epsilon = 0.3410
Client 1: avg epsilon = 0.7416
Client 2: avg epsilon = 0.3744
Client 3: avg epsilon = 1.0395
Client 4: avg epsilon = 0.1950
Client 5: avg epsilon = 0.3350
Client 6: avg epsilon = 0.5440
Client 7: avg epsilon = 0.1271
Client 8: avg epsilon = 0.2343
Client 9: avg epsilon = 0.3879
 We run FedAvg with rPDP (BoundedPareto-0) ...
max_epsilon :  10.0  noise_multiplier :  9.736328125
The R-Squared value of the best-fit curve : 0.999749898528281
learning rate =  0.01
sample_rate: (min) 0.05, (max) 0.07, expected_batch_size: 247
sample_rate: (min) 0.08, (max) 0.19, expected_batch_size: 478
sample_rate: (min) 0.03, (max) 0.12, expected_batch_size: 264
sample_rate: (min) 0.03, (max) 1.0, expected_batch_size: 605
sample_rate: (min) 0.04, (max) 0.04, expected_batch_size: 157
sample_rate: (min) 0.05, (max) 0.08, expected_batch_size: 240
sample_rate: (min) 0.05, (max) 0.14, expected_batch_size: 346
sample_rate: (min) 0.03, (max) 0.03, expected_batch_size: 115
sample_rate: (min) 0.03, (max) 0.06, expected_batch_size: 164
sample_rate: (min) 0.04, (max) 0.1, expected_batch_size: 274
initial privacy cost of all clients:  [0, 0, 0, 0, 0, 0, 0, 0, 0, 0]
Round=0
Round=1
Round=2
Round=3
Round=4
Round=5
Round=6
Round=7
Round=8
Round=9
Round=10
Round=11
Round=12
Round=13
Round=14
current privacy cost of all clients:  [0.2734219659311125, 0.8496329408207246, 0.45563635867345087, 4.65127671852932, 0.1505718772789174, 0.3459849381557856, 0.6088764751254605, 0.08018205509991227, 0.2593368953115138, 0.459204484938208]
Round=14, per client global perf=[0.4167, 0.3775, 0.5637, 0.0361, 0.3564, 0.6269, 0.8027, 0.4916, 0.558, 0.7015], mean perf=9831/20016 (0.4912%)
Round=14, per client personal perf=[0.9819, 0.9672, 0.6074, 0.9422, 0.9427, 0.9543, 0.9478, 0.9762, 0.9826, 0.973], mean perf=18550/20016 (0.9268%)
Round=14, per client personal pooled=[0.2281, 0.232, 0.2579, 0.3008, 0.2196, 0.38, 0.3292, 0.25, 0.2699, 0.3813], mean perf=57023/200160 (0.2849%)
Mean performance of ditto rpdp global, Perf=0.4883, seed=45
Mean performance of ditto rpdp personal, Perf=0.9498, seed=45
Mean performance of ditto rpdp pooled, Perf=0.2805, seed=45
Client 0: avg epsilon = 0.1484
Client 1: avg epsilon = 2.7197
Client 2: avg epsilon = 0.5657
Client 3: avg epsilon = 2.7592
Client 4: avg epsilon = 0.1000
Client 5: avg epsilon = 0.1527
Client 6: avg epsilon = 0.6800
Client 7: avg epsilon = 0.1000
Client 8: avg epsilon = 0.1209
Client 9: avg epsilon = 0.5345
 We run FedAvg with rPDP (BoundedMixGauss-0) ...
max_epsilon :  10.0  noise_multiplier :  9.736328125
The R-Squared value of the best-fit curve : 0.999749898528281
learning rate =  0.01
sample_rate: (min) 0.03, (max) 0.04, expected_batch_size: 129
sample_rate: (min) 0.05, (max) 0.61, expected_batch_size: 1394
sample_rate: (min) 0.03, (max) 0.17, expected_batch_size: 371
sample_rate: (min) 0.03, (max) 0.77, expected_batch_size: 1315
sample_rate: (min) 0.03, (max) 0.03, expected_batch_size: 99
sample_rate: (min) 0.03, (max) 0.05, expected_batch_size: 130
sample_rate: (min) 0.03, (max) 0.49, expected_batch_size: 412
sample_rate: (min) 0.03, (max) 0.03, expected_batch_size: 98
sample_rate: (min) 0.03, (max) 0.03, expected_batch_size: 101
sample_rate: (min) 0.03, (max) 0.16, expected_batch_size: 354
initial privacy cost of all clients:  [0, 0, 0, 0, 0, 0, 0, 0, 0, 0]
Round=0
Round=1
Round=2
Round=3
Round=4
Round=5
Round=6
Round=7
Round=8
Round=9
Round=10
Round=11
Round=12
Round=13
Round=14
current privacy cost of all clients:  [0.1228453738887237, 3.5500474671477065, 0.7051365371105033, 3.3324169844940013, 0.07843135584168298, 0.18829274433624257, 2.7721146962758922, 0.05997229379927632, 0.11748024103344672, 0.7907027823214281]
Round=14, per client global perf=[0.0819, 0.2348, 0.5681, 0.0059, 0.1713, 0.4232, 0.876, 0.0924, 0.0363, 0.376], mean perf=5732/20016 (0.2864%)
Round=14, per client personal perf=[0.9838, 0.9593, 0.9652, 0.9694, 0.9358, 0.9324, 0.9267, 0.9752, 0.9886, 0.8863], mean perf=19056/20016 (0.9520%)
Round=14, per client personal pooled=[0.1993, 0.1976, 0.2261, 0.2438, 0.2709, 0.2873, 0.2499, 0.2732, 0.2436, 0.2819], mean perf=49511/200160 (0.2474%)
Mean performance of ditto rpdp global, Perf=0.3391, seed=45
Mean performance of ditto rpdp personal, Perf=0.9568, seed=45
Mean performance of ditto rpdp pooled, Perf=0.2389, seed=45
Finished seed 45
----------------------------------------
Running seed 46
/Users/shegao_t1/DP_Research/Personal_DP_Personal_FL/rpdp_fl/experiments/datasets/fed_mnist/niid_10_2way_3000shot

Client 0 label distribution:
[(5, 1996), (6, 1964)]

Client 1 label distribution:
[(7, 1995), (9, 1965)]

Client 2 label distribution:
[(0, 1983), (8, 1977)]

Client 3 label distribution:
[(2, 1954), (9, 1972)]

Client 4 label distribution:
[(2, 1973), (3, 1959)]

Client 5 label distribution:
[(4, 2007), (6, 1898)]

Client 6 label distribution:
[(4, 1761), (8, 1996)]

Client 7 label distribution:
[(0, 1989), (1, 1920)]

Client 8 label distribution:
[(1, 1984), (5, 1593)]

Client 9 label distribution:
[(3, 1988), (7, 1972)]
Client 0: avg epsilon = 0.1000
Client 1: avg epsilon = 2.8816
Client 2: avg epsilon = 0.5493
Client 3: avg epsilon = 2.5612
Client 4: avg epsilon = 0.1000
Client 5: avg epsilon = 0.1000
Client 6: avg epsilon = 0.5781
Client 7: avg epsilon = 0.1000
Client 8: avg epsilon = 0.1000
Client 9: avg epsilon = 0.5482
 We run FedAvg with rPDP (ThreeLevels-0) ...
max_epsilon :  10.0  noise_multiplier :  9.736328125
The R-Squared value of the best-fit curve : 0.999749898528281
learning rate =  0.01
sample_rate: (min) 0.03, (max) 0.03, expected_batch_size: 99
sample_rate: (min) 0.03, (max) 0.61, expected_batch_size: 1454
sample_rate: (min) 0.03, (max) 0.16, expected_batch_size: 362
sample_rate: (min) 0.03, (max) 0.61, expected_batch_size: 1245
sample_rate: (min) 0.03, (max) 0.03, expected_batch_size: 99
sample_rate: (min) 0.03, (max) 0.03, expected_batch_size: 98
sample_rate: (min) 0.03, (max) 0.16, expected_batch_size: 360
sample_rate: (min) 0.03, (max) 0.03, expected_batch_size: 98
sample_rate: (min) 0.03, (max) 0.03, expected_batch_size: 90
sample_rate: (min) 0.03, (max) 0.16, expected_batch_size: 362
initial privacy cost of all clients:  [0, 0, 0, 0, 0, 0, 0, 0, 0, 0]
Round=0
Round=1
Round=2
Round=3
Round=4
Round=5
Round=6
Round=7
Round=8
Round=9
Round=10
Round=11
Round=12
Round=13
Round=14
current privacy cost of all clients:  [0.07214729257008984, 3.8048372549984366, 0.6583580204409699, 3.554611437795162, 0.07214729257008984, 0.0777036851988212, 0.7046321452486275, 0.09280122601357536, 0.0879752932513391, 0.7046321452486275]
Round=14, per client global perf=[0.0, 0.8583, 0.5618, 0.5141, 0.039, 0.0, 0.1059, 0.434, 0.0011, 0.3588], mean perf=5829/20016 (0.2912%)
Round=14, per client personal perf=[0.9475, 0.9667, 0.9868, 0.9644, 0.9161, 0.9275, 0.954, 0.9841, 0.9805, 0.9681], mean perf=19204/20016 (0.9594%)
Round=14, per client personal pooled=[0.2685, 0.2084, 0.2224, 0.2293, 0.2369, 0.2804, 0.2519, 0.2278, 0.2531, 0.295], mean perf=49514/200160 (0.2474%)
Mean performance of ditto rpdp global, Perf=0.3198, seed=46
Mean performance of ditto rpdp personal, Perf=0.9531, seed=46
Mean performance of ditto rpdp pooled, Perf=0.2347, seed=46
Client 0: avg epsilon = 0.3385
Client 1: avg epsilon = 0.7382
Client 2: avg epsilon = 0.3693
Client 3: avg epsilon = 1.0464
Client 4: avg epsilon = 0.1947
Client 5: avg epsilon = 0.3306
Client 6: avg epsilon = 0.5397
Client 7: avg epsilon = 0.1277
Client 8: avg epsilon = 0.2337
Client 9: avg epsilon = 0.3826
 We run FedAvg with rPDP (BoundedPareto-0) ...
max_epsilon :  10.0  noise_multiplier :  9.736328125
The R-Squared value of the best-fit curve : 0.999749898528281
learning rate =  0.01
sample_rate: (min) 0.05, (max) 0.07, expected_batch_size: 245
sample_rate: (min) 0.08, (max) 0.19, expected_batch_size: 476
sample_rate: (min) 0.03, (max) 0.11, expected_batch_size: 261
sample_rate: (min) 0.03, (max) 1.0, expected_batch_size: 609
sample_rate: (min) 0.04, (max) 0.04, expected_batch_size: 157
sample_rate: (min) 0.05, (max) 0.08, expected_batch_size: 237
sample_rate: (min) 0.05, (max) 0.14, expected_batch_size: 344
sample_rate: (min) 0.03, (max) 0.03, expected_batch_size: 115
sample_rate: (min) 0.03, (max) 0.06, expected_batch_size: 164
sample_rate: (min) 0.04, (max) 0.1, expected_batch_size: 271
initial privacy cost of all clients:  [0, 0, 0, 0, 0, 0, 0, 0, 0, 0]
Round=0
Round=1
Round=2
Round=3
Round=4
Round=5
Round=6
Round=7
Round=8
Round=9
Round=10
Round=11
Round=12
Round=13
Round=14
current privacy cost of all clients:  [0.25079682047850677, 0.9122037251308232, 0.44996267231344056, 6.803447050009791, 0.13958018947250211, 0.3027474917788089, 0.6097937903188453, 0.12351557766073824, 0.27143209625635345, 0.4019992928862715]
Round=14, per client global perf=[0.0132, 0.7784, 0.8176, 0.6851, 0.3065, 0.0025, 0.3724, 0.4404, 0.0108, 0.3681], mean perf=7674/20016 (0.3834%)
Round=14, per client personal perf=[0.952, 0.9559, 0.977, 0.9713, 0.92, 0.6776, 0.9179, 0.9831, 0.9143, 0.9681], mean perf=18496/20016 (0.9241%)
Round=14, per client personal pooled=[0.2165, 0.2101, 0.2012, 0.2004, 0.2107, 0.2622, 0.2218, 0.2712, 0.1805, 0.2564], mean perf=44657/200160 (0.2231%)
Mean performance of ditto rpdp global, Perf=0.3502, seed=46
Mean performance of ditto rpdp personal, Perf=0.9169, seed=46
Mean performance of ditto rpdp pooled, Perf=0.2216, seed=46
Client 0: avg epsilon = 0.1470
Client 1: avg epsilon = 2.5523
Client 2: avg epsilon = 0.5617
Client 3: avg epsilon = 2.7595
Client 4: avg epsilon = 0.1000
Client 5: avg epsilon = 0.1492
Client 6: avg epsilon = 0.6493
Client 7: avg epsilon = 0.1000
Client 8: avg epsilon = 0.1202
Client 9: avg epsilon = 0.5299
 We run FedAvg with rPDP (BoundedMixGauss-0) ...
max_epsilon :  10.0  noise_multiplier :  9.736328125
The R-Squared value of the best-fit curve : 0.999749898528281
learning rate =  0.01
sample_rate: (min) 0.03, (max) 0.04, expected_batch_size: 128
sample_rate: (min) 0.04, (max) 0.6, expected_batch_size: 1316
sample_rate: (min) 0.03, (max) 0.17, expected_batch_size: 369
sample_rate: (min) 0.03, (max) 0.75, expected_batch_size: 1315
sample_rate: (min) 0.03, (max) 0.03, expected_batch_size: 99
sample_rate: (min) 0.03, (max) 0.04, expected_batch_size: 128
sample_rate: (min) 0.03, (max) 0.19, expected_batch_size: 397
sample_rate: (min) 0.03, (max) 0.03, expected_batch_size: 98
sample_rate: (min) 0.03, (max) 0.03, expected_batch_size: 101
sample_rate: (min) 0.03, (max) 0.16, expected_batch_size: 352
initial privacy cost of all clients:  [0, 0, 0, 0, 0, 0, 0, 0, 0, 0]
Round=0
Round=1
Round=2
Round=3
Round=4
Round=5
Round=6
Round=7
Round=8
Round=9
Round=10
Round=11
Round=12
Round=13
Round=14
current privacy cost of all clients:  [0.11255629253084441, 3.7840682892999693, 0.6984894096524226, 4.699892211236226, 0.07217052326793813, 0.15008424402015133, 0.8663651952270777, 0.09280122601357536, 0.12357141377301965, 0.6997669219387922]
Round=14, per client global perf=[0.0, 0.8588, 0.6657, 0.5843, 0.1278, 0.0, 0.2221, 0.433, 0.0011, 0.3799], mean perf=6630/20016 (0.3312%)
Round=14, per client personal perf=[0.9765, 0.9603, 0.9858, 0.9664, 0.9403, 0.9692, 0.9029, 0.9767, 0.9886, 0.9706], mean perf=19291/20016 (0.9638%)
Round=14, per client personal pooled=[0.2693, 0.2379, 0.2782, 0.2314, 0.224, 0.3078, 0.2899, 0.2797, 0.2962, 0.3314], mean perf=54962/200160 (0.2746%)
Mean performance of ditto rpdp global, Perf=0.3395, seed=46
Mean performance of ditto rpdp personal, Perf=0.9472, seed=46
Mean performance of ditto rpdp pooled, Perf=0.2449, seed=46
Finished seed 46
----------------------------------------
=== Running reg_param=10, num_steps=15 ===
Running seed 42
/Users/shegao_t1/DP_Research/Personal_DP_Personal_FL/rpdp_fl/experiments/datasets/fed_mnist/niid_10_2way_3000shot

Client 0 label distribution:
[(5, 1996), (6, 1964)]

Client 1 label distribution:
[(7, 1995), (9, 1965)]

Client 2 label distribution:
[(0, 1983), (8, 1977)]

Client 3 label distribution:
[(2, 1954), (9, 1972)]

Client 4 label distribution:
[(2, 1973), (3, 1959)]

Client 5 label distribution:
[(4, 2007), (6, 1898)]

Client 6 label distribution:
[(4, 1761), (8, 1996)]

Client 7 label distribution:
[(0, 1989), (1, 1920)]

Client 8 label distribution:
[(1, 1984), (5, 1593)]

Client 9 label distribution:
[(3, 1988), (7, 1972)]
Client 0: avg epsilon = 0.1000
Client 1: avg epsilon = 2.8816
Client 2: avg epsilon = 0.5493
Client 3: avg epsilon = 2.5612
Client 4: avg epsilon = 0.1000
Client 5: avg epsilon = 0.1000
Client 6: avg epsilon = 0.5781
Client 7: avg epsilon = 0.1000
Client 8: avg epsilon = 0.1000
Client 9: avg epsilon = 0.5482
 We run FedAvg with rPDP (ThreeLevels-0) ...
max_epsilon :  10.0  noise_multiplier :  9.736328125
The R-Squared value of the best-fit curve : 0.999749898528281
learning rate =  0.01
sample_rate: (min) 0.03, (max) 0.03, expected_batch_size: 99
sample_rate: (min) 0.03, (max) 0.61, expected_batch_size: 1454
sample_rate: (min) 0.03, (max) 0.16, expected_batch_size: 362
sample_rate: (min) 0.03, (max) 0.61, expected_batch_size: 1245
sample_rate: (min) 0.03, (max) 0.03, expected_batch_size: 99
sample_rate: (min) 0.03, (max) 0.03, expected_batch_size: 98
sample_rate: (min) 0.03, (max) 0.16, expected_batch_size: 360
sample_rate: (min) 0.03, (max) 0.03, expected_batch_size: 98
sample_rate: (min) 0.03, (max) 0.03, expected_batch_size: 90
sample_rate: (min) 0.03, (max) 0.16, expected_batch_size: 362
initial privacy cost of all clients:  [0, 0, 0, 0, 0, 0, 0, 0, 0, 0]
Round=0
Round=1
Round=2
Round=3
Round=4
Round=5
Round=6
Round=7
Round=8
Round=9
Round=10
Round=11
Round=12
Round=13
Round=14
current privacy cost of all clients:  [0.0777036851988212, 3.554611437795162, 0.5558558712260362, 3.3043856205918876, 0.08299634815037049, 0.0777036851988212, 0.7482516858029494, 0.0879752932513391, 0.09280122601357536, 0.6093162705378211]
Round=14, per client global perf=[0.549, 0.4657, 0.0377, 0.0104, 0.3643, 0.4014, 0.0692, 0.3987, 0.6209, 0.8417], mean perf=7513/20016 (0.3753%)
Round=14, per client personal perf=[0.9387, 0.9309, 0.948, 0.8967, 0.8845, 0.8783, 0.8698, 0.9712, 0.9832, 0.9461], mean perf=18505/20016 (0.9245%)
Round=14, per client personal pooled=[0.2333, 0.196, 0.257, 0.2752, 0.2446, 0.2835, 0.398, 0.2769, 0.2297, 0.2186], mean perf=52298/200160 (0.2613%)
Mean performance of ditto rpdp global, Perf=0.3445, seed=42
Mean performance of ditto rpdp personal, Perf=0.9221, seed=42
Mean performance of ditto rpdp pooled, Perf=0.2600, seed=42
Client 0: avg epsilon = 0.3394
Client 1: avg epsilon = 0.7403
Client 2: avg epsilon = 0.3718
Client 3: avg epsilon = 1.0341
Client 4: avg epsilon = 0.1952
Client 5: avg epsilon = 0.3320
Client 6: avg epsilon = 0.5426
Client 7: avg epsilon = 0.1272
Client 8: avg epsilon = 0.2339
Client 9: avg epsilon = 0.3847
 We run FedAvg with rPDP (BoundedPareto-0) ...
max_epsilon :  10.0  noise_multiplier :  9.736328125
The R-Squared value of the best-fit curve : 0.999749898528281
learning rate =  0.01
sample_rate: (min) 0.05, (max) 0.07, expected_batch_size: 246
sample_rate: (min) 0.08, (max) 0.19, expected_batch_size: 478
sample_rate: (min) 0.03, (max) 0.12, expected_batch_size: 262
sample_rate: (min) 0.03, (max) 0.98, expected_batch_size: 604
sample_rate: (min) 0.04, (max) 0.04, expected_batch_size: 157
sample_rate: (min) 0.05, (max) 0.08, expected_batch_size: 238
sample_rate: (min) 0.05, (max) 0.14, expected_batch_size: 345
sample_rate: (min) 0.03, (max) 0.03, expected_batch_size: 115
sample_rate: (min) 0.03, (max) 0.06, expected_batch_size: 164
sample_rate: (min) 0.04, (max) 0.1, expected_batch_size: 272
initial privacy cost of all clients:  [0, 0, 0, 0, 0, 0, 0, 0, 0, 0]
Round=0
Round=1
Round=2
Round=3
Round=4
Round=5
Round=6
Round=7
Round=8
Round=9
Round=10
Round=11
Round=12
Round=13
Round=14
current privacy cost of all clients:  [0.2708323864883786, 0.8540737692761711, 0.38128025560790973, 6.0748074655109106, 0.16019017623493748, 0.3040402155953894, 0.6468345354434932, 0.11696328180044625, 0.2864418954362965, 0.349925282462024]
Round=14, per client global perf=[0.3721, 0.4333, 0.0471, 0.2002, 0.4847, 0.7124, 0.4571, 0.4106, 0.5385, 0.6912], mean perf=8675/20016 (0.4334%)
Round=14, per client personal perf=[0.9686, 0.9373, 0.9255, 0.954, 0.9186, 0.9493, 0.8915, 0.9652, 0.9387, 0.9123], mean perf=18740/20016 (0.9363%)
Round=14, per client personal pooled=[0.2403, 0.334, 0.3086, 0.3107, 0.3651, 0.3625, 0.4258, 0.3007, 0.3406, 0.3346], mean perf=66508/200160 (0.3323%)
Mean performance of ditto rpdp global, Perf=0.3837, seed=42
Mean performance of ditto rpdp personal, Perf=0.9295, seed=42
Mean performance of ditto rpdp pooled, Perf=0.3403, seed=42
Client 0: avg epsilon = 0.1475
Client 1: avg epsilon = 2.5575
Client 2: avg epsilon = 0.5619
Client 3: avg epsilon = 2.7494
Client 4: avg epsilon = 0.1000
Client 5: avg epsilon = 0.1501
Client 6: avg epsilon = 0.6492
Client 7: avg epsilon = 0.1000
Client 8: avg epsilon = 0.1205
Client 9: avg epsilon = 0.5308
 We run FedAvg with rPDP (BoundedMixGauss-0) ...
max_epsilon :  10.0  noise_multiplier :  9.736328125
The R-Squared value of the best-fit curve : 0.999749898528281
learning rate =  0.01
sample_rate: (min) 0.03, (max) 0.04, expected_batch_size: 129
sample_rate: (min) 0.04, (max) 0.6, expected_batch_size: 1319
sample_rate: (min) 0.03, (max) 0.17, expected_batch_size: 369
sample_rate: (min) 0.03, (max) 0.79, expected_batch_size: 1311
sample_rate: (min) 0.03, (max) 0.03, expected_batch_size: 99
sample_rate: (min) 0.03, (max) 0.04, expected_batch_size: 129
sample_rate: (min) 0.03, (max) 0.19, expected_batch_size: 397
sample_rate: (min) 0.03, (max) 0.03, expected_batch_size: 98
sample_rate: (min) 0.03, (max) 0.03, expected_batch_size: 101
sample_rate: (min) 0.03, (max) 0.16, expected_batch_size: 352
initial privacy cost of all clients:  [0, 0, 0, 0, 0, 0, 0, 0, 0, 0]
Round=0
Round=1
Round=2
Round=3
Round=4
Round=5
Round=6
Round=7
Round=8
Round=9
Round=10
Round=11
Round=12
Round=13
Round=14
current privacy cost of all clients:  [0.12172556056862104, 3.5303696928939345, 0.5909771225250234, 4.677926050365698, 0.08352205379363559, 0.15029524279357093, 0.9137356376429576, 0.0879752932513391, 0.13049532099934139, 0.6050251440761018]
Round=14, per client global perf=[0.3461, 0.4152, 0.1534, 0.0089, 0.0538, 0.228, 0.3233, 0.2329, 0.5255, 0.4681], mean perf=5471/20016 (0.2733%)
Round=14, per client personal perf=[0.9529, 0.9402, 0.9505, 0.9313, 0.8959, 0.9245, 0.8631, 0.9697, 0.9685, 0.9181], mean perf=18644/20016 (0.9315%)
Round=14, per client personal pooled=[0.2092, 0.2794, 0.2652, 0.2578, 0.2348, 0.2775, 0.3426, 0.2538, 0.2989, 0.253], mean perf=53486/200160 (0.2672%)
Mean performance of ditto rpdp global, Perf=0.2947, seed=42
Mean performance of ditto rpdp personal, Perf=0.9186, seed=42
Mean performance of ditto rpdp pooled, Perf=0.2655, seed=42
Finished seed 42
----------------------------------------
Running seed 43
/Users/shegao_t1/DP_Research/Personal_DP_Personal_FL/rpdp_fl/experiments/datasets/fed_mnist/niid_10_2way_3000shot

Client 0 label distribution:
[(5, 1996), (6, 1964)]

Client 1 label distribution:
[(7, 1995), (9, 1965)]

Client 2 label distribution:
[(0, 1983), (8, 1977)]

Client 3 label distribution:
[(2, 1954), (9, 1972)]

Client 4 label distribution:
[(2, 1973), (3, 1959)]

Client 5 label distribution:
[(4, 2007), (6, 1898)]

Client 6 label distribution:
[(4, 1761), (8, 1996)]

Client 7 label distribution:
[(0, 1989), (1, 1920)]

Client 8 label distribution:
[(1, 1984), (5, 1593)]

Client 9 label distribution:
[(3, 1988), (7, 1972)]
Client 0: avg epsilon = 0.1000
Client 1: avg epsilon = 2.8816
Client 2: avg epsilon = 0.5493
Client 3: avg epsilon = 2.5612
Client 4: avg epsilon = 0.1000
Client 5: avg epsilon = 0.1000
Client 6: avg epsilon = 0.5781
Client 7: avg epsilon = 0.1000
Client 8: avg epsilon = 0.1000
Client 9: avg epsilon = 0.5482
 We run FedAvg with rPDP (ThreeLevels-0) ...
max_epsilon :  10.0  noise_multiplier :  9.736328125
The R-Squared value of the best-fit curve : 0.999749898528281
learning rate =  0.01
sample_rate: (min) 0.03, (max) 0.03, expected_batch_size: 99
sample_rate: (min) 0.03, (max) 0.61, expected_batch_size: 1454
sample_rate: (min) 0.03, (max) 0.16, expected_batch_size: 362
sample_rate: (min) 0.03, (max) 0.61, expected_batch_size: 1245
sample_rate: (min) 0.03, (max) 0.03, expected_batch_size: 99
sample_rate: (min) 0.03, (max) 0.03, expected_batch_size: 98
sample_rate: (min) 0.03, (max) 0.16, expected_batch_size: 360
sample_rate: (min) 0.03, (max) 0.03, expected_batch_size: 98
sample_rate: (min) 0.03, (max) 0.03, expected_batch_size: 90
sample_rate: (min) 0.03, (max) 0.16, expected_batch_size: 362
initial privacy cost of all clients:  [0, 0, 0, 0, 0, 0, 0, 0, 0, 0]
Round=0
Round=1
Round=2
Round=3
Round=4
Round=5
Round=6
Round=7
Round=8
Round=9
Round=10
Round=11
Round=12
Round=13
Round=14
current privacy cost of all clients:  [0.08299634815037049, 3.554611437795162, 0.6583580204409699, 3.8048372549984366, 0.05997229379927632, 0.0777036851988212, 0.6093162705378211, 0.04533992744859791, 0.06629602355155903, 0.7915678459669535]
Round=14, per client global perf=[0.3191, 0.9196, 0.427, 0.4988, 0.0188, 0.3274, 0.0, 0.5382, 0.1372, 0.4382], mean perf=7335/20016 (0.3665%)
Round=14, per client personal perf=[0.898, 0.9564, 0.9373, 0.9041, 0.7512, 0.9429, 0.8858, 0.9265, 0.8671, 0.9088], mean perf=17978/20016 (0.8982%)
Round=14, per client personal pooled=[0.2817, 0.2015, 0.2761, 0.2745, 0.3224, 0.2769, 0.3094, 0.2579, 0.3515, 0.235], mean perf=55783/200160 (0.2787%)
Mean performance of ditto rpdp global, Perf=0.2923, seed=43
Mean performance of ditto rpdp personal, Perf=0.8947, seed=43
Mean performance of ditto rpdp pooled, Perf=0.2691, seed=43
Client 0: avg epsilon = 0.3422
Client 1: avg epsilon = 0.7440
Client 2: avg epsilon = 0.3733
Client 3: avg epsilon = 1.0550
Client 4: avg epsilon = 0.1984
Client 5: avg epsilon = 0.3346
Client 6: avg epsilon = 0.5446
Client 7: avg epsilon = 0.1280
Client 8: avg epsilon = 0.2357
Client 9: avg epsilon = 0.3885
 We run FedAvg with rPDP (BoundedPareto-0) ...
max_epsilon :  10.0  noise_multiplier :  9.736328125
The R-Squared value of the best-fit curve : 0.999749898528281
learning rate =  0.01
sample_rate: (min) 0.06, (max) 0.07, expected_batch_size: 247
sample_rate: (min) 0.08, (max) 0.19, expected_batch_size: 480
sample_rate: (min) 0.03, (max) 0.12, expected_batch_size: 263
sample_rate: (min) 0.03, (max) 1.0, expected_batch_size: 613
sample_rate: (min) 0.04, (max) 0.04, expected_batch_size: 159
sample_rate: (min) 0.05, (max) 0.08, expected_batch_size: 239
sample_rate: (min) 0.05, (max) 0.14, expected_batch_size: 346
sample_rate: (min) 0.03, (max) 0.03, expected_batch_size: 115
sample_rate: (min) 0.03, (max) 0.06, expected_batch_size: 165
sample_rate: (min) 0.04, (max) 0.1, expected_batch_size: 274
initial privacy cost of all clients:  [0, 0, 0, 0, 0, 0, 0, 0, 0, 0]
Round=0
Round=1
Round=2
Round=3
Round=4
Round=5
Round=6
Round=7
Round=8
Round=9
Round=10
Round=11
Round=12
Round=13
Round=14
current privacy cost of all clients:  [0.2897700369095664, 0.8554656094904252, 0.4542599881316137, 7.341489632879909, 0.11916502206487452, 0.30613051230988353, 0.529486572881692, 0.061547506010356044, 0.210318774210376, 0.4587832950902705]
Round=14, per client global perf=[0.4789, 0.8181, 0.4593, 0.4464, 0.0183, 0.4824, 0.0026, 0.4722, 0.0103, 0.3863], mean perf=7257/20016 (0.3626%)
Round=14, per client personal perf=[0.9495, 0.9309, 0.9549, 0.9422, 0.7695, 0.9508, 0.9106, 0.9206, 0.9203, 0.9451], mean perf=18405/20016 (0.9195%)
Round=14, per client personal pooled=[0.2506, 0.3568, 0.308, 0.2988, 0.3092, 0.2875, 0.3166, 0.3262, 0.3458, 0.2891], mean perf=61821/200160 (0.3089%)
Mean performance of ditto rpdp global, Perf=0.3267, seed=43
Mean performance of ditto rpdp personal, Perf=0.9164, seed=43
Mean performance of ditto rpdp pooled, Perf=0.3028, seed=43
Client 0: avg epsilon = 0.1488
Client 1: avg epsilon = 2.7091
Client 2: avg epsilon = 0.5659
Client 3: avg epsilon = 2.7560
Client 4: avg epsilon = 0.1000
Client 5: avg epsilon = 0.1535
Client 6: avg epsilon = 0.6579
Client 7: avg epsilon = 0.1000
Client 8: avg epsilon = 0.1210
Client 9: avg epsilon = 0.5351
 We run FedAvg with rPDP (BoundedMixGauss-0) ...
max_epsilon :  10.0  noise_multiplier :  9.736328125
The R-Squared value of the best-fit curve : 0.999749898528281
learning rate =  0.01
sample_rate: (min) 0.03, (max) 0.04, expected_batch_size: 130
sample_rate: (min) 0.05, (max) 0.6, expected_batch_size: 1391
sample_rate: (min) 0.03, (max) 0.17, expected_batch_size: 371
sample_rate: (min) 0.03, (max) 0.75, expected_batch_size: 1314
sample_rate: (min) 0.03, (max) 0.03, expected_batch_size: 99
sample_rate: (min) 0.03, (max) 0.05, expected_batch_size: 131
sample_rate: (min) 0.03, (max) 0.2, expected_batch_size: 402
sample_rate: (min) 0.03, (max) 0.03, expected_batch_size: 98
sample_rate: (min) 0.03, (max) 0.03, expected_batch_size: 101
sample_rate: (min) 0.03, (max) 0.16, expected_batch_size: 354
initial privacy cost of all clients:  [0, 0, 0, 0, 0, 0, 0, 0, 0, 0]
Round=0
Round=1
Round=2
Round=3
Round=4
Round=5
Round=6
Round=7
Round=8
Round=9
Round=10
Round=11
Round=12
Round=13
Round=14
current privacy cost of all clients:  [0.13107709906834628, 3.54017094327906, 0.7044507055018924, 4.965375462186012, 0.060483653964017496, 0.17107574497199254, 0.8273215395363687, 0.04533992744859791, 0.09443738242059632, 0.7918575912032448]
Round=14, per client global perf=[0.45, 0.924, 0.4275, 0.5195, 0.0217, 0.457, 0.0, 0.497, 0.0841, 0.4373], mean perf=7738/20016 (0.3866%)
Round=14, per client personal perf=[0.9284, 0.9574, 0.9225, 0.916, 0.7922, 0.9498, 0.923, 0.926, 0.8639, 0.8951], mean perf=18170/20016 (0.9078%)
Round=14, per client personal pooled=[0.2576, 0.2216, 0.2648, 0.2857, 0.2869, 0.2776, 0.2822, 0.3101, 0.3235, 0.2629], mean perf=55505/200160 (0.2773%)
Mean performance of ditto rpdp global, Perf=0.3173, seed=43
Mean performance of ditto rpdp personal, Perf=0.9066, seed=43
Mean performance of ditto rpdp pooled, Perf=0.2697, seed=43
Finished seed 43
----------------------------------------
Running seed 44
/Users/shegao_t1/DP_Research/Personal_DP_Personal_FL/rpdp_fl/experiments/datasets/fed_mnist/niid_10_2way_3000shot

Client 0 label distribution:
[(5, 1996), (6, 1964)]

Client 1 label distribution:
[(7, 1995), (9, 1965)]

Client 2 label distribution:
[(0, 1983), (8, 1977)]

Client 3 label distribution:
[(2, 1954), (9, 1972)]

Client 4 label distribution:
[(2, 1973), (3, 1959)]

Client 5 label distribution:
[(4, 2007), (6, 1898)]

Client 6 label distribution:
[(4, 1761), (8, 1996)]

Client 7 label distribution:
[(0, 1989), (1, 1920)]

Client 8 label distribution:
[(1, 1984), (5, 1593)]

Client 9 label distribution:
[(3, 1988), (7, 1972)]
Client 0: avg epsilon = 0.1000
Client 1: avg epsilon = 2.8816
Client 2: avg epsilon = 0.5493
Client 3: avg epsilon = 2.5612
Client 4: avg epsilon = 0.1000
Client 5: avg epsilon = 0.1000
Client 6: avg epsilon = 0.5781
Client 7: avg epsilon = 0.1000
Client 8: avg epsilon = 0.1000
Client 9: avg epsilon = 0.5482
 We run FedAvg with rPDP (ThreeLevels-0) ...
max_epsilon :  10.0  noise_multiplier :  9.736328125
The R-Squared value of the best-fit curve : 0.999749898528281
learning rate =  0.01
sample_rate: (min) 0.03, (max) 0.03, expected_batch_size: 99
sample_rate: (min) 0.03, (max) 0.61, expected_batch_size: 1454
sample_rate: (min) 0.03, (max) 0.16, expected_batch_size: 362
sample_rate: (min) 0.03, (max) 0.61, expected_batch_size: 1245
sample_rate: (min) 0.03, (max) 0.03, expected_batch_size: 99
sample_rate: (min) 0.03, (max) 0.03, expected_batch_size: 98
sample_rate: (min) 0.03, (max) 0.16, expected_batch_size: 360
sample_rate: (min) 0.03, (max) 0.03, expected_batch_size: 98
sample_rate: (min) 0.03, (max) 0.03, expected_batch_size: 90
sample_rate: (min) 0.03, (max) 0.16, expected_batch_size: 362
initial privacy cost of all clients:  [0, 0, 0, 0, 0, 0, 0, 0, 0, 0]
Round=0
Round=1
Round=2
Round=3
Round=4
Round=5
Round=6
Round=7
Round=8
Round=9
Round=10
Round=11
Round=12
Round=13
Round=14
current privacy cost of all clients:  [0.08299634815037049, 4.510367153745826, 0.7482516858029494, 2.1521425035466386, 0.09280122601357536, 0.06629602355155903, 0.5558558712260362, 0.06629602355155903, 0.05997229379927632, 0.7046321452486275]
Round=14, per client global perf=[0.0, 0.9275, 0.4363, 0.476, 0.0326, 0.0, 0.4272, 0.0228, 0.0201, 0.4662], mean perf=5672/20016 (0.2834%)
Round=14, per client personal perf=[0.951, 0.9544, 0.9539, 0.9086, 0.8934, 0.8992, 0.9318, 0.9732, 0.9707, 0.901], mean perf=18683/20016 (0.9334%)
Round=14, per client personal pooled=[0.3125, 0.3005, 0.2911, 0.2612, 0.3001, 0.2241, 0.3593, 0.2059, 0.2714, 0.2888], mean perf=56341/200160 (0.2815%)
Mean performance of ditto rpdp global, Perf=0.3443, seed=44
Mean performance of ditto rpdp personal, Perf=0.9259, seed=44
Mean performance of ditto rpdp pooled, Perf=0.2702, seed=44
Client 0: avg epsilon = 0.3392
Client 1: avg epsilon = 0.7494
Client 2: avg epsilon = 0.3757
Client 3: avg epsilon = 1.0420
Client 4: avg epsilon = 0.1945
Client 5: avg epsilon = 0.3332
Client 6: avg epsilon = 0.5452
Client 7: avg epsilon = 0.1271
Client 8: avg epsilon = 0.2330
Client 9: avg epsilon = 0.3875
 We run FedAvg with rPDP (BoundedPareto-0) ...
max_epsilon :  10.0  noise_multiplier :  9.736328125
The R-Squared value of the best-fit curve : 0.999749898528281
learning rate =  0.01
sample_rate: (min) 0.05, (max) 0.07, expected_batch_size: 246
sample_rate: (min) 0.08, (max) 0.19, expected_batch_size: 483
sample_rate: (min) 0.03, (max) 0.12, expected_batch_size: 265
sample_rate: (min) 0.03, (max) 1.0, expected_batch_size: 608
sample_rate: (min) 0.04, (max) 0.04, expected_batch_size: 157
sample_rate: (min) 0.05, (max) 0.08, expected_batch_size: 238
sample_rate: (min) 0.05, (max) 0.14, expected_batch_size: 347
sample_rate: (min) 0.03, (max) 0.03, expected_batch_size: 115
sample_rate: (min) 0.03, (max) 0.06, expected_batch_size: 163
sample_rate: (min) 0.04, (max) 0.1, expected_batch_size: 274
initial privacy cost of all clients:  [0, 0, 0, 0, 0, 0, 0, 0, 0, 0]
Round=0
Round=1
Round=2
Round=3
Round=4
Round=5
Round=6
Round=7
Round=8
Round=9
Round=10
Round=11
Round=12
Round=13
Round=14
current privacy cost of all clients:  [0.2893732544554233, 1.0695406285632225, 0.5195432324157971, 4.065705449544012, 0.17813101208369886, 0.2639126927938433, 0.48631807442847724, 0.08846754820483427, 0.1892981066982835, 0.40888933507194186]
Round=14, per client global perf=[0.0083, 0.5799, 0.4373, 0.1186, 0.1876, 0.0467, 0.4478, 0.0283, 0.0, 0.652], mean perf=5060/20016 (0.2528%)
Round=14, per client personal perf=[0.9534, 0.9382, 0.9544, 0.9397, 0.8544, 0.9473, 0.8993, 0.9647, 0.9751, 0.9191], mean perf=18702/20016 (0.9344%)
Round=14, per client personal pooled=[0.3541, 0.3751, 0.329, 0.3259, 0.4187, 0.2879, 0.3568, 0.332, 0.2643, 0.3933], mean perf=68799/200160 (0.3437%)
Mean performance of ditto rpdp global, Perf=0.3625, seed=44
Mean performance of ditto rpdp personal, Perf=0.9330, seed=44
Mean performance of ditto rpdp pooled, Perf=0.3120, seed=44
Client 0: avg epsilon = 0.1475
Client 1: avg epsilon = 2.6723
Client 2: avg epsilon = 0.5628
Client 3: avg epsilon = 2.7567
Client 4: avg epsilon = 0.1000
Client 5: avg epsilon = 0.1501
Client 6: avg epsilon = 0.6551
Client 7: avg epsilon = 0.1000
Client 8: avg epsilon = 0.1205
Client 9: avg epsilon = 0.5315
 We run FedAvg with rPDP (BoundedMixGauss-0) ...
max_epsilon :  10.0  noise_multiplier :  9.736328125
The R-Squared value of the best-fit curve : 0.999749898528281
learning rate =  0.01
sample_rate: (min) 0.03, (max) 0.04, expected_batch_size: 129
sample_rate: (min) 0.04, (max) 0.61, expected_batch_size: 1370
sample_rate: (min) 0.03, (max) 0.17, expected_batch_size: 370
sample_rate: (min) 0.03, (max) 0.77, expected_batch_size: 1314
sample_rate: (min) 0.03, (max) 0.03, expected_batch_size: 99
sample_rate: (min) 0.03, (max) 0.04, expected_batch_size: 129
sample_rate: (min) 0.03, (max) 0.22, expected_batch_size: 400
sample_rate: (min) 0.03, (max) 0.03, expected_batch_size: 98
sample_rate: (min) 0.03, (max) 0.03, expected_batch_size: 101
sample_rate: (min) 0.03, (max) 0.16, expected_batch_size: 353
initial privacy cost of all clients:  [0, 0, 0, 0, 0, 0, 0, 0, 0, 0]
Round=0
Round=1
Round=2
Round=3
Round=4
Round=5
Round=6
Round=7
Round=8
Round=9
Round=10
Round=11
Round=12
Round=13
Round=14
current privacy cost of all clients:  [0.12949311458056192, 4.500171165228081, 0.7981019908203113, 2.867614688859706, 0.09329220854604373, 0.13066890902589304, 0.813224908404701, 0.06629602355155903, 0.08496160334862189, 0.7005096248680255]
Round=14, per client global perf=[0.0, 0.898, 0.4686, 0.4913, 0.0429, 0.0, 0.437, 0.1668, 0.1318, 0.448], mean perf=6208/20016 (0.3102%)
Round=14, per client personal perf=[0.9392, 0.9451, 0.9667, 0.8932, 0.8963, 0.8619, 0.9267, 0.9742, 0.9778, 0.8618], mean perf=18491/20016 (0.9238%)
Round=14, per client personal pooled=[0.3791, 0.3807, 0.3119, 0.2602, 0.2579, 0.2359, 0.3297, 0.2387, 0.271, 0.346], mean perf=60273/200160 (0.3011%)
Mean performance of ditto rpdp global, Perf=0.3513, seed=44
Mean performance of ditto rpdp personal, Perf=0.9196, seed=44
Mean performance of ditto rpdp pooled, Perf=0.2872, seed=44
Finished seed 44
----------------------------------------
Running seed 45
/Users/shegao_t1/DP_Research/Personal_DP_Personal_FL/rpdp_fl/experiments/datasets/fed_mnist/niid_10_2way_3000shot

Client 0 label distribution:
[(5, 1996), (6, 1964)]

Client 1 label distribution:
[(7, 1995), (9, 1965)]

Client 2 label distribution:
[(0, 1983), (8, 1977)]

Client 3 label distribution:
[(2, 1954), (9, 1972)]

Client 4 label distribution:
[(2, 1973), (3, 1959)]

Client 5 label distribution:
[(4, 2007), (6, 1898)]

Client 6 label distribution:
[(4, 1761), (8, 1996)]

Client 7 label distribution:
[(0, 1989), (1, 1920)]

Client 8 label distribution:
[(1, 1984), (5, 1593)]

Client 9 label distribution:
[(3, 1988), (7, 1972)]
Client 0: avg epsilon = 0.1000
Client 1: avg epsilon = 2.8816
Client 2: avg epsilon = 0.5493
Client 3: avg epsilon = 2.5612
Client 4: avg epsilon = 0.1000
Client 5: avg epsilon = 0.1000
Client 6: avg epsilon = 0.5781
Client 7: avg epsilon = 0.1000
Client 8: avg epsilon = 0.1000
Client 9: avg epsilon = 0.5482
 We run FedAvg with rPDP (ThreeLevels-0) ...
max_epsilon :  10.0  noise_multiplier :  9.736328125
The R-Squared value of the best-fit curve : 0.999749898528281
learning rate =  0.01
sample_rate: (min) 0.03, (max) 0.03, expected_batch_size: 99
sample_rate: (min) 0.03, (max) 0.61, expected_batch_size: 1454
sample_rate: (min) 0.03, (max) 0.16, expected_batch_size: 362
sample_rate: (min) 0.03, (max) 0.61, expected_batch_size: 1245
sample_rate: (min) 0.03, (max) 0.03, expected_batch_size: 99
sample_rate: (min) 0.03, (max) 0.03, expected_batch_size: 98
sample_rate: (min) 0.03, (max) 0.16, expected_batch_size: 360
sample_rate: (min) 0.03, (max) 0.03, expected_batch_size: 98
sample_rate: (min) 0.03, (max) 0.03, expected_batch_size: 90
sample_rate: (min) 0.03, (max) 0.16, expected_batch_size: 362
initial privacy cost of all clients:  [0, 0, 0, 0, 0, 0, 0, 0, 0, 0]
Round=0
Round=1
Round=2
Round=3
Round=4
Round=5
Round=6
Round=7
Round=8
Round=9
Round=10
Round=11
Round=12
Round=13
Round=14
current privacy cost of all clients:  [0.0777036851988212, 3.554611437795162, 0.6583580204409699, 2.502378074621252, 0.0777036851988212, 0.0879752932513391, 0.7046321452486275, 0.05997229379927632, 0.08299634815037049, 0.7915678459669535]
Round=14, per client global perf=[0.0583, 0.2838, 0.5025, 0.0188, 0.078, 0.3522, 0.8383, 0.0338, 0.0672, 0.3167], mean perf=5089/20016 (0.2542%)
Round=14, per client personal perf=[0.9588, 0.9461, 0.9417, 0.9046, 0.8741, 0.8634, 0.89, 0.9449, 0.9713, 0.924], mean perf=18448/20016 (0.9217%)
Round=14, per client personal pooled=[0.2477, 0.2339, 0.3374, 0.2988, 0.3091, 0.2758, 0.3045, 0.3455, 0.3506, 0.2958], mean perf=60027/200160 (0.2999%)
Mean performance of ditto rpdp global, Perf=0.3029, seed=45
Mean performance of ditto rpdp personal, Perf=0.9283, seed=45
Mean performance of ditto rpdp pooled, Perf=0.2879, seed=45
Client 0: avg epsilon = 0.3410
Client 1: avg epsilon = 0.7416
Client 2: avg epsilon = 0.3744
Client 3: avg epsilon = 1.0395
Client 4: avg epsilon = 0.1950
Client 5: avg epsilon = 0.3350
Client 6: avg epsilon = 0.5440
Client 7: avg epsilon = 0.1271
Client 8: avg epsilon = 0.2343
Client 9: avg epsilon = 0.3879
 We run FedAvg with rPDP (BoundedPareto-0) ...
max_epsilon :  10.0  noise_multiplier :  9.736328125
The R-Squared value of the best-fit curve : 0.999749898528281
learning rate =  0.01
sample_rate: (min) 0.05, (max) 0.07, expected_batch_size: 247
sample_rate: (min) 0.08, (max) 0.19, expected_batch_size: 478
sample_rate: (min) 0.03, (max) 0.12, expected_batch_size: 264
sample_rate: (min) 0.03, (max) 1.0, expected_batch_size: 605
sample_rate: (min) 0.04, (max) 0.04, expected_batch_size: 157
sample_rate: (min) 0.05, (max) 0.08, expected_batch_size: 240
sample_rate: (min) 0.05, (max) 0.14, expected_batch_size: 346
sample_rate: (min) 0.03, (max) 0.03, expected_batch_size: 115
sample_rate: (min) 0.03, (max) 0.06, expected_batch_size: 164
sample_rate: (min) 0.04, (max) 0.1, expected_batch_size: 274
initial privacy cost of all clients:  [0, 0, 0, 0, 0, 0, 0, 0, 0, 0]
Round=0
Round=1
Round=2
Round=3
Round=4
Round=5
Round=6
Round=7
Round=8
Round=9
Round=10
Round=11
Round=12
Round=13
Round=14
current privacy cost of all clients:  [0.2734219659311125, 0.8496329408207246, 0.45563635867345087, 4.65127671852932, 0.1505718772789174, 0.3459849381557856, 0.6088764751254605, 0.08018205509991227, 0.2593368953115138, 0.459204484938208]
Round=14, per client global perf=[0.4167, 0.3775, 0.5637, 0.0361, 0.3564, 0.6269, 0.8027, 0.4916, 0.558, 0.7015], mean perf=9831/20016 (0.4912%)
Round=14, per client personal perf=[0.9735, 0.9417, 0.9265, 0.9204, 0.8613, 0.9439, 0.9189, 0.9608, 0.9734, 0.9466], mean perf=18744/20016 (0.9365%)
Round=14, per client personal pooled=[0.2314, 0.3058, 0.4067, 0.3979, 0.3588, 0.4489, 0.3645, 0.4152, 0.4587, 0.4067], mean perf=75953/200160 (0.3795%)
Mean performance of ditto rpdp global, Perf=0.4883, seed=45
Mean performance of ditto rpdp personal, Perf=0.9417, seed=45
Mean performance of ditto rpdp pooled, Perf=0.3673, seed=45
Client 0: avg epsilon = 0.1484
Client 1: avg epsilon = 2.7197
Client 2: avg epsilon = 0.5657
Client 3: avg epsilon = 2.7592
Client 4: avg epsilon = 0.1000
Client 5: avg epsilon = 0.1527
Client 6: avg epsilon = 0.6800
Client 7: avg epsilon = 0.1000
Client 8: avg epsilon = 0.1209
Client 9: avg epsilon = 0.5345
 We run FedAvg with rPDP (BoundedMixGauss-0) ...
max_epsilon :  10.0  noise_multiplier :  9.736328125
The R-Squared value of the best-fit curve : 0.999749898528281
learning rate =  0.01
sample_rate: (min) 0.03, (max) 0.04, expected_batch_size: 129
sample_rate: (min) 0.05, (max) 0.61, expected_batch_size: 1394
sample_rate: (min) 0.03, (max) 0.17, expected_batch_size: 371
sample_rate: (min) 0.03, (max) 0.77, expected_batch_size: 1315
sample_rate: (min) 0.03, (max) 0.03, expected_batch_size: 99
sample_rate: (min) 0.03, (max) 0.05, expected_batch_size: 130
sample_rate: (min) 0.03, (max) 0.49, expected_batch_size: 412
sample_rate: (min) 0.03, (max) 0.03, expected_batch_size: 98
sample_rate: (min) 0.03, (max) 0.03, expected_batch_size: 101
sample_rate: (min) 0.03, (max) 0.16, expected_batch_size: 354
initial privacy cost of all clients:  [0, 0, 0, 0, 0, 0, 0, 0, 0, 0]
Round=0
Round=1
Round=2
Round=3
Round=4
Round=5
Round=6
Round=7
Round=8
Round=9
Round=10
Round=11
Round=12
Round=13
Round=14
current privacy cost of all clients:  [0.1228453738887237, 3.5500474671477065, 0.7051365371105033, 3.3324169844940013, 0.07843135584168298, 0.18829274433624257, 2.7721146962758922, 0.05997229379927632, 0.11748024103344672, 0.7907027823214281]
Round=14, per client global perf=[0.0819, 0.2348, 0.5681, 0.0059, 0.1713, 0.4232, 0.876, 0.0924, 0.0363, 0.376], mean perf=5732/20016 (0.2864%)
Round=14, per client personal perf=[0.9618, 0.9583, 0.9328, 0.9189, 0.8475, 0.9305, 0.9055, 0.9513, 0.9696, 0.9294], mean perf=18622/20016 (0.9304%)
Round=14, per client personal pooled=[0.2989, 0.2736, 0.3788, 0.3174, 0.3183, 0.292, 0.3143, 0.3976, 0.3669, 0.3265], mean perf=65743/200160 (0.3285%)
Mean performance of ditto rpdp global, Perf=0.3391, seed=45
Mean performance of ditto rpdp personal, Perf=0.9340, seed=45
Mean performance of ditto rpdp pooled, Perf=0.3208, seed=45
Finished seed 45
----------------------------------------
Running seed 46
/Users/shegao_t1/DP_Research/Personal_DP_Personal_FL/rpdp_fl/experiments/datasets/fed_mnist/niid_10_2way_3000shot

Client 0 label distribution:
[(5, 1996), (6, 1964)]

Client 1 label distribution:
[(7, 1995), (9, 1965)]

Client 2 label distribution:
[(0, 1983), (8, 1977)]

Client 3 label distribution:
[(2, 1954), (9, 1972)]

Client 4 label distribution:
[(2, 1973), (3, 1959)]

Client 5 label distribution:
[(4, 2007), (6, 1898)]

Client 6 label distribution:
[(4, 1761), (8, 1996)]

Client 7 label distribution:
[(0, 1989), (1, 1920)]

Client 8 label distribution:
[(1, 1984), (5, 1593)]

Client 9 label distribution:
[(3, 1988), (7, 1972)]
Client 0: avg epsilon = 0.1000
Client 1: avg epsilon = 2.8816
Client 2: avg epsilon = 0.5493
Client 3: avg epsilon = 2.5612
Client 4: avg epsilon = 0.1000
Client 5: avg epsilon = 0.1000
Client 6: avg epsilon = 0.5781
Client 7: avg epsilon = 0.1000
Client 8: avg epsilon = 0.1000
Client 9: avg epsilon = 0.5482
 We run FedAvg with rPDP (ThreeLevels-0) ...
max_epsilon :  10.0  noise_multiplier :  9.736328125
The R-Squared value of the best-fit curve : 0.999749898528281
learning rate =  0.01
sample_rate: (min) 0.03, (max) 0.03, expected_batch_size: 99
sample_rate: (min) 0.03, (max) 0.61, expected_batch_size: 1454
sample_rate: (min) 0.03, (max) 0.16, expected_batch_size: 362
sample_rate: (min) 0.03, (max) 0.61, expected_batch_size: 1245
sample_rate: (min) 0.03, (max) 0.03, expected_batch_size: 99
sample_rate: (min) 0.03, (max) 0.03, expected_batch_size: 98
sample_rate: (min) 0.03, (max) 0.16, expected_batch_size: 360
sample_rate: (min) 0.03, (max) 0.03, expected_batch_size: 98
sample_rate: (min) 0.03, (max) 0.03, expected_batch_size: 90
sample_rate: (min) 0.03, (max) 0.16, expected_batch_size: 362
initial privacy cost of all clients:  [0, 0, 0, 0, 0, 0, 0, 0, 0, 0]
Round=0
Round=1
Round=2
Round=3
Round=4
Round=5
Round=6
Round=7
Round=8
Round=9
Round=10
Round=11
Round=12
Round=13
Round=14
current privacy cost of all clients:  [0.07214729257008984, 3.8048372549984366, 0.6583580204409699, 3.554611437795162, 0.07214729257008984, 0.0777036851988212, 0.7046321452486275, 0.09280122601357536, 0.0879752932513391, 0.7046321452486275]
Round=14, per client global perf=[0.0, 0.8583, 0.5618, 0.5141, 0.039, 0.0, 0.1059, 0.434, 0.0011, 0.3588], mean perf=5829/20016 (0.2912%)
Round=14, per client personal perf=[0.9338, 0.9299, 0.9721, 0.9194, 0.887, 0.93, 0.9008, 0.9717, 0.9707, 0.9196], mean perf=18681/20016 (0.9333%)
Round=14, per client personal pooled=[0.3951, 0.3743, 0.3367, 0.3381, 0.2855, 0.3275, 0.3581, 0.3589, 0.3605, 0.3945], mean perf=70642/200160 (0.3529%)
Mean performance of ditto rpdp global, Perf=0.3198, seed=46
Mean performance of ditto rpdp personal, Perf=0.9307, seed=46
Mean performance of ditto rpdp pooled, Perf=0.3012, seed=46
Client 0: avg epsilon = 0.3385
Client 1: avg epsilon = 0.7382
Client 2: avg epsilon = 0.3693
Client 3: avg epsilon = 1.0464
Client 4: avg epsilon = 0.1947
Client 5: avg epsilon = 0.3306
Client 6: avg epsilon = 0.5397
Client 7: avg epsilon = 0.1277
Client 8: avg epsilon = 0.2337
Client 9: avg epsilon = 0.3826
 We run FedAvg with rPDP (BoundedPareto-0) ...
max_epsilon :  10.0  noise_multiplier :  9.736328125
The R-Squared value of the best-fit curve : 0.999749898528281
learning rate =  0.01
sample_rate: (min) 0.05, (max) 0.07, expected_batch_size: 245
sample_rate: (min) 0.08, (max) 0.19, expected_batch_size: 476
sample_rate: (min) 0.03, (max) 0.11, expected_batch_size: 261
sample_rate: (min) 0.03, (max) 1.0, expected_batch_size: 609
sample_rate: (min) 0.04, (max) 0.04, expected_batch_size: 157
sample_rate: (min) 0.05, (max) 0.08, expected_batch_size: 237
sample_rate: (min) 0.05, (max) 0.14, expected_batch_size: 344
sample_rate: (min) 0.03, (max) 0.03, expected_batch_size: 115
sample_rate: (min) 0.03, (max) 0.06, expected_batch_size: 164
sample_rate: (min) 0.04, (max) 0.1, expected_batch_size: 271
initial privacy cost of all clients:  [0, 0, 0, 0, 0, 0, 0, 0, 0, 0]
Round=0
Round=1
Round=2
Round=3
Round=4
Round=5
Round=6
Round=7
Round=8
Round=9
Round=10
Round=11
Round=12
Round=13
Round=14
current privacy cost of all clients:  [0.25079682047850677, 0.9122037251308232, 0.44996267231344056, 6.803447050009791, 0.13958018947250211, 0.3027474917788089, 0.6097937903188453, 0.12351557766073824, 0.27143209625635345, 0.4019992928862715]
Round=14, per client global perf=[0.0132, 0.7784, 0.8176, 0.6851, 0.3065, 0.0025, 0.3724, 0.4404, 0.0108, 0.3681], mean perf=7674/20016 (0.3834%)
Round=14, per client personal perf=[0.9319, 0.9299, 0.9485, 0.9501, 0.8968, 0.9578, 0.8254, 0.9796, 0.9642, 0.9387], mean perf=18664/20016 (0.9325%)
Round=14, per client personal pooled=[0.329, 0.3512, 0.3282, 0.3134, 0.3752, 0.3915, 0.3052, 0.3591, 0.2953, 0.3712], mean perf=68438/200160 (0.3419%)
Mean performance of ditto rpdp global, Perf=0.3502, seed=46
Mean performance of ditto rpdp personal, Perf=0.9360, seed=46
Mean performance of ditto rpdp pooled, Perf=0.3137, seed=46
Client 0: avg epsilon = 0.1470
Client 1: avg epsilon = 2.5523
Client 2: avg epsilon = 0.5617
Client 3: avg epsilon = 2.7595
Client 4: avg epsilon = 0.1000
Client 5: avg epsilon = 0.1492
Client 6: avg epsilon = 0.6493
Client 7: avg epsilon = 0.1000
Client 8: avg epsilon = 0.1202
Client 9: avg epsilon = 0.5299
 We run FedAvg with rPDP (BoundedMixGauss-0) ...
max_epsilon :  10.0  noise_multiplier :  9.736328125
The R-Squared value of the best-fit curve : 0.999749898528281
learning rate =  0.01
sample_rate: (min) 0.03, (max) 0.04, expected_batch_size: 128
sample_rate: (min) 0.04, (max) 0.6, expected_batch_size: 1316
sample_rate: (min) 0.03, (max) 0.17, expected_batch_size: 369
sample_rate: (min) 0.03, (max) 0.75, expected_batch_size: 1315
sample_rate: (min) 0.03, (max) 0.03, expected_batch_size: 99
sample_rate: (min) 0.03, (max) 0.04, expected_batch_size: 128
sample_rate: (min) 0.03, (max) 0.19, expected_batch_size: 397
sample_rate: (min) 0.03, (max) 0.03, expected_batch_size: 98
sample_rate: (min) 0.03, (max) 0.03, expected_batch_size: 101
sample_rate: (min) 0.03, (max) 0.16, expected_batch_size: 352
initial privacy cost of all clients:  [0, 0, 0, 0, 0, 0, 0, 0, 0, 0]
Round=0
Round=1
Round=2
Round=3
Round=4
Round=5
Round=6
Round=7
Round=8
Round=9
Round=10
Round=11
Round=12
Round=13
Round=14
current privacy cost of all clients:  [0.11255629253084441, 3.7840682892999693, 0.6984894096524226, 4.699892211236226, 0.07217052326793813, 0.15008424402015133, 0.8663651952270777, 0.09280122601357536, 0.12357141377301965, 0.6997669219387922]
Round=14, per client global perf=[0.0, 0.8588, 0.6657, 0.5843, 0.1278, 0.0, 0.2221, 0.433, 0.0011, 0.3799], mean perf=6630/20016 (0.3312%)
Round=14, per client personal perf=[0.9363, 0.9255, 0.9716, 0.9056, 0.8835, 0.9364, 0.9019, 0.9712, 0.9723, 0.9181], mean perf=18655/20016 (0.9320%)
Round=14, per client personal pooled=[0.39, 0.3787, 0.3833, 0.3168, 0.313, 0.3508, 0.4049, 0.4024, 0.3715, 0.4399], mean perf=75090/200160 (0.3751%)
Mean performance of ditto rpdp global, Perf=0.3395, seed=46
Mean performance of ditto rpdp personal, Perf=0.9327, seed=46
Mean performance of ditto rpdp pooled, Perf=0.3202, seed=46
Finished seed 46
----------------------------------------
=== Running reg_param=20, num_steps=15 ===
Running seed 42
/Users/shegao_t1/DP_Research/Personal_DP_Personal_FL/rpdp_fl/experiments/datasets/fed_mnist/niid_10_2way_3000shot

Client 0 label distribution:
[(5, 1996), (6, 1964)]

Client 1 label distribution:
[(7, 1995), (9, 1965)]

Client 2 label distribution:
[(0, 1983), (8, 1977)]

Client 3 label distribution:
[(2, 1954), (9, 1972)]

Client 4 label distribution:
[(2, 1973), (3, 1959)]

Client 5 label distribution:
[(4, 2007), (6, 1898)]

Client 6 label distribution:
[(4, 1761), (8, 1996)]

Client 7 label distribution:
[(0, 1989), (1, 1920)]

Client 8 label distribution:
[(1, 1984), (5, 1593)]

Client 9 label distribution:
[(3, 1988), (7, 1972)]
Client 0: avg epsilon = 0.1000
Client 1: avg epsilon = 2.8816
Client 2: avg epsilon = 0.5493
Client 3: avg epsilon = 2.5612
Client 4: avg epsilon = 0.1000
Client 5: avg epsilon = 0.1000
Client 6: avg epsilon = 0.5781
Client 7: avg epsilon = 0.1000
Client 8: avg epsilon = 0.1000
Client 9: avg epsilon = 0.5482
 We run FedAvg with rPDP (ThreeLevels-0) ...
max_epsilon :  10.0  noise_multiplier :  9.736328125
The R-Squared value of the best-fit curve : 0.999749898528281
learning rate =  0.01
sample_rate: (min) 0.03, (max) 0.03, expected_batch_size: 99
sample_rate: (min) 0.03, (max) 0.61, expected_batch_size: 1454
sample_rate: (min) 0.03, (max) 0.16, expected_batch_size: 362
sample_rate: (min) 0.03, (max) 0.61, expected_batch_size: 1245
sample_rate: (min) 0.03, (max) 0.03, expected_batch_size: 99
sample_rate: (min) 0.03, (max) 0.03, expected_batch_size: 98
sample_rate: (min) 0.03, (max) 0.16, expected_batch_size: 360
sample_rate: (min) 0.03, (max) 0.03, expected_batch_size: 98
sample_rate: (min) 0.03, (max) 0.03, expected_batch_size: 90
sample_rate: (min) 0.03, (max) 0.16, expected_batch_size: 362
initial privacy cost of all clients:  [0, 0, 0, 0, 0, 0, 0, 0, 0, 0]
Round=0
Round=1
Round=2
Round=3
Round=4
Round=5
Round=6
Round=7
Round=8
Round=9
Round=10
Round=11
Round=12
Round=13
Round=14
current privacy cost of all clients:  [0.0777036851988212, 3.554611437795162, 0.5558558712260362, 3.3043856205918876, 0.08299634815037049, 0.0777036851988212, 0.7482516858029494, 0.0879752932513391, 0.09280122601357536, 0.6093162705378211]
Round=14, per client global perf=[0.549, 0.4657, 0.0377, 0.0104, 0.3643, 0.4014, 0.0692, 0.3987, 0.6209, 0.8417], mean perf=7513/20016 (0.3753%)
Round=14, per client personal perf=[0.9475, 0.9377, 0.9294, 0.8606, 0.8569, 0.8261, 0.7986, 0.9613, 0.9778, 0.924], mean perf=18052/20016 (0.9019%)
Round=14, per client personal pooled=[0.2471, 0.2137, 0.2597, 0.3405, 0.3163, 0.3051, 0.4141, 0.299, 0.2657, 0.2557], mean perf=58384/200160 (0.2917%)
Mean performance of ditto rpdp global, Perf=0.3445, seed=42
Mean performance of ditto rpdp personal, Perf=0.9031, seed=42
Mean performance of ditto rpdp pooled, Perf=0.2824, seed=42
Client 0: avg epsilon = 0.3394
Client 1: avg epsilon = 0.7403
Client 2: avg epsilon = 0.3718
Client 3: avg epsilon = 1.0341
Client 4: avg epsilon = 0.1952
Client 5: avg epsilon = 0.3320
Client 6: avg epsilon = 0.5426
Client 7: avg epsilon = 0.1272
Client 8: avg epsilon = 0.2339
Client 9: avg epsilon = 0.3847
 We run FedAvg with rPDP (BoundedPareto-0) ...
max_epsilon :  10.0  noise_multiplier :  9.736328125
The R-Squared value of the best-fit curve : 0.999749898528281
learning rate =  0.01
sample_rate: (min) 0.05, (max) 0.07, expected_batch_size: 246
sample_rate: (min) 0.08, (max) 0.19, expected_batch_size: 478
sample_rate: (min) 0.03, (max) 0.12, expected_batch_size: 262
sample_rate: (min) 0.03, (max) 0.98, expected_batch_size: 604
sample_rate: (min) 0.04, (max) 0.04, expected_batch_size: 157
sample_rate: (min) 0.05, (max) 0.08, expected_batch_size: 238
sample_rate: (min) 0.05, (max) 0.14, expected_batch_size: 345
sample_rate: (min) 0.03, (max) 0.03, expected_batch_size: 115
sample_rate: (min) 0.03, (max) 0.06, expected_batch_size: 164
sample_rate: (min) 0.04, (max) 0.1, expected_batch_size: 272
initial privacy cost of all clients:  [0, 0, 0, 0, 0, 0, 0, 0, 0, 0]
Round=0
Round=1
Round=2
Round=3
Round=4
Round=5
Round=6
Round=7
Round=8
Round=9
Round=10
Round=11
Round=12
Round=13
Round=14
current privacy cost of all clients:  [0.2708323864883786, 0.8540737692761711, 0.38128025560790973, 6.0748074655109106, 0.16019017623493748, 0.3040402155953894, 0.6468345354434932, 0.11696328180044625, 0.2864418954362965, 0.349925282462024]
Round=14, per client global perf=[0.3721, 0.4333, 0.0471, 0.2002, 0.4847, 0.7124, 0.4571, 0.4106, 0.5385, 0.6912], mean perf=8675/20016 (0.4334%)
Round=14, per client personal perf=[0.9652, 0.9162, 0.9338, 0.9263, 0.8904, 0.9379, 0.8585, 0.9513, 0.9344, 0.9054], mean perf=18457/20016 (0.9221%)
Round=14, per client personal pooled=[0.2735, 0.3322, 0.3688, 0.3611, 0.4162, 0.3646, 0.467, 0.3429, 0.4334, 0.3434], mean perf=74119/200160 (0.3703%)
Mean performance of ditto rpdp global, Perf=0.3837, seed=42
Mean performance of ditto rpdp personal, Perf=0.9164, seed=42
Mean performance of ditto rpdp pooled, Perf=0.3741, seed=42
Client 0: avg epsilon = 0.1475
Client 1: avg epsilon = 2.5575
Client 2: avg epsilon = 0.5619
Client 3: avg epsilon = 2.7494
Client 4: avg epsilon = 0.1000
Client 5: avg epsilon = 0.1501
Client 6: avg epsilon = 0.6492
Client 7: avg epsilon = 0.1000
Client 8: avg epsilon = 0.1205
Client 9: avg epsilon = 0.5308
 We run FedAvg with rPDP (BoundedMixGauss-0) ...
max_epsilon :  10.0  noise_multiplier :  9.736328125
The R-Squared value of the best-fit curve : 0.999749898528281
learning rate =  0.01
sample_rate: (min) 0.03, (max) 0.04, expected_batch_size: 129
sample_rate: (min) 0.04, (max) 0.6, expected_batch_size: 1319
sample_rate: (min) 0.03, (max) 0.17, expected_batch_size: 369
sample_rate: (min) 0.03, (max) 0.79, expected_batch_size: 1311
sample_rate: (min) 0.03, (max) 0.03, expected_batch_size: 99
sample_rate: (min) 0.03, (max) 0.04, expected_batch_size: 129
sample_rate: (min) 0.03, (max) 0.19, expected_batch_size: 397
sample_rate: (min) 0.03, (max) 0.03, expected_batch_size: 98
sample_rate: (min) 0.03, (max) 0.03, expected_batch_size: 101
sample_rate: (min) 0.03, (max) 0.16, expected_batch_size: 352
initial privacy cost of all clients:  [0, 0, 0, 0, 0, 0, 0, 0, 0, 0]
Round=0
Round=1
Round=2
Round=3
Round=4
Round=5
Round=6
Round=7
Round=8
Round=9
Round=10
Round=11
Round=12
Round=13
Round=14
current privacy cost of all clients:  [0.12172556056862104, 3.5303696928939345, 0.5909771225250234, 4.677926050365698, 0.08352205379363559, 0.15029524279357093, 0.9137356376429576, 0.0879752932513391, 0.13049532099934139, 0.6050251440761018]
Round=14, per client global perf=[0.3461, 0.4152, 0.1534, 0.0089, 0.0538, 0.228, 0.3233, 0.2329, 0.5255, 0.4681], mean perf=5471/20016 (0.2733%)
Round=14, per client personal perf=[0.9392, 0.9358, 0.9475, 0.9249, 0.8149, 0.8698, 0.8032, 0.9548, 0.9577, 0.9103], mean perf=18132/20016 (0.9059%)
Round=14, per client personal pooled=[0.2315, 0.3031, 0.2858, 0.2838, 0.2353, 0.2886, 0.3435, 0.2875, 0.3536, 0.247], mean perf=57239/200160 (0.2860%)
Mean performance of ditto rpdp global, Perf=0.2947, seed=42
Mean performance of ditto rpdp personal, Perf=0.8949, seed=42
Mean performance of ditto rpdp pooled, Perf=0.2830, seed=42
Finished seed 42
----------------------------------------
Running seed 43
/Users/shegao_t1/DP_Research/Personal_DP_Personal_FL/rpdp_fl/experiments/datasets/fed_mnist/niid_10_2way_3000shot

Client 0 label distribution:
[(5, 1996), (6, 1964)]

Client 1 label distribution:
[(7, 1995), (9, 1965)]

Client 2 label distribution:
[(0, 1983), (8, 1977)]

Client 3 label distribution:
[(2, 1954), (9, 1972)]

Client 4 label distribution:
[(2, 1973), (3, 1959)]

Client 5 label distribution:
[(4, 2007), (6, 1898)]

Client 6 label distribution:
[(4, 1761), (8, 1996)]

Client 7 label distribution:
[(0, 1989), (1, 1920)]

Client 8 label distribution:
[(1, 1984), (5, 1593)]

Client 9 label distribution:
[(3, 1988), (7, 1972)]
Client 0: avg epsilon = 0.1000
Client 1: avg epsilon = 2.8816
Client 2: avg epsilon = 0.5493
Client 3: avg epsilon = 2.5612
Client 4: avg epsilon = 0.1000
Client 5: avg epsilon = 0.1000
Client 6: avg epsilon = 0.5781
Client 7: avg epsilon = 0.1000
Client 8: avg epsilon = 0.1000
Client 9: avg epsilon = 0.5482
 We run FedAvg with rPDP (ThreeLevels-0) ...
max_epsilon :  10.0  noise_multiplier :  9.736328125
The R-Squared value of the best-fit curve : 0.999749898528281
learning rate =  0.01
sample_rate: (min) 0.03, (max) 0.03, expected_batch_size: 99
sample_rate: (min) 0.03, (max) 0.61, expected_batch_size: 1454
sample_rate: (min) 0.03, (max) 0.16, expected_batch_size: 362
sample_rate: (min) 0.03, (max) 0.61, expected_batch_size: 1245
sample_rate: (min) 0.03, (max) 0.03, expected_batch_size: 99
sample_rate: (min) 0.03, (max) 0.03, expected_batch_size: 98
sample_rate: (min) 0.03, (max) 0.16, expected_batch_size: 360
sample_rate: (min) 0.03, (max) 0.03, expected_batch_size: 98
sample_rate: (min) 0.03, (max) 0.03, expected_batch_size: 90
sample_rate: (min) 0.03, (max) 0.16, expected_batch_size: 362
initial privacy cost of all clients:  [0, 0, 0, 0, 0, 0, 0, 0, 0, 0]
Round=0
Round=1
Round=2
Round=3
Round=4
Round=5
Round=6
Round=7
Round=8
Round=9
Round=10
Round=11
Round=12
Round=13
Round=14
current privacy cost of all clients:  [0.08299634815037049, 3.554611437795162, 0.6583580204409699, 3.8048372549984366, 0.05997229379927632, 0.0777036851988212, 0.6093162705378211, 0.04533992744859791, 0.06629602355155903, 0.7915678459669535]
Round=14, per client global perf=[0.3191, 0.9196, 0.427, 0.4988, 0.0188, 0.3274, 0.0, 0.5382, 0.1372, 0.4382], mean perf=7335/20016 (0.3665%)
Round=14, per client personal perf=[0.8681, 0.9534, 0.9034, 0.8947, 0.6713, 0.9334, 0.8497, 0.8262, 0.7755, 0.899], mean perf=17181/20016 (0.8584%)
Round=14, per client personal pooled=[0.2998, 0.2021, 0.2877, 0.2841, 0.3331, 0.2755, 0.3216, 0.3079, 0.3664, 0.2673], mean perf=58957/200160 (0.2945%)
Mean performance of ditto rpdp global, Perf=0.2923, seed=43
Mean performance of ditto rpdp personal, Perf=0.8138, seed=43
Mean performance of ditto rpdp pooled, Perf=0.2777, seed=43
Client 0: avg epsilon = 0.3422
Client 1: avg epsilon = 0.7440
Client 2: avg epsilon = 0.3733
Client 3: avg epsilon = 1.0550
Client 4: avg epsilon = 0.1984
Client 5: avg epsilon = 0.3346
Client 6: avg epsilon = 0.5446
Client 7: avg epsilon = 0.1280
Client 8: avg epsilon = 0.2357
Client 9: avg epsilon = 0.3885
 We run FedAvg with rPDP (BoundedPareto-0) ...
max_epsilon :  10.0  noise_multiplier :  9.736328125
The R-Squared value of the best-fit curve : 0.999749898528281
learning rate =  0.01
sample_rate: (min) 0.06, (max) 0.07, expected_batch_size: 247
sample_rate: (min) 0.08, (max) 0.19, expected_batch_size: 480
sample_rate: (min) 0.03, (max) 0.12, expected_batch_size: 263
sample_rate: (min) 0.03, (max) 1.0, expected_batch_size: 613
sample_rate: (min) 0.04, (max) 0.04, expected_batch_size: 159
sample_rate: (min) 0.05, (max) 0.08, expected_batch_size: 239
sample_rate: (min) 0.05, (max) 0.14, expected_batch_size: 346
sample_rate: (min) 0.03, (max) 0.03, expected_batch_size: 115
sample_rate: (min) 0.03, (max) 0.06, expected_batch_size: 165
sample_rate: (min) 0.04, (max) 0.1, expected_batch_size: 274
initial privacy cost of all clients:  [0, 0, 0, 0, 0, 0, 0, 0, 0, 0]
Round=0
Round=1
Round=2
Round=3
Round=4
Round=5
Round=6
Round=7
Round=8
Round=9
Round=10
Round=11
Round=12
Round=13
Round=14
current privacy cost of all clients:  [0.2897700369095664, 0.8554656094904252, 0.4542599881316137, 7.341489632879909, 0.11916502206487452, 0.30613051230988353, 0.529486572881692, 0.061547506010356044, 0.210318774210376, 0.4587832950902705]
Round=14, per client global perf=[0.4789, 0.8181, 0.4593, 0.4464, 0.0183, 0.4824, 0.0026, 0.4722, 0.0103, 0.3863], mean perf=7257/20016 (0.3626%)
Round=14, per client personal perf=[0.9225, 0.9225, 0.9417, 0.9135, 0.8016, 0.9434, 0.8869, 0.8704, 0.8514, 0.9333], mean perf=18000/20016 (0.8993%)
Round=14, per client personal pooled=[0.274, 0.3651, 0.3246, 0.3214, 0.3496, 0.29, 0.3208, 0.3658, 0.3792, 0.3067], mean perf=65994/200160 (0.3297%)
Mean performance of ditto rpdp global, Perf=0.3267, seed=43
Mean performance of ditto rpdp personal, Perf=0.8825, seed=43
Mean performance of ditto rpdp pooled, Perf=0.3177, seed=43
Client 0: avg epsilon = 0.1488
Client 1: avg epsilon = 2.7091
Client 2: avg epsilon = 0.5659
Client 3: avg epsilon = 2.7560
Client 4: avg epsilon = 0.1000
Client 5: avg epsilon = 0.1535
Client 6: avg epsilon = 0.6579
Client 7: avg epsilon = 0.1000
Client 8: avg epsilon = 0.1210
Client 9: avg epsilon = 0.5351
 We run FedAvg with rPDP (BoundedMixGauss-0) ...
max_epsilon :  10.0  noise_multiplier :  9.736328125
The R-Squared value of the best-fit curve : 0.999749898528281
learning rate =  0.01
sample_rate: (min) 0.03, (max) 0.04, expected_batch_size: 130
sample_rate: (min) 0.05, (max) 0.6, expected_batch_size: 1391
sample_rate: (min) 0.03, (max) 0.17, expected_batch_size: 371
sample_rate: (min) 0.03, (max) 0.75, expected_batch_size: 1314
sample_rate: (min) 0.03, (max) 0.03, expected_batch_size: 99
sample_rate: (min) 0.03, (max) 0.05, expected_batch_size: 131
sample_rate: (min) 0.03, (max) 0.2, expected_batch_size: 402
sample_rate: (min) 0.03, (max) 0.03, expected_batch_size: 98
sample_rate: (min) 0.03, (max) 0.03, expected_batch_size: 101
sample_rate: (min) 0.03, (max) 0.16, expected_batch_size: 354
initial privacy cost of all clients:  [0, 0, 0, 0, 0, 0, 0, 0, 0, 0]
Round=0
Round=1
Round=2
Round=3
Round=4
Round=5
Round=6
Round=7
Round=8
Round=9
Round=10
Round=11
Round=12
Round=13
Round=14
current privacy cost of all clients:  [0.13107709906834628, 3.54017094327906, 0.7044507055018924, 4.965375462186012, 0.060483653964017496, 0.17107574497199254, 0.8273215395363687, 0.04533992744859791, 0.09443738242059632, 0.7918575912032448]
Round=14, per client global perf=[0.45, 0.924, 0.4275, 0.5195, 0.0217, 0.457, 0.0, 0.497, 0.0841, 0.4373], mean perf=7738/20016 (0.3866%)
Round=14, per client personal perf=[0.9088, 0.952, 0.8951, 0.873, 0.729, 0.9439, 0.9044, 0.8123, 0.8059, 0.8725], mean perf=17418/20016 (0.8702%)
Round=14, per client personal pooled=[0.2925, 0.2213, 0.2849, 0.3147, 0.2958, 0.2774, 0.3071, 0.3426, 0.327, 0.2766], mean perf=58844/200160 (0.2940%)
Mean performance of ditto rpdp global, Perf=0.3173, seed=43
Mean performance of ditto rpdp personal, Perf=0.8308, seed=43
Mean performance of ditto rpdp pooled, Perf=0.2805, seed=43
Finished seed 43
----------------------------------------
Running seed 44
/Users/shegao_t1/DP_Research/Personal_DP_Personal_FL/rpdp_fl/experiments/datasets/fed_mnist/niid_10_2way_3000shot

Client 0 label distribution:
[(5, 1996), (6, 1964)]

Client 1 label distribution:
[(7, 1995), (9, 1965)]

Client 2 label distribution:
[(0, 1983), (8, 1977)]

Client 3 label distribution:
[(2, 1954), (9, 1972)]

Client 4 label distribution:
[(2, 1973), (3, 1959)]

Client 5 label distribution:
[(4, 2007), (6, 1898)]

Client 6 label distribution:
[(4, 1761), (8, 1996)]

Client 7 label distribution:
[(0, 1989), (1, 1920)]

Client 8 label distribution:
[(1, 1984), (5, 1593)]

Client 9 label distribution:
[(3, 1988), (7, 1972)]
Client 0: avg epsilon = 0.1000
Client 1: avg epsilon = 2.8816
Client 2: avg epsilon = 0.5493
Client 3: avg epsilon = 2.5612
Client 4: avg epsilon = 0.1000
Client 5: avg epsilon = 0.1000
Client 6: avg epsilon = 0.5781
Client 7: avg epsilon = 0.1000
Client 8: avg epsilon = 0.1000
Client 9: avg epsilon = 0.5482
 We run FedAvg with rPDP (ThreeLevels-0) ...
max_epsilon :  10.0  noise_multiplier :  9.736328125
The R-Squared value of the best-fit curve : 0.999749898528281
learning rate =  0.01
sample_rate: (min) 0.03, (max) 0.03, expected_batch_size: 99
sample_rate: (min) 0.03, (max) 0.61, expected_batch_size: 1454
sample_rate: (min) 0.03, (max) 0.16, expected_batch_size: 362
sample_rate: (min) 0.03, (max) 0.61, expected_batch_size: 1245
sample_rate: (min) 0.03, (max) 0.03, expected_batch_size: 99
sample_rate: (min) 0.03, (max) 0.03, expected_batch_size: 98
sample_rate: (min) 0.03, (max) 0.16, expected_batch_size: 360
sample_rate: (min) 0.03, (max) 0.03, expected_batch_size: 98
sample_rate: (min) 0.03, (max) 0.03, expected_batch_size: 90
sample_rate: (min) 0.03, (max) 0.16, expected_batch_size: 362
initial privacy cost of all clients:  [0, 0, 0, 0, 0, 0, 0, 0, 0, 0]
Round=0
Round=1
Round=2
Round=3
Round=4
Round=5
Round=6
Round=7
Round=8
Round=9
Round=10
Round=11
Round=12
Round=13
Round=14
current privacy cost of all clients:  [0.08299634815037049, 4.510367153745826, 0.7482516858029494, 2.1521425035466386, 0.09280122601357536, 0.06629602355155903, 0.5558558712260362, 0.06629602355155903, 0.05997229379927632, 0.7046321452486275]
Round=14, per client global perf=[0.0, 0.9275, 0.4363, 0.476, 0.0326, 0.0, 0.4272, 0.0228, 0.0201, 0.4662], mean perf=5672/20016 (0.2834%)
Round=14, per client personal perf=[0.9328, 0.9466, 0.952, 0.8917, 0.8712, 0.7869, 0.8791, 0.9643, 0.9338, 0.8794], mean perf=18089/20016 (0.9037%)
Round=14, per client personal pooled=[0.3519, 0.3515, 0.3008, 0.2826, 0.3186, 0.2047, 0.3765, 0.2115, 0.2871, 0.3233], mean perf=60221/200160 (0.3009%)
Mean performance of ditto rpdp global, Perf=0.3443, seed=44
Mean performance of ditto rpdp personal, Perf=0.8922, seed=44
Mean performance of ditto rpdp pooled, Perf=0.2837, seed=44
Client 0: avg epsilon = 0.3392
Client 1: avg epsilon = 0.7494
Client 2: avg epsilon = 0.3757
Client 3: avg epsilon = 1.0420
Client 4: avg epsilon = 0.1945
Client 5: avg epsilon = 0.3332
Client 6: avg epsilon = 0.5452
Client 7: avg epsilon = 0.1271
Client 8: avg epsilon = 0.2330
Client 9: avg epsilon = 0.3875
 We run FedAvg with rPDP (BoundedPareto-0) ...
max_epsilon :  10.0  noise_multiplier :  9.736328125
The R-Squared value of the best-fit curve : 0.999749898528281
learning rate =  0.01
sample_rate: (min) 0.05, (max) 0.07, expected_batch_size: 246
sample_rate: (min) 0.08, (max) 0.19, expected_batch_size: 483
sample_rate: (min) 0.03, (max) 0.12, expected_batch_size: 265
sample_rate: (min) 0.03, (max) 1.0, expected_batch_size: 608
sample_rate: (min) 0.04, (max) 0.04, expected_batch_size: 157
sample_rate: (min) 0.05, (max) 0.08, expected_batch_size: 238
sample_rate: (min) 0.05, (max) 0.14, expected_batch_size: 347
sample_rate: (min) 0.03, (max) 0.03, expected_batch_size: 115
sample_rate: (min) 0.03, (max) 0.06, expected_batch_size: 163
sample_rate: (min) 0.04, (max) 0.1, expected_batch_size: 274
initial privacy cost of all clients:  [0, 0, 0, 0, 0, 0, 0, 0, 0, 0]
Round=0
Round=1
Round=2
Round=3
Round=4
Round=5
Round=6
Round=7
Round=8
Round=9
Round=10
Round=11
Round=12
Round=13
Round=14
current privacy cost of all clients:  [0.2893732544554233, 1.0695406285632225, 0.5195432324157971, 4.065705449544012, 0.17813101208369886, 0.2639126927938433, 0.48631807442847724, 0.08846754820483427, 0.1892981066982835, 0.40888933507194186]
Round=14, per client global perf=[0.0083, 0.5799, 0.4373, 0.1186, 0.1876, 0.0467, 0.4478, 0.0283, 0.0, 0.652], mean perf=5060/20016 (0.2528%)
Round=14, per client personal perf=[0.9436, 0.9319, 0.9407, 0.9239, 0.881, 0.9314, 0.89, 0.9603, 0.974, 0.9], mean perf=18563/20016 (0.9274%)
Round=14, per client personal pooled=[0.3732, 0.4334, 0.353, 0.3308, 0.4382, 0.296, 0.3852, 0.362, 0.2954, 0.3849], mean perf=73099/200160 (0.3652%)
Mean performance of ditto rpdp global, Perf=0.3625, seed=44
Mean performance of ditto rpdp personal, Perf=0.9245, seed=44
Mean performance of ditto rpdp pooled, Perf=0.3359, seed=44
Client 0: avg epsilon = 0.1475
Client 1: avg epsilon = 2.6723
Client 2: avg epsilon = 0.5628
Client 3: avg epsilon = 2.7567
Client 4: avg epsilon = 0.1000
Client 5: avg epsilon = 0.1501
Client 6: avg epsilon = 0.6551
Client 7: avg epsilon = 0.1000
Client 8: avg epsilon = 0.1205
Client 9: avg epsilon = 0.5315
 We run FedAvg with rPDP (BoundedMixGauss-0) ...
max_epsilon :  10.0  noise_multiplier :  9.736328125
The R-Squared value of the best-fit curve : 0.999749898528281
learning rate =  0.01
sample_rate: (min) 0.03, (max) 0.04, expected_batch_size: 129
sample_rate: (min) 0.04, (max) 0.61, expected_batch_size: 1370
sample_rate: (min) 0.03, (max) 0.17, expected_batch_size: 370
sample_rate: (min) 0.03, (max) 0.77, expected_batch_size: 1314
sample_rate: (min) 0.03, (max) 0.03, expected_batch_size: 99
sample_rate: (min) 0.03, (max) 0.04, expected_batch_size: 129
sample_rate: (min) 0.03, (max) 0.22, expected_batch_size: 400
sample_rate: (min) 0.03, (max) 0.03, expected_batch_size: 98
sample_rate: (min) 0.03, (max) 0.03, expected_batch_size: 101
sample_rate: (min) 0.03, (max) 0.16, expected_batch_size: 353
initial privacy cost of all clients:  [0, 0, 0, 0, 0, 0, 0, 0, 0, 0]
Round=0
Round=1
Round=2
Round=3
Round=4
Round=5
Round=6
Round=7
Round=8
Round=9
Round=10
Round=11
Round=12
Round=13
Round=14
current privacy cost of all clients:  [0.12949311458056192, 4.500171165228081, 0.7981019908203113, 2.867614688859706, 0.09329220854604373, 0.13066890902589304, 0.813224908404701, 0.06629602355155903, 0.08496160334862189, 0.7005096248680255]
Round=14, per client global perf=[0.0, 0.898, 0.4686, 0.4913, 0.0429, 0.0, 0.437, 0.1668, 0.1318, 0.448], mean perf=6208/20016 (0.3102%)
Round=14, per client personal perf=[0.8995, 0.9402, 0.9559, 0.8922, 0.8801, 0.8564, 0.8662, 0.9603, 0.9669, 0.8603], mean perf=18164/20016 (0.9075%)
Round=14, per client personal pooled=[0.4385, 0.4141, 0.3388, 0.2653, 0.2998, 0.2361, 0.3326, 0.2562, 0.285, 0.339], mean perf=64163/200160 (0.3206%)
Mean performance of ditto rpdp global, Perf=0.3513, seed=44
Mean performance of ditto rpdp personal, Perf=0.8961, seed=44
Mean performance of ditto rpdp pooled, Perf=0.3035, seed=44
Finished seed 44
----------------------------------------
Running seed 45
/Users/shegao_t1/DP_Research/Personal_DP_Personal_FL/rpdp_fl/experiments/datasets/fed_mnist/niid_10_2way_3000shot

Client 0 label distribution:
[(5, 1996), (6, 1964)]

Client 1 label distribution:
[(7, 1995), (9, 1965)]

Client 2 label distribution:
[(0, 1983), (8, 1977)]

Client 3 label distribution:
[(2, 1954), (9, 1972)]

Client 4 label distribution:
[(2, 1973), (3, 1959)]

Client 5 label distribution:
[(4, 2007), (6, 1898)]

Client 6 label distribution:
[(4, 1761), (8, 1996)]

Client 7 label distribution:
[(0, 1989), (1, 1920)]

Client 8 label distribution:
[(1, 1984), (5, 1593)]

Client 9 label distribution:
[(3, 1988), (7, 1972)]
Client 0: avg epsilon = 0.1000
Client 1: avg epsilon = 2.8816
Client 2: avg epsilon = 0.5493
Client 3: avg epsilon = 2.5612
Client 4: avg epsilon = 0.1000
Client 5: avg epsilon = 0.1000
Client 6: avg epsilon = 0.5781
Client 7: avg epsilon = 0.1000
Client 8: avg epsilon = 0.1000
Client 9: avg epsilon = 0.5482
 We run FedAvg with rPDP (ThreeLevels-0) ...
max_epsilon :  10.0  noise_multiplier :  9.736328125
The R-Squared value of the best-fit curve : 0.999749898528281
learning rate =  0.01
sample_rate: (min) 0.03, (max) 0.03, expected_batch_size: 99
sample_rate: (min) 0.03, (max) 0.61, expected_batch_size: 1454
sample_rate: (min) 0.03, (max) 0.16, expected_batch_size: 362
sample_rate: (min) 0.03, (max) 0.61, expected_batch_size: 1245
sample_rate: (min) 0.03, (max) 0.03, expected_batch_size: 99
sample_rate: (min) 0.03, (max) 0.03, expected_batch_size: 98
sample_rate: (min) 0.03, (max) 0.16, expected_batch_size: 360
sample_rate: (min) 0.03, (max) 0.03, expected_batch_size: 98
sample_rate: (min) 0.03, (max) 0.03, expected_batch_size: 90
sample_rate: (min) 0.03, (max) 0.16, expected_batch_size: 362
initial privacy cost of all clients:  [0, 0, 0, 0, 0, 0, 0, 0, 0, 0]
Round=0
Round=1
Round=2
Round=3
Round=4
Round=5
Round=6
Round=7
Round=8
Round=9
Round=10
Round=11
Round=12
Round=13
Round=14
current privacy cost of all clients:  [0.0777036851988212, 3.554611437795162, 0.6583580204409699, 2.502378074621252, 0.0777036851988212, 0.0879752932513391, 0.7046321452486275, 0.05997229379927632, 0.08299634815037049, 0.7915678459669535]
Round=14, per client global perf=[0.0583, 0.2838, 0.5025, 0.0188, 0.078, 0.3522, 0.8383, 0.0338, 0.0672, 0.3167], mean perf=5089/20016 (0.2542%)
Round=14, per client personal perf=[0.9505, 0.9505, 0.9113, 0.8913, 0.8519, 0.8202, 0.8652, 0.9151, 0.955, 0.923], mean perf=18079/20016 (0.9032%)
Round=14, per client personal pooled=[0.2599, 0.2665, 0.3623, 0.3281, 0.3395, 0.2729, 0.3134, 0.3725, 0.3549, 0.3141], mean perf=63733/200160 (0.3184%)
Mean performance of ditto rpdp global, Perf=0.3029, seed=45
Mean performance of ditto rpdp personal, Perf=0.9117, seed=45
Mean performance of ditto rpdp pooled, Perf=0.3070, seed=45
Client 0: avg epsilon = 0.3410
Client 1: avg epsilon = 0.7416
Client 2: avg epsilon = 0.3744
Client 3: avg epsilon = 1.0395
Client 4: avg epsilon = 0.1950
Client 5: avg epsilon = 0.3350
Client 6: avg epsilon = 0.5440
Client 7: avg epsilon = 0.1271
Client 8: avg epsilon = 0.2343
Client 9: avg epsilon = 0.3879
 We run FedAvg with rPDP (BoundedPareto-0) ...
max_epsilon :  10.0  noise_multiplier :  9.736328125
The R-Squared value of the best-fit curve : 0.999749898528281
learning rate =  0.01
sample_rate: (min) 0.05, (max) 0.07, expected_batch_size: 247
sample_rate: (min) 0.08, (max) 0.19, expected_batch_size: 478
sample_rate: (min) 0.03, (max) 0.12, expected_batch_size: 264
sample_rate: (min) 0.03, (max) 1.0, expected_batch_size: 605
sample_rate: (min) 0.04, (max) 0.04, expected_batch_size: 157
sample_rate: (min) 0.05, (max) 0.08, expected_batch_size: 240
sample_rate: (min) 0.05, (max) 0.14, expected_batch_size: 346
sample_rate: (min) 0.03, (max) 0.03, expected_batch_size: 115
sample_rate: (min) 0.03, (max) 0.06, expected_batch_size: 164
sample_rate: (min) 0.04, (max) 0.1, expected_batch_size: 274
initial privacy cost of all clients:  [0, 0, 0, 0, 0, 0, 0, 0, 0, 0]
Round=0
Round=1
Round=2
Round=3
Round=4
Round=5
Round=6
Round=7
Round=8
Round=9
Round=10
Round=11
Round=12
Round=13
Round=14
current privacy cost of all clients:  [0.2734219659311125, 0.8496329408207246, 0.45563635867345087, 4.65127671852932, 0.1505718772789174, 0.3459849381557856, 0.6088764751254605, 0.08018205509991227, 0.2593368953115138, 0.459204484938208]
Round=14, per client global perf=[0.4167, 0.3775, 0.5637, 0.0361, 0.3564, 0.6269, 0.8027, 0.4916, 0.558, 0.7015], mean perf=9831/20016 (0.4912%)
Round=14, per client personal perf=[0.9681, 0.9368, 0.8662, 0.8903, 0.8776, 0.9374, 0.8977, 0.9479, 0.9577, 0.9279], mean perf=18425/20016 (0.9205%)
Round=14, per client personal pooled=[0.261, 0.3642, 0.4497, 0.4285, 0.4317, 0.4513, 0.3919, 0.4437, 0.4964, 0.4247], mean perf=82928/200160 (0.4143%)
Mean performance of ditto rpdp global, Perf=0.4883, seed=45
Mean performance of ditto rpdp personal, Perf=0.9282, seed=45
Mean performance of ditto rpdp pooled, Perf=0.3952, seed=45
Client 0: avg epsilon = 0.1484
Client 1: avg epsilon = 2.7197
Client 2: avg epsilon = 0.5657
Client 3: avg epsilon = 2.7592
Client 4: avg epsilon = 0.1000
Client 5: avg epsilon = 0.1527
Client 6: avg epsilon = 0.6800
Client 7: avg epsilon = 0.1000
Client 8: avg epsilon = 0.1209
Client 9: avg epsilon = 0.5345
 We run FedAvg with rPDP (BoundedMixGauss-0) ...
max_epsilon :  10.0  noise_multiplier :  9.736328125
The R-Squared value of the best-fit curve : 0.999749898528281
learning rate =  0.01
sample_rate: (min) 0.03, (max) 0.04, expected_batch_size: 129
sample_rate: (min) 0.05, (max) 0.61, expected_batch_size: 1394
sample_rate: (min) 0.03, (max) 0.17, expected_batch_size: 371
sample_rate: (min) 0.03, (max) 0.77, expected_batch_size: 1315
sample_rate: (min) 0.03, (max) 0.03, expected_batch_size: 99
sample_rate: (min) 0.03, (max) 0.05, expected_batch_size: 130
sample_rate: (min) 0.03, (max) 0.49, expected_batch_size: 412
sample_rate: (min) 0.03, (max) 0.03, expected_batch_size: 98
sample_rate: (min) 0.03, (max) 0.03, expected_batch_size: 101
sample_rate: (min) 0.03, (max) 0.16, expected_batch_size: 354
initial privacy cost of all clients:  [0, 0, 0, 0, 0, 0, 0, 0, 0, 0]
Round=0
Round=1
Round=2
Round=3
Round=4
Round=5
Round=6
Round=7
Round=8
Round=9
Round=10
Round=11
Round=12
Round=13
Round=14
current privacy cost of all clients:  [0.1228453738887237, 3.5500474671477065, 0.7051365371105033, 3.3324169844940013, 0.07843135584168298, 0.18829274433624257, 2.7721146962758922, 0.05997229379927632, 0.11748024103344672, 0.7907027823214281]
Round=14, per client global perf=[0.0819, 0.2348, 0.5681, 0.0059, 0.1713, 0.4232, 0.876, 0.0924, 0.0363, 0.376], mean perf=5732/20016 (0.2864%)
Round=14, per client personal perf=[0.9623, 0.9534, 0.8897, 0.8962, 0.8539, 0.918, 0.8858, 0.9439, 0.9637, 0.9162], mean perf=18376/20016 (0.9181%)
Round=14, per client personal pooled=[0.3101, 0.2993, 0.4018, 0.3278, 0.3635, 0.2932, 0.3274, 0.4408, 0.3761, 0.3437], mean perf=69730/200160 (0.3484%)
Mean performance of ditto rpdp global, Perf=0.3391, seed=45
Mean performance of ditto rpdp personal, Perf=0.9214, seed=45
Mean performance of ditto rpdp pooled, Perf=0.3443, seed=45
Finished seed 45
----------------------------------------
Running seed 46
/Users/shegao_t1/DP_Research/Personal_DP_Personal_FL/rpdp_fl/experiments/datasets/fed_mnist/niid_10_2way_3000shot

Client 0 label distribution:
[(5, 1996), (6, 1964)]

Client 1 label distribution:
[(7, 1995), (9, 1965)]

Client 2 label distribution:
[(0, 1983), (8, 1977)]

Client 3 label distribution:
[(2, 1954), (9, 1972)]

Client 4 label distribution:
[(2, 1973), (3, 1959)]

Client 5 label distribution:
[(4, 2007), (6, 1898)]

Client 6 label distribution:
[(4, 1761), (8, 1996)]

Client 7 label distribution:
[(0, 1989), (1, 1920)]

Client 8 label distribution:
[(1, 1984), (5, 1593)]

Client 9 label distribution:
[(3, 1988), (7, 1972)]
Client 0: avg epsilon = 0.1000
Client 1: avg epsilon = 2.8816
Client 2: avg epsilon = 0.5493
Client 3: avg epsilon = 2.5612
Client 4: avg epsilon = 0.1000
Client 5: avg epsilon = 0.1000
Client 6: avg epsilon = 0.5781
Client 7: avg epsilon = 0.1000
Client 8: avg epsilon = 0.1000
Client 9: avg epsilon = 0.5482
 We run FedAvg with rPDP (ThreeLevels-0) ...
max_epsilon :  10.0  noise_multiplier :  9.736328125
The R-Squared value of the best-fit curve : 0.999749898528281
learning rate =  0.01
sample_rate: (min) 0.03, (max) 0.03, expected_batch_size: 99
sample_rate: (min) 0.03, (max) 0.61, expected_batch_size: 1454
sample_rate: (min) 0.03, (max) 0.16, expected_batch_size: 362
sample_rate: (min) 0.03, (max) 0.61, expected_batch_size: 1245
sample_rate: (min) 0.03, (max) 0.03, expected_batch_size: 99
sample_rate: (min) 0.03, (max) 0.03, expected_batch_size: 98
sample_rate: (min) 0.03, (max) 0.16, expected_batch_size: 360
sample_rate: (min) 0.03, (max) 0.03, expected_batch_size: 98
sample_rate: (min) 0.03, (max) 0.03, expected_batch_size: 90
sample_rate: (min) 0.03, (max) 0.16, expected_batch_size: 362
initial privacy cost of all clients:  [0, 0, 0, 0, 0, 0, 0, 0, 0, 0]
Round=0
Round=1
Round=2
Round=3
Round=4
Round=5
Round=6
Round=7
Round=8
Round=9
Round=10
Round=11
Round=12
Round=13
Round=14
current privacy cost of all clients:  [0.07214729257008984, 3.8048372549984366, 0.6583580204409699, 3.554611437795162, 0.07214729257008984, 0.0777036851988212, 0.7046321452486275, 0.09280122601357536, 0.0879752932513391, 0.7046321452486275]
Round=14, per client global perf=[0.0, 0.8583, 0.5618, 0.5141, 0.039, 0.0, 0.1059, 0.434, 0.0011, 0.3588], mean perf=5829/20016 (0.2912%)
Round=14, per client personal perf=[0.9142, 0.9039, 0.9588, 0.8932, 0.8707, 0.9374, 0.8884, 0.9628, 0.9431, 0.9029], mean perf=18363/20016 (0.9174%)
Round=14, per client personal pooled=[0.39, 0.4151, 0.3773, 0.366, 0.3057, 0.3332, 0.3806, 0.3434, 0.3974, 0.4564], mean perf=75364/200160 (0.3765%)
Mean performance of ditto rpdp global, Perf=0.3198, seed=46
Mean performance of ditto rpdp personal, Perf=0.9156, seed=46
Mean performance of ditto rpdp pooled, Perf=0.3247, seed=46
Client 0: avg epsilon = 0.3385
Client 1: avg epsilon = 0.7382
Client 2: avg epsilon = 0.3693
Client 3: avg epsilon = 1.0464
Client 4: avg epsilon = 0.1947
Client 5: avg epsilon = 0.3306
Client 6: avg epsilon = 0.5397
Client 7: avg epsilon = 0.1277
Client 8: avg epsilon = 0.2337
Client 9: avg epsilon = 0.3826
 We run FedAvg with rPDP (BoundedPareto-0) ...
max_epsilon :  10.0  noise_multiplier :  9.736328125
The R-Squared value of the best-fit curve : 0.999749898528281
learning rate =  0.01
sample_rate: (min) 0.05, (max) 0.07, expected_batch_size: 245
sample_rate: (min) 0.08, (max) 0.19, expected_batch_size: 476
sample_rate: (min) 0.03, (max) 0.11, expected_batch_size: 261
sample_rate: (min) 0.03, (max) 1.0, expected_batch_size: 609
sample_rate: (min) 0.04, (max) 0.04, expected_batch_size: 157
sample_rate: (min) 0.05, (max) 0.08, expected_batch_size: 237
sample_rate: (min) 0.05, (max) 0.14, expected_batch_size: 344
sample_rate: (min) 0.03, (max) 0.03, expected_batch_size: 115
sample_rate: (min) 0.03, (max) 0.06, expected_batch_size: 164
sample_rate: (min) 0.04, (max) 0.1, expected_batch_size: 271
initial privacy cost of all clients:  [0, 0, 0, 0, 0, 0, 0, 0, 0, 0]
Round=0
Round=1
Round=2
Round=3
Round=4
Round=5
Round=6
Round=7
Round=8
Round=9
Round=10
Round=11
Round=12
Round=13
Round=14
current privacy cost of all clients:  [0.25079682047850677, 0.9122037251308232, 0.44996267231344056, 6.803447050009791, 0.13958018947250211, 0.3027474917788089, 0.6097937903188453, 0.12351557766073824, 0.27143209625635345, 0.4019992928862715]
Round=14, per client global perf=[0.0132, 0.7784, 0.8176, 0.6851, 0.3065, 0.0025, 0.3724, 0.4404, 0.0108, 0.3681], mean perf=7674/20016 (0.3834%)
Round=14, per client personal perf=[0.9225, 0.8794, 0.9505, 0.9313, 0.8643, 0.9463, 0.8957, 0.9747, 0.9382, 0.9132], mean perf=18445/20016 (0.9215%)
Round=14, per client personal pooled=[0.3492, 0.394, 0.3508, 0.358, 0.3978, 0.3973, 0.3294, 0.3961, 0.3225, 0.4125], mean perf=74212/200160 (0.3708%)
Mean performance of ditto rpdp global, Perf=0.3502, seed=46
Mean performance of ditto rpdp personal, Perf=0.9274, seed=46
Mean performance of ditto rpdp pooled, Perf=0.3458, seed=46
Client 0: avg epsilon = 0.1470
Client 1: avg epsilon = 2.5523
Client 2: avg epsilon = 0.5617
Client 3: avg epsilon = 2.7595
Client 4: avg epsilon = 0.1000
Client 5: avg epsilon = 0.1492
Client 6: avg epsilon = 0.6493
Client 7: avg epsilon = 0.1000
Client 8: avg epsilon = 0.1202
Client 9: avg epsilon = 0.5299
 We run FedAvg with rPDP (BoundedMixGauss-0) ...
max_epsilon :  10.0  noise_multiplier :  9.736328125
The R-Squared value of the best-fit curve : 0.999749898528281
learning rate =  0.01
sample_rate: (min) 0.03, (max) 0.04, expected_batch_size: 128
sample_rate: (min) 0.04, (max) 0.6, expected_batch_size: 1316
sample_rate: (min) 0.03, (max) 0.17, expected_batch_size: 369
sample_rate: (min) 0.03, (max) 0.75, expected_batch_size: 1315
sample_rate: (min) 0.03, (max) 0.03, expected_batch_size: 99
sample_rate: (min) 0.03, (max) 0.04, expected_batch_size: 128
sample_rate: (min) 0.03, (max) 0.19, expected_batch_size: 397
sample_rate: (min) 0.03, (max) 0.03, expected_batch_size: 98
sample_rate: (min) 0.03, (max) 0.03, expected_batch_size: 101
sample_rate: (min) 0.03, (max) 0.16, expected_batch_size: 352
initial privacy cost of all clients:  [0, 0, 0, 0, 0, 0, 0, 0, 0, 0]
Round=0
Round=1
Round=2
Round=3
Round=4
Round=5
Round=6
Round=7
Round=8
Round=9
Round=10
Round=11
Round=12
Round=13
Round=14
current privacy cost of all clients:  [0.11255629253084441, 3.7840682892999693, 0.6984894096524226, 4.699892211236226, 0.07217052326793813, 0.15008424402015133, 0.8663651952270777, 0.09280122601357536, 0.12357141377301965, 0.6997669219387922]
Round=14, per client global perf=[0.0, 0.8588, 0.6657, 0.5843, 0.1278, 0.0, 0.2221, 0.433, 0.0011, 0.3799], mean perf=6630/20016 (0.3312%)
Round=14, per client personal perf=[0.9265, 0.9064, 0.9529, 0.9046, 0.8574, 0.9359, 0.891, 0.9618, 0.9507, 0.8971], mean perf=18379/20016 (0.9182%)
Round=14, per client personal pooled=[0.4097, 0.4037, 0.4092, 0.3746, 0.3475, 0.3455, 0.424, 0.3992, 0.4155, 0.466], mean perf=79962/200160 (0.3995%)
Mean performance of ditto rpdp global, Perf=0.3395, seed=46
Mean performance of ditto rpdp personal, Perf=0.9214, seed=46
Mean performance of ditto rpdp pooled, Perf=0.3433, seed=46
Finished seed 46
----------------------------------------
