PARAMS: dataset=fashion_mnist, gpu=0, data_type=iid_10
=== Running reg_param=0, num_steps=15 ===
Running seed 42
/Users/shegao_t1/DP_Research/Personal_DP_Personal_FL/rpdp_fl/experiments/datasets/fed_fashion_mnist/iid_10

Client 0 label distribution:
[(0, 440), (1, 401), (2, 413), (3, 389), (4, 377), (5, 395), (6, 380), (7, 394), (8, 376), (9, 395)]

Client 1 label distribution:
[(0, 409), (1, 386), (2, 399), (3, 384), (4, 416), (5, 389), (6, 356), (7, 399), (8, 401), (9, 421)]

Client 2 label distribution:
[(0, 379), (1, 430), (2, 396), (3, 386), (4, 376), (5, 379), (6, 429), (7, 401), (8, 392), (9, 392)]

Client 3 label distribution:
[(0, 406), (1, 408), (2, 354), (3, 404), (4, 400), (5, 422), (6, 398), (7, 371), (8, 414), (9, 383)]

Client 4 label distribution:
[(0, 412), (1, 412), (2, 385), (3, 396), (4, 358), (5, 395), (6, 400), (7, 404), (8, 404), (9, 394)]

Client 5 label distribution:
[(0, 408), (1, 412), (2, 381), (3, 384), (4, 390), (5, 393), (6, 391), (7, 420), (8, 403), (9, 378)]

Client 6 label distribution:
[(0, 386), (1, 367), (2, 405), (3, 402), (4, 388), (5, 359), (6, 409), (7, 395), (8, 416), (9, 433)]

Client 7 label distribution:
[(0, 370), (1, 424), (2, 396), (3, 416), (4, 384), (5, 432), (6, 395), (7, 378), (8, 380), (9, 385)]

Client 8 label distribution:
[(0, 372), (1, 411), (2, 428), (3, 388), (4, 419), (5, 379), (6, 409), (7, 394), (8, 365), (9, 395)]

Client 9 label distribution:
[(0, 385), (1, 380), (2, 363), (3, 392), (4, 417), (5, 419), (6, 361), (7, 426), (8, 412), (9, 405)]
Client 0: avg epsilon = 0.7321
Client 1: avg epsilon = 0.8028
Client 2: avg epsilon = 0.7653
Client 3: avg epsilon = 0.7523
Client 4: avg epsilon = 0.7712
Client 5: avg epsilon = 0.7548
Client 6: avg epsilon = 0.8201
Client 7: avg epsilon = 0.7487
Client 8: avg epsilon = 0.7613
Client 9: avg epsilon = 0.7916
 We run FedAvg with rPDP (ThreeLevels-0) ...
max_epsilon :  10.0  noise_multiplier :  9.736328125
The R-Squared value of the best-fit curve : 0.999749898528281
learning rate =  0.001
sample_rate: (min) 0.03, (max) 0.61, expected_batch_size: 416
sample_rate: (min) 0.03, (max) 0.61, expected_batch_size: 451
sample_rate: (min) 0.03, (max) 0.61, expected_batch_size: 433
sample_rate: (min) 0.03, (max) 0.61, expected_batch_size: 426
sample_rate: (min) 0.03, (max) 0.61, expected_batch_size: 436
sample_rate: (min) 0.03, (max) 0.61, expected_batch_size: 429
sample_rate: (min) 0.03, (max) 0.61, expected_batch_size: 459
sample_rate: (min) 0.03, (max) 0.61, expected_batch_size: 424
sample_rate: (min) 0.03, (max) 0.61, expected_batch_size: 430
sample_rate: (min) 0.03, (max) 0.61, expected_batch_size: 446
initial privacy cost of all clients:  [0, 0, 0, 0, 0, 0, 0, 0, 0, 0]
Round=0
Round=1
Round=2
Round=3
Round=4
Round=5
Round=6
Round=7
Round=8
Round=9
Round=10
Round=11
Round=12
Round=13
Round=14
current privacy cost of all clients:  [3.554611437795162, 3.554611437795162, 2.8039339861853394, 3.3043856205918876, 3.8048372549984366, 3.554611437795162, 3.8048372549984366, 4.055063072201711, 4.305288889404985, 3.0541598033886133]
Round=14, per client global perf=[0.3784, 0.3784, 0.3784, 0.3706, 0.3623, 0.3765, 0.3843, 0.3691, 0.3608, 0.3706], mean perf=7608/20400 (0.3729%)
Round=14, per client personal perf=[0.752, 0.749, 0.7039, 0.723, 0.7559, 0.7588, 0.7775, 0.7407, 0.7382, 0.7475], mean perf=15191/20400 (0.7447%)
Round=14, per client personal pooled=[0.7426, 0.7555, 0.6949, 0.7255, 0.7617, 0.7592, 0.7675, 0.75, 0.7511, 0.7449], mean perf=152038/204000 (0.7453%)
Mean performance of ditto rpdp global, Perf=0.3557, seed=42
Mean performance of ditto rpdp personal, Perf=0.7399, seed=42
Mean performance of ditto rpdp pooled, Perf=0.7401, seed=42
Client 0: avg epsilon = 0.3382
Client 1: avg epsilon = 0.3575
Client 2: avg epsilon = 0.3662
Client 3: avg epsilon = 0.3782
Client 4: avg epsilon = 0.3958
Client 5: avg epsilon = 0.4104
Client 6: avg epsilon = 0.4500
Client 7: avg epsilon = 0.4586
Client 8: avg epsilon = 0.5046
Client 9: avg epsilon = 0.6557
 We run FedAvg with rPDP (BoundedPareto-0) ...
max_epsilon :  10.0  noise_multiplier :  9.736328125
The R-Squared value of the best-fit curve : 0.999749898528281
learning rate =  0.001
sample_rate: (min) 0.03, (max) 0.15, expected_batch_size: 243
sample_rate: (min) 0.03, (max) 0.16, expected_batch_size: 254
sample_rate: (min) 0.03, (max) 0.16, expected_batch_size: 259
sample_rate: (min) 0.03, (max) 0.17, expected_batch_size: 266
sample_rate: (min) 0.03, (max) 0.19, expected_batch_size: 276
sample_rate: (min) 0.03, (max) 0.2, expected_batch_size: 284
sample_rate: (min) 0.03, (max) 0.23, expected_batch_size: 306
sample_rate: (min) 0.03, (max) 0.26, expected_batch_size: 310
sample_rate: (min) 0.03, (max) 0.32, expected_batch_size: 334
sample_rate: (min) 0.03, (max) 0.98, expected_batch_size: 404
initial privacy cost of all clients:  [0, 0, 0, 0, 0, 0, 0, 0, 0, 0]
Round=0
Round=1
Round=2
Round=3
Round=4
Round=5
Round=6
Round=7
Round=8
Round=9
Round=10
Round=11
Round=12
Round=13
Round=14
current privacy cost of all clients:  [0.6467664365012017, 0.6889795199005952, 0.5819917504517842, 0.7354479782632062, 0.9099519022060186, 0.9374383049887219, 1.1378477898081383, 1.4071502808945435, 1.9162462442557835, 5.563993025730616]
Round=14, per client global perf=[0.4696, 0.4765, 0.4618, 0.4544, 0.4819, 0.4775, 0.451, 0.4436, 0.4691, 0.4534], mean perf=9463/20400 (0.4639%)
Round=14, per client personal perf=[0.7632, 0.748, 0.7284, 0.7539, 0.7417, 0.7368, 0.7799, 0.7275, 0.7505, 0.7549], mean perf=15269/20400 (0.7485%)
Round=14, per client personal pooled=[0.7512, 0.7592, 0.7176, 0.755, 0.7448, 0.7375, 0.7672, 0.7496, 0.7612, 0.7489], mean perf=152841/204000 (0.7492%)
Mean performance of ditto rpdp global, Perf=0.4603, seed=42
Mean performance of ditto rpdp personal, Perf=0.7455, seed=42
Mean performance of ditto rpdp pooled, Perf=0.7444, seed=42
Client 0: avg epsilon = 0.5773
Client 1: avg epsilon = 0.7382
Client 2: avg epsilon = 0.7303
Client 3: avg epsilon = 0.7377
Client 4: avg epsilon = 0.7720
Client 5: avg epsilon = 0.7721
Client 6: avg epsilon = 0.8576
Client 7: avg epsilon = 0.8031
Client 8: avg epsilon = 0.8387
Client 9: avg epsilon = 0.9170
 We run FedAvg with rPDP (BoundedMixGauss-0) ...
max_epsilon :  10.0  noise_multiplier :  9.736328125
The R-Squared value of the best-fit curve : 0.999749898528281
learning rate =  0.001
sample_rate: (min) 0.03, (max) 0.54, expected_batch_size: 351
sample_rate: (min) 0.03, (max) 0.56, expected_batch_size: 426
sample_rate: (min) 0.03, (max) 0.58, expected_batch_size: 421
sample_rate: (min) 0.03, (max) 0.59, expected_batch_size: 423
sample_rate: (min) 0.03, (max) 0.6, expected_batch_size: 439
sample_rate: (min) 0.03, (max) 0.62, expected_batch_size: 438
sample_rate: (min) 0.03, (max) 0.63, expected_batch_size: 477
sample_rate: (min) 0.03, (max) 0.64, expected_batch_size: 449
sample_rate: (min) 0.03, (max) 0.66, expected_batch_size: 464
sample_rate: (min) 0.03, (max) 0.79, expected_batch_size: 499
initial privacy cost of all clients:  [0, 0, 0, 0, 0, 0, 0, 0, 0, 0]
Round=0
Round=1
Round=2
Round=3
Round=4
Round=5
Round=6
Round=7
Round=8
Round=9
Round=10
Round=11
Round=12
Round=13
Round=14
current privacy cost of all clients:  [3.0735546899729185, 3.237072489998286, 2.667560670719878, 3.207562825149566, 3.7815497439723202, 3.62496560238358, 4.009915797708055, 4.401561805859411, 4.732536262830204, 4.36666609846329]
Round=14, per client global perf=[0.4034, 0.4005, 0.4034, 0.3917, 0.3902, 0.4044, 0.4015, 0.4005, 0.3902, 0.3912], mean perf=8113/20400 (0.3977%)
Round=14, per client personal perf=[0.7505, 0.7495, 0.7338, 0.7574, 0.7632, 0.7485, 0.776, 0.7505, 0.7544, 0.748], mean perf=15365/20400 (0.7532%)
Round=14, per client personal pooled=[0.7452, 0.7525, 0.7237, 0.7441, 0.7574, 0.7475, 0.7637, 0.7645, 0.7671, 0.7461], mean perf=153240/204000 (0.7512%)
Mean performance of ditto rpdp global, Perf=0.3779, seed=42
Mean performance of ditto rpdp personal, Perf=0.7504, seed=42
Mean performance of ditto rpdp pooled, Perf=0.7478, seed=42
Finished seed 42
----------------------------------------
Running seed 43
/Users/shegao_t1/DP_Research/Personal_DP_Personal_FL/rpdp_fl/experiments/datasets/fed_fashion_mnist/iid_10

Client 0 label distribution:
[(0, 440), (1, 401), (2, 413), (3, 389), (4, 377), (5, 395), (6, 380), (7, 394), (8, 376), (9, 395)]

Client 1 label distribution:
[(0, 409), (1, 386), (2, 399), (3, 384), (4, 416), (5, 389), (6, 356), (7, 399), (8, 401), (9, 421)]

Client 2 label distribution:
[(0, 379), (1, 430), (2, 396), (3, 386), (4, 376), (5, 379), (6, 429), (7, 401), (8, 392), (9, 392)]

Client 3 label distribution:
[(0, 406), (1, 408), (2, 354), (3, 404), (4, 400), (5, 422), (6, 398), (7, 371), (8, 414), (9, 383)]

Client 4 label distribution:
[(0, 412), (1, 412), (2, 385), (3, 396), (4, 358), (5, 395), (6, 400), (7, 404), (8, 404), (9, 394)]

Client 5 label distribution:
[(0, 408), (1, 412), (2, 381), (3, 384), (4, 390), (5, 393), (6, 391), (7, 420), (8, 403), (9, 378)]

Client 6 label distribution:
[(0, 386), (1, 367), (2, 405), (3, 402), (4, 388), (5, 359), (6, 409), (7, 395), (8, 416), (9, 433)]

Client 7 label distribution:
[(0, 370), (1, 424), (2, 396), (3, 416), (4, 384), (5, 432), (6, 395), (7, 378), (8, 380), (9, 385)]

Client 8 label distribution:
[(0, 372), (1, 411), (2, 428), (3, 388), (4, 419), (5, 379), (6, 409), (7, 394), (8, 365), (9, 395)]

Client 9 label distribution:
[(0, 385), (1, 380), (2, 363), (3, 392), (4, 417), (5, 419), (6, 361), (7, 426), (8, 412), (9, 405)]
Client 0: avg epsilon = 0.7321
Client 1: avg epsilon = 0.8028
Client 2: avg epsilon = 0.7653
Client 3: avg epsilon = 0.7523
Client 4: avg epsilon = 0.7712
Client 5: avg epsilon = 0.7548
Client 6: avg epsilon = 0.8201
Client 7: avg epsilon = 0.7487
Client 8: avg epsilon = 0.7613
Client 9: avg epsilon = 0.7916
 We run FedAvg with rPDP (ThreeLevels-0) ...
max_epsilon :  10.0  noise_multiplier :  9.736328125
The R-Squared value of the best-fit curve : 0.999749898528281
learning rate =  0.001
sample_rate: (min) 0.03, (max) 0.61, expected_batch_size: 416
sample_rate: (min) 0.03, (max) 0.61, expected_batch_size: 451
sample_rate: (min) 0.03, (max) 0.61, expected_batch_size: 433
sample_rate: (min) 0.03, (max) 0.61, expected_batch_size: 426
sample_rate: (min) 0.03, (max) 0.61, expected_batch_size: 436
sample_rate: (min) 0.03, (max) 0.61, expected_batch_size: 429
sample_rate: (min) 0.03, (max) 0.61, expected_batch_size: 459
sample_rate: (min) 0.03, (max) 0.61, expected_batch_size: 424
sample_rate: (min) 0.03, (max) 0.61, expected_batch_size: 430
sample_rate: (min) 0.03, (max) 0.61, expected_batch_size: 446
initial privacy cost of all clients:  [0, 0, 0, 0, 0, 0, 0, 0, 0, 0]
Round=0
Round=1
Round=2
Round=3
Round=4
Round=5
Round=6
Round=7
Round=8
Round=9
Round=10
Round=11
Round=12
Round=13
Round=14
current privacy cost of all clients:  [3.8048372549984366, 3.554611437795162, 3.3043856205918876, 3.8048372549984366, 2.8039339861853394, 3.554611437795162, 3.0541598033886133, 2.1521425035466386, 3.0541598033886133, 4.055063072201711]
Round=14, per client global perf=[0.3265, 0.3392, 0.3373, 0.3118, 0.3328, 0.3191, 0.3152, 0.3167, 0.327, 0.3093], mean perf=6599/20400 (0.3235%)
Round=14, per client personal perf=[0.7652, 0.7343, 0.7529, 0.7471, 0.6922, 0.7353, 0.7157, 0.6294, 0.7328, 0.7559], mean perf=14812/20400 (0.7261%)
Round=14, per client personal pooled=[0.7538, 0.7388, 0.7389, 0.7459, 0.6893, 0.7441, 0.7093, 0.625, 0.7388, 0.7542], mean perf=147660/204000 (0.7238%)
Mean performance of ditto rpdp global, Perf=0.3019, seed=43
Mean performance of ditto rpdp personal, Perf=0.7102, seed=43
Mean performance of ditto rpdp pooled, Perf=0.7092, seed=43
Client 0: avg epsilon = 0.3406
Client 1: avg epsilon = 0.3602
Client 2: avg epsilon = 0.3687
Client 3: avg epsilon = 0.3807
Client 4: avg epsilon = 0.3983
Client 5: avg epsilon = 0.4134
Client 6: avg epsilon = 0.4529
Client 7: avg epsilon = 0.4625
Client 8: avg epsilon = 0.5088
Client 9: avg epsilon = 0.6730
 We run FedAvg with rPDP (BoundedPareto-0) ...
max_epsilon :  10.0  noise_multiplier :  9.736328125
The R-Squared value of the best-fit curve : 0.999749898528281
learning rate =  0.001
sample_rate: (min) 0.03, (max) 0.15, expected_batch_size: 244
sample_rate: (min) 0.03, (max) 0.16, expected_batch_size: 256
sample_rate: (min) 0.03, (max) 0.16, expected_batch_size: 261
sample_rate: (min) 0.03, (max) 0.17, expected_batch_size: 267
sample_rate: (min) 0.03, (max) 0.19, expected_batch_size: 277
sample_rate: (min) 0.03, (max) 0.2, expected_batch_size: 286
sample_rate: (min) 0.03, (max) 0.23, expected_batch_size: 308
sample_rate: (min) 0.03, (max) 0.26, expected_batch_size: 312
sample_rate: (min) 0.03, (max) 0.32, expected_batch_size: 336
sample_rate: (min) 0.03, (max) 1.0, expected_batch_size: 411
initial privacy cost of all clients:  [0, 0, 0, 0, 0, 0, 0, 0, 0, 0]
Round=0
Round=1
Round=2
Round=3
Round=4
Round=5
Round=6
Round=7
Round=8
Round=9
Round=10
Round=11
Round=12
Round=13
Round=14
current privacy cost of all clients:  [0.6912080021294884, 0.6922715660946682, 0.6887499487830259, 0.8392871193922, 0.6779143911733407, 0.943863253983929, 0.9339118605253581, 0.7839880583951899, 1.4193560713768727, 7.879532215750026]
Round=14, per client global perf=[0.4667, 0.4608, 0.4539, 0.452, 0.4632, 0.4559, 0.4534, 0.4373, 0.4686, 0.4387], mean perf=9283/20400 (0.4550%)
Round=14, per client personal perf=[0.7647, 0.7324, 0.7407, 0.7505, 0.7044, 0.7343, 0.7191, 0.6304, 0.7181, 0.7588], mean perf=14797/20400 (0.7253%)
Round=14, per client personal pooled=[0.7521, 0.7359, 0.7326, 0.7468, 0.7039, 0.7268, 0.7201, 0.6293, 0.7237, 0.7627], mean perf=147571/204000 (0.7234%)
Mean performance of ditto rpdp global, Perf=0.4372, seed=43
Mean performance of ditto rpdp personal, Perf=0.7104, seed=43
Mean performance of ditto rpdp pooled, Perf=0.7080, seed=43
Client 0: avg epsilon = 0.6749
Client 1: avg epsilon = 0.7469
Client 2: avg epsilon = 0.7363
Client 3: avg epsilon = 0.7424
Client 4: avg epsilon = 0.7757
Client 5: avg epsilon = 0.7753
Client 6: avg epsilon = 0.8609
Client 7: avg epsilon = 0.8068
Client 8: avg epsilon = 0.8441
Client 9: avg epsilon = 0.9619
 We run FedAvg with rPDP (BoundedMixGauss-0) ...
max_epsilon :  10.0  noise_multiplier :  9.736328125
The R-Squared value of the best-fit curve : 0.999749898528281
learning rate =  0.001
sample_rate: (min) 0.03, (max) 0.55, expected_batch_size: 397
sample_rate: (min) 0.03, (max) 0.57, expected_batch_size: 430
sample_rate: (min) 0.03, (max) 0.58, expected_batch_size: 424
sample_rate: (min) 0.03, (max) 0.59, expected_batch_size: 425
sample_rate: (min) 0.03, (max) 0.61, expected_batch_size: 441
sample_rate: (min) 0.03, (max) 0.62, expected_batch_size: 440
sample_rate: (min) 0.03, (max) 0.63, expected_batch_size: 479
sample_rate: (min) 0.03, (max) 0.64, expected_batch_size: 451
sample_rate: (min) 0.03, (max) 0.66, expected_batch_size: 467
sample_rate: (min) 0.03, (max) 0.75, expected_batch_size: 522
initial privacy cost of all clients:  [0, 0, 0, 0, 0, 0, 0, 0, 0, 0]
Round=0
Round=1
Round=2
Round=3
Round=4
Round=5
Round=6
Round=7
Round=8
Round=9
Round=10
Round=11
Round=12
Round=13
Round=14
current privacy cost of all clients:  [3.322962263347714, 3.269517435508484, 3.1424226947690475, 3.7003063073066293, 2.796613174593184, 3.6290197804600797, 3.194362008496409, 2.3144651764121855, 3.4110642511128604, 5.239405359423475]
Round=14, per client global perf=[0.351, 0.3588, 0.3603, 0.3348, 0.3461, 0.3397, 0.3343, 0.3328, 0.35, 0.3294], mean perf=7012/20400 (0.3437%)
Round=14, per client personal perf=[0.7554, 0.727, 0.7348, 0.7358, 0.7275, 0.7324, 0.7127, 0.6294, 0.7176, 0.7608], mean perf=14756/20400 (0.7233%)
Round=14, per client personal pooled=[0.7437, 0.7376, 0.7268, 0.7389, 0.7195, 0.7311, 0.7132, 0.6411, 0.7157, 0.7585], mean perf=147414/204000 (0.7226%)
Mean performance of ditto rpdp global, Perf=0.3220, seed=43
Mean performance of ditto rpdp personal, Perf=0.7060, seed=43
Mean performance of ditto rpdp pooled, Perf=0.7061, seed=43
Finished seed 43
----------------------------------------
Running seed 44
/Users/shegao_t1/DP_Research/Personal_DP_Personal_FL/rpdp_fl/experiments/datasets/fed_fashion_mnist/iid_10

Client 0 label distribution:
[(0, 440), (1, 401), (2, 413), (3, 389), (4, 377), (5, 395), (6, 380), (7, 394), (8, 376), (9, 395)]

Client 1 label distribution:
[(0, 409), (1, 386), (2, 399), (3, 384), (4, 416), (5, 389), (6, 356), (7, 399), (8, 401), (9, 421)]

Client 2 label distribution:
[(0, 379), (1, 430), (2, 396), (3, 386), (4, 376), (5, 379), (6, 429), (7, 401), (8, 392), (9, 392)]

Client 3 label distribution:
[(0, 406), (1, 408), (2, 354), (3, 404), (4, 400), (5, 422), (6, 398), (7, 371), (8, 414), (9, 383)]

Client 4 label distribution:
[(0, 412), (1, 412), (2, 385), (3, 396), (4, 358), (5, 395), (6, 400), (7, 404), (8, 404), (9, 394)]

Client 5 label distribution:
[(0, 408), (1, 412), (2, 381), (3, 384), (4, 390), (5, 393), (6, 391), (7, 420), (8, 403), (9, 378)]

Client 6 label distribution:
[(0, 386), (1, 367), (2, 405), (3, 402), (4, 388), (5, 359), (6, 409), (7, 395), (8, 416), (9, 433)]

Client 7 label distribution:
[(0, 370), (1, 424), (2, 396), (3, 416), (4, 384), (5, 432), (6, 395), (7, 378), (8, 380), (9, 385)]

Client 8 label distribution:
[(0, 372), (1, 411), (2, 428), (3, 388), (4, 419), (5, 379), (6, 409), (7, 394), (8, 365), (9, 395)]

Client 9 label distribution:
[(0, 385), (1, 380), (2, 363), (3, 392), (4, 417), (5, 419), (6, 361), (7, 426), (8, 412), (9, 405)]
Client 0: avg epsilon = 0.7321
Client 1: avg epsilon = 0.8028
Client 2: avg epsilon = 0.7653
Client 3: avg epsilon = 0.7523
Client 4: avg epsilon = 0.7712
Client 5: avg epsilon = 0.7548
Client 6: avg epsilon = 0.8201
Client 7: avg epsilon = 0.7487
Client 8: avg epsilon = 0.7613
Client 9: avg epsilon = 0.7916
 We run FedAvg with rPDP (ThreeLevels-0) ...
max_epsilon :  10.0  noise_multiplier :  9.736328125
The R-Squared value of the best-fit curve : 0.999749898528281
learning rate =  0.001
sample_rate: (min) 0.03, (max) 0.61, expected_batch_size: 416
sample_rate: (min) 0.03, (max) 0.61, expected_batch_size: 451
sample_rate: (min) 0.03, (max) 0.61, expected_batch_size: 433
sample_rate: (min) 0.03, (max) 0.61, expected_batch_size: 426
sample_rate: (min) 0.03, (max) 0.61, expected_batch_size: 436
sample_rate: (min) 0.03, (max) 0.61, expected_batch_size: 429
sample_rate: (min) 0.03, (max) 0.61, expected_batch_size: 459
sample_rate: (min) 0.03, (max) 0.61, expected_batch_size: 424
sample_rate: (min) 0.03, (max) 0.61, expected_batch_size: 430
sample_rate: (min) 0.03, (max) 0.61, expected_batch_size: 446
initial privacy cost of all clients:  [0, 0, 0, 0, 0, 0, 0, 0, 0, 0]
Round=0
Round=1
Round=2
Round=3
Round=4
Round=5
Round=6
Round=7
Round=8
Round=9
Round=10
Round=11
Round=12
Round=13
Round=14
current privacy cost of all clients:  [3.8048372549984366, 4.510367153745826, 3.8048372549984366, 2.1521425035466386, 4.305288889404985, 3.0541598033886133, 2.8039339861853394, 3.0541598033886133, 2.8039339861853394, 3.554611437795162]
Round=14, per client global perf=[0.4279, 0.4363, 0.4397, 0.427, 0.4225, 0.4319, 0.4426, 0.4328, 0.4176, 0.4289], mean perf=8787/20400 (0.4307%)
Round=14, per client personal perf=[0.774, 0.7725, 0.7696, 0.6735, 0.7613, 0.7412, 0.7275, 0.7157, 0.7123, 0.7583], mean perf=15108/20400 (0.7406%)
Round=14, per client personal pooled=[0.7629, 0.7745, 0.7607, 0.6707, 0.7678, 0.7389, 0.7156, 0.7325, 0.7199, 0.759], mean perf=151010/204000 (0.7402%)
Mean performance of ditto rpdp global, Perf=0.4103, seed=44
Mean performance of ditto rpdp personal, Perf=0.7329, seed=44
Mean performance of ditto rpdp pooled, Perf=0.7331, seed=44
Client 0: avg epsilon = 0.3397
Client 1: avg epsilon = 0.3595
Client 2: avg epsilon = 0.3685
Client 3: avg epsilon = 0.3811
Client 4: avg epsilon = 0.3989
Client 5: avg epsilon = 0.4135
Client 6: avg epsilon = 0.4526
Client 7: avg epsilon = 0.4619
Client 8: avg epsilon = 0.5069
Client 9: avg epsilon = 0.6591
 We run FedAvg with rPDP (BoundedPareto-0) ...
max_epsilon :  10.0  noise_multiplier :  9.736328125
The R-Squared value of the best-fit curve : 0.999749898528281
learning rate =  0.001
sample_rate: (min) 0.03, (max) 0.15, expected_batch_size: 244
sample_rate: (min) 0.03, (max) 0.16, expected_batch_size: 255
sample_rate: (min) 0.03, (max) 0.17, expected_batch_size: 260
sample_rate: (min) 0.03, (max) 0.18, expected_batch_size: 268
sample_rate: (min) 0.03, (max) 0.19, expected_batch_size: 278
sample_rate: (min) 0.03, (max) 0.2, expected_batch_size: 286
sample_rate: (min) 0.03, (max) 0.23, expected_batch_size: 308
sample_rate: (min) 0.03, (max) 0.26, expected_batch_size: 312
sample_rate: (min) 0.03, (max) 0.32, expected_batch_size: 335
sample_rate: (min) 0.03, (max) 1.0, expected_batch_size: 405
initial privacy cost of all clients:  [0, 0, 0, 0, 0, 0, 0, 0, 0, 0]
Round=0
Round=1
Round=2
Round=3
Round=4
Round=5
Round=6
Round=7
Round=8
Round=9
Round=10
Round=11
Round=12
Round=13
Round=14
current privacy cost of all clients:  [0.6956181848134951, 0.8586979810293165, 0.7920872226700502, 0.49184508011579625, 1.0253559632278404, 0.8229428603288331, 0.8584072539901793, 1.0904339703446881, 1.2845695398555657, 6.803447050009791]
Round=14, per client global perf=[0.4833, 0.4799, 0.4627, 0.4598, 0.4765, 0.4755, 0.4593, 0.4471, 0.4701, 0.4495], mean perf=9514/20400 (0.4664%)
Round=14, per client personal perf=[0.7721, 0.7794, 0.7838, 0.6725, 0.7608, 0.7049, 0.7333, 0.7147, 0.727, 0.7578], mean perf=15109/20400 (0.7406%)
Round=14, per client personal pooled=[0.7552, 0.7755, 0.7737, 0.6754, 0.7622, 0.7127, 0.7272, 0.7321, 0.7304, 0.7605], mean perf=151060/204000 (0.7405%)
Mean performance of ditto rpdp global, Perf=0.4679, seed=44
Mean performance of ditto rpdp personal, Perf=0.7346, seed=44
Mean performance of ditto rpdp pooled, Perf=0.7343, seed=44
Client 0: avg epsilon = 0.6596
Client 1: avg epsilon = 0.7436
Client 2: avg epsilon = 0.7337
Client 3: avg epsilon = 0.7408
Client 4: avg epsilon = 0.7746
Client 5: avg epsilon = 0.7742
Client 6: avg epsilon = 0.8604
Client 7: avg epsilon = 0.8056
Client 8: avg epsilon = 0.8420
Client 9: avg epsilon = 0.9381
 We run FedAvg with rPDP (BoundedMixGauss-0) ...
max_epsilon :  10.0  noise_multiplier :  9.736328125
The R-Squared value of the best-fit curve : 0.999749898528281
learning rate =  0.001
sample_rate: (min) 0.03, (max) 0.55, expected_batch_size: 389
sample_rate: (min) 0.03, (max) 0.57, expected_batch_size: 428
sample_rate: (min) 0.03, (max) 0.58, expected_batch_size: 422
sample_rate: (min) 0.03, (max) 0.59, expected_batch_size: 424
sample_rate: (min) 0.03, (max) 0.61, expected_batch_size: 440
sample_rate: (min) 0.03, (max) 0.62, expected_batch_size: 439
sample_rate: (min) 0.03, (max) 0.63, expected_batch_size: 478
sample_rate: (min) 0.03, (max) 0.64, expected_batch_size: 450
sample_rate: (min) 0.03, (max) 0.66, expected_batch_size: 466
sample_rate: (min) 0.03, (max) 0.77, expected_batch_size: 509
initial privacy cost of all clients:  [0, 0, 0, 0, 0, 0, 0, 0, 0, 0]
Round=0
Round=1
Round=2
Round=3
Round=4
Round=5
Round=6
Round=7
Round=8
Round=9
Round=10
Round=11
Round=12
Round=13
Round=14
current privacy cost of all clients:  [3.314321147704087, 4.11317569889657, 3.5970680072111274, 2.1014443369785516, 4.294303908109173, 3.113541806597043, 2.9233139453321044, 3.2838827425077355, 3.100601686150985, 4.77719853540031]
Round=14, per client global perf=[0.4245, 0.4412, 0.4426, 0.4279, 0.4186, 0.4309, 0.4328, 0.4211, 0.4152, 0.4118], mean perf=8704/20400 (0.4267%)
Round=14, per client personal perf=[0.748, 0.7784, 0.775, 0.6892, 0.776, 0.7289, 0.724, 0.7176, 0.7245, 0.7623], mean perf=15145/20400 (0.7424%)
Round=14, per client personal pooled=[0.7462, 0.7792, 0.7597, 0.6853, 0.7778, 0.7322, 0.7115, 0.7349, 0.732, 0.7585], mean perf=151312/204000 (0.7417%)
Mean performance of ditto rpdp global, Perf=0.4136, seed=44
Mean performance of ditto rpdp personal, Perf=0.7367, seed=44
Mean performance of ditto rpdp pooled, Perf=0.7372, seed=44
Finished seed 44
----------------------------------------
Running seed 45
/Users/shegao_t1/DP_Research/Personal_DP_Personal_FL/rpdp_fl/experiments/datasets/fed_fashion_mnist/iid_10

Client 0 label distribution:
[(0, 440), (1, 401), (2, 413), (3, 389), (4, 377), (5, 395), (6, 380), (7, 394), (8, 376), (9, 395)]

Client 1 label distribution:
[(0, 409), (1, 386), (2, 399), (3, 384), (4, 416), (5, 389), (6, 356), (7, 399), (8, 401), (9, 421)]

Client 2 label distribution:
[(0, 379), (1, 430), (2, 396), (3, 386), (4, 376), (5, 379), (6, 429), (7, 401), (8, 392), (9, 392)]

Client 3 label distribution:
[(0, 406), (1, 408), (2, 354), (3, 404), (4, 400), (5, 422), (6, 398), (7, 371), (8, 414), (9, 383)]

Client 4 label distribution:
[(0, 412), (1, 412), (2, 385), (3, 396), (4, 358), (5, 395), (6, 400), (7, 404), (8, 404), (9, 394)]

Client 5 label distribution:
[(0, 408), (1, 412), (2, 381), (3, 384), (4, 390), (5, 393), (6, 391), (7, 420), (8, 403), (9, 378)]

Client 6 label distribution:
[(0, 386), (1, 367), (2, 405), (3, 402), (4, 388), (5, 359), (6, 409), (7, 395), (8, 416), (9, 433)]

Client 7 label distribution:
[(0, 370), (1, 424), (2, 396), (3, 416), (4, 384), (5, 432), (6, 395), (7, 378), (8, 380), (9, 385)]

Client 8 label distribution:
[(0, 372), (1, 411), (2, 428), (3, 388), (4, 419), (5, 379), (6, 409), (7, 394), (8, 365), (9, 395)]

Client 9 label distribution:
[(0, 385), (1, 380), (2, 363), (3, 392), (4, 417), (5, 419), (6, 361), (7, 426), (8, 412), (9, 405)]
Client 0: avg epsilon = 0.7321
Client 1: avg epsilon = 0.8028
Client 2: avg epsilon = 0.7653
Client 3: avg epsilon = 0.7523
Client 4: avg epsilon = 0.7712
Client 5: avg epsilon = 0.7548
Client 6: avg epsilon = 0.8201
Client 7: avg epsilon = 0.7487
Client 8: avg epsilon = 0.7613
Client 9: avg epsilon = 0.7916
 We run FedAvg with rPDP (ThreeLevels-0) ...
max_epsilon :  10.0  noise_multiplier :  9.736328125
The R-Squared value of the best-fit curve : 0.999749898528281
learning rate =  0.001
sample_rate: (min) 0.03, (max) 0.61, expected_batch_size: 416
sample_rate: (min) 0.03, (max) 0.61, expected_batch_size: 451
sample_rate: (min) 0.03, (max) 0.61, expected_batch_size: 433
sample_rate: (min) 0.03, (max) 0.61, expected_batch_size: 426
sample_rate: (min) 0.03, (max) 0.61, expected_batch_size: 436
sample_rate: (min) 0.03, (max) 0.61, expected_batch_size: 429
sample_rate: (min) 0.03, (max) 0.61, expected_batch_size: 459
sample_rate: (min) 0.03, (max) 0.61, expected_batch_size: 424
sample_rate: (min) 0.03, (max) 0.61, expected_batch_size: 430
sample_rate: (min) 0.03, (max) 0.61, expected_batch_size: 446
initial privacy cost of all clients:  [0, 0, 0, 0, 0, 0, 0, 0, 0, 0]
Round=0
Round=1
Round=2
Round=3
Round=4
Round=5
Round=6
Round=7
Round=8
Round=9
Round=10
Round=11
Round=12
Round=13
Round=14
current privacy cost of all clients:  [3.554611437795162, 3.554611437795162, 3.3043856205918876, 2.502378074621252, 3.554611437795162, 4.055063072201711, 3.554611437795162, 2.8039339861853394, 3.8048372549984366, 4.055063072201711]
Round=14, per client global perf=[0.3814, 0.3789, 0.3912, 0.3775, 0.3686, 0.3696, 0.3931, 0.3907, 0.3701, 0.3765], mean perf=7747/20400 (0.3798%)
Round=14, per client personal perf=[0.7505, 0.7265, 0.7475, 0.601, 0.7387, 0.7608, 0.749, 0.6745, 0.7265, 0.7588], mean perf=14757/20400 (0.7234%)
Round=14, per client personal pooled=[0.7397, 0.7334, 0.7398, 0.6082, 0.7402, 0.7561, 0.7437, 0.6858, 0.738, 0.7568], mean perf=147733/204000 (0.7242%)
Mean performance of ditto rpdp global, Perf=0.3684, seed=45
Mean performance of ditto rpdp personal, Perf=0.7138, seed=45
Mean performance of ditto rpdp pooled, Perf=0.7148, seed=45
Client 0: avg epsilon = 0.3391
Client 1: avg epsilon = 0.3585
Client 2: avg epsilon = 0.3670
Client 3: avg epsilon = 0.3789
Client 4: avg epsilon = 0.3968
Client 5: avg epsilon = 0.4120
Client 6: avg epsilon = 0.4520
Client 7: avg epsilon = 0.4614
Client 8: avg epsilon = 0.5074
Client 9: avg epsilon = 0.6634
 We run FedAvg with rPDP (BoundedPareto-0) ...
max_epsilon :  10.0  noise_multiplier :  9.736328125
The R-Squared value of the best-fit curve : 0.999749898528281
learning rate =  0.001
sample_rate: (min) 0.03, (max) 0.15, expected_batch_size: 243
sample_rate: (min) 0.03, (max) 0.15, expected_batch_size: 255
sample_rate: (min) 0.03, (max) 0.16, expected_batch_size: 260
sample_rate: (min) 0.03, (max) 0.17, expected_batch_size: 266
sample_rate: (min) 0.03, (max) 0.19, expected_batch_size: 276
sample_rate: (min) 0.03, (max) 0.2, expected_batch_size: 285
sample_rate: (min) 0.03, (max) 0.23, expected_batch_size: 307
sample_rate: (min) 0.03, (max) 0.26, expected_batch_size: 312
sample_rate: (min) 0.03, (max) 0.32, expected_batch_size: 335
sample_rate: (min) 0.03, (max) 1.0, expected_batch_size: 406
initial privacy cost of all clients:  [0, 0, 0, 0, 0, 0, 0, 0, 0, 0]
Round=0
Round=1
Round=2
Round=3
Round=4
Round=5
Round=6
Round=7
Round=8
Round=9
Round=10
Round=11
Round=12
Round=13
Round=14
current privacy cost of all clients:  [0.6446782713231138, 0.6869797459107284, 0.6828144251576426, 0.5524241836734276, 0.8529951475416915, 1.0553478738354543, 1.0807964550615639, 1.0029847329778867, 1.7411477398622146, 7.879532215750026]
Round=14, per client global perf=[0.4946, 0.4961, 0.4755, 0.4676, 0.4711, 0.4711, 0.4716, 0.4632, 0.4804, 0.4657], mean perf=9704/20400 (0.4757%)
Round=14, per client personal perf=[0.748, 0.7191, 0.7402, 0.6843, 0.7049, 0.7647, 0.7456, 0.6936, 0.7422, 0.7564], mean perf=14890/20400 (0.7299%)
Round=14, per client personal pooled=[0.7435, 0.7313, 0.7348, 0.6787, 0.7075, 0.7597, 0.7386, 0.6909, 0.7461, 0.752], mean perf=148575/204000 (0.7283%)
Mean performance of ditto rpdp global, Perf=0.4609, seed=45
Mean performance of ditto rpdp personal, Perf=0.7278, seed=45
Mean performance of ditto rpdp pooled, Perf=0.7272, seed=45
Client 0: avg epsilon = 0.6771
Client 1: avg epsilon = 0.7478
Client 2: avg epsilon = 0.7367
Client 3: avg epsilon = 0.7432
Client 4: avg epsilon = 0.7763
Client 5: avg epsilon = 0.7758
Client 6: avg epsilon = 0.8616
Client 7: avg epsilon = 0.8076
Client 8: avg epsilon = 0.8438
Client 9: avg epsilon = 0.9693
 We run FedAvg with rPDP (BoundedMixGauss-0) ...
max_epsilon :  10.0  noise_multiplier :  9.736328125
The R-Squared value of the best-fit curve : 0.999749898528281
learning rate =  0.001
sample_rate: (min) 0.03, (max) 0.55, expected_batch_size: 398
sample_rate: (min) 0.03, (max) 0.57, expected_batch_size: 430
sample_rate: (min) 0.03, (max) 0.58, expected_batch_size: 424
sample_rate: (min) 0.03, (max) 0.59, expected_batch_size: 426
sample_rate: (min) 0.03, (max) 0.61, expected_batch_size: 441
sample_rate: (min) 0.03, (max) 0.62, expected_batch_size: 440
sample_rate: (min) 0.03, (max) 0.63, expected_batch_size: 479
sample_rate: (min) 0.03, (max) 0.64, expected_batch_size: 451
sample_rate: (min) 0.03, (max) 0.66, expected_batch_size: 467
sample_rate: (min) 0.03, (max) 0.77, expected_batch_size: 525
initial privacy cost of all clients:  [0, 0, 0, 0, 0, 0, 0, 0, 0, 0]
Round=0
Round=1
Round=2
Round=3
Round=4
Round=5
Round=6
Round=7
Round=8
Round=9
Round=10
Round=11
Round=12
Round=13
Round=14
current privacy cost of all clients:  [3.1303686976401996, 3.273014395857367, 3.14876664896902, 2.435482395405531, 3.5512643434407662, 4.160732732148667, 3.751048935817443, 2.998789123635933, 4.338939443191621, 5.387946020137831]
Round=14, per client global perf=[0.4044, 0.401, 0.4093, 0.3956, 0.3975, 0.4015, 0.4069, 0.4103, 0.3971, 0.3971], mean perf=8202/20400 (0.4021%)
Round=14, per client personal perf=[0.751, 0.7412, 0.7431, 0.673, 0.7412, 0.7627, 0.7235, 0.6721, 0.7515, 0.7554], mean perf=14922/20400 (0.7315%)
Round=14, per client personal pooled=[0.7427, 0.7419, 0.7401, 0.6691, 0.744, 0.7573, 0.7166, 0.6843, 0.7553, 0.7529], mean perf=149006/204000 (0.7304%)
Mean performance of ditto rpdp global, Perf=0.3896, seed=45
Mean performance of ditto rpdp personal, Perf=0.7263, seed=45
Mean performance of ditto rpdp pooled, Perf=0.7251, seed=45
Finished seed 45
----------------------------------------
Running seed 46
/Users/shegao_t1/DP_Research/Personal_DP_Personal_FL/rpdp_fl/experiments/datasets/fed_fashion_mnist/iid_10

Client 0 label distribution:
[(0, 440), (1, 401), (2, 413), (3, 389), (4, 377), (5, 395), (6, 380), (7, 394), (8, 376), (9, 395)]

Client 1 label distribution:
[(0, 409), (1, 386), (2, 399), (3, 384), (4, 416), (5, 389), (6, 356), (7, 399), (8, 401), (9, 421)]

Client 2 label distribution:
[(0, 379), (1, 430), (2, 396), (3, 386), (4, 376), (5, 379), (6, 429), (7, 401), (8, 392), (9, 392)]

Client 3 label distribution:
[(0, 406), (1, 408), (2, 354), (3, 404), (4, 400), (5, 422), (6, 398), (7, 371), (8, 414), (9, 383)]

Client 4 label distribution:
[(0, 412), (1, 412), (2, 385), (3, 396), (4, 358), (5, 395), (6, 400), (7, 404), (8, 404), (9, 394)]

Client 5 label distribution:
[(0, 408), (1, 412), (2, 381), (3, 384), (4, 390), (5, 393), (6, 391), (7, 420), (8, 403), (9, 378)]

Client 6 label distribution:
[(0, 386), (1, 367), (2, 405), (3, 402), (4, 388), (5, 359), (6, 409), (7, 395), (8, 416), (9, 433)]

Client 7 label distribution:
[(0, 370), (1, 424), (2, 396), (3, 416), (4, 384), (5, 432), (6, 395), (7, 378), (8, 380), (9, 385)]

Client 8 label distribution:
[(0, 372), (1, 411), (2, 428), (3, 388), (4, 419), (5, 379), (6, 409), (7, 394), (8, 365), (9, 395)]

Client 9 label distribution:
[(0, 385), (1, 380), (2, 363), (3, 392), (4, 417), (5, 419), (6, 361), (7, 426), (8, 412), (9, 405)]
Client 0: avg epsilon = 0.7321
Client 1: avg epsilon = 0.8028
Client 2: avg epsilon = 0.7653
Client 3: avg epsilon = 0.7523
Client 4: avg epsilon = 0.7712
Client 5: avg epsilon = 0.7548
Client 6: avg epsilon = 0.8201
Client 7: avg epsilon = 0.7487
Client 8: avg epsilon = 0.7613
Client 9: avg epsilon = 0.7916
 We run FedAvg with rPDP (ThreeLevels-0) ...
max_epsilon :  10.0  noise_multiplier :  9.736328125
The R-Squared value of the best-fit curve : 0.999749898528281
learning rate =  0.001
sample_rate: (min) 0.03, (max) 0.61, expected_batch_size: 416
sample_rate: (min) 0.03, (max) 0.61, expected_batch_size: 451
sample_rate: (min) 0.03, (max) 0.61, expected_batch_size: 433
sample_rate: (min) 0.03, (max) 0.61, expected_batch_size: 426
sample_rate: (min) 0.03, (max) 0.61, expected_batch_size: 436
sample_rate: (min) 0.03, (max) 0.61, expected_batch_size: 429
sample_rate: (min) 0.03, (max) 0.61, expected_batch_size: 459
sample_rate: (min) 0.03, (max) 0.61, expected_batch_size: 424
sample_rate: (min) 0.03, (max) 0.61, expected_batch_size: 430
sample_rate: (min) 0.03, (max) 0.61, expected_batch_size: 446
initial privacy cost of all clients:  [0, 0, 0, 0, 0, 0, 0, 0, 0, 0]
Round=0
Round=1
Round=2
Round=3
Round=4
Round=5
Round=6
Round=7
Round=8
Round=9
Round=10
Round=11
Round=12
Round=13
Round=14
current privacy cost of all clients:  [3.3043856205918876, 3.8048372549984366, 3.3043856205918876, 3.554611437795162, 3.3043856205918876, 3.554611437795162, 3.554611437795162, 4.305288889404985, 4.055063072201711, 3.554611437795162]
Round=14, per client global perf=[0.425, 0.4358, 0.4461, 0.4397, 0.425, 0.4186, 0.4451, 0.4279, 0.4137, 0.4255], mean perf=8777/20400 (0.4302%)
Round=14, per client personal perf=[0.7529, 0.7451, 0.7382, 0.7446, 0.7382, 0.7054, 0.752, 0.7392, 0.7598, 0.7353], mean perf=15118/20400 (0.7411%)
Round=14, per client personal pooled=[0.7466, 0.7508, 0.7317, 0.7441, 0.7389, 0.7222, 0.7455, 0.7441, 0.7653, 0.7205], mean perf=151156/204000 (0.7410%)
Mean performance of ditto rpdp global, Perf=0.4016, seed=46
Mean performance of ditto rpdp personal, Perf=0.7368, seed=46
Mean performance of ditto rpdp pooled, Perf=0.7357, seed=46
Client 0: avg epsilon = 0.3369
Client 1: avg epsilon = 0.3564
Client 2: avg epsilon = 0.3647
Client 3: avg epsilon = 0.3771
Client 4: avg epsilon = 0.3950
Client 5: avg epsilon = 0.4102
Client 6: avg epsilon = 0.4493
Client 7: avg epsilon = 0.4578
Client 8: avg epsilon = 0.5068
Client 9: avg epsilon = 0.6623
 We run FedAvg with rPDP (BoundedPareto-0) ...
max_epsilon :  10.0  noise_multiplier :  9.736328125
The R-Squared value of the best-fit curve : 0.999749898528281
learning rate =  0.001
sample_rate: (min) 0.03, (max) 0.15, expected_batch_size: 242
sample_rate: (min) 0.03, (max) 0.15, expected_batch_size: 253
sample_rate: (min) 0.03, (max) 0.16, expected_batch_size: 258
sample_rate: (min) 0.03, (max) 0.17, expected_batch_size: 265
sample_rate: (min) 0.03, (max) 0.19, expected_batch_size: 275
sample_rate: (min) 0.03, (max) 0.2, expected_batch_size: 284
sample_rate: (min) 0.03, (max) 0.23, expected_batch_size: 306
sample_rate: (min) 0.03, (max) 0.26, expected_batch_size: 310
sample_rate: (min) 0.03, (max) 0.33, expected_batch_size: 335
sample_rate: (min) 0.03, (max) 1.0, expected_batch_size: 406
initial privacy cost of all clients:  [0, 0, 0, 0, 0, 0, 0, 0, 0, 0]
Round=0
Round=1
Round=2
Round=3
Round=4
Round=5
Round=6
Round=7
Round=8
Round=9
Round=10
Round=11
Round=12
Round=13
Round=14
current privacy cost of all clients:  [0.603393240280749, 0.7302215730766968, 0.6845734763795118, 0.7897711915359866, 0.8041123821298981, 0.944253869278017, 1.0752883525774077, 1.4881491113413472, 1.868073554067909, 6.803447050009791]
Round=14, per client global perf=[0.4809, 0.4819, 0.4485, 0.4505, 0.4471, 0.4569, 0.4667, 0.4505, 0.4623, 0.4417], mean perf=9357/20400 (0.4587%)
Round=14, per client personal perf=[0.75, 0.7456, 0.7152, 0.7333, 0.7186, 0.749, 0.75, 0.7471, 0.7181, 0.7495], mean perf=15048/20400 (0.7376%)
Round=14, per client personal pooled=[0.736, 0.7502, 0.7138, 0.7317, 0.7233, 0.7412, 0.7485, 0.7676, 0.7286, 0.7453], mean perf=150680/204000 (0.7386%)
Mean performance of ditto rpdp global, Perf=0.4356, seed=46
Mean performance of ditto rpdp personal, Perf=0.7371, seed=46
Mean performance of ditto rpdp pooled, Perf=0.7369, seed=46
Client 0: avg epsilon = 0.5684
Client 1: avg epsilon = 0.7372
Client 2: avg epsilon = 0.7303
Client 3: avg epsilon = 0.7379
Client 4: avg epsilon = 0.7720
Client 5: avg epsilon = 0.7724
Client 6: avg epsilon = 0.8590
Client 7: avg epsilon = 0.8046
Client 8: avg epsilon = 0.8413
Client 9: avg epsilon = 0.9202
 We run FedAvg with rPDP (BoundedMixGauss-0) ...
max_epsilon :  10.0  noise_multiplier :  9.736328125
The R-Squared value of the best-fit curve : 0.999749898528281
learning rate =  0.001
sample_rate: (min) 0.03, (max) 0.54, expected_batch_size: 347
sample_rate: (min) 0.03, (max) 0.56, expected_batch_size: 426
sample_rate: (min) 0.03, (max) 0.58, expected_batch_size: 421
sample_rate: (min) 0.03, (max) 0.59, expected_batch_size: 423
sample_rate: (min) 0.03, (max) 0.61, expected_batch_size: 439
sample_rate: (min) 0.03, (max) 0.62, expected_batch_size: 438
sample_rate: (min) 0.03, (max) 0.63, expected_batch_size: 477
sample_rate: (min) 0.03, (max) 0.64, expected_batch_size: 450
sample_rate: (min) 0.03, (max) 0.66, expected_batch_size: 465
sample_rate: (min) 0.03, (max) 0.75, expected_batch_size: 500
initial privacy cost of all clients:  [0, 0, 0, 0, 0, 0, 0, 0, 0, 0]
Round=0
Round=1
Round=2
Round=3
Round=4
Round=5
Round=6
Round=7
Round=8
Round=9
Round=10
Round=11
Round=12
Round=13
Round=14
current privacy cost of all clients:  [2.8716623846409273, 3.4526894915442936, 3.1236595094331006, 3.4455893398743624, 3.293201504148378, 3.632267001884864, 3.751696849229588, 4.607641205581554, 4.553096928444682, 4.699892211236226]
Round=14, per client global perf=[0.3946, 0.4127, 0.3907, 0.3902, 0.3922, 0.3843, 0.4044, 0.3828, 0.3897, 0.3833], mean perf=8007/20400 (0.3925%)
Round=14, per client personal perf=[0.7377, 0.7417, 0.7564, 0.7451, 0.7441, 0.7167, 0.7456, 0.7426, 0.7446, 0.7525], mean perf=15151/20400 (0.7427%)
Round=14, per client personal pooled=[0.729, 0.7482, 0.7478, 0.7472, 0.7428, 0.73, 0.7417, 0.7487, 0.7487, 0.7483], mean perf=151621/204000 (0.7432%)
Mean performance of ditto rpdp global, Perf=0.3634, seed=46
Mean performance of ditto rpdp personal, Perf=0.7401, seed=46
Mean performance of ditto rpdp pooled, Perf=0.7394, seed=46
Finished seed 46
----------------------------------------
=== Running reg_param=0.001, num_steps=15 ===
Running seed 42
/Users/shegao_t1/DP_Research/Personal_DP_Personal_FL/rpdp_fl/experiments/datasets/fed_fashion_mnist/iid_10

Client 0 label distribution:
[(0, 440), (1, 401), (2, 413), (3, 389), (4, 377), (5, 395), (6, 380), (7, 394), (8, 376), (9, 395)]

Client 1 label distribution:
[(0, 409), (1, 386), (2, 399), (3, 384), (4, 416), (5, 389), (6, 356), (7, 399), (8, 401), (9, 421)]

Client 2 label distribution:
[(0, 379), (1, 430), (2, 396), (3, 386), (4, 376), (5, 379), (6, 429), (7, 401), (8, 392), (9, 392)]

Client 3 label distribution:
[(0, 406), (1, 408), (2, 354), (3, 404), (4, 400), (5, 422), (6, 398), (7, 371), (8, 414), (9, 383)]

Client 4 label distribution:
[(0, 412), (1, 412), (2, 385), (3, 396), (4, 358), (5, 395), (6, 400), (7, 404), (8, 404), (9, 394)]

Client 5 label distribution:
[(0, 408), (1, 412), (2, 381), (3, 384), (4, 390), (5, 393), (6, 391), (7, 420), (8, 403), (9, 378)]

Client 6 label distribution:
[(0, 386), (1, 367), (2, 405), (3, 402), (4, 388), (5, 359), (6, 409), (7, 395), (8, 416), (9, 433)]

Client 7 label distribution:
[(0, 370), (1, 424), (2, 396), (3, 416), (4, 384), (5, 432), (6, 395), (7, 378), (8, 380), (9, 385)]

Client 8 label distribution:
[(0, 372), (1, 411), (2, 428), (3, 388), (4, 419), (5, 379), (6, 409), (7, 394), (8, 365), (9, 395)]

Client 9 label distribution:
[(0, 385), (1, 380), (2, 363), (3, 392), (4, 417), (5, 419), (6, 361), (7, 426), (8, 412), (9, 405)]
Client 0: avg epsilon = 0.7321
Client 1: avg epsilon = 0.8028
Client 2: avg epsilon = 0.7653
Client 3: avg epsilon = 0.7523
Client 4: avg epsilon = 0.7712
Client 5: avg epsilon = 0.7548
Client 6: avg epsilon = 0.8201
Client 7: avg epsilon = 0.7487
Client 8: avg epsilon = 0.7613
Client 9: avg epsilon = 0.7916
 We run FedAvg with rPDP (ThreeLevels-0) ...
max_epsilon :  10.0  noise_multiplier :  9.736328125
The R-Squared value of the best-fit curve : 0.999749898528281
learning rate =  0.001
sample_rate: (min) 0.03, (max) 0.61, expected_batch_size: 416
sample_rate: (min) 0.03, (max) 0.61, expected_batch_size: 451
sample_rate: (min) 0.03, (max) 0.61, expected_batch_size: 433
sample_rate: (min) 0.03, (max) 0.61, expected_batch_size: 426
sample_rate: (min) 0.03, (max) 0.61, expected_batch_size: 436
sample_rate: (min) 0.03, (max) 0.61, expected_batch_size: 429
sample_rate: (min) 0.03, (max) 0.61, expected_batch_size: 459
sample_rate: (min) 0.03, (max) 0.61, expected_batch_size: 424
sample_rate: (min) 0.03, (max) 0.61, expected_batch_size: 430
sample_rate: (min) 0.03, (max) 0.61, expected_batch_size: 446
initial privacy cost of all clients:  [0, 0, 0, 0, 0, 0, 0, 0, 0, 0]
Round=0
Round=1
Round=2
Round=3
Round=4
Round=5
Round=6
Round=7
Round=8
Round=9
Round=10
Round=11
Round=12
Round=13
Round=14
current privacy cost of all clients:  [3.554611437795162, 3.554611437795162, 2.8039339861853394, 3.3043856205918876, 3.8048372549984366, 3.554611437795162, 3.8048372549984366, 4.055063072201711, 4.305288889404985, 3.0541598033886133]
Round=14, per client global perf=[0.3784, 0.3784, 0.3784, 0.3706, 0.3623, 0.3765, 0.3843, 0.3691, 0.3608, 0.3706], mean perf=7608/20400 (0.3729%)
Round=14, per client personal perf=[0.751, 0.7422, 0.7069, 0.7265, 0.7554, 0.7627, 0.7775, 0.7436, 0.7402, 0.7475], mean perf=15205/20400 (0.7453%)
Round=14, per client personal pooled=[0.7388, 0.7492, 0.7035, 0.729, 0.7639, 0.7558, 0.7677, 0.7503, 0.752, 0.7454], mean perf=152098/204000 (0.7456%)
Mean performance of ditto rpdp global, Perf=0.3557, seed=42
Mean performance of ditto rpdp personal, Perf=0.7404, seed=42
Mean performance of ditto rpdp pooled, Perf=0.7411, seed=42
Client 0: avg epsilon = 0.3382
Client 1: avg epsilon = 0.3575
Client 2: avg epsilon = 0.3662
Client 3: avg epsilon = 0.3782
Client 4: avg epsilon = 0.3958
Client 5: avg epsilon = 0.4104
Client 6: avg epsilon = 0.4500
Client 7: avg epsilon = 0.4586
Client 8: avg epsilon = 0.5046
Client 9: avg epsilon = 0.6557
 We run FedAvg with rPDP (BoundedPareto-0) ...
max_epsilon :  10.0  noise_multiplier :  9.736328125
The R-Squared value of the best-fit curve : 0.999749898528281
learning rate =  0.001
sample_rate: (min) 0.03, (max) 0.15, expected_batch_size: 243
sample_rate: (min) 0.03, (max) 0.16, expected_batch_size: 254
sample_rate: (min) 0.03, (max) 0.16, expected_batch_size: 259
sample_rate: (min) 0.03, (max) 0.17, expected_batch_size: 266
sample_rate: (min) 0.03, (max) 0.19, expected_batch_size: 276
sample_rate: (min) 0.03, (max) 0.2, expected_batch_size: 284
sample_rate: (min) 0.03, (max) 0.23, expected_batch_size: 306
sample_rate: (min) 0.03, (max) 0.26, expected_batch_size: 310
sample_rate: (min) 0.03, (max) 0.32, expected_batch_size: 334
sample_rate: (min) 0.03, (max) 0.98, expected_batch_size: 404
initial privacy cost of all clients:  [0, 0, 0, 0, 0, 0, 0, 0, 0, 0]
Round=0
Round=1
Round=2
Round=3
Round=4
Round=5
Round=6
Round=7
Round=8
Round=9
Round=10
Round=11
Round=12
Round=13
Round=14
current privacy cost of all clients:  [0.6467664365012017, 0.6889795199005952, 0.5819917504517842, 0.7354479782632062, 0.9099519022060186, 0.9374383049887219, 1.1378477898081383, 1.4071502808945435, 1.9162462442557835, 5.563993025730616]
Round=14, per client global perf=[0.4696, 0.4765, 0.4618, 0.4544, 0.4819, 0.4775, 0.451, 0.4436, 0.4691, 0.4534], mean perf=9463/20400 (0.4639%)
Round=14, per client personal perf=[0.7701, 0.748, 0.7289, 0.7574, 0.7422, 0.7475, 0.7799, 0.7235, 0.751, 0.7613], mean perf=15320/20400 (0.7510%)
Round=14, per client personal pooled=[0.754, 0.7602, 0.7175, 0.7548, 0.7452, 0.7426, 0.7627, 0.7455, 0.7598, 0.7532], mean perf=152909/204000 (0.7496%)
Mean performance of ditto rpdp global, Perf=0.4603, seed=42
Mean performance of ditto rpdp personal, Perf=0.7456, seed=42
Mean performance of ditto rpdp pooled, Perf=0.7440, seed=42
Client 0: avg epsilon = 0.5773
Client 1: avg epsilon = 0.7382
Client 2: avg epsilon = 0.7303
Client 3: avg epsilon = 0.7377
Client 4: avg epsilon = 0.7720
Client 5: avg epsilon = 0.7721
Client 6: avg epsilon = 0.8576
Client 7: avg epsilon = 0.8031
Client 8: avg epsilon = 0.8387
Client 9: avg epsilon = 0.9170
 We run FedAvg with rPDP (BoundedMixGauss-0) ...
max_epsilon :  10.0  noise_multiplier :  9.736328125
The R-Squared value of the best-fit curve : 0.999749898528281
learning rate =  0.001
sample_rate: (min) 0.03, (max) 0.54, expected_batch_size: 351
sample_rate: (min) 0.03, (max) 0.56, expected_batch_size: 426
sample_rate: (min) 0.03, (max) 0.58, expected_batch_size: 421
sample_rate: (min) 0.03, (max) 0.59, expected_batch_size: 423
sample_rate: (min) 0.03, (max) 0.6, expected_batch_size: 439
sample_rate: (min) 0.03, (max) 0.62, expected_batch_size: 438
sample_rate: (min) 0.03, (max) 0.63, expected_batch_size: 477
sample_rate: (min) 0.03, (max) 0.64, expected_batch_size: 449
sample_rate: (min) 0.03, (max) 0.66, expected_batch_size: 464
sample_rate: (min) 0.03, (max) 0.79, expected_batch_size: 499
initial privacy cost of all clients:  [0, 0, 0, 0, 0, 0, 0, 0, 0, 0]
Round=0
Round=1
Round=2
Round=3
Round=4
Round=5
Round=6
Round=7
Round=8
Round=9
Round=10
Round=11
Round=12
Round=13
Round=14
current privacy cost of all clients:  [3.0735546899729185, 3.237072489998286, 2.667560670719878, 3.207562825149566, 3.7815497439723202, 3.62496560238358, 4.009915797708055, 4.401561805859411, 4.732536262830204, 4.36666609846329]
Round=14, per client global perf=[0.4034, 0.4005, 0.4034, 0.3917, 0.3902, 0.4044, 0.4015, 0.4005, 0.3902, 0.3912], mean perf=8113/20400 (0.3977%)
Round=14, per client personal perf=[0.7515, 0.7436, 0.7333, 0.7583, 0.7623, 0.7525, 0.7784, 0.7539, 0.7574, 0.7485], mean perf=15381/20400 (0.7540%)
Round=14, per client personal pooled=[0.7464, 0.7481, 0.7248, 0.7456, 0.7579, 0.7462, 0.7657, 0.7625, 0.7684, 0.746], mean perf=153237/204000 (0.7512%)
Mean performance of ditto rpdp global, Perf=0.3779, seed=42
Mean performance of ditto rpdp personal, Perf=0.7501, seed=42
Mean performance of ditto rpdp pooled, Perf=0.7477, seed=42
Finished seed 42
----------------------------------------
Running seed 43
/Users/shegao_t1/DP_Research/Personal_DP_Personal_FL/rpdp_fl/experiments/datasets/fed_fashion_mnist/iid_10

Client 0 label distribution:
[(0, 440), (1, 401), (2, 413), (3, 389), (4, 377), (5, 395), (6, 380), (7, 394), (8, 376), (9, 395)]

Client 1 label distribution:
[(0, 409), (1, 386), (2, 399), (3, 384), (4, 416), (5, 389), (6, 356), (7, 399), (8, 401), (9, 421)]

Client 2 label distribution:
[(0, 379), (1, 430), (2, 396), (3, 386), (4, 376), (5, 379), (6, 429), (7, 401), (8, 392), (9, 392)]

Client 3 label distribution:
[(0, 406), (1, 408), (2, 354), (3, 404), (4, 400), (5, 422), (6, 398), (7, 371), (8, 414), (9, 383)]

Client 4 label distribution:
[(0, 412), (1, 412), (2, 385), (3, 396), (4, 358), (5, 395), (6, 400), (7, 404), (8, 404), (9, 394)]

Client 5 label distribution:
[(0, 408), (1, 412), (2, 381), (3, 384), (4, 390), (5, 393), (6, 391), (7, 420), (8, 403), (9, 378)]

Client 6 label distribution:
[(0, 386), (1, 367), (2, 405), (3, 402), (4, 388), (5, 359), (6, 409), (7, 395), (8, 416), (9, 433)]

Client 7 label distribution:
[(0, 370), (1, 424), (2, 396), (3, 416), (4, 384), (5, 432), (6, 395), (7, 378), (8, 380), (9, 385)]

Client 8 label distribution:
[(0, 372), (1, 411), (2, 428), (3, 388), (4, 419), (5, 379), (6, 409), (7, 394), (8, 365), (9, 395)]

Client 9 label distribution:
[(0, 385), (1, 380), (2, 363), (3, 392), (4, 417), (5, 419), (6, 361), (7, 426), (8, 412), (9, 405)]
Client 0: avg epsilon = 0.7321
Client 1: avg epsilon = 0.8028
Client 2: avg epsilon = 0.7653
Client 3: avg epsilon = 0.7523
Client 4: avg epsilon = 0.7712
Client 5: avg epsilon = 0.7548
Client 6: avg epsilon = 0.8201
Client 7: avg epsilon = 0.7487
Client 8: avg epsilon = 0.7613
Client 9: avg epsilon = 0.7916
 We run FedAvg with rPDP (ThreeLevels-0) ...
max_epsilon :  10.0  noise_multiplier :  9.736328125
The R-Squared value of the best-fit curve : 0.999749898528281
learning rate =  0.001
sample_rate: (min) 0.03, (max) 0.61, expected_batch_size: 416
sample_rate: (min) 0.03, (max) 0.61, expected_batch_size: 451
sample_rate: (min) 0.03, (max) 0.61, expected_batch_size: 433
sample_rate: (min) 0.03, (max) 0.61, expected_batch_size: 426
sample_rate: (min) 0.03, (max) 0.61, expected_batch_size: 436
sample_rate: (min) 0.03, (max) 0.61, expected_batch_size: 429
sample_rate: (min) 0.03, (max) 0.61, expected_batch_size: 459
sample_rate: (min) 0.03, (max) 0.61, expected_batch_size: 424
sample_rate: (min) 0.03, (max) 0.61, expected_batch_size: 430
sample_rate: (min) 0.03, (max) 0.61, expected_batch_size: 446
initial privacy cost of all clients:  [0, 0, 0, 0, 0, 0, 0, 0, 0, 0]
Round=0
Round=1
Round=2
Round=3
Round=4
Round=5
Round=6
Round=7
Round=8
Round=9
Round=10
Round=11
Round=12
Round=13
Round=14
current privacy cost of all clients:  [3.8048372549984366, 3.554611437795162, 3.3043856205918876, 3.8048372549984366, 2.8039339861853394, 3.554611437795162, 3.0541598033886133, 2.1521425035466386, 3.0541598033886133, 4.055063072201711]
Round=14, per client global perf=[0.3265, 0.3392, 0.3373, 0.3118, 0.3328, 0.3191, 0.3152, 0.3167, 0.327, 0.3093], mean perf=6599/20400 (0.3235%)
Round=14, per client personal perf=[0.7613, 0.7377, 0.7613, 0.7451, 0.6902, 0.7333, 0.7225, 0.6235, 0.7275, 0.7544], mean perf=14804/20400 (0.7257%)
Round=14, per client personal pooled=[0.7509, 0.7395, 0.7396, 0.751, 0.6862, 0.7435, 0.7133, 0.6225, 0.7342, 0.7525], mean perf=147556/204000 (0.7233%)
Mean performance of ditto rpdp global, Perf=0.3019, seed=43
Mean performance of ditto rpdp personal, Perf=0.7088, seed=43
Mean performance of ditto rpdp pooled, Perf=0.7077, seed=43
Client 0: avg epsilon = 0.3406
Client 1: avg epsilon = 0.3602
Client 2: avg epsilon = 0.3687
Client 3: avg epsilon = 0.3807
Client 4: avg epsilon = 0.3983
Client 5: avg epsilon = 0.4134
Client 6: avg epsilon = 0.4529
Client 7: avg epsilon = 0.4625
Client 8: avg epsilon = 0.5088
Client 9: avg epsilon = 0.6730
 We run FedAvg with rPDP (BoundedPareto-0) ...
max_epsilon :  10.0  noise_multiplier :  9.736328125
The R-Squared value of the best-fit curve : 0.999749898528281
learning rate =  0.001
sample_rate: (min) 0.03, (max) 0.15, expected_batch_size: 244
sample_rate: (min) 0.03, (max) 0.16, expected_batch_size: 256
sample_rate: (min) 0.03, (max) 0.16, expected_batch_size: 261
sample_rate: (min) 0.03, (max) 0.17, expected_batch_size: 267
sample_rate: (min) 0.03, (max) 0.19, expected_batch_size: 277
sample_rate: (min) 0.03, (max) 0.2, expected_batch_size: 286
sample_rate: (min) 0.03, (max) 0.23, expected_batch_size: 308
sample_rate: (min) 0.03, (max) 0.26, expected_batch_size: 312
sample_rate: (min) 0.03, (max) 0.32, expected_batch_size: 336
sample_rate: (min) 0.03, (max) 1.0, expected_batch_size: 411
initial privacy cost of all clients:  [0, 0, 0, 0, 0, 0, 0, 0, 0, 0]
Round=0
Round=1
Round=2
Round=3
Round=4
Round=5
Round=6
Round=7
Round=8
Round=9
Round=10
Round=11
Round=12
Round=13
Round=14
current privacy cost of all clients:  [0.6912080021294884, 0.6922715660946682, 0.6887499487830259, 0.8392871193922, 0.6779143911733407, 0.943863253983929, 0.9339118605253581, 0.7839880583951899, 1.4193560713768727, 7.879532215750026]
Round=14, per client global perf=[0.4667, 0.4608, 0.4539, 0.452, 0.4632, 0.4559, 0.4534, 0.4373, 0.4686, 0.4387], mean perf=9283/20400 (0.4550%)
Round=14, per client personal perf=[0.7627, 0.7265, 0.7368, 0.749, 0.7157, 0.7338, 0.724, 0.6255, 0.7147, 0.7583], mean perf=14784/20400 (0.7247%)
Round=14, per client personal pooled=[0.7516, 0.7384, 0.7315, 0.7449, 0.7132, 0.7275, 0.7243, 0.6272, 0.7257, 0.7617], mean perf=147819/204000 (0.7246%)
Mean performance of ditto rpdp global, Perf=0.4372, seed=43
Mean performance of ditto rpdp personal, Perf=0.7128, seed=43
Mean performance of ditto rpdp pooled, Perf=0.7116, seed=43
Client 0: avg epsilon = 0.6749
Client 1: avg epsilon = 0.7469
Client 2: avg epsilon = 0.7363
Client 3: avg epsilon = 0.7424
Client 4: avg epsilon = 0.7757
Client 5: avg epsilon = 0.7753
Client 6: avg epsilon = 0.8609
Client 7: avg epsilon = 0.8068
Client 8: avg epsilon = 0.8441
Client 9: avg epsilon = 0.9619
 We run FedAvg with rPDP (BoundedMixGauss-0) ...
max_epsilon :  10.0  noise_multiplier :  9.736328125
The R-Squared value of the best-fit curve : 0.999749898528281
learning rate =  0.001
sample_rate: (min) 0.03, (max) 0.55, expected_batch_size: 397
sample_rate: (min) 0.03, (max) 0.57, expected_batch_size: 430
sample_rate: (min) 0.03, (max) 0.58, expected_batch_size: 424
sample_rate: (min) 0.03, (max) 0.59, expected_batch_size: 425
sample_rate: (min) 0.03, (max) 0.61, expected_batch_size: 441
sample_rate: (min) 0.03, (max) 0.62, expected_batch_size: 440
sample_rate: (min) 0.03, (max) 0.63, expected_batch_size: 479
sample_rate: (min) 0.03, (max) 0.64, expected_batch_size: 451
sample_rate: (min) 0.03, (max) 0.66, expected_batch_size: 467
sample_rate: (min) 0.03, (max) 0.75, expected_batch_size: 522
initial privacy cost of all clients:  [0, 0, 0, 0, 0, 0, 0, 0, 0, 0]
Round=0
Round=1
Round=2
Round=3
Round=4
Round=5
Round=6
Round=7
Round=8
Round=9
Round=10
Round=11
Round=12
Round=13
Round=14
current privacy cost of all clients:  [3.322962263347714, 3.269517435508484, 3.1424226947690475, 3.7003063073066293, 2.796613174593184, 3.6290197804600797, 3.194362008496409, 2.3144651764121855, 3.4110642511128604, 5.239405359423475]
Round=14, per client global perf=[0.351, 0.3588, 0.3603, 0.3348, 0.3461, 0.3397, 0.3343, 0.3328, 0.35, 0.3294], mean perf=7012/20400 (0.3437%)
Round=14, per client personal perf=[0.7515, 0.7446, 0.7211, 0.7471, 0.7225, 0.7279, 0.7333, 0.6206, 0.7181, 0.7583], mean perf=14780/20400 (0.7245%)
Round=14, per client personal pooled=[0.7426, 0.7459, 0.7201, 0.7504, 0.7151, 0.7245, 0.7268, 0.6293, 0.7161, 0.7583], mean perf=147473/204000 (0.7229%)
Mean performance of ditto rpdp global, Perf=0.3220, seed=43
Mean performance of ditto rpdp personal, Perf=0.7078, seed=43
Mean performance of ditto rpdp pooled, Perf=0.7067, seed=43
Finished seed 43
----------------------------------------
Running seed 44
/Users/shegao_t1/DP_Research/Personal_DP_Personal_FL/rpdp_fl/experiments/datasets/fed_fashion_mnist/iid_10

Client 0 label distribution:
[(0, 440), (1, 401), (2, 413), (3, 389), (4, 377), (5, 395), (6, 380), (7, 394), (8, 376), (9, 395)]

Client 1 label distribution:
[(0, 409), (1, 386), (2, 399), (3, 384), (4, 416), (5, 389), (6, 356), (7, 399), (8, 401), (9, 421)]

Client 2 label distribution:
[(0, 379), (1, 430), (2, 396), (3, 386), (4, 376), (5, 379), (6, 429), (7, 401), (8, 392), (9, 392)]

Client 3 label distribution:
[(0, 406), (1, 408), (2, 354), (3, 404), (4, 400), (5, 422), (6, 398), (7, 371), (8, 414), (9, 383)]

Client 4 label distribution:
[(0, 412), (1, 412), (2, 385), (3, 396), (4, 358), (5, 395), (6, 400), (7, 404), (8, 404), (9, 394)]

Client 5 label distribution:
[(0, 408), (1, 412), (2, 381), (3, 384), (4, 390), (5, 393), (6, 391), (7, 420), (8, 403), (9, 378)]

Client 6 label distribution:
[(0, 386), (1, 367), (2, 405), (3, 402), (4, 388), (5, 359), (6, 409), (7, 395), (8, 416), (9, 433)]

Client 7 label distribution:
[(0, 370), (1, 424), (2, 396), (3, 416), (4, 384), (5, 432), (6, 395), (7, 378), (8, 380), (9, 385)]

Client 8 label distribution:
[(0, 372), (1, 411), (2, 428), (3, 388), (4, 419), (5, 379), (6, 409), (7, 394), (8, 365), (9, 395)]

Client 9 label distribution:
[(0, 385), (1, 380), (2, 363), (3, 392), (4, 417), (5, 419), (6, 361), (7, 426), (8, 412), (9, 405)]
Client 0: avg epsilon = 0.7321
Client 1: avg epsilon = 0.8028
Client 2: avg epsilon = 0.7653
Client 3: avg epsilon = 0.7523
Client 4: avg epsilon = 0.7712
Client 5: avg epsilon = 0.7548
Client 6: avg epsilon = 0.8201
Client 7: avg epsilon = 0.7487
Client 8: avg epsilon = 0.7613
Client 9: avg epsilon = 0.7916
 We run FedAvg with rPDP (ThreeLevels-0) ...
max_epsilon :  10.0  noise_multiplier :  9.736328125
The R-Squared value of the best-fit curve : 0.999749898528281
learning rate =  0.001
sample_rate: (min) 0.03, (max) 0.61, expected_batch_size: 416
sample_rate: (min) 0.03, (max) 0.61, expected_batch_size: 451
sample_rate: (min) 0.03, (max) 0.61, expected_batch_size: 433
sample_rate: (min) 0.03, (max) 0.61, expected_batch_size: 426
sample_rate: (min) 0.03, (max) 0.61, expected_batch_size: 436
sample_rate: (min) 0.03, (max) 0.61, expected_batch_size: 429
sample_rate: (min) 0.03, (max) 0.61, expected_batch_size: 459
sample_rate: (min) 0.03, (max) 0.61, expected_batch_size: 424
sample_rate: (min) 0.03, (max) 0.61, expected_batch_size: 430
sample_rate: (min) 0.03, (max) 0.61, expected_batch_size: 446
initial privacy cost of all clients:  [0, 0, 0, 0, 0, 0, 0, 0, 0, 0]
Round=0
Round=1
Round=2
Round=3
Round=4
Round=5
Round=6
Round=7
Round=8
Round=9
Round=10
Round=11
Round=12
Round=13
Round=14
current privacy cost of all clients:  [3.8048372549984366, 4.510367153745826, 3.8048372549984366, 2.1521425035466386, 4.305288889404985, 3.0541598033886133, 2.8039339861853394, 3.0541598033886133, 2.8039339861853394, 3.554611437795162]
Round=14, per client global perf=[0.4279, 0.4363, 0.4397, 0.427, 0.4225, 0.4319, 0.4426, 0.4328, 0.4176, 0.4289], mean perf=8787/20400 (0.4307%)
Round=14, per client personal perf=[0.7721, 0.776, 0.7676, 0.6716, 0.7574, 0.7377, 0.7265, 0.698, 0.7137, 0.7627], mean perf=15062/20400 (0.7383%)
Round=14, per client personal pooled=[0.7635, 0.7765, 0.7673, 0.667, 0.768, 0.7413, 0.7156, 0.7133, 0.7259, 0.7631], mean perf=150991/204000 (0.7402%)
Mean performance of ditto rpdp global, Perf=0.4103, seed=44
Mean performance of ditto rpdp personal, Perf=0.7314, seed=44
Mean performance of ditto rpdp pooled, Perf=0.7324, seed=44
Client 0: avg epsilon = 0.3397
Client 1: avg epsilon = 0.3595
Client 2: avg epsilon = 0.3685
Client 3: avg epsilon = 0.3811
Client 4: avg epsilon = 0.3989
Client 5: avg epsilon = 0.4135
Client 6: avg epsilon = 0.4526
Client 7: avg epsilon = 0.4619
Client 8: avg epsilon = 0.5069
Client 9: avg epsilon = 0.6591
 We run FedAvg with rPDP (BoundedPareto-0) ...
max_epsilon :  10.0  noise_multiplier :  9.736328125
The R-Squared value of the best-fit curve : 0.999749898528281
learning rate =  0.001
sample_rate: (min) 0.03, (max) 0.15, expected_batch_size: 244
sample_rate: (min) 0.03, (max) 0.16, expected_batch_size: 255
sample_rate: (min) 0.03, (max) 0.17, expected_batch_size: 260
sample_rate: (min) 0.03, (max) 0.18, expected_batch_size: 268
sample_rate: (min) 0.03, (max) 0.19, expected_batch_size: 278
sample_rate: (min) 0.03, (max) 0.2, expected_batch_size: 286
sample_rate: (min) 0.03, (max) 0.23, expected_batch_size: 308
sample_rate: (min) 0.03, (max) 0.26, expected_batch_size: 312
sample_rate: (min) 0.03, (max) 0.32, expected_batch_size: 335
sample_rate: (min) 0.03, (max) 1.0, expected_batch_size: 405
initial privacy cost of all clients:  [0, 0, 0, 0, 0, 0, 0, 0, 0, 0]
Round=0
Round=1
Round=2
Round=3
Round=4
Round=5
Round=6
Round=7
Round=8
Round=9
Round=10
Round=11
Round=12
Round=13
Round=14
current privacy cost of all clients:  [0.6956181848134951, 0.8586979810293165, 0.7920872226700502, 0.49184508011579625, 1.0253559632278404, 0.8229428603288331, 0.8584072539901793, 1.0904339703446881, 1.2845695398555657, 6.803447050009791]
Round=14, per client global perf=[0.4833, 0.4799, 0.4627, 0.4598, 0.4765, 0.4755, 0.4593, 0.4471, 0.4701, 0.4495], mean perf=9514/20400 (0.4664%)
Round=14, per client personal perf=[0.776, 0.7789, 0.7848, 0.6681, 0.7554, 0.7069, 0.7338, 0.7147, 0.7304, 0.7569], mean perf=15108/20400 (0.7406%)
Round=14, per client personal pooled=[0.7594, 0.7757, 0.7751, 0.6684, 0.7595, 0.7169, 0.7271, 0.731, 0.7325, 0.7588], mean perf=151051/204000 (0.7404%)
Mean performance of ditto rpdp global, Perf=0.4679, seed=44
Mean performance of ditto rpdp personal, Perf=0.7358, seed=44
Mean performance of ditto rpdp pooled, Perf=0.7353, seed=44
Client 0: avg epsilon = 0.6596
Client 1: avg epsilon = 0.7436
Client 2: avg epsilon = 0.7337
Client 3: avg epsilon = 0.7408
Client 4: avg epsilon = 0.7746
Client 5: avg epsilon = 0.7742
Client 6: avg epsilon = 0.8604
Client 7: avg epsilon = 0.8056
Client 8: avg epsilon = 0.8420
Client 9: avg epsilon = 0.9381
 We run FedAvg with rPDP (BoundedMixGauss-0) ...
max_epsilon :  10.0  noise_multiplier :  9.736328125
The R-Squared value of the best-fit curve : 0.999749898528281
learning rate =  0.001
sample_rate: (min) 0.03, (max) 0.55, expected_batch_size: 389
sample_rate: (min) 0.03, (max) 0.57, expected_batch_size: 428
sample_rate: (min) 0.03, (max) 0.58, expected_batch_size: 422
sample_rate: (min) 0.03, (max) 0.59, expected_batch_size: 424
sample_rate: (min) 0.03, (max) 0.61, expected_batch_size: 440
sample_rate: (min) 0.03, (max) 0.62, expected_batch_size: 439
sample_rate: (min) 0.03, (max) 0.63, expected_batch_size: 478
sample_rate: (min) 0.03, (max) 0.64, expected_batch_size: 450
sample_rate: (min) 0.03, (max) 0.66, expected_batch_size: 466
sample_rate: (min) 0.03, (max) 0.77, expected_batch_size: 509
initial privacy cost of all clients:  [0, 0, 0, 0, 0, 0, 0, 0, 0, 0]
Round=0
Round=1
Round=2
Round=3
Round=4
Round=5
Round=6
Round=7
Round=8
Round=9
Round=10
Round=11
Round=12
Round=13
Round=14
current privacy cost of all clients:  [3.314321147704087, 4.11317569889657, 3.5970680072111274, 2.1014443369785516, 4.294303908109173, 3.113541806597043, 2.9233139453321044, 3.2838827425077355, 3.100601686150985, 4.77719853540031]
Round=14, per client global perf=[0.4245, 0.4412, 0.4426, 0.4279, 0.4186, 0.4309, 0.4328, 0.4211, 0.4152, 0.4118], mean perf=8704/20400 (0.4267%)
Round=14, per client personal perf=[0.752, 0.7809, 0.7858, 0.6936, 0.7755, 0.7314, 0.7216, 0.7181, 0.7191, 0.7637], mean perf=15181/20400 (0.7442%)
Round=14, per client personal pooled=[0.7504, 0.7824, 0.767, 0.6875, 0.7782, 0.7341, 0.7103, 0.7365, 0.725, 0.7605], mean perf=151611/204000 (0.7432%)
Mean performance of ditto rpdp global, Perf=0.4136, seed=44
Mean performance of ditto rpdp personal, Perf=0.7374, seed=44
Mean performance of ditto rpdp pooled, Perf=0.7377, seed=44
Finished seed 44
----------------------------------------
Running seed 45
/Users/shegao_t1/DP_Research/Personal_DP_Personal_FL/rpdp_fl/experiments/datasets/fed_fashion_mnist/iid_10

Client 0 label distribution:
[(0, 440), (1, 401), (2, 413), (3, 389), (4, 377), (5, 395), (6, 380), (7, 394), (8, 376), (9, 395)]

Client 1 label distribution:
[(0, 409), (1, 386), (2, 399), (3, 384), (4, 416), (5, 389), (6, 356), (7, 399), (8, 401), (9, 421)]

Client 2 label distribution:
[(0, 379), (1, 430), (2, 396), (3, 386), (4, 376), (5, 379), (6, 429), (7, 401), (8, 392), (9, 392)]

Client 3 label distribution:
[(0, 406), (1, 408), (2, 354), (3, 404), (4, 400), (5, 422), (6, 398), (7, 371), (8, 414), (9, 383)]

Client 4 label distribution:
[(0, 412), (1, 412), (2, 385), (3, 396), (4, 358), (5, 395), (6, 400), (7, 404), (8, 404), (9, 394)]

Client 5 label distribution:
[(0, 408), (1, 412), (2, 381), (3, 384), (4, 390), (5, 393), (6, 391), (7, 420), (8, 403), (9, 378)]

Client 6 label distribution:
[(0, 386), (1, 367), (2, 405), (3, 402), (4, 388), (5, 359), (6, 409), (7, 395), (8, 416), (9, 433)]

Client 7 label distribution:
[(0, 370), (1, 424), (2, 396), (3, 416), (4, 384), (5, 432), (6, 395), (7, 378), (8, 380), (9, 385)]

Client 8 label distribution:
[(0, 372), (1, 411), (2, 428), (3, 388), (4, 419), (5, 379), (6, 409), (7, 394), (8, 365), (9, 395)]

Client 9 label distribution:
[(0, 385), (1, 380), (2, 363), (3, 392), (4, 417), (5, 419), (6, 361), (7, 426), (8, 412), (9, 405)]
Client 0: avg epsilon = 0.7321
Client 1: avg epsilon = 0.8028
Client 2: avg epsilon = 0.7653
Client 3: avg epsilon = 0.7523
Client 4: avg epsilon = 0.7712
Client 5: avg epsilon = 0.7548
Client 6: avg epsilon = 0.8201
Client 7: avg epsilon = 0.7487
Client 8: avg epsilon = 0.7613
Client 9: avg epsilon = 0.7916
 We run FedAvg with rPDP (ThreeLevels-0) ...
max_epsilon :  10.0  noise_multiplier :  9.736328125
The R-Squared value of the best-fit curve : 0.999749898528281
learning rate =  0.001
sample_rate: (min) 0.03, (max) 0.61, expected_batch_size: 416
sample_rate: (min) 0.03, (max) 0.61, expected_batch_size: 451
sample_rate: (min) 0.03, (max) 0.61, expected_batch_size: 433
sample_rate: (min) 0.03, (max) 0.61, expected_batch_size: 426
sample_rate: (min) 0.03, (max) 0.61, expected_batch_size: 436
sample_rate: (min) 0.03, (max) 0.61, expected_batch_size: 429
sample_rate: (min) 0.03, (max) 0.61, expected_batch_size: 459
sample_rate: (min) 0.03, (max) 0.61, expected_batch_size: 424
sample_rate: (min) 0.03, (max) 0.61, expected_batch_size: 430
sample_rate: (min) 0.03, (max) 0.61, expected_batch_size: 446
initial privacy cost of all clients:  [0, 0, 0, 0, 0, 0, 0, 0, 0, 0]
Round=0
Round=1
Round=2
Round=3
Round=4
Round=5
Round=6
Round=7
Round=8
Round=9
Round=10
Round=11
Round=12
Round=13
Round=14
current privacy cost of all clients:  [3.554611437795162, 3.554611437795162, 3.3043856205918876, 2.502378074621252, 3.554611437795162, 4.055063072201711, 3.554611437795162, 2.8039339861853394, 3.8048372549984366, 4.055063072201711]
Round=14, per client global perf=[0.3814, 0.3789, 0.3912, 0.3775, 0.3686, 0.3696, 0.3931, 0.3907, 0.3701, 0.3765], mean perf=7747/20400 (0.3798%)
Round=14, per client personal perf=[0.7534, 0.7348, 0.7505, 0.602, 0.7417, 0.7657, 0.7451, 0.6711, 0.7279, 0.7583], mean perf=14791/20400 (0.7250%)
Round=14, per client personal pooled=[0.7433, 0.7415, 0.7387, 0.6121, 0.7399, 0.7567, 0.7466, 0.6877, 0.7382, 0.7567], mean perf=148134/204000 (0.7261%)
Mean performance of ditto rpdp global, Perf=0.3684, seed=45
Mean performance of ditto rpdp personal, Perf=0.7154, seed=45
Mean performance of ditto rpdp pooled, Perf=0.7160, seed=45
Client 0: avg epsilon = 0.3391
Client 1: avg epsilon = 0.3585
Client 2: avg epsilon = 0.3670
Client 3: avg epsilon = 0.3789
Client 4: avg epsilon = 0.3968
Client 5: avg epsilon = 0.4120
Client 6: avg epsilon = 0.4520
Client 7: avg epsilon = 0.4614
Client 8: avg epsilon = 0.5074
Client 9: avg epsilon = 0.6634
 We run FedAvg with rPDP (BoundedPareto-0) ...
max_epsilon :  10.0  noise_multiplier :  9.736328125
The R-Squared value of the best-fit curve : 0.999749898528281
learning rate =  0.001
sample_rate: (min) 0.03, (max) 0.15, expected_batch_size: 243
sample_rate: (min) 0.03, (max) 0.15, expected_batch_size: 255
sample_rate: (min) 0.03, (max) 0.16, expected_batch_size: 260
sample_rate: (min) 0.03, (max) 0.17, expected_batch_size: 266
sample_rate: (min) 0.03, (max) 0.19, expected_batch_size: 276
sample_rate: (min) 0.03, (max) 0.2, expected_batch_size: 285
sample_rate: (min) 0.03, (max) 0.23, expected_batch_size: 307
sample_rate: (min) 0.03, (max) 0.26, expected_batch_size: 312
sample_rate: (min) 0.03, (max) 0.32, expected_batch_size: 335
sample_rate: (min) 0.03, (max) 1.0, expected_batch_size: 406
initial privacy cost of all clients:  [0, 0, 0, 0, 0, 0, 0, 0, 0, 0]
Round=0
Round=1
Round=2
Round=3
Round=4
Round=5
Round=6
Round=7
Round=8
Round=9
Round=10
Round=11
Round=12
Round=13
Round=14
current privacy cost of all clients:  [0.6446782713231138, 0.6869797459107284, 0.6828144251576426, 0.5524241836734276, 0.8529951475416915, 1.0553478738354543, 1.0807964550615639, 1.0029847329778867, 1.7411477398622146, 7.879532215750026]
Round=14, per client global perf=[0.4946, 0.4961, 0.4755, 0.4676, 0.4711, 0.4711, 0.4716, 0.4632, 0.4804, 0.4657], mean perf=9704/20400 (0.4757%)
Round=14, per client personal perf=[0.7613, 0.7304, 0.7275, 0.6814, 0.7108, 0.7627, 0.7402, 0.6922, 0.7417, 0.7588], mean perf=14906/20400 (0.7307%)
Round=14, per client personal pooled=[0.7484, 0.7455, 0.7234, 0.6836, 0.7155, 0.7601, 0.7349, 0.6939, 0.7475, 0.7611], mean perf=149204/204000 (0.7314%)
Mean performance of ditto rpdp global, Perf=0.4609, seed=45
Mean performance of ditto rpdp personal, Perf=0.7297, seed=45
Mean performance of ditto rpdp pooled, Perf=0.7291, seed=45
Client 0: avg epsilon = 0.6771
Client 1: avg epsilon = 0.7478
Client 2: avg epsilon = 0.7367
Client 3: avg epsilon = 0.7432
Client 4: avg epsilon = 0.7763
Client 5: avg epsilon = 0.7758
Client 6: avg epsilon = 0.8616
Client 7: avg epsilon = 0.8076
Client 8: avg epsilon = 0.8438
Client 9: avg epsilon = 0.9693
 We run FedAvg with rPDP (BoundedMixGauss-0) ...
max_epsilon :  10.0  noise_multiplier :  9.736328125
The R-Squared value of the best-fit curve : 0.999749898528281
learning rate =  0.001
sample_rate: (min) 0.03, (max) 0.55, expected_batch_size: 398
sample_rate: (min) 0.03, (max) 0.57, expected_batch_size: 430
sample_rate: (min) 0.03, (max) 0.58, expected_batch_size: 424
sample_rate: (min) 0.03, (max) 0.59, expected_batch_size: 426
sample_rate: (min) 0.03, (max) 0.61, expected_batch_size: 441
sample_rate: (min) 0.03, (max) 0.62, expected_batch_size: 440
sample_rate: (min) 0.03, (max) 0.63, expected_batch_size: 479
sample_rate: (min) 0.03, (max) 0.64, expected_batch_size: 451
sample_rate: (min) 0.03, (max) 0.66, expected_batch_size: 467
sample_rate: (min) 0.03, (max) 0.77, expected_batch_size: 525
initial privacy cost of all clients:  [0, 0, 0, 0, 0, 0, 0, 0, 0, 0]
Round=0
Round=1
Round=2
Round=3
Round=4
Round=5
Round=6
Round=7
Round=8
Round=9
Round=10
Round=11
Round=12
Round=13
Round=14
current privacy cost of all clients:  [3.1303686976401996, 3.273014395857367, 3.14876664896902, 2.435482395405531, 3.5512643434407662, 4.160732732148667, 3.751048935817443, 2.998789123635933, 4.338939443191621, 5.387946020137831]
Round=14, per client global perf=[0.4044, 0.401, 0.4093, 0.3956, 0.3975, 0.4015, 0.4069, 0.4103, 0.3971, 0.3971], mean perf=8202/20400 (0.4021%)
Round=14, per client personal perf=[0.7485, 0.7324, 0.7387, 0.6667, 0.7382, 0.7691, 0.7279, 0.6706, 0.7569, 0.7574], mean perf=14905/20400 (0.7306%)
Round=14, per client personal pooled=[0.7414, 0.7426, 0.7399, 0.6699, 0.7403, 0.7651, 0.7262, 0.6825, 0.7561, 0.752], mean perf=149248/204000 (0.7316%)
Mean performance of ditto rpdp global, Perf=0.3896, seed=45
Mean performance of ditto rpdp personal, Perf=0.7256, seed=45
Mean performance of ditto rpdp pooled, Perf=0.7267, seed=45
Finished seed 45
----------------------------------------
Running seed 46
/Users/shegao_t1/DP_Research/Personal_DP_Personal_FL/rpdp_fl/experiments/datasets/fed_fashion_mnist/iid_10

Client 0 label distribution:
[(0, 440), (1, 401), (2, 413), (3, 389), (4, 377), (5, 395), (6, 380), (7, 394), (8, 376), (9, 395)]

Client 1 label distribution:
[(0, 409), (1, 386), (2, 399), (3, 384), (4, 416), (5, 389), (6, 356), (7, 399), (8, 401), (9, 421)]

Client 2 label distribution:
[(0, 379), (1, 430), (2, 396), (3, 386), (4, 376), (5, 379), (6, 429), (7, 401), (8, 392), (9, 392)]

Client 3 label distribution:
[(0, 406), (1, 408), (2, 354), (3, 404), (4, 400), (5, 422), (6, 398), (7, 371), (8, 414), (9, 383)]

Client 4 label distribution:
[(0, 412), (1, 412), (2, 385), (3, 396), (4, 358), (5, 395), (6, 400), (7, 404), (8, 404), (9, 394)]

Client 5 label distribution:
[(0, 408), (1, 412), (2, 381), (3, 384), (4, 390), (5, 393), (6, 391), (7, 420), (8, 403), (9, 378)]

Client 6 label distribution:
[(0, 386), (1, 367), (2, 405), (3, 402), (4, 388), (5, 359), (6, 409), (7, 395), (8, 416), (9, 433)]

Client 7 label distribution:
[(0, 370), (1, 424), (2, 396), (3, 416), (4, 384), (5, 432), (6, 395), (7, 378), (8, 380), (9, 385)]

Client 8 label distribution:
[(0, 372), (1, 411), (2, 428), (3, 388), (4, 419), (5, 379), (6, 409), (7, 394), (8, 365), (9, 395)]

Client 9 label distribution:
[(0, 385), (1, 380), (2, 363), (3, 392), (4, 417), (5, 419), (6, 361), (7, 426), (8, 412), (9, 405)]
Client 0: avg epsilon = 0.7321
Client 1: avg epsilon = 0.8028
Client 2: avg epsilon = 0.7653
Client 3: avg epsilon = 0.7523
Client 4: avg epsilon = 0.7712
Client 5: avg epsilon = 0.7548
Client 6: avg epsilon = 0.8201
Client 7: avg epsilon = 0.7487
Client 8: avg epsilon = 0.7613
Client 9: avg epsilon = 0.7916
 We run FedAvg with rPDP (ThreeLevels-0) ...
max_epsilon :  10.0  noise_multiplier :  9.736328125
The R-Squared value of the best-fit curve : 0.999749898528281
learning rate =  0.001
sample_rate: (min) 0.03, (max) 0.61, expected_batch_size: 416
sample_rate: (min) 0.03, (max) 0.61, expected_batch_size: 451
sample_rate: (min) 0.03, (max) 0.61, expected_batch_size: 433
sample_rate: (min) 0.03, (max) 0.61, expected_batch_size: 426
sample_rate: (min) 0.03, (max) 0.61, expected_batch_size: 436
sample_rate: (min) 0.03, (max) 0.61, expected_batch_size: 429
sample_rate: (min) 0.03, (max) 0.61, expected_batch_size: 459
sample_rate: (min) 0.03, (max) 0.61, expected_batch_size: 424
sample_rate: (min) 0.03, (max) 0.61, expected_batch_size: 430
sample_rate: (min) 0.03, (max) 0.61, expected_batch_size: 446
initial privacy cost of all clients:  [0, 0, 0, 0, 0, 0, 0, 0, 0, 0]
Round=0
Round=1
Round=2
Round=3
Round=4
Round=5
Round=6
Round=7
Round=8
Round=9
Round=10
Round=11
Round=12
Round=13
Round=14
current privacy cost of all clients:  [3.3043856205918876, 3.8048372549984366, 3.3043856205918876, 3.554611437795162, 3.3043856205918876, 3.554611437795162, 3.554611437795162, 4.305288889404985, 4.055063072201711, 3.554611437795162]
Round=14, per client global perf=[0.425, 0.4358, 0.4461, 0.4397, 0.425, 0.4186, 0.4451, 0.4279, 0.4137, 0.4255], mean perf=8777/20400 (0.4302%)
Round=14, per client personal perf=[0.7431, 0.7382, 0.7382, 0.7475, 0.7314, 0.7034, 0.7515, 0.7412, 0.7593, 0.7422], mean perf=15088/20400 (0.7396%)
Round=14, per client personal pooled=[0.7376, 0.7446, 0.7307, 0.7475, 0.7389, 0.7219, 0.7447, 0.7464, 0.7681, 0.7303], mean perf=151180/204000 (0.7411%)
Mean performance of ditto rpdp global, Perf=0.4016, seed=46
Mean performance of ditto rpdp personal, Perf=0.7361, seed=46
Mean performance of ditto rpdp pooled, Perf=0.7361, seed=46
Client 0: avg epsilon = 0.3369
Client 1: avg epsilon = 0.3564
Client 2: avg epsilon = 0.3647
Client 3: avg epsilon = 0.3771
Client 4: avg epsilon = 0.3950
Client 5: avg epsilon = 0.4102
Client 6: avg epsilon = 0.4493
Client 7: avg epsilon = 0.4578
Client 8: avg epsilon = 0.5068
Client 9: avg epsilon = 0.6623
 We run FedAvg with rPDP (BoundedPareto-0) ...
max_epsilon :  10.0  noise_multiplier :  9.736328125
The R-Squared value of the best-fit curve : 0.999749898528281
learning rate =  0.001
sample_rate: (min) 0.03, (max) 0.15, expected_batch_size: 242
sample_rate: (min) 0.03, (max) 0.15, expected_batch_size: 253
sample_rate: (min) 0.03, (max) 0.16, expected_batch_size: 258
sample_rate: (min) 0.03, (max) 0.17, expected_batch_size: 265
sample_rate: (min) 0.03, (max) 0.19, expected_batch_size: 275
sample_rate: (min) 0.03, (max) 0.2, expected_batch_size: 284
sample_rate: (min) 0.03, (max) 0.23, expected_batch_size: 306
sample_rate: (min) 0.03, (max) 0.26, expected_batch_size: 310
sample_rate: (min) 0.03, (max) 0.33, expected_batch_size: 335
sample_rate: (min) 0.03, (max) 1.0, expected_batch_size: 406
initial privacy cost of all clients:  [0, 0, 0, 0, 0, 0, 0, 0, 0, 0]
Round=0
Round=1
Round=2
Round=3
Round=4
Round=5
Round=6
Round=7
Round=8
Round=9
Round=10
Round=11
Round=12
Round=13
Round=14
current privacy cost of all clients:  [0.603393240280749, 0.7302215730766968, 0.6845734763795118, 0.7897711915359866, 0.8041123821298981, 0.944253869278017, 1.0752883525774077, 1.4881491113413472, 1.868073554067909, 6.803447050009791]
Round=14, per client global perf=[0.4809, 0.4819, 0.4485, 0.4505, 0.4471, 0.4569, 0.4667, 0.4505, 0.4623, 0.4417], mean perf=9357/20400 (0.4587%)
Round=14, per client personal perf=[0.75, 0.7417, 0.7123, 0.7328, 0.7162, 0.7515, 0.7574, 0.751, 0.7196, 0.752], mean perf=15064/20400 (0.7384%)
Round=14, per client personal pooled=[0.7349, 0.7477, 0.7105, 0.7328, 0.723, 0.7439, 0.7526, 0.765, 0.7332, 0.7486], mean perf=150802/204000 (0.7392%)
Mean performance of ditto rpdp global, Perf=0.4356, seed=46
Mean performance of ditto rpdp personal, Perf=0.7368, seed=46
Mean performance of ditto rpdp pooled, Perf=0.7369, seed=46
Client 0: avg epsilon = 0.5684
Client 1: avg epsilon = 0.7372
Client 2: avg epsilon = 0.7303
Client 3: avg epsilon = 0.7379
Client 4: avg epsilon = 0.7720
Client 5: avg epsilon = 0.7724
Client 6: avg epsilon = 0.8590
Client 7: avg epsilon = 0.8046
Client 8: avg epsilon = 0.8413
Client 9: avg epsilon = 0.9202
 We run FedAvg with rPDP (BoundedMixGauss-0) ...
max_epsilon :  10.0  noise_multiplier :  9.736328125
The R-Squared value of the best-fit curve : 0.999749898528281
learning rate =  0.001
sample_rate: (min) 0.03, (max) 0.54, expected_batch_size: 347
sample_rate: (min) 0.03, (max) 0.56, expected_batch_size: 426
sample_rate: (min) 0.03, (max) 0.58, expected_batch_size: 421
sample_rate: (min) 0.03, (max) 0.59, expected_batch_size: 423
sample_rate: (min) 0.03, (max) 0.61, expected_batch_size: 439
sample_rate: (min) 0.03, (max) 0.62, expected_batch_size: 438
sample_rate: (min) 0.03, (max) 0.63, expected_batch_size: 477
sample_rate: (min) 0.03, (max) 0.64, expected_batch_size: 450
sample_rate: (min) 0.03, (max) 0.66, expected_batch_size: 465
sample_rate: (min) 0.03, (max) 0.75, expected_batch_size: 500
initial privacy cost of all clients:  [0, 0, 0, 0, 0, 0, 0, 0, 0, 0]
Round=0
Round=1
Round=2
Round=3
Round=4
Round=5
Round=6
Round=7
Round=8
Round=9
Round=10
Round=11
Round=12
Round=13
Round=14
current privacy cost of all clients:  [2.8716623846409273, 3.4526894915442936, 3.1236595094331006, 3.4455893398743624, 3.293201504148378, 3.632267001884864, 3.751696849229588, 4.607641205581554, 4.553096928444682, 4.699892211236226]
Round=14, per client global perf=[0.3946, 0.4127, 0.3907, 0.3902, 0.3922, 0.3843, 0.4044, 0.3828, 0.3897, 0.3833], mean perf=8007/20400 (0.3925%)
Round=14, per client personal perf=[0.749, 0.7446, 0.7564, 0.7373, 0.7407, 0.7314, 0.7451, 0.7402, 0.7485, 0.7539], mean perf=15192/20400 (0.7447%)
Round=14, per client personal pooled=[0.737, 0.7523, 0.7476, 0.7446, 0.7403, 0.7385, 0.737, 0.7495, 0.75, 0.7493], mean perf=151901/204000 (0.7446%)
Mean performance of ditto rpdp global, Perf=0.3634, seed=46
Mean performance of ditto rpdp personal, Perf=0.7400, seed=46
Mean performance of ditto rpdp pooled, Perf=0.7390, seed=46
Finished seed 46
----------------------------------------
=== Running reg_param=0.01, num_steps=15 ===
Running seed 42
/Users/shegao_t1/DP_Research/Personal_DP_Personal_FL/rpdp_fl/experiments/datasets/fed_fashion_mnist/iid_10

Client 0 label distribution:
[(0, 440), (1, 401), (2, 413), (3, 389), (4, 377), (5, 395), (6, 380), (7, 394), (8, 376), (9, 395)]

Client 1 label distribution:
[(0, 409), (1, 386), (2, 399), (3, 384), (4, 416), (5, 389), (6, 356), (7, 399), (8, 401), (9, 421)]

Client 2 label distribution:
[(0, 379), (1, 430), (2, 396), (3, 386), (4, 376), (5, 379), (6, 429), (7, 401), (8, 392), (9, 392)]

Client 3 label distribution:
[(0, 406), (1, 408), (2, 354), (3, 404), (4, 400), (5, 422), (6, 398), (7, 371), (8, 414), (9, 383)]

Client 4 label distribution:
[(0, 412), (1, 412), (2, 385), (3, 396), (4, 358), (5, 395), (6, 400), (7, 404), (8, 404), (9, 394)]

Client 5 label distribution:
[(0, 408), (1, 412), (2, 381), (3, 384), (4, 390), (5, 393), (6, 391), (7, 420), (8, 403), (9, 378)]

Client 6 label distribution:
[(0, 386), (1, 367), (2, 405), (3, 402), (4, 388), (5, 359), (6, 409), (7, 395), (8, 416), (9, 433)]

Client 7 label distribution:
[(0, 370), (1, 424), (2, 396), (3, 416), (4, 384), (5, 432), (6, 395), (7, 378), (8, 380), (9, 385)]

Client 8 label distribution:
[(0, 372), (1, 411), (2, 428), (3, 388), (4, 419), (5, 379), (6, 409), (7, 394), (8, 365), (9, 395)]

Client 9 label distribution:
[(0, 385), (1, 380), (2, 363), (3, 392), (4, 417), (5, 419), (6, 361), (7, 426), (8, 412), (9, 405)]
Client 0: avg epsilon = 0.7321
Client 1: avg epsilon = 0.8028
Client 2: avg epsilon = 0.7653
Client 3: avg epsilon = 0.7523
Client 4: avg epsilon = 0.7712
Client 5: avg epsilon = 0.7548
Client 6: avg epsilon = 0.8201
Client 7: avg epsilon = 0.7487
Client 8: avg epsilon = 0.7613
Client 9: avg epsilon = 0.7916
 We run FedAvg with rPDP (ThreeLevels-0) ...
max_epsilon :  10.0  noise_multiplier :  9.736328125
The R-Squared value of the best-fit curve : 0.999749898528281
learning rate =  0.001
sample_rate: (min) 0.03, (max) 0.61, expected_batch_size: 416
sample_rate: (min) 0.03, (max) 0.61, expected_batch_size: 451
sample_rate: (min) 0.03, (max) 0.61, expected_batch_size: 433
sample_rate: (min) 0.03, (max) 0.61, expected_batch_size: 426
sample_rate: (min) 0.03, (max) 0.61, expected_batch_size: 436
sample_rate: (min) 0.03, (max) 0.61, expected_batch_size: 429
sample_rate: (min) 0.03, (max) 0.61, expected_batch_size: 459
sample_rate: (min) 0.03, (max) 0.61, expected_batch_size: 424
sample_rate: (min) 0.03, (max) 0.61, expected_batch_size: 430
sample_rate: (min) 0.03, (max) 0.61, expected_batch_size: 446
initial privacy cost of all clients:  [0, 0, 0, 0, 0, 0, 0, 0, 0, 0]
Round=0
Round=1
Round=2
Round=3
Round=4
Round=5
Round=6
Round=7
Round=8
Round=9
Round=10
Round=11
Round=12
Round=13
Round=14
current privacy cost of all clients:  [3.554611437795162, 3.554611437795162, 2.8039339861853394, 3.3043856205918876, 3.8048372549984366, 3.554611437795162, 3.8048372549984366, 4.055063072201711, 4.305288889404985, 3.0541598033886133]
Round=14, per client global perf=[0.3784, 0.3784, 0.3784, 0.3706, 0.3623, 0.3765, 0.3843, 0.3691, 0.3608, 0.3706], mean perf=7608/20400 (0.3729%)
Round=14, per client personal perf=[0.7534, 0.7471, 0.7275, 0.7279, 0.7529, 0.7637, 0.7775, 0.7446, 0.7387, 0.748], mean perf=15262/20400 (0.7481%)
Round=14, per client personal pooled=[0.7385, 0.7531, 0.7184, 0.7292, 0.7607, 0.7569, 0.762, 0.7493, 0.7481, 0.7464], mean perf=152241/204000 (0.7463%)
Mean performance of ditto rpdp global, Perf=0.3557, seed=42
Mean performance of ditto rpdp personal, Perf=0.7441, seed=42
Mean performance of ditto rpdp pooled, Perf=0.7433, seed=42
Client 0: avg epsilon = 0.3382
Client 1: avg epsilon = 0.3575
Client 2: avg epsilon = 0.3662
Client 3: avg epsilon = 0.3782
Client 4: avg epsilon = 0.3958
Client 5: avg epsilon = 0.4104
Client 6: avg epsilon = 0.4500
Client 7: avg epsilon = 0.4586
Client 8: avg epsilon = 0.5046
Client 9: avg epsilon = 0.6557
 We run FedAvg with rPDP (BoundedPareto-0) ...
max_epsilon :  10.0  noise_multiplier :  9.736328125
The R-Squared value of the best-fit curve : 0.999749898528281
learning rate =  0.001
sample_rate: (min) 0.03, (max) 0.15, expected_batch_size: 243
sample_rate: (min) 0.03, (max) 0.16, expected_batch_size: 254
sample_rate: (min) 0.03, (max) 0.16, expected_batch_size: 259
sample_rate: (min) 0.03, (max) 0.17, expected_batch_size: 266
sample_rate: (min) 0.03, (max) 0.19, expected_batch_size: 276
sample_rate: (min) 0.03, (max) 0.2, expected_batch_size: 284
sample_rate: (min) 0.03, (max) 0.23, expected_batch_size: 306
sample_rate: (min) 0.03, (max) 0.26, expected_batch_size: 310
sample_rate: (min) 0.03, (max) 0.32, expected_batch_size: 334
sample_rate: (min) 0.03, (max) 0.98, expected_batch_size: 404
initial privacy cost of all clients:  [0, 0, 0, 0, 0, 0, 0, 0, 0, 0]
Round=0
Round=1
Round=2
Round=3
Round=4
Round=5
Round=6
Round=7
Round=8
Round=9
Round=10
Round=11
Round=12
Round=13
Round=14
current privacy cost of all clients:  [0.6467664365012017, 0.6889795199005952, 0.5819917504517842, 0.7354479782632062, 0.9099519022060186, 0.9374383049887219, 1.1378477898081383, 1.4071502808945435, 1.9162462442557835, 5.563993025730616]
Round=14, per client global perf=[0.4696, 0.4765, 0.4618, 0.4544, 0.4819, 0.4775, 0.451, 0.4436, 0.4691, 0.4534], mean perf=9463/20400 (0.4639%)
Round=14, per client personal perf=[0.7652, 0.7451, 0.7387, 0.7569, 0.7402, 0.7485, 0.777, 0.7319, 0.7471, 0.7603], mean perf=15322/20400 (0.7511%)
Round=14, per client personal pooled=[0.7551, 0.7551, 0.7286, 0.7552, 0.7433, 0.7442, 0.762, 0.7513, 0.7585, 0.752], mean perf=153108/204000 (0.7505%)
Mean performance of ditto rpdp global, Perf=0.4603, seed=42
Mean performance of ditto rpdp personal, Perf=0.7484, seed=42
Mean performance of ditto rpdp pooled, Perf=0.7466, seed=42
Client 0: avg epsilon = 0.5773
Client 1: avg epsilon = 0.7382
Client 2: avg epsilon = 0.7303
Client 3: avg epsilon = 0.7377
Client 4: avg epsilon = 0.7720
Client 5: avg epsilon = 0.7721
Client 6: avg epsilon = 0.8576
Client 7: avg epsilon = 0.8031
Client 8: avg epsilon = 0.8387
Client 9: avg epsilon = 0.9170
 We run FedAvg with rPDP (BoundedMixGauss-0) ...
max_epsilon :  10.0  noise_multiplier :  9.736328125
The R-Squared value of the best-fit curve : 0.999749898528281
learning rate =  0.001
sample_rate: (min) 0.03, (max) 0.54, expected_batch_size: 351
sample_rate: (min) 0.03, (max) 0.56, expected_batch_size: 426
sample_rate: (min) 0.03, (max) 0.58, expected_batch_size: 421
sample_rate: (min) 0.03, (max) 0.59, expected_batch_size: 423
sample_rate: (min) 0.03, (max) 0.6, expected_batch_size: 439
sample_rate: (min) 0.03, (max) 0.62, expected_batch_size: 438
sample_rate: (min) 0.03, (max) 0.63, expected_batch_size: 477
sample_rate: (min) 0.03, (max) 0.64, expected_batch_size: 449
sample_rate: (min) 0.03, (max) 0.66, expected_batch_size: 464
sample_rate: (min) 0.03, (max) 0.79, expected_batch_size: 499
initial privacy cost of all clients:  [0, 0, 0, 0, 0, 0, 0, 0, 0, 0]
Round=0
Round=1
Round=2
Round=3
Round=4
Round=5
Round=6
Round=7
Round=8
Round=9
Round=10
Round=11
Round=12
Round=13
Round=14
current privacy cost of all clients:  [3.0735546899729185, 3.237072489998286, 2.667560670719878, 3.207562825149566, 3.7815497439723202, 3.62496560238358, 4.009915797708055, 4.401561805859411, 4.732536262830204, 4.36666609846329]
Round=14, per client global perf=[0.4034, 0.4005, 0.4034, 0.3917, 0.3902, 0.4044, 0.4015, 0.4005, 0.3902, 0.3912], mean perf=8113/20400 (0.3977%)
Round=14, per client personal perf=[0.7686, 0.7525, 0.7353, 0.7456, 0.7588, 0.7564, 0.776, 0.7431, 0.751, 0.7475], mean perf=15371/20400 (0.7535%)
Round=14, per client personal pooled=[0.7577, 0.7511, 0.7257, 0.7366, 0.754, 0.7493, 0.7612, 0.7585, 0.7664, 0.7481], mean perf=153176/204000 (0.7509%)
Mean performance of ditto rpdp global, Perf=0.3779, seed=42
Mean performance of ditto rpdp personal, Perf=0.7491, seed=42
Mean performance of ditto rpdp pooled, Perf=0.7474, seed=42
Finished seed 42
----------------------------------------
Running seed 43
/Users/shegao_t1/DP_Research/Personal_DP_Personal_FL/rpdp_fl/experiments/datasets/fed_fashion_mnist/iid_10

Client 0 label distribution:
[(0, 440), (1, 401), (2, 413), (3, 389), (4, 377), (5, 395), (6, 380), (7, 394), (8, 376), (9, 395)]

Client 1 label distribution:
[(0, 409), (1, 386), (2, 399), (3, 384), (4, 416), (5, 389), (6, 356), (7, 399), (8, 401), (9, 421)]

Client 2 label distribution:
[(0, 379), (1, 430), (2, 396), (3, 386), (4, 376), (5, 379), (6, 429), (7, 401), (8, 392), (9, 392)]

Client 3 label distribution:
[(0, 406), (1, 408), (2, 354), (3, 404), (4, 400), (5, 422), (6, 398), (7, 371), (8, 414), (9, 383)]

Client 4 label distribution:
[(0, 412), (1, 412), (2, 385), (3, 396), (4, 358), (5, 395), (6, 400), (7, 404), (8, 404), (9, 394)]

Client 5 label distribution:
[(0, 408), (1, 412), (2, 381), (3, 384), (4, 390), (5, 393), (6, 391), (7, 420), (8, 403), (9, 378)]

Client 6 label distribution:
[(0, 386), (1, 367), (2, 405), (3, 402), (4, 388), (5, 359), (6, 409), (7, 395), (8, 416), (9, 433)]

Client 7 label distribution:
[(0, 370), (1, 424), (2, 396), (3, 416), (4, 384), (5, 432), (6, 395), (7, 378), (8, 380), (9, 385)]

Client 8 label distribution:
[(0, 372), (1, 411), (2, 428), (3, 388), (4, 419), (5, 379), (6, 409), (7, 394), (8, 365), (9, 395)]

Client 9 label distribution:
[(0, 385), (1, 380), (2, 363), (3, 392), (4, 417), (5, 419), (6, 361), (7, 426), (8, 412), (9, 405)]
Client 0: avg epsilon = 0.7321
Client 1: avg epsilon = 0.8028
Client 2: avg epsilon = 0.7653
Client 3: avg epsilon = 0.7523
Client 4: avg epsilon = 0.7712
Client 5: avg epsilon = 0.7548
Client 6: avg epsilon = 0.8201
Client 7: avg epsilon = 0.7487
Client 8: avg epsilon = 0.7613
Client 9: avg epsilon = 0.7916
 We run FedAvg with rPDP (ThreeLevels-0) ...
max_epsilon :  10.0  noise_multiplier :  9.736328125
The R-Squared value of the best-fit curve : 0.999749898528281
learning rate =  0.001
sample_rate: (min) 0.03, (max) 0.61, expected_batch_size: 416
sample_rate: (min) 0.03, (max) 0.61, expected_batch_size: 451
sample_rate: (min) 0.03, (max) 0.61, expected_batch_size: 433
sample_rate: (min) 0.03, (max) 0.61, expected_batch_size: 426
sample_rate: (min) 0.03, (max) 0.61, expected_batch_size: 436
sample_rate: (min) 0.03, (max) 0.61, expected_batch_size: 429
sample_rate: (min) 0.03, (max) 0.61, expected_batch_size: 459
sample_rate: (min) 0.03, (max) 0.61, expected_batch_size: 424
sample_rate: (min) 0.03, (max) 0.61, expected_batch_size: 430
sample_rate: (min) 0.03, (max) 0.61, expected_batch_size: 446
initial privacy cost of all clients:  [0, 0, 0, 0, 0, 0, 0, 0, 0, 0]
Round=0
Round=1
Round=2
Round=3
Round=4
Round=5
Round=6
Round=7
Round=8
Round=9
Round=10
Round=11
Round=12
Round=13
Round=14
current privacy cost of all clients:  [3.8048372549984366, 3.554611437795162, 3.3043856205918876, 3.8048372549984366, 2.8039339861853394, 3.554611437795162, 3.0541598033886133, 2.1521425035466386, 3.0541598033886133, 4.055063072201711]
Round=14, per client global perf=[0.3265, 0.3392, 0.3373, 0.3118, 0.3328, 0.3191, 0.3152, 0.3167, 0.327, 0.3093], mean perf=6599/20400 (0.3235%)
Round=14, per client personal perf=[0.7534, 0.7412, 0.7564, 0.748, 0.6961, 0.7471, 0.7304, 0.6157, 0.7235, 0.7529], mean perf=14820/20400 (0.7265%)
Round=14, per client personal pooled=[0.7455, 0.7451, 0.7404, 0.7501, 0.696, 0.7442, 0.7222, 0.6213, 0.7392, 0.7509], mean perf=147999/204000 (0.7255%)
Mean performance of ditto rpdp global, Perf=0.3019, seed=43
Mean performance of ditto rpdp personal, Perf=0.7120, seed=43
Mean performance of ditto rpdp pooled, Perf=0.7110, seed=43
Client 0: avg epsilon = 0.3406
Client 1: avg epsilon = 0.3602
Client 2: avg epsilon = 0.3687
Client 3: avg epsilon = 0.3807
Client 4: avg epsilon = 0.3983
Client 5: avg epsilon = 0.4134
Client 6: avg epsilon = 0.4529
Client 7: avg epsilon = 0.4625
Client 8: avg epsilon = 0.5088
Client 9: avg epsilon = 0.6730
 We run FedAvg with rPDP (BoundedPareto-0) ...
max_epsilon :  10.0  noise_multiplier :  9.736328125
The R-Squared value of the best-fit curve : 0.999749898528281
learning rate =  0.001
sample_rate: (min) 0.03, (max) 0.15, expected_batch_size: 244
sample_rate: (min) 0.03, (max) 0.16, expected_batch_size: 256
sample_rate: (min) 0.03, (max) 0.16, expected_batch_size: 261
sample_rate: (min) 0.03, (max) 0.17, expected_batch_size: 267
sample_rate: (min) 0.03, (max) 0.19, expected_batch_size: 277
sample_rate: (min) 0.03, (max) 0.2, expected_batch_size: 286
sample_rate: (min) 0.03, (max) 0.23, expected_batch_size: 308
sample_rate: (min) 0.03, (max) 0.26, expected_batch_size: 312
sample_rate: (min) 0.03, (max) 0.32, expected_batch_size: 336
sample_rate: (min) 0.03, (max) 1.0, expected_batch_size: 411
initial privacy cost of all clients:  [0, 0, 0, 0, 0, 0, 0, 0, 0, 0]
Round=0
Round=1
Round=2
Round=3
Round=4
Round=5
Round=6
Round=7
Round=8
Round=9
Round=10
Round=11
Round=12
Round=13
Round=14
current privacy cost of all clients:  [0.6912080021294884, 0.6922715660946682, 0.6887499487830259, 0.8392871193922, 0.6779143911733407, 0.943863253983929, 0.9339118605253581, 0.7839880583951899, 1.4193560713768727, 7.879532215750026]
Round=14, per client global perf=[0.4667, 0.4608, 0.4539, 0.452, 0.4632, 0.4559, 0.4534, 0.4373, 0.4686, 0.4387], mean perf=9283/20400 (0.4550%)
Round=14, per client personal perf=[0.7593, 0.7216, 0.7255, 0.7431, 0.7049, 0.7206, 0.7216, 0.6377, 0.7108, 0.7574], mean perf=14693/20400 (0.7202%)
Round=14, per client personal pooled=[0.7511, 0.737, 0.7236, 0.7465, 0.7061, 0.7196, 0.7189, 0.6408, 0.72, 0.7553], mean perf=147262/204000 (0.7219%)
Mean performance of ditto rpdp global, Perf=0.4372, seed=43
Mean performance of ditto rpdp personal, Perf=0.7086, seed=43
Mean performance of ditto rpdp pooled, Perf=0.7086, seed=43
Client 0: avg epsilon = 0.6749
Client 1: avg epsilon = 0.7469
Client 2: avg epsilon = 0.7363
Client 3: avg epsilon = 0.7424
Client 4: avg epsilon = 0.7757
Client 5: avg epsilon = 0.7753
Client 6: avg epsilon = 0.8609
Client 7: avg epsilon = 0.8068
Client 8: avg epsilon = 0.8441
Client 9: avg epsilon = 0.9619
 We run FedAvg with rPDP (BoundedMixGauss-0) ...
max_epsilon :  10.0  noise_multiplier :  9.736328125
The R-Squared value of the best-fit curve : 0.999749898528281
learning rate =  0.001
sample_rate: (min) 0.03, (max) 0.55, expected_batch_size: 397
sample_rate: (min) 0.03, (max) 0.57, expected_batch_size: 430
sample_rate: (min) 0.03, (max) 0.58, expected_batch_size: 424
sample_rate: (min) 0.03, (max) 0.59, expected_batch_size: 425
sample_rate: (min) 0.03, (max) 0.61, expected_batch_size: 441
sample_rate: (min) 0.03, (max) 0.62, expected_batch_size: 440
sample_rate: (min) 0.03, (max) 0.63, expected_batch_size: 479
sample_rate: (min) 0.03, (max) 0.64, expected_batch_size: 451
sample_rate: (min) 0.03, (max) 0.66, expected_batch_size: 467
sample_rate: (min) 0.03, (max) 0.75, expected_batch_size: 522
initial privacy cost of all clients:  [0, 0, 0, 0, 0, 0, 0, 0, 0, 0]
Round=0
Round=1
Round=2
Round=3
Round=4
Round=5
Round=6
Round=7
Round=8
Round=9
Round=10
Round=11
Round=12
Round=13
Round=14
current privacy cost of all clients:  [3.322962263347714, 3.269517435508484, 3.1424226947690475, 3.7003063073066293, 2.796613174593184, 3.6290197804600797, 3.194362008496409, 2.3144651764121855, 3.4110642511128604, 5.239405359423475]
Round=14, per client global perf=[0.351, 0.3588, 0.3603, 0.3348, 0.3461, 0.3397, 0.3343, 0.3328, 0.35, 0.3294], mean perf=7012/20400 (0.3437%)
Round=14, per client personal perf=[0.7569, 0.7382, 0.7328, 0.748, 0.7221, 0.7289, 0.7328, 0.6412, 0.7167, 0.7583], mean perf=14843/20400 (0.7276%)
Round=14, per client personal pooled=[0.7487, 0.7476, 0.731, 0.7513, 0.7226, 0.7264, 0.7282, 0.6524, 0.7183, 0.7537], mean perf=148520/204000 (0.7280%)
Mean performance of ditto rpdp global, Perf=0.3220, seed=43
Mean performance of ditto rpdp personal, Perf=0.7092, seed=43
Mean performance of ditto rpdp pooled, Perf=0.7092, seed=43
Finished seed 43
----------------------------------------
Running seed 44
/Users/shegao_t1/DP_Research/Personal_DP_Personal_FL/rpdp_fl/experiments/datasets/fed_fashion_mnist/iid_10

Client 0 label distribution:
[(0, 440), (1, 401), (2, 413), (3, 389), (4, 377), (5, 395), (6, 380), (7, 394), (8, 376), (9, 395)]

Client 1 label distribution:
[(0, 409), (1, 386), (2, 399), (3, 384), (4, 416), (5, 389), (6, 356), (7, 399), (8, 401), (9, 421)]

Client 2 label distribution:
[(0, 379), (1, 430), (2, 396), (3, 386), (4, 376), (5, 379), (6, 429), (7, 401), (8, 392), (9, 392)]

Client 3 label distribution:
[(0, 406), (1, 408), (2, 354), (3, 404), (4, 400), (5, 422), (6, 398), (7, 371), (8, 414), (9, 383)]

Client 4 label distribution:
[(0, 412), (1, 412), (2, 385), (3, 396), (4, 358), (5, 395), (6, 400), (7, 404), (8, 404), (9, 394)]

Client 5 label distribution:
[(0, 408), (1, 412), (2, 381), (3, 384), (4, 390), (5, 393), (6, 391), (7, 420), (8, 403), (9, 378)]

Client 6 label distribution:
[(0, 386), (1, 367), (2, 405), (3, 402), (4, 388), (5, 359), (6, 409), (7, 395), (8, 416), (9, 433)]

Client 7 label distribution:
[(0, 370), (1, 424), (2, 396), (3, 416), (4, 384), (5, 432), (6, 395), (7, 378), (8, 380), (9, 385)]

Client 8 label distribution:
[(0, 372), (1, 411), (2, 428), (3, 388), (4, 419), (5, 379), (6, 409), (7, 394), (8, 365), (9, 395)]

Client 9 label distribution:
[(0, 385), (1, 380), (2, 363), (3, 392), (4, 417), (5, 419), (6, 361), (7, 426), (8, 412), (9, 405)]
Client 0: avg epsilon = 0.7321
Client 1: avg epsilon = 0.8028
Client 2: avg epsilon = 0.7653
Client 3: avg epsilon = 0.7523
Client 4: avg epsilon = 0.7712
Client 5: avg epsilon = 0.7548
Client 6: avg epsilon = 0.8201
Client 7: avg epsilon = 0.7487
Client 8: avg epsilon = 0.7613
Client 9: avg epsilon = 0.7916
 We run FedAvg with rPDP (ThreeLevels-0) ...
max_epsilon :  10.0  noise_multiplier :  9.736328125
The R-Squared value of the best-fit curve : 0.999749898528281
learning rate =  0.001
sample_rate: (min) 0.03, (max) 0.61, expected_batch_size: 416
sample_rate: (min) 0.03, (max) 0.61, expected_batch_size: 451
sample_rate: (min) 0.03, (max) 0.61, expected_batch_size: 433
sample_rate: (min) 0.03, (max) 0.61, expected_batch_size: 426
sample_rate: (min) 0.03, (max) 0.61, expected_batch_size: 436
sample_rate: (min) 0.03, (max) 0.61, expected_batch_size: 429
sample_rate: (min) 0.03, (max) 0.61, expected_batch_size: 459
sample_rate: (min) 0.03, (max) 0.61, expected_batch_size: 424
sample_rate: (min) 0.03, (max) 0.61, expected_batch_size: 430
sample_rate: (min) 0.03, (max) 0.61, expected_batch_size: 446
initial privacy cost of all clients:  [0, 0, 0, 0, 0, 0, 0, 0, 0, 0]
Round=0
Round=1
Round=2
Round=3
Round=4
Round=5
Round=6
Round=7
Round=8
Round=9
Round=10
Round=11
Round=12
Round=13
Round=14
current privacy cost of all clients:  [3.8048372549984366, 4.510367153745826, 3.8048372549984366, 2.1521425035466386, 4.305288889404985, 3.0541598033886133, 2.8039339861853394, 3.0541598033886133, 2.8039339861853394, 3.554611437795162]
Round=14, per client global perf=[0.4279, 0.4363, 0.4397, 0.427, 0.4225, 0.4319, 0.4426, 0.4328, 0.4176, 0.4289], mean perf=8787/20400 (0.4307%)
Round=14, per client personal perf=[0.7745, 0.7716, 0.7681, 0.6701, 0.7574, 0.7348, 0.7162, 0.7162, 0.7255, 0.776], mean perf=15117/20400 (0.7410%)
Round=14, per client personal pooled=[0.7619, 0.7734, 0.7617, 0.666, 0.7662, 0.7366, 0.7144, 0.7375, 0.7321, 0.7702], mean perf=151369/204000 (0.7420%)
Mean performance of ditto rpdp global, Perf=0.4103, seed=44
Mean performance of ditto rpdp personal, Perf=0.7336, seed=44
Mean performance of ditto rpdp pooled, Perf=0.7346, seed=44
Client 0: avg epsilon = 0.3397
Client 1: avg epsilon = 0.3595
Client 2: avg epsilon = 0.3685
Client 3: avg epsilon = 0.3811
Client 4: avg epsilon = 0.3989
Client 5: avg epsilon = 0.4135
Client 6: avg epsilon = 0.4526
Client 7: avg epsilon = 0.4619
Client 8: avg epsilon = 0.5069
Client 9: avg epsilon = 0.6591
 We run FedAvg with rPDP (BoundedPareto-0) ...
max_epsilon :  10.0  noise_multiplier :  9.736328125
The R-Squared value of the best-fit curve : 0.999749898528281
learning rate =  0.001
sample_rate: (min) 0.03, (max) 0.15, expected_batch_size: 244
sample_rate: (min) 0.03, (max) 0.16, expected_batch_size: 255
sample_rate: (min) 0.03, (max) 0.17, expected_batch_size: 260
sample_rate: (min) 0.03, (max) 0.18, expected_batch_size: 268
sample_rate: (min) 0.03, (max) 0.19, expected_batch_size: 278
sample_rate: (min) 0.03, (max) 0.2, expected_batch_size: 286
sample_rate: (min) 0.03, (max) 0.23, expected_batch_size: 308
sample_rate: (min) 0.03, (max) 0.26, expected_batch_size: 312
sample_rate: (min) 0.03, (max) 0.32, expected_batch_size: 335
sample_rate: (min) 0.03, (max) 1.0, expected_batch_size: 405
initial privacy cost of all clients:  [0, 0, 0, 0, 0, 0, 0, 0, 0, 0]
Round=0
Round=1
Round=2
Round=3
Round=4
Round=5
Round=6
Round=7
Round=8
Round=9
Round=10
Round=11
Round=12
Round=13
Round=14
current privacy cost of all clients:  [0.6956181848134951, 0.8586979810293165, 0.7920872226700502, 0.49184508011579625, 1.0253559632278404, 0.8229428603288331, 0.8584072539901793, 1.0904339703446881, 1.2845695398555657, 6.803447050009791]
Round=14, per client global perf=[0.4833, 0.4799, 0.4627, 0.4598, 0.4765, 0.4755, 0.4593, 0.4471, 0.4701, 0.4495], mean perf=9514/20400 (0.4664%)
Round=14, per client personal perf=[0.7706, 0.776, 0.7843, 0.6775, 0.7525, 0.7059, 0.7279, 0.7127, 0.7309, 0.7603], mean perf=15093/20400 (0.7399%)
Round=14, per client personal pooled=[0.7548, 0.7734, 0.7751, 0.6825, 0.7545, 0.7133, 0.724, 0.7325, 0.7323, 0.7587], mean perf=150981/204000 (0.7401%)
Mean performance of ditto rpdp global, Perf=0.4679, seed=44
Mean performance of ditto rpdp personal, Perf=0.7334, seed=44
Mean performance of ditto rpdp pooled, Perf=0.7336, seed=44
Client 0: avg epsilon = 0.6596
Client 1: avg epsilon = 0.7436
Client 2: avg epsilon = 0.7337
Client 3: avg epsilon = 0.7408
Client 4: avg epsilon = 0.7746
Client 5: avg epsilon = 0.7742
Client 6: avg epsilon = 0.8604
Client 7: avg epsilon = 0.8056
Client 8: avg epsilon = 0.8420
Client 9: avg epsilon = 0.9381
 We run FedAvg with rPDP (BoundedMixGauss-0) ...
max_epsilon :  10.0  noise_multiplier :  9.736328125
The R-Squared value of the best-fit curve : 0.999749898528281
learning rate =  0.001
sample_rate: (min) 0.03, (max) 0.55, expected_batch_size: 389
sample_rate: (min) 0.03, (max) 0.57, expected_batch_size: 428
sample_rate: (min) 0.03, (max) 0.58, expected_batch_size: 422
sample_rate: (min) 0.03, (max) 0.59, expected_batch_size: 424
sample_rate: (min) 0.03, (max) 0.61, expected_batch_size: 440
sample_rate: (min) 0.03, (max) 0.62, expected_batch_size: 439
sample_rate: (min) 0.03, (max) 0.63, expected_batch_size: 478
sample_rate: (min) 0.03, (max) 0.64, expected_batch_size: 450
sample_rate: (min) 0.03, (max) 0.66, expected_batch_size: 466
sample_rate: (min) 0.03, (max) 0.77, expected_batch_size: 509
initial privacy cost of all clients:  [0, 0, 0, 0, 0, 0, 0, 0, 0, 0]
Round=0
Round=1
Round=2
Round=3
Round=4
Round=5
Round=6
Round=7
Round=8
Round=9
Round=10
Round=11
Round=12
Round=13
Round=14
current privacy cost of all clients:  [3.314321147704087, 4.11317569889657, 3.5970680072111274, 2.1014443369785516, 4.294303908109173, 3.113541806597043, 2.9233139453321044, 3.2838827425077355, 3.100601686150985, 4.77719853540031]
Round=14, per client global perf=[0.4245, 0.4412, 0.4426, 0.4279, 0.4186, 0.4309, 0.4328, 0.4211, 0.4152, 0.4118], mean perf=8704/20400 (0.4267%)
Round=14, per client personal perf=[0.7441, 0.777, 0.7814, 0.6873, 0.777, 0.7279, 0.7034, 0.7167, 0.7275, 0.7637], mean perf=15108/20400 (0.7406%)
Round=14, per client personal pooled=[0.7443, 0.7805, 0.7636, 0.6852, 0.778, 0.7328, 0.6897, 0.7376, 0.7299, 0.7567], mean perf=150926/204000 (0.7398%)
Mean performance of ditto rpdp global, Perf=0.4136, seed=44
Mean performance of ditto rpdp personal, Perf=0.7353, seed=44
Mean performance of ditto rpdp pooled, Perf=0.7358, seed=44
Finished seed 44
----------------------------------------
Running seed 45
/Users/shegao_t1/DP_Research/Personal_DP_Personal_FL/rpdp_fl/experiments/datasets/fed_fashion_mnist/iid_10

Client 0 label distribution:
[(0, 440), (1, 401), (2, 413), (3, 389), (4, 377), (5, 395), (6, 380), (7, 394), (8, 376), (9, 395)]

Client 1 label distribution:
[(0, 409), (1, 386), (2, 399), (3, 384), (4, 416), (5, 389), (6, 356), (7, 399), (8, 401), (9, 421)]

Client 2 label distribution:
[(0, 379), (1, 430), (2, 396), (3, 386), (4, 376), (5, 379), (6, 429), (7, 401), (8, 392), (9, 392)]

Client 3 label distribution:
[(0, 406), (1, 408), (2, 354), (3, 404), (4, 400), (5, 422), (6, 398), (7, 371), (8, 414), (9, 383)]

Client 4 label distribution:
[(0, 412), (1, 412), (2, 385), (3, 396), (4, 358), (5, 395), (6, 400), (7, 404), (8, 404), (9, 394)]

Client 5 label distribution:
[(0, 408), (1, 412), (2, 381), (3, 384), (4, 390), (5, 393), (6, 391), (7, 420), (8, 403), (9, 378)]

Client 6 label distribution:
[(0, 386), (1, 367), (2, 405), (3, 402), (4, 388), (5, 359), (6, 409), (7, 395), (8, 416), (9, 433)]

Client 7 label distribution:
[(0, 370), (1, 424), (2, 396), (3, 416), (4, 384), (5, 432), (6, 395), (7, 378), (8, 380), (9, 385)]

Client 8 label distribution:
[(0, 372), (1, 411), (2, 428), (3, 388), (4, 419), (5, 379), (6, 409), (7, 394), (8, 365), (9, 395)]

Client 9 label distribution:
[(0, 385), (1, 380), (2, 363), (3, 392), (4, 417), (5, 419), (6, 361), (7, 426), (8, 412), (9, 405)]
Client 0: avg epsilon = 0.7321
Client 1: avg epsilon = 0.8028
Client 2: avg epsilon = 0.7653
Client 3: avg epsilon = 0.7523
Client 4: avg epsilon = 0.7712
Client 5: avg epsilon = 0.7548
Client 6: avg epsilon = 0.8201
Client 7: avg epsilon = 0.7487
Client 8: avg epsilon = 0.7613
Client 9: avg epsilon = 0.7916
 We run FedAvg with rPDP (ThreeLevels-0) ...
max_epsilon :  10.0  noise_multiplier :  9.736328125
The R-Squared value of the best-fit curve : 0.999749898528281
learning rate =  0.001
sample_rate: (min) 0.03, (max) 0.61, expected_batch_size: 416
sample_rate: (min) 0.03, (max) 0.61, expected_batch_size: 451
sample_rate: (min) 0.03, (max) 0.61, expected_batch_size: 433
sample_rate: (min) 0.03, (max) 0.61, expected_batch_size: 426
sample_rate: (min) 0.03, (max) 0.61, expected_batch_size: 436
sample_rate: (min) 0.03, (max) 0.61, expected_batch_size: 429
sample_rate: (min) 0.03, (max) 0.61, expected_batch_size: 459
sample_rate: (min) 0.03, (max) 0.61, expected_batch_size: 424
sample_rate: (min) 0.03, (max) 0.61, expected_batch_size: 430
sample_rate: (min) 0.03, (max) 0.61, expected_batch_size: 446
initial privacy cost of all clients:  [0, 0, 0, 0, 0, 0, 0, 0, 0, 0]
Round=0
Round=1
Round=2
Round=3
Round=4
Round=5
Round=6
Round=7
Round=8
Round=9
Round=10
Round=11
Round=12
Round=13
Round=14
current privacy cost of all clients:  [3.554611437795162, 3.554611437795162, 3.3043856205918876, 2.502378074621252, 3.554611437795162, 4.055063072201711, 3.554611437795162, 2.8039339861853394, 3.8048372549984366, 4.055063072201711]
Round=14, per client global perf=[0.3814, 0.3789, 0.3912, 0.3775, 0.3686, 0.3696, 0.3931, 0.3907, 0.3701, 0.3765], mean perf=7747/20400 (0.3798%)
Round=14, per client personal perf=[0.749, 0.7319, 0.7363, 0.626, 0.7275, 0.7804, 0.749, 0.6686, 0.727, 0.7657], mean perf=14813/20400 (0.7261%)
Round=14, per client personal pooled=[0.743, 0.7357, 0.7277, 0.6331, 0.7331, 0.7696, 0.7499, 0.6936, 0.7425, 0.7613], mean perf=148706/204000 (0.7290%)
Mean performance of ditto rpdp global, Perf=0.3684, seed=45
Mean performance of ditto rpdp personal, Perf=0.7192, seed=45
Mean performance of ditto rpdp pooled, Perf=0.7203, seed=45
Client 0: avg epsilon = 0.3391
Client 1: avg epsilon = 0.3585
Client 2: avg epsilon = 0.3670
Client 3: avg epsilon = 0.3789
Client 4: avg epsilon = 0.3968
Client 5: avg epsilon = 0.4120
Client 6: avg epsilon = 0.4520
Client 7: avg epsilon = 0.4614
Client 8: avg epsilon = 0.5074
Client 9: avg epsilon = 0.6634
 We run FedAvg with rPDP (BoundedPareto-0) ...
max_epsilon :  10.0  noise_multiplier :  9.736328125
The R-Squared value of the best-fit curve : 0.999749898528281
learning rate =  0.001
sample_rate: (min) 0.03, (max) 0.15, expected_batch_size: 243
sample_rate: (min) 0.03, (max) 0.15, expected_batch_size: 255
sample_rate: (min) 0.03, (max) 0.16, expected_batch_size: 260
sample_rate: (min) 0.03, (max) 0.17, expected_batch_size: 266
sample_rate: (min) 0.03, (max) 0.19, expected_batch_size: 276
sample_rate: (min) 0.03, (max) 0.2, expected_batch_size: 285
sample_rate: (min) 0.03, (max) 0.23, expected_batch_size: 307
sample_rate: (min) 0.03, (max) 0.26, expected_batch_size: 312
sample_rate: (min) 0.03, (max) 0.32, expected_batch_size: 335
sample_rate: (min) 0.03, (max) 1.0, expected_batch_size: 406
initial privacy cost of all clients:  [0, 0, 0, 0, 0, 0, 0, 0, 0, 0]
Round=0
Round=1
Round=2
Round=3
Round=4
Round=5
Round=6
Round=7
Round=8
Round=9
Round=10
Round=11
Round=12
Round=13
Round=14
current privacy cost of all clients:  [0.6446782713231138, 0.6869797459107284, 0.6828144251576426, 0.5524241836734276, 0.8529951475416915, 1.0553478738354543, 1.0807964550615639, 1.0029847329778867, 1.7411477398622146, 7.879532215750026]
Round=14, per client global perf=[0.4946, 0.4961, 0.4755, 0.4676, 0.4711, 0.4711, 0.4716, 0.4632, 0.4804, 0.4657], mean perf=9704/20400 (0.4757%)
Round=14, per client personal perf=[0.7534, 0.724, 0.7475, 0.676, 0.702, 0.7564, 0.725, 0.6853, 0.7436, 0.7603], mean perf=14838/20400 (0.7274%)
Round=14, per client personal pooled=[0.7392, 0.7346, 0.7409, 0.6894, 0.7039, 0.7564, 0.7227, 0.6938, 0.7475, 0.7597], mean perf=148675/204000 (0.7288%)
Mean performance of ditto rpdp global, Perf=0.4609, seed=45
Mean performance of ditto rpdp personal, Perf=0.7273, seed=45
Mean performance of ditto rpdp pooled, Perf=0.7285, seed=45
Client 0: avg epsilon = 0.6771
Client 1: avg epsilon = 0.7478
Client 2: avg epsilon = 0.7367
Client 3: avg epsilon = 0.7432
Client 4: avg epsilon = 0.7763
Client 5: avg epsilon = 0.7758
Client 6: avg epsilon = 0.8616
Client 7: avg epsilon = 0.8076
Client 8: avg epsilon = 0.8438
Client 9: avg epsilon = 0.9693
 We run FedAvg with rPDP (BoundedMixGauss-0) ...
max_epsilon :  10.0  noise_multiplier :  9.736328125
The R-Squared value of the best-fit curve : 0.999749898528281
learning rate =  0.001
sample_rate: (min) 0.03, (max) 0.55, expected_batch_size: 398
sample_rate: (min) 0.03, (max) 0.57, expected_batch_size: 430
sample_rate: (min) 0.03, (max) 0.58, expected_batch_size: 424
sample_rate: (min) 0.03, (max) 0.59, expected_batch_size: 426
sample_rate: (min) 0.03, (max) 0.61, expected_batch_size: 441
sample_rate: (min) 0.03, (max) 0.62, expected_batch_size: 440
sample_rate: (min) 0.03, (max) 0.63, expected_batch_size: 479
sample_rate: (min) 0.03, (max) 0.64, expected_batch_size: 451
sample_rate: (min) 0.03, (max) 0.66, expected_batch_size: 467
sample_rate: (min) 0.03, (max) 0.77, expected_batch_size: 525
initial privacy cost of all clients:  [0, 0, 0, 0, 0, 0, 0, 0, 0, 0]
Round=0
Round=1
Round=2
Round=3
Round=4
Round=5
Round=6
Round=7
Round=8
Round=9
Round=10
Round=11
Round=12
Round=13
Round=14
current privacy cost of all clients:  [3.1303686976401996, 3.273014395857367, 3.14876664896902, 2.435482395405531, 3.5512643434407662, 4.160732732148667, 3.751048935817443, 2.998789123635933, 4.338939443191621, 5.387946020137831]
Round=14, per client global perf=[0.4044, 0.401, 0.4093, 0.3956, 0.3975, 0.4015, 0.4069, 0.4103, 0.3971, 0.3971], mean perf=8202/20400 (0.4021%)
Round=14, per client personal perf=[0.7333, 0.7343, 0.7426, 0.6662, 0.75, 0.7725, 0.7358, 0.6966, 0.7534, 0.7559], mean perf=14975/20400 (0.7341%)
Round=14, per client personal pooled=[0.7256, 0.7426, 0.7413, 0.6722, 0.7522, 0.7655, 0.7272, 0.7061, 0.7557, 0.7529], mean perf=149764/204000 (0.7341%)
Mean performance of ditto rpdp global, Perf=0.3896, seed=45
Mean performance of ditto rpdp personal, Perf=0.7280, seed=45
Mean performance of ditto rpdp pooled, Perf=0.7297, seed=45
Finished seed 45
----------------------------------------
Running seed 46
/Users/shegao_t1/DP_Research/Personal_DP_Personal_FL/rpdp_fl/experiments/datasets/fed_fashion_mnist/iid_10

Client 0 label distribution:
[(0, 440), (1, 401), (2, 413), (3, 389), (4, 377), (5, 395), (6, 380), (7, 394), (8, 376), (9, 395)]

Client 1 label distribution:
[(0, 409), (1, 386), (2, 399), (3, 384), (4, 416), (5, 389), (6, 356), (7, 399), (8, 401), (9, 421)]

Client 2 label distribution:
[(0, 379), (1, 430), (2, 396), (3, 386), (4, 376), (5, 379), (6, 429), (7, 401), (8, 392), (9, 392)]

Client 3 label distribution:
[(0, 406), (1, 408), (2, 354), (3, 404), (4, 400), (5, 422), (6, 398), (7, 371), (8, 414), (9, 383)]

Client 4 label distribution:
[(0, 412), (1, 412), (2, 385), (3, 396), (4, 358), (5, 395), (6, 400), (7, 404), (8, 404), (9, 394)]

Client 5 label distribution:
[(0, 408), (1, 412), (2, 381), (3, 384), (4, 390), (5, 393), (6, 391), (7, 420), (8, 403), (9, 378)]

Client 6 label distribution:
[(0, 386), (1, 367), (2, 405), (3, 402), (4, 388), (5, 359), (6, 409), (7, 395), (8, 416), (9, 433)]

Client 7 label distribution:
[(0, 370), (1, 424), (2, 396), (3, 416), (4, 384), (5, 432), (6, 395), (7, 378), (8, 380), (9, 385)]

Client 8 label distribution:
[(0, 372), (1, 411), (2, 428), (3, 388), (4, 419), (5, 379), (6, 409), (7, 394), (8, 365), (9, 395)]

Client 9 label distribution:
[(0, 385), (1, 380), (2, 363), (3, 392), (4, 417), (5, 419), (6, 361), (7, 426), (8, 412), (9, 405)]
Client 0: avg epsilon = 0.7321
Client 1: avg epsilon = 0.8028
Client 2: avg epsilon = 0.7653
Client 3: avg epsilon = 0.7523
Client 4: avg epsilon = 0.7712
Client 5: avg epsilon = 0.7548
Client 6: avg epsilon = 0.8201
Client 7: avg epsilon = 0.7487
Client 8: avg epsilon = 0.7613
Client 9: avg epsilon = 0.7916
 We run FedAvg with rPDP (ThreeLevels-0) ...
max_epsilon :  10.0  noise_multiplier :  9.736328125
The R-Squared value of the best-fit curve : 0.999749898528281
learning rate =  0.001
sample_rate: (min) 0.03, (max) 0.61, expected_batch_size: 416
sample_rate: (min) 0.03, (max) 0.61, expected_batch_size: 451
sample_rate: (min) 0.03, (max) 0.61, expected_batch_size: 433
sample_rate: (min) 0.03, (max) 0.61, expected_batch_size: 426
sample_rate: (min) 0.03, (max) 0.61, expected_batch_size: 436
sample_rate: (min) 0.03, (max) 0.61, expected_batch_size: 429
sample_rate: (min) 0.03, (max) 0.61, expected_batch_size: 459
sample_rate: (min) 0.03, (max) 0.61, expected_batch_size: 424
sample_rate: (min) 0.03, (max) 0.61, expected_batch_size: 430
sample_rate: (min) 0.03, (max) 0.61, expected_batch_size: 446
initial privacy cost of all clients:  [0, 0, 0, 0, 0, 0, 0, 0, 0, 0]
Round=0
Round=1
Round=2
Round=3
Round=4
Round=5
Round=6
Round=7
Round=8
Round=9
Round=10
Round=11
Round=12
Round=13
Round=14
current privacy cost of all clients:  [3.3043856205918876, 3.8048372549984366, 3.3043856205918876, 3.554611437795162, 3.3043856205918876, 3.554611437795162, 3.554611437795162, 4.305288889404985, 4.055063072201711, 3.554611437795162]
Round=14, per client global perf=[0.425, 0.4358, 0.4461, 0.4397, 0.425, 0.4186, 0.4451, 0.4279, 0.4137, 0.4255], mean perf=8777/20400 (0.4302%)
Round=14, per client personal perf=[0.7436, 0.7382, 0.7426, 0.7431, 0.7377, 0.6961, 0.7574, 0.7314, 0.7642, 0.7564], mean perf=15118/20400 (0.7411%)
Round=14, per client personal pooled=[0.7384, 0.7416, 0.7408, 0.7439, 0.7455, 0.716, 0.7512, 0.7389, 0.7664, 0.7411], mean perf=151445/204000 (0.7424%)
Mean performance of ditto rpdp global, Perf=0.4016, seed=46
Mean performance of ditto rpdp personal, Perf=0.7346, seed=46
Mean performance of ditto rpdp pooled, Perf=0.7353, seed=46
Client 0: avg epsilon = 0.3369
Client 1: avg epsilon = 0.3564
Client 2: avg epsilon = 0.3647
Client 3: avg epsilon = 0.3771
Client 4: avg epsilon = 0.3950
Client 5: avg epsilon = 0.4102
Client 6: avg epsilon = 0.4493
Client 7: avg epsilon = 0.4578
Client 8: avg epsilon = 0.5068
Client 9: avg epsilon = 0.6623
 We run FedAvg with rPDP (BoundedPareto-0) ...
max_epsilon :  10.0  noise_multiplier :  9.736328125
The R-Squared value of the best-fit curve : 0.999749898528281
learning rate =  0.001
sample_rate: (min) 0.03, (max) 0.15, expected_batch_size: 242
sample_rate: (min) 0.03, (max) 0.15, expected_batch_size: 253
sample_rate: (min) 0.03, (max) 0.16, expected_batch_size: 258
sample_rate: (min) 0.03, (max) 0.17, expected_batch_size: 265
sample_rate: (min) 0.03, (max) 0.19, expected_batch_size: 275
sample_rate: (min) 0.03, (max) 0.2, expected_batch_size: 284
sample_rate: (min) 0.03, (max) 0.23, expected_batch_size: 306
sample_rate: (min) 0.03, (max) 0.26, expected_batch_size: 310
sample_rate: (min) 0.03, (max) 0.33, expected_batch_size: 335
sample_rate: (min) 0.03, (max) 1.0, expected_batch_size: 406
initial privacy cost of all clients:  [0, 0, 0, 0, 0, 0, 0, 0, 0, 0]
Round=0
Round=1
Round=2
Round=3
Round=4
Round=5
Round=6
Round=7
Round=8
Round=9
Round=10
Round=11
Round=12
Round=13
Round=14
current privacy cost of all clients:  [0.603393240280749, 0.7302215730766968, 0.6845734763795118, 0.7897711915359866, 0.8041123821298981, 0.944253869278017, 1.0752883525774077, 1.4881491113413472, 1.868073554067909, 6.803447050009791]
Round=14, per client global perf=[0.4809, 0.4819, 0.4485, 0.4505, 0.4471, 0.4569, 0.4667, 0.4505, 0.4623, 0.4417], mean perf=9357/20400 (0.4587%)
Round=14, per client personal perf=[0.7475, 0.7382, 0.7206, 0.7275, 0.7181, 0.7441, 0.7485, 0.7373, 0.7304, 0.7466], mean perf=15012/20400 (0.7359%)
Round=14, per client personal pooled=[0.7357, 0.7467, 0.7179, 0.7274, 0.7224, 0.7405, 0.744, 0.754, 0.7426, 0.7447], mean perf=150468/204000 (0.7376%)
Mean performance of ditto rpdp global, Perf=0.4356, seed=46
Mean performance of ditto rpdp personal, Perf=0.7368, seed=46
Mean performance of ditto rpdp pooled, Perf=0.7364, seed=46
Client 0: avg epsilon = 0.5684
Client 1: avg epsilon = 0.7372
Client 2: avg epsilon = 0.7303
Client 3: avg epsilon = 0.7379
Client 4: avg epsilon = 0.7720
Client 5: avg epsilon = 0.7724
Client 6: avg epsilon = 0.8590
Client 7: avg epsilon = 0.8046
Client 8: avg epsilon = 0.8413
Client 9: avg epsilon = 0.9202
 We run FedAvg with rPDP (BoundedMixGauss-0) ...
max_epsilon :  10.0  noise_multiplier :  9.736328125
The R-Squared value of the best-fit curve : 0.999749898528281
learning rate =  0.001
sample_rate: (min) 0.03, (max) 0.54, expected_batch_size: 347
sample_rate: (min) 0.03, (max) 0.56, expected_batch_size: 426
sample_rate: (min) 0.03, (max) 0.58, expected_batch_size: 421
sample_rate: (min) 0.03, (max) 0.59, expected_batch_size: 423
sample_rate: (min) 0.03, (max) 0.61, expected_batch_size: 439
sample_rate: (min) 0.03, (max) 0.62, expected_batch_size: 438
sample_rate: (min) 0.03, (max) 0.63, expected_batch_size: 477
sample_rate: (min) 0.03, (max) 0.64, expected_batch_size: 450
sample_rate: (min) 0.03, (max) 0.66, expected_batch_size: 465
sample_rate: (min) 0.03, (max) 0.75, expected_batch_size: 500
initial privacy cost of all clients:  [0, 0, 0, 0, 0, 0, 0, 0, 0, 0]
Round=0
Round=1
Round=2
Round=3
Round=4
Round=5
Round=6
Round=7
Round=8
Round=9
Round=10
Round=11
Round=12
Round=13
Round=14
current privacy cost of all clients:  [2.8716623846409273, 3.4526894915442936, 3.1236595094331006, 3.4455893398743624, 3.293201504148378, 3.632267001884864, 3.751696849229588, 4.607641205581554, 4.553096928444682, 4.699892211236226]
Round=14, per client global perf=[0.3946, 0.4127, 0.3907, 0.3902, 0.3922, 0.3843, 0.4044, 0.3828, 0.3897, 0.3833], mean perf=8007/20400 (0.3925%)
Round=14, per client personal perf=[0.7407, 0.7314, 0.7569, 0.7402, 0.7407, 0.7314, 0.7485, 0.7373, 0.7475, 0.7525], mean perf=15151/20400 (0.7427%)
Round=14, per client personal pooled=[0.7296, 0.7407, 0.7479, 0.7456, 0.7399, 0.7403, 0.7434, 0.7423, 0.746, 0.7469], mean perf=151420/204000 (0.7423%)
Mean performance of ditto rpdp global, Perf=0.3634, seed=46
Mean performance of ditto rpdp personal, Perf=0.7390, seed=46
Mean performance of ditto rpdp pooled, Perf=0.7386, seed=46
Finished seed 46
----------------------------------------
=== Running reg_param=0.1, num_steps=15 ===
Running seed 42
/Users/shegao_t1/DP_Research/Personal_DP_Personal_FL/rpdp_fl/experiments/datasets/fed_fashion_mnist/iid_10

Client 0 label distribution:
[(0, 440), (1, 401), (2, 413), (3, 389), (4, 377), (5, 395), (6, 380), (7, 394), (8, 376), (9, 395)]

Client 1 label distribution:
[(0, 409), (1, 386), (2, 399), (3, 384), (4, 416), (5, 389), (6, 356), (7, 399), (8, 401), (9, 421)]

Client 2 label distribution:
[(0, 379), (1, 430), (2, 396), (3, 386), (4, 376), (5, 379), (6, 429), (7, 401), (8, 392), (9, 392)]

Client 3 label distribution:
[(0, 406), (1, 408), (2, 354), (3, 404), (4, 400), (5, 422), (6, 398), (7, 371), (8, 414), (9, 383)]

Client 4 label distribution:
[(0, 412), (1, 412), (2, 385), (3, 396), (4, 358), (5, 395), (6, 400), (7, 404), (8, 404), (9, 394)]

Client 5 label distribution:
[(0, 408), (1, 412), (2, 381), (3, 384), (4, 390), (5, 393), (6, 391), (7, 420), (8, 403), (9, 378)]

Client 6 label distribution:
[(0, 386), (1, 367), (2, 405), (3, 402), (4, 388), (5, 359), (6, 409), (7, 395), (8, 416), (9, 433)]

Client 7 label distribution:
[(0, 370), (1, 424), (2, 396), (3, 416), (4, 384), (5, 432), (6, 395), (7, 378), (8, 380), (9, 385)]

Client 8 label distribution:
[(0, 372), (1, 411), (2, 428), (3, 388), (4, 419), (5, 379), (6, 409), (7, 394), (8, 365), (9, 395)]

Client 9 label distribution:
[(0, 385), (1, 380), (2, 363), (3, 392), (4, 417), (5, 419), (6, 361), (7, 426), (8, 412), (9, 405)]
Client 0: avg epsilon = 0.7321
Client 1: avg epsilon = 0.8028
Client 2: avg epsilon = 0.7653
Client 3: avg epsilon = 0.7523
Client 4: avg epsilon = 0.7712
Client 5: avg epsilon = 0.7548
Client 6: avg epsilon = 0.8201
Client 7: avg epsilon = 0.7487
Client 8: avg epsilon = 0.7613
Client 9: avg epsilon = 0.7916
 We run FedAvg with rPDP (ThreeLevels-0) ...
max_epsilon :  10.0  noise_multiplier :  9.736328125
The R-Squared value of the best-fit curve : 0.999749898528281
learning rate =  0.001
sample_rate: (min) 0.03, (max) 0.61, expected_batch_size: 416
sample_rate: (min) 0.03, (max) 0.61, expected_batch_size: 451
sample_rate: (min) 0.03, (max) 0.61, expected_batch_size: 433
sample_rate: (min) 0.03, (max) 0.61, expected_batch_size: 426
sample_rate: (min) 0.03, (max) 0.61, expected_batch_size: 436
sample_rate: (min) 0.03, (max) 0.61, expected_batch_size: 429
sample_rate: (min) 0.03, (max) 0.61, expected_batch_size: 459
sample_rate: (min) 0.03, (max) 0.61, expected_batch_size: 424
sample_rate: (min) 0.03, (max) 0.61, expected_batch_size: 430
sample_rate: (min) 0.03, (max) 0.61, expected_batch_size: 446
initial privacy cost of all clients:  [0, 0, 0, 0, 0, 0, 0, 0, 0, 0]
Round=0
Round=1
Round=2
Round=3
Round=4
Round=5
Round=6
Round=7
Round=8
Round=9
Round=10
Round=11
Round=12
Round=13
Round=14
current privacy cost of all clients:  [3.554611437795162, 3.554611437795162, 2.8039339861853394, 3.3043856205918876, 3.8048372549984366, 3.554611437795162, 3.8048372549984366, 4.055063072201711, 4.305288889404985, 3.0541598033886133]
Round=14, per client global perf=[0.3784, 0.3784, 0.3784, 0.3706, 0.3623, 0.3765, 0.3843, 0.3691, 0.3608, 0.3706], mean perf=7608/20400 (0.3729%)
Round=14, per client personal perf=[0.7451, 0.7147, 0.7059, 0.7172, 0.7074, 0.7451, 0.7515, 0.7284, 0.7186, 0.7353], mean perf=14829/20400 (0.7269%)
Round=14, per client personal pooled=[0.7368, 0.724, 0.7001, 0.7124, 0.7136, 0.7401, 0.7472, 0.7346, 0.726, 0.7283], mean perf=148167/204000 (0.7263%)
Mean performance of ditto rpdp global, Perf=0.3557, seed=42
Mean performance of ditto rpdp personal, Perf=0.7238, seed=42
Mean performance of ditto rpdp pooled, Perf=0.7235, seed=42
Client 0: avg epsilon = 0.3382
Client 1: avg epsilon = 0.3575
Client 2: avg epsilon = 0.3662
Client 3: avg epsilon = 0.3782
Client 4: avg epsilon = 0.3958
Client 5: avg epsilon = 0.4104
Client 6: avg epsilon = 0.4500
Client 7: avg epsilon = 0.4586
Client 8: avg epsilon = 0.5046
Client 9: avg epsilon = 0.6557
 We run FedAvg with rPDP (BoundedPareto-0) ...
max_epsilon :  10.0  noise_multiplier :  9.736328125
The R-Squared value of the best-fit curve : 0.999749898528281
learning rate =  0.001
sample_rate: (min) 0.03, (max) 0.15, expected_batch_size: 243
sample_rate: (min) 0.03, (max) 0.16, expected_batch_size: 254
sample_rate: (min) 0.03, (max) 0.16, expected_batch_size: 259
sample_rate: (min) 0.03, (max) 0.17, expected_batch_size: 266
sample_rate: (min) 0.03, (max) 0.19, expected_batch_size: 276
sample_rate: (min) 0.03, (max) 0.2, expected_batch_size: 284
sample_rate: (min) 0.03, (max) 0.23, expected_batch_size: 306
sample_rate: (min) 0.03, (max) 0.26, expected_batch_size: 310
sample_rate: (min) 0.03, (max) 0.32, expected_batch_size: 334
sample_rate: (min) 0.03, (max) 0.98, expected_batch_size: 404
initial privacy cost of all clients:  [0, 0, 0, 0, 0, 0, 0, 0, 0, 0]
Round=0
Round=1
Round=2
Round=3
Round=4
Round=5
Round=6
Round=7
Round=8
Round=9
Round=10
Round=11
Round=12
Round=13
Round=14
current privacy cost of all clients:  [0.6467664365012017, 0.6889795199005952, 0.5819917504517842, 0.7354479782632062, 0.9099519022060186, 0.9374383049887219, 1.1378477898081383, 1.4071502808945435, 1.9162462442557835, 5.563993025730616]
Round=14, per client global perf=[0.4696, 0.4765, 0.4618, 0.4544, 0.4819, 0.4775, 0.451, 0.4436, 0.4691, 0.4534], mean perf=9463/20400 (0.4639%)
Round=14, per client personal perf=[0.7353, 0.7407, 0.7142, 0.7417, 0.7059, 0.7333, 0.773, 0.6971, 0.7275, 0.7422], mean perf=14914/20400 (0.7311%)
Round=14, per client personal pooled=[0.7274, 0.7397, 0.7105, 0.7407, 0.701, 0.7277, 0.7606, 0.7256, 0.7305, 0.7412], mean perf=149022/204000 (0.7305%)
Mean performance of ditto rpdp global, Perf=0.4603, seed=42
Mean performance of ditto rpdp personal, Perf=0.7281, seed=42
Mean performance of ditto rpdp pooled, Perf=0.7276, seed=42
Client 0: avg epsilon = 0.5773
Client 1: avg epsilon = 0.7382
Client 2: avg epsilon = 0.7303
Client 3: avg epsilon = 0.7377
Client 4: avg epsilon = 0.7720
Client 5: avg epsilon = 0.7721
Client 6: avg epsilon = 0.8576
Client 7: avg epsilon = 0.8031
Client 8: avg epsilon = 0.8387
Client 9: avg epsilon = 0.9170
 We run FedAvg with rPDP (BoundedMixGauss-0) ...
max_epsilon :  10.0  noise_multiplier :  9.736328125
The R-Squared value of the best-fit curve : 0.999749898528281
learning rate =  0.001
sample_rate: (min) 0.03, (max) 0.54, expected_batch_size: 351
sample_rate: (min) 0.03, (max) 0.56, expected_batch_size: 426
sample_rate: (min) 0.03, (max) 0.58, expected_batch_size: 421
sample_rate: (min) 0.03, (max) 0.59, expected_batch_size: 423
sample_rate: (min) 0.03, (max) 0.6, expected_batch_size: 439
sample_rate: (min) 0.03, (max) 0.62, expected_batch_size: 438
sample_rate: (min) 0.03, (max) 0.63, expected_batch_size: 477
sample_rate: (min) 0.03, (max) 0.64, expected_batch_size: 449
sample_rate: (min) 0.03, (max) 0.66, expected_batch_size: 464
sample_rate: (min) 0.03, (max) 0.79, expected_batch_size: 499
initial privacy cost of all clients:  [0, 0, 0, 0, 0, 0, 0, 0, 0, 0]
Round=0
Round=1
Round=2
Round=3
Round=4
Round=5
Round=6
Round=7
Round=8
Round=9
Round=10
Round=11
Round=12
Round=13
Round=14
current privacy cost of all clients:  [3.0735546899729185, 3.237072489998286, 2.667560670719878, 3.207562825149566, 3.7815497439723202, 3.62496560238358, 4.009915797708055, 4.401561805859411, 4.732536262830204, 4.36666609846329]
Round=14, per client global perf=[0.4034, 0.4005, 0.4034, 0.3917, 0.3902, 0.4044, 0.4015, 0.4005, 0.3902, 0.3912], mean perf=8113/20400 (0.3977%)
Round=14, per client personal perf=[0.7436, 0.7221, 0.727, 0.7255, 0.7343, 0.7466, 0.7446, 0.7289, 0.7279, 0.7309], mean perf=14956/20400 (0.7331%)
Round=14, per client personal pooled=[0.7359, 0.7226, 0.7196, 0.7199, 0.7403, 0.7418, 0.7405, 0.7441, 0.7392, 0.7233], mean perf=149475/204000 (0.7327%)
Mean performance of ditto rpdp global, Perf=0.3779, seed=42
Mean performance of ditto rpdp personal, Perf=0.7298, seed=42
Mean performance of ditto rpdp pooled, Perf=0.7295, seed=42
Finished seed 42
----------------------------------------
Running seed 43
/Users/shegao_t1/DP_Research/Personal_DP_Personal_FL/rpdp_fl/experiments/datasets/fed_fashion_mnist/iid_10

Client 0 label distribution:
[(0, 440), (1, 401), (2, 413), (3, 389), (4, 377), (5, 395), (6, 380), (7, 394), (8, 376), (9, 395)]

Client 1 label distribution:
[(0, 409), (1, 386), (2, 399), (3, 384), (4, 416), (5, 389), (6, 356), (7, 399), (8, 401), (9, 421)]

Client 2 label distribution:
[(0, 379), (1, 430), (2, 396), (3, 386), (4, 376), (5, 379), (6, 429), (7, 401), (8, 392), (9, 392)]

Client 3 label distribution:
[(0, 406), (1, 408), (2, 354), (3, 404), (4, 400), (5, 422), (6, 398), (7, 371), (8, 414), (9, 383)]

Client 4 label distribution:
[(0, 412), (1, 412), (2, 385), (3, 396), (4, 358), (5, 395), (6, 400), (7, 404), (8, 404), (9, 394)]

Client 5 label distribution:
[(0, 408), (1, 412), (2, 381), (3, 384), (4, 390), (5, 393), (6, 391), (7, 420), (8, 403), (9, 378)]

Client 6 label distribution:
[(0, 386), (1, 367), (2, 405), (3, 402), (4, 388), (5, 359), (6, 409), (7, 395), (8, 416), (9, 433)]

Client 7 label distribution:
[(0, 370), (1, 424), (2, 396), (3, 416), (4, 384), (5, 432), (6, 395), (7, 378), (8, 380), (9, 385)]

Client 8 label distribution:
[(0, 372), (1, 411), (2, 428), (3, 388), (4, 419), (5, 379), (6, 409), (7, 394), (8, 365), (9, 395)]

Client 9 label distribution:
[(0, 385), (1, 380), (2, 363), (3, 392), (4, 417), (5, 419), (6, 361), (7, 426), (8, 412), (9, 405)]
Client 0: avg epsilon = 0.7321
Client 1: avg epsilon = 0.8028
Client 2: avg epsilon = 0.7653
Client 3: avg epsilon = 0.7523
Client 4: avg epsilon = 0.7712
Client 5: avg epsilon = 0.7548
Client 6: avg epsilon = 0.8201
Client 7: avg epsilon = 0.7487
Client 8: avg epsilon = 0.7613
Client 9: avg epsilon = 0.7916
 We run FedAvg with rPDP (ThreeLevels-0) ...
max_epsilon :  10.0  noise_multiplier :  9.736328125
The R-Squared value of the best-fit curve : 0.999749898528281
learning rate =  0.001
sample_rate: (min) 0.03, (max) 0.61, expected_batch_size: 416
sample_rate: (min) 0.03, (max) 0.61, expected_batch_size: 451
sample_rate: (min) 0.03, (max) 0.61, expected_batch_size: 433
sample_rate: (min) 0.03, (max) 0.61, expected_batch_size: 426
sample_rate: (min) 0.03, (max) 0.61, expected_batch_size: 436
sample_rate: (min) 0.03, (max) 0.61, expected_batch_size: 429
sample_rate: (min) 0.03, (max) 0.61, expected_batch_size: 459
sample_rate: (min) 0.03, (max) 0.61, expected_batch_size: 424
sample_rate: (min) 0.03, (max) 0.61, expected_batch_size: 430
sample_rate: (min) 0.03, (max) 0.61, expected_batch_size: 446
initial privacy cost of all clients:  [0, 0, 0, 0, 0, 0, 0, 0, 0, 0]
Round=0
Round=1
Round=2
Round=3
Round=4
Round=5
Round=6
Round=7
Round=8
Round=9
Round=10
Round=11
Round=12
Round=13
Round=14
current privacy cost of all clients:  [3.8048372549984366, 3.554611437795162, 3.3043856205918876, 3.8048372549984366, 2.8039339861853394, 3.554611437795162, 3.0541598033886133, 2.1521425035466386, 3.0541598033886133, 4.055063072201711]
Round=14, per client global perf=[0.3265, 0.3392, 0.3373, 0.3118, 0.3328, 0.3191, 0.3152, 0.3167, 0.327, 0.3093], mean perf=6599/20400 (0.3235%)
Round=14, per client personal perf=[0.7456, 0.7304, 0.7309, 0.726, 0.7083, 0.7343, 0.7206, 0.624, 0.7078, 0.7412], mean perf=14625/20400 (0.7169%)
Round=14, per client personal pooled=[0.7364, 0.7194, 0.7182, 0.7315, 0.7065, 0.7374, 0.7148, 0.635, 0.7143, 0.7324], mean perf=145775/204000 (0.7146%)
Mean performance of ditto rpdp global, Perf=0.3019, seed=43
Mean performance of ditto rpdp personal, Perf=0.7029, seed=43
Mean performance of ditto rpdp pooled, Perf=0.7005, seed=43
Client 0: avg epsilon = 0.3406
Client 1: avg epsilon = 0.3602
Client 2: avg epsilon = 0.3687
Client 3: avg epsilon = 0.3807
Client 4: avg epsilon = 0.3983
Client 5: avg epsilon = 0.4134
Client 6: avg epsilon = 0.4529
Client 7: avg epsilon = 0.4625
Client 8: avg epsilon = 0.5088
Client 9: avg epsilon = 0.6730
 We run FedAvg with rPDP (BoundedPareto-0) ...
max_epsilon :  10.0  noise_multiplier :  9.736328125
The R-Squared value of the best-fit curve : 0.999749898528281
learning rate =  0.001
sample_rate: (min) 0.03, (max) 0.15, expected_batch_size: 244
sample_rate: (min) 0.03, (max) 0.16, expected_batch_size: 256
sample_rate: (min) 0.03, (max) 0.16, expected_batch_size: 261
sample_rate: (min) 0.03, (max) 0.17, expected_batch_size: 267
sample_rate: (min) 0.03, (max) 0.19, expected_batch_size: 277
sample_rate: (min) 0.03, (max) 0.2, expected_batch_size: 286
sample_rate: (min) 0.03, (max) 0.23, expected_batch_size: 308
sample_rate: (min) 0.03, (max) 0.26, expected_batch_size: 312
sample_rate: (min) 0.03, (max) 0.32, expected_batch_size: 336
sample_rate: (min) 0.03, (max) 1.0, expected_batch_size: 411
initial privacy cost of all clients:  [0, 0, 0, 0, 0, 0, 0, 0, 0, 0]
Round=0
Round=1
Round=2
Round=3
Round=4
Round=5
Round=6
Round=7
Round=8
Round=9
Round=10
Round=11
Round=12
Round=13
Round=14
current privacy cost of all clients:  [0.6912080021294884, 0.6922715660946682, 0.6887499487830259, 0.8392871193922, 0.6779143911733407, 0.943863253983929, 0.9339118605253581, 0.7839880583951899, 1.4193560713768727, 7.879532215750026]
Round=14, per client global perf=[0.4667, 0.4608, 0.4539, 0.452, 0.4632, 0.4559, 0.4534, 0.4373, 0.4686, 0.4387], mean perf=9283/20400 (0.4550%)
Round=14, per client personal perf=[0.752, 0.7176, 0.6956, 0.7034, 0.6917, 0.7025, 0.7088, 0.6338, 0.6838, 0.7392], mean perf=14338/20400 (0.7028%)
Round=14, per client personal pooled=[0.7393, 0.726, 0.6975, 0.7135, 0.6891, 0.6964, 0.7111, 0.6389, 0.6963, 0.7389], mean perf=143760/204000 (0.7047%)
Mean performance of ditto rpdp global, Perf=0.4372, seed=43
Mean performance of ditto rpdp personal, Perf=0.6954, seed=43
Mean performance of ditto rpdp pooled, Perf=0.6949, seed=43
Client 0: avg epsilon = 0.6749
Client 1: avg epsilon = 0.7469
Client 2: avg epsilon = 0.7363
Client 3: avg epsilon = 0.7424
Client 4: avg epsilon = 0.7757
Client 5: avg epsilon = 0.7753
Client 6: avg epsilon = 0.8609
Client 7: avg epsilon = 0.8068
Client 8: avg epsilon = 0.8441
Client 9: avg epsilon = 0.9619
 We run FedAvg with rPDP (BoundedMixGauss-0) ...
max_epsilon :  10.0  noise_multiplier :  9.736328125
The R-Squared value of the best-fit curve : 0.999749898528281
learning rate =  0.001
sample_rate: (min) 0.03, (max) 0.55, expected_batch_size: 397
sample_rate: (min) 0.03, (max) 0.57, expected_batch_size: 430
sample_rate: (min) 0.03, (max) 0.58, expected_batch_size: 424
sample_rate: (min) 0.03, (max) 0.59, expected_batch_size: 425
sample_rate: (min) 0.03, (max) 0.61, expected_batch_size: 441
sample_rate: (min) 0.03, (max) 0.62, expected_batch_size: 440
sample_rate: (min) 0.03, (max) 0.63, expected_batch_size: 479
sample_rate: (min) 0.03, (max) 0.64, expected_batch_size: 451
sample_rate: (min) 0.03, (max) 0.66, expected_batch_size: 467
sample_rate: (min) 0.03, (max) 0.75, expected_batch_size: 522
initial privacy cost of all clients:  [0, 0, 0, 0, 0, 0, 0, 0, 0, 0]
Round=0
Round=1
Round=2
Round=3
Round=4
Round=5
Round=6
Round=7
Round=8
Round=9
Round=10
Round=11
Round=12
Round=13
Round=14
current privacy cost of all clients:  [3.322962263347714, 3.269517435508484, 3.1424226947690475, 3.7003063073066293, 2.796613174593184, 3.6290197804600797, 3.194362008496409, 2.3144651764121855, 3.4110642511128604, 5.239405359423475]
Round=14, per client global perf=[0.351, 0.3588, 0.3603, 0.3348, 0.3461, 0.3397, 0.3343, 0.3328, 0.35, 0.3294], mean perf=7012/20400 (0.3437%)
Round=14, per client personal perf=[0.749, 0.7338, 0.6912, 0.7338, 0.7113, 0.7196, 0.7113, 0.6441, 0.727, 0.7426], mean perf=14614/20400 (0.7164%)
Round=14, per client personal pooled=[0.7361, 0.7319, 0.6916, 0.7368, 0.707, 0.7221, 0.7114, 0.6617, 0.7242, 0.7347], mean perf=146011/204000 (0.7157%)
Mean performance of ditto rpdp global, Perf=0.3220, seed=43
Mean performance of ditto rpdp personal, Perf=0.6991, seed=43
Mean performance of ditto rpdp pooled, Perf=0.6982, seed=43
Finished seed 43
----------------------------------------
Running seed 44
/Users/shegao_t1/DP_Research/Personal_DP_Personal_FL/rpdp_fl/experiments/datasets/fed_fashion_mnist/iid_10

Client 0 label distribution:
[(0, 440), (1, 401), (2, 413), (3, 389), (4, 377), (5, 395), (6, 380), (7, 394), (8, 376), (9, 395)]

Client 1 label distribution:
[(0, 409), (1, 386), (2, 399), (3, 384), (4, 416), (5, 389), (6, 356), (7, 399), (8, 401), (9, 421)]

Client 2 label distribution:
[(0, 379), (1, 430), (2, 396), (3, 386), (4, 376), (5, 379), (6, 429), (7, 401), (8, 392), (9, 392)]

Client 3 label distribution:
[(0, 406), (1, 408), (2, 354), (3, 404), (4, 400), (5, 422), (6, 398), (7, 371), (8, 414), (9, 383)]

Client 4 label distribution:
[(0, 412), (1, 412), (2, 385), (3, 396), (4, 358), (5, 395), (6, 400), (7, 404), (8, 404), (9, 394)]

Client 5 label distribution:
[(0, 408), (1, 412), (2, 381), (3, 384), (4, 390), (5, 393), (6, 391), (7, 420), (8, 403), (9, 378)]

Client 6 label distribution:
[(0, 386), (1, 367), (2, 405), (3, 402), (4, 388), (5, 359), (6, 409), (7, 395), (8, 416), (9, 433)]

Client 7 label distribution:
[(0, 370), (1, 424), (2, 396), (3, 416), (4, 384), (5, 432), (6, 395), (7, 378), (8, 380), (9, 385)]

Client 8 label distribution:
[(0, 372), (1, 411), (2, 428), (3, 388), (4, 419), (5, 379), (6, 409), (7, 394), (8, 365), (9, 395)]

Client 9 label distribution:
[(0, 385), (1, 380), (2, 363), (3, 392), (4, 417), (5, 419), (6, 361), (7, 426), (8, 412), (9, 405)]
Client 0: avg epsilon = 0.7321
Client 1: avg epsilon = 0.8028
Client 2: avg epsilon = 0.7653
Client 3: avg epsilon = 0.7523
Client 4: avg epsilon = 0.7712
Client 5: avg epsilon = 0.7548
Client 6: avg epsilon = 0.8201
Client 7: avg epsilon = 0.7487
Client 8: avg epsilon = 0.7613
Client 9: avg epsilon = 0.7916
 We run FedAvg with rPDP (ThreeLevels-0) ...
max_epsilon :  10.0  noise_multiplier :  9.736328125
The R-Squared value of the best-fit curve : 0.999749898528281
learning rate =  0.001
sample_rate: (min) 0.03, (max) 0.61, expected_batch_size: 416
sample_rate: (min) 0.03, (max) 0.61, expected_batch_size: 451
sample_rate: (min) 0.03, (max) 0.61, expected_batch_size: 433
sample_rate: (min) 0.03, (max) 0.61, expected_batch_size: 426
sample_rate: (min) 0.03, (max) 0.61, expected_batch_size: 436
sample_rate: (min) 0.03, (max) 0.61, expected_batch_size: 429
sample_rate: (min) 0.03, (max) 0.61, expected_batch_size: 459
sample_rate: (min) 0.03, (max) 0.61, expected_batch_size: 424
sample_rate: (min) 0.03, (max) 0.61, expected_batch_size: 430
sample_rate: (min) 0.03, (max) 0.61, expected_batch_size: 446
initial privacy cost of all clients:  [0, 0, 0, 0, 0, 0, 0, 0, 0, 0]
Round=0
Round=1
Round=2
Round=3
Round=4
Round=5
Round=6
Round=7
Round=8
Round=9
Round=10
Round=11
Round=12
Round=13
Round=14
current privacy cost of all clients:  [3.8048372549984366, 4.510367153745826, 3.8048372549984366, 2.1521425035466386, 4.305288889404985, 3.0541598033886133, 2.8039339861853394, 3.0541598033886133, 2.8039339861853394, 3.554611437795162]
Round=14, per client global perf=[0.4279, 0.4363, 0.4397, 0.427, 0.4225, 0.4319, 0.4426, 0.4328, 0.4176, 0.4289], mean perf=8787/20400 (0.4307%)
Round=14, per client personal perf=[0.748, 0.7343, 0.7333, 0.6819, 0.7333, 0.7275, 0.7309, 0.7098, 0.7147, 0.7534], mean perf=14825/20400 (0.7267%)
Round=14, per client personal pooled=[0.7402, 0.7349, 0.7306, 0.6803, 0.7375, 0.7284, 0.7168, 0.7264, 0.7226, 0.747], mean perf=148203/204000 (0.7265%)
Mean performance of ditto rpdp global, Perf=0.4103, seed=44
Mean performance of ditto rpdp personal, Perf=0.7214, seed=44
Mean performance of ditto rpdp pooled, Perf=0.7209, seed=44
Client 0: avg epsilon = 0.3397
Client 1: avg epsilon = 0.3595
Client 2: avg epsilon = 0.3685
Client 3: avg epsilon = 0.3811
Client 4: avg epsilon = 0.3989
Client 5: avg epsilon = 0.4135
Client 6: avg epsilon = 0.4526
Client 7: avg epsilon = 0.4619
Client 8: avg epsilon = 0.5069
Client 9: avg epsilon = 0.6591
 We run FedAvg with rPDP (BoundedPareto-0) ...
max_epsilon :  10.0  noise_multiplier :  9.736328125
The R-Squared value of the best-fit curve : 0.999749898528281
learning rate =  0.001
sample_rate: (min) 0.03, (max) 0.15, expected_batch_size: 244
sample_rate: (min) 0.03, (max) 0.16, expected_batch_size: 255
sample_rate: (min) 0.03, (max) 0.17, expected_batch_size: 260
sample_rate: (min) 0.03, (max) 0.18, expected_batch_size: 268
sample_rate: (min) 0.03, (max) 0.19, expected_batch_size: 278
sample_rate: (min) 0.03, (max) 0.2, expected_batch_size: 286
sample_rate: (min) 0.03, (max) 0.23, expected_batch_size: 308
sample_rate: (min) 0.03, (max) 0.26, expected_batch_size: 312
sample_rate: (min) 0.03, (max) 0.32, expected_batch_size: 335
sample_rate: (min) 0.03, (max) 1.0, expected_batch_size: 405
initial privacy cost of all clients:  [0, 0, 0, 0, 0, 0, 0, 0, 0, 0]
Round=0
Round=1
Round=2
Round=3
Round=4
Round=5
Round=6
Round=7
Round=8
Round=9
Round=10
Round=11
Round=12
Round=13
Round=14
current privacy cost of all clients:  [0.6956181848134951, 0.8586979810293165, 0.7920872226700502, 0.49184508011579625, 1.0253559632278404, 0.8229428603288331, 0.8584072539901793, 1.0904339703446881, 1.2845695398555657, 6.803447050009791]
Round=14, per client global perf=[0.4833, 0.4799, 0.4627, 0.4598, 0.4765, 0.4755, 0.4593, 0.4471, 0.4701, 0.4495], mean perf=9514/20400 (0.4664%)
Round=14, per client personal perf=[0.7593, 0.7412, 0.748, 0.6436, 0.7456, 0.6917, 0.7147, 0.7044, 0.7142, 0.7397], mean perf=14693/20400 (0.7202%)
Round=14, per client personal pooled=[0.7444, 0.7428, 0.7472, 0.6471, 0.7417, 0.6994, 0.7056, 0.7178, 0.7166, 0.7395], mean perf=146923/204000 (0.7202%)
Mean performance of ditto rpdp global, Perf=0.4679, seed=44
Mean performance of ditto rpdp personal, Perf=0.7138, seed=44
Mean performance of ditto rpdp pooled, Perf=0.7141, seed=44
Client 0: avg epsilon = 0.6596
Client 1: avg epsilon = 0.7436
Client 2: avg epsilon = 0.7337
Client 3: avg epsilon = 0.7408
Client 4: avg epsilon = 0.7746
Client 5: avg epsilon = 0.7742
Client 6: avg epsilon = 0.8604
Client 7: avg epsilon = 0.8056
Client 8: avg epsilon = 0.8420
Client 9: avg epsilon = 0.9381
 We run FedAvg with rPDP (BoundedMixGauss-0) ...
max_epsilon :  10.0  noise_multiplier :  9.736328125
The R-Squared value of the best-fit curve : 0.999749898528281
learning rate =  0.001
sample_rate: (min) 0.03, (max) 0.55, expected_batch_size: 389
sample_rate: (min) 0.03, (max) 0.57, expected_batch_size: 428
sample_rate: (min) 0.03, (max) 0.58, expected_batch_size: 422
sample_rate: (min) 0.03, (max) 0.59, expected_batch_size: 424
sample_rate: (min) 0.03, (max) 0.61, expected_batch_size: 440
sample_rate: (min) 0.03, (max) 0.62, expected_batch_size: 439
sample_rate: (min) 0.03, (max) 0.63, expected_batch_size: 478
sample_rate: (min) 0.03, (max) 0.64, expected_batch_size: 450
sample_rate: (min) 0.03, (max) 0.66, expected_batch_size: 466
sample_rate: (min) 0.03, (max) 0.77, expected_batch_size: 509
initial privacy cost of all clients:  [0, 0, 0, 0, 0, 0, 0, 0, 0, 0]
Round=0
Round=1
Round=2
Round=3
Round=4
Round=5
Round=6
Round=7
Round=8
Round=9
Round=10
Round=11
Round=12
Round=13
Round=14
current privacy cost of all clients:  [3.314321147704087, 4.11317569889657, 3.5970680072111274, 2.1014443369785516, 4.294303908109173, 3.113541806597043, 2.9233139453321044, 3.2838827425077355, 3.100601686150985, 4.77719853540031]
Round=14, per client global perf=[0.4245, 0.4412, 0.4426, 0.4279, 0.4186, 0.4309, 0.4328, 0.4211, 0.4152, 0.4118], mean perf=8704/20400 (0.4267%)
Round=14, per client personal perf=[0.724, 0.7436, 0.7441, 0.6623, 0.7211, 0.7172, 0.7025, 0.7132, 0.7069, 0.7446], mean perf=14646/20400 (0.7179%)
Round=14, per client personal pooled=[0.7217, 0.744, 0.7364, 0.6704, 0.7282, 0.7196, 0.6893, 0.7309, 0.7164, 0.7395], mean perf=146808/204000 (0.7196%)
Mean performance of ditto rpdp global, Perf=0.4136, seed=44
Mean performance of ditto rpdp personal, Perf=0.7138, seed=44
Mean performance of ditto rpdp pooled, Perf=0.7162, seed=44
Finished seed 44
----------------------------------------
Running seed 45
/Users/shegao_t1/DP_Research/Personal_DP_Personal_FL/rpdp_fl/experiments/datasets/fed_fashion_mnist/iid_10

Client 0 label distribution:
[(0, 440), (1, 401), (2, 413), (3, 389), (4, 377), (5, 395), (6, 380), (7, 394), (8, 376), (9, 395)]

Client 1 label distribution:
[(0, 409), (1, 386), (2, 399), (3, 384), (4, 416), (5, 389), (6, 356), (7, 399), (8, 401), (9, 421)]

Client 2 label distribution:
[(0, 379), (1, 430), (2, 396), (3, 386), (4, 376), (5, 379), (6, 429), (7, 401), (8, 392), (9, 392)]

Client 3 label distribution:
[(0, 406), (1, 408), (2, 354), (3, 404), (4, 400), (5, 422), (6, 398), (7, 371), (8, 414), (9, 383)]

Client 4 label distribution:
[(0, 412), (1, 412), (2, 385), (3, 396), (4, 358), (5, 395), (6, 400), (7, 404), (8, 404), (9, 394)]

Client 5 label distribution:
[(0, 408), (1, 412), (2, 381), (3, 384), (4, 390), (5, 393), (6, 391), (7, 420), (8, 403), (9, 378)]

Client 6 label distribution:
[(0, 386), (1, 367), (2, 405), (3, 402), (4, 388), (5, 359), (6, 409), (7, 395), (8, 416), (9, 433)]

Client 7 label distribution:
[(0, 370), (1, 424), (2, 396), (3, 416), (4, 384), (5, 432), (6, 395), (7, 378), (8, 380), (9, 385)]

Client 8 label distribution:
[(0, 372), (1, 411), (2, 428), (3, 388), (4, 419), (5, 379), (6, 409), (7, 394), (8, 365), (9, 395)]

Client 9 label distribution:
[(0, 385), (1, 380), (2, 363), (3, 392), (4, 417), (5, 419), (6, 361), (7, 426), (8, 412), (9, 405)]
Client 0: avg epsilon = 0.7321
Client 1: avg epsilon = 0.8028
Client 2: avg epsilon = 0.7653
Client 3: avg epsilon = 0.7523
Client 4: avg epsilon = 0.7712
Client 5: avg epsilon = 0.7548
Client 6: avg epsilon = 0.8201
Client 7: avg epsilon = 0.7487
Client 8: avg epsilon = 0.7613
Client 9: avg epsilon = 0.7916
 We run FedAvg with rPDP (ThreeLevels-0) ...
max_epsilon :  10.0  noise_multiplier :  9.736328125
The R-Squared value of the best-fit curve : 0.999749898528281
learning rate =  0.001
sample_rate: (min) 0.03, (max) 0.61, expected_batch_size: 416
sample_rate: (min) 0.03, (max) 0.61, expected_batch_size: 451
sample_rate: (min) 0.03, (max) 0.61, expected_batch_size: 433
sample_rate: (min) 0.03, (max) 0.61, expected_batch_size: 426
sample_rate: (min) 0.03, (max) 0.61, expected_batch_size: 436
sample_rate: (min) 0.03, (max) 0.61, expected_batch_size: 429
sample_rate: (min) 0.03, (max) 0.61, expected_batch_size: 459
sample_rate: (min) 0.03, (max) 0.61, expected_batch_size: 424
sample_rate: (min) 0.03, (max) 0.61, expected_batch_size: 430
sample_rate: (min) 0.03, (max) 0.61, expected_batch_size: 446
initial privacy cost of all clients:  [0, 0, 0, 0, 0, 0, 0, 0, 0, 0]
Round=0
Round=1
Round=2
Round=3
Round=4
Round=5
Round=6
Round=7
Round=8
Round=9
Round=10
Round=11
Round=12
Round=13
Round=14
current privacy cost of all clients:  [3.554611437795162, 3.554611437795162, 3.3043856205918876, 2.502378074621252, 3.554611437795162, 4.055063072201711, 3.554611437795162, 2.8039339861853394, 3.8048372549984366, 4.055063072201711]
Round=14, per client global perf=[0.3814, 0.3789, 0.3912, 0.3775, 0.3686, 0.3696, 0.3931, 0.3907, 0.3701, 0.3765], mean perf=7747/20400 (0.3798%)
Round=14, per client personal perf=[0.7353, 0.7191, 0.7132, 0.5966, 0.6809, 0.748, 0.7211, 0.6578, 0.7029, 0.7319], mean perf=14294/20400 (0.7007%)
Round=14, per client personal pooled=[0.7325, 0.7203, 0.7043, 0.6038, 0.6864, 0.7342, 0.7266, 0.6729, 0.7151, 0.7314], mean perf=143362/204000 (0.7028%)
Mean performance of ditto rpdp global, Perf=0.3684, seed=45
Mean performance of ditto rpdp personal, Perf=0.6990, seed=45
Mean performance of ditto rpdp pooled, Perf=0.7004, seed=45
Client 0: avg epsilon = 0.3391
Client 1: avg epsilon = 0.3585
Client 2: avg epsilon = 0.3670
Client 3: avg epsilon = 0.3789
Client 4: avg epsilon = 0.3968
Client 5: avg epsilon = 0.4120
Client 6: avg epsilon = 0.4520
Client 7: avg epsilon = 0.4614
Client 8: avg epsilon = 0.5074
Client 9: avg epsilon = 0.6634
 We run FedAvg with rPDP (BoundedPareto-0) ...
max_epsilon :  10.0  noise_multiplier :  9.736328125
The R-Squared value of the best-fit curve : 0.999749898528281
learning rate =  0.001
sample_rate: (min) 0.03, (max) 0.15, expected_batch_size: 243
sample_rate: (min) 0.03, (max) 0.15, expected_batch_size: 255
sample_rate: (min) 0.03, (max) 0.16, expected_batch_size: 260
sample_rate: (min) 0.03, (max) 0.17, expected_batch_size: 266
sample_rate: (min) 0.03, (max) 0.19, expected_batch_size: 276
sample_rate: (min) 0.03, (max) 0.2, expected_batch_size: 285
sample_rate: (min) 0.03, (max) 0.23, expected_batch_size: 307
sample_rate: (min) 0.03, (max) 0.26, expected_batch_size: 312
sample_rate: (min) 0.03, (max) 0.32, expected_batch_size: 335
sample_rate: (min) 0.03, (max) 1.0, expected_batch_size: 406
initial privacy cost of all clients:  [0, 0, 0, 0, 0, 0, 0, 0, 0, 0]
Round=0
Round=1
Round=2
Round=3
Round=4
Round=5
Round=6
Round=7
Round=8
Round=9
Round=10
Round=11
Round=12
Round=13
Round=14
current privacy cost of all clients:  [0.6446782713231138, 0.6869797459107284, 0.6828144251576426, 0.5524241836734276, 0.8529951475416915, 1.0553478738354543, 1.0807964550615639, 1.0029847329778867, 1.7411477398622146, 7.879532215750026]
Round=14, per client global perf=[0.4946, 0.4961, 0.4755, 0.4676, 0.4711, 0.4711, 0.4716, 0.4632, 0.4804, 0.4657], mean perf=9704/20400 (0.4757%)
Round=14, per client personal perf=[0.7412, 0.7039, 0.7157, 0.6775, 0.6681, 0.7412, 0.7127, 0.6961, 0.7093, 0.7275], mean perf=14470/20400 (0.7093%)
Round=14, per client personal pooled=[0.731, 0.7137, 0.7144, 0.6801, 0.6648, 0.7316, 0.7079, 0.7049, 0.7231, 0.7286], mean perf=144841/204000 (0.7100%)
Mean performance of ditto rpdp global, Perf=0.4609, seed=45
Mean performance of ditto rpdp personal, Perf=0.7133, seed=45
Mean performance of ditto rpdp pooled, Perf=0.7132, seed=45
Client 0: avg epsilon = 0.6771
Client 1: avg epsilon = 0.7478
Client 2: avg epsilon = 0.7367
Client 3: avg epsilon = 0.7432
Client 4: avg epsilon = 0.7763
Client 5: avg epsilon = 0.7758
Client 6: avg epsilon = 0.8616
Client 7: avg epsilon = 0.8076
Client 8: avg epsilon = 0.8438
Client 9: avg epsilon = 0.9693
 We run FedAvg with rPDP (BoundedMixGauss-0) ...
max_epsilon :  10.0  noise_multiplier :  9.736328125
The R-Squared value of the best-fit curve : 0.999749898528281
learning rate =  0.001
sample_rate: (min) 0.03, (max) 0.55, expected_batch_size: 398
sample_rate: (min) 0.03, (max) 0.57, expected_batch_size: 430
sample_rate: (min) 0.03, (max) 0.58, expected_batch_size: 424
sample_rate: (min) 0.03, (max) 0.59, expected_batch_size: 426
sample_rate: (min) 0.03, (max) 0.61, expected_batch_size: 441
sample_rate: (min) 0.03, (max) 0.62, expected_batch_size: 440
sample_rate: (min) 0.03, (max) 0.63, expected_batch_size: 479
sample_rate: (min) 0.03, (max) 0.64, expected_batch_size: 451
sample_rate: (min) 0.03, (max) 0.66, expected_batch_size: 467
sample_rate: (min) 0.03, (max) 0.77, expected_batch_size: 525
initial privacy cost of all clients:  [0, 0, 0, 0, 0, 0, 0, 0, 0, 0]
Round=0
Round=1
Round=2
Round=3
Round=4
Round=5
Round=6
Round=7
Round=8
Round=9
Round=10
Round=11
Round=12
Round=13
Round=14
current privacy cost of all clients:  [3.1303686976401996, 3.273014395857367, 3.14876664896902, 2.435482395405531, 3.5512643434407662, 4.160732732148667, 3.751048935817443, 2.998789123635933, 4.338939443191621, 5.387946020137831]
Round=14, per client global perf=[0.4044, 0.401, 0.4093, 0.3956, 0.3975, 0.4015, 0.4069, 0.4103, 0.3971, 0.3971], mean perf=8202/20400 (0.4021%)
Round=14, per client personal perf=[0.7328, 0.7206, 0.7343, 0.6588, 0.7265, 0.7485, 0.7343, 0.6804, 0.7118, 0.7328], mean perf=14649/20400 (0.7181%)
Round=14, per client personal pooled=[0.7245, 0.7219, 0.7315, 0.6615, 0.7266, 0.7415, 0.7284, 0.6865, 0.7277, 0.7225], mean perf=146319/204000 (0.7173%)
Mean performance of ditto rpdp global, Perf=0.3896, seed=45
Mean performance of ditto rpdp personal, Perf=0.7122, seed=45
Mean performance of ditto rpdp pooled, Perf=0.7112, seed=45
Finished seed 45
----------------------------------------
Running seed 46
/Users/shegao_t1/DP_Research/Personal_DP_Personal_FL/rpdp_fl/experiments/datasets/fed_fashion_mnist/iid_10

Client 0 label distribution:
[(0, 440), (1, 401), (2, 413), (3, 389), (4, 377), (5, 395), (6, 380), (7, 394), (8, 376), (9, 395)]

Client 1 label distribution:
[(0, 409), (1, 386), (2, 399), (3, 384), (4, 416), (5, 389), (6, 356), (7, 399), (8, 401), (9, 421)]

Client 2 label distribution:
[(0, 379), (1, 430), (2, 396), (3, 386), (4, 376), (5, 379), (6, 429), (7, 401), (8, 392), (9, 392)]

Client 3 label distribution:
[(0, 406), (1, 408), (2, 354), (3, 404), (4, 400), (5, 422), (6, 398), (7, 371), (8, 414), (9, 383)]

Client 4 label distribution:
[(0, 412), (1, 412), (2, 385), (3, 396), (4, 358), (5, 395), (6, 400), (7, 404), (8, 404), (9, 394)]

Client 5 label distribution:
[(0, 408), (1, 412), (2, 381), (3, 384), (4, 390), (5, 393), (6, 391), (7, 420), (8, 403), (9, 378)]

Client 6 label distribution:
[(0, 386), (1, 367), (2, 405), (3, 402), (4, 388), (5, 359), (6, 409), (7, 395), (8, 416), (9, 433)]

Client 7 label distribution:
[(0, 370), (1, 424), (2, 396), (3, 416), (4, 384), (5, 432), (6, 395), (7, 378), (8, 380), (9, 385)]

Client 8 label distribution:
[(0, 372), (1, 411), (2, 428), (3, 388), (4, 419), (5, 379), (6, 409), (7, 394), (8, 365), (9, 395)]

Client 9 label distribution:
[(0, 385), (1, 380), (2, 363), (3, 392), (4, 417), (5, 419), (6, 361), (7, 426), (8, 412), (9, 405)]
Client 0: avg epsilon = 0.7321
Client 1: avg epsilon = 0.8028
Client 2: avg epsilon = 0.7653
Client 3: avg epsilon = 0.7523
Client 4: avg epsilon = 0.7712
Client 5: avg epsilon = 0.7548
Client 6: avg epsilon = 0.8201
Client 7: avg epsilon = 0.7487
Client 8: avg epsilon = 0.7613
Client 9: avg epsilon = 0.7916
 We run FedAvg with rPDP (ThreeLevels-0) ...
max_epsilon :  10.0  noise_multiplier :  9.736328125
The R-Squared value of the best-fit curve : 0.999749898528281
learning rate =  0.001
sample_rate: (min) 0.03, (max) 0.61, expected_batch_size: 416
sample_rate: (min) 0.03, (max) 0.61, expected_batch_size: 451
sample_rate: (min) 0.03, (max) 0.61, expected_batch_size: 433
sample_rate: (min) 0.03, (max) 0.61, expected_batch_size: 426
sample_rate: (min) 0.03, (max) 0.61, expected_batch_size: 436
sample_rate: (min) 0.03, (max) 0.61, expected_batch_size: 429
sample_rate: (min) 0.03, (max) 0.61, expected_batch_size: 459
sample_rate: (min) 0.03, (max) 0.61, expected_batch_size: 424
sample_rate: (min) 0.03, (max) 0.61, expected_batch_size: 430
sample_rate: (min) 0.03, (max) 0.61, expected_batch_size: 446
initial privacy cost of all clients:  [0, 0, 0, 0, 0, 0, 0, 0, 0, 0]
Round=0
Round=1
Round=2
Round=3
Round=4
Round=5
Round=6
Round=7
Round=8
Round=9
Round=10
Round=11
Round=12
Round=13
Round=14
current privacy cost of all clients:  [3.3043856205918876, 3.8048372549984366, 3.3043856205918876, 3.554611437795162, 3.3043856205918876, 3.554611437795162, 3.554611437795162, 4.305288889404985, 4.055063072201711, 3.554611437795162]
Round=14, per client global perf=[0.425, 0.4358, 0.4461, 0.4397, 0.425, 0.4186, 0.4451, 0.4279, 0.4137, 0.4255], mean perf=8777/20400 (0.4302%)
Round=14, per client personal perf=[0.726, 0.724, 0.7373, 0.7221, 0.7142, 0.6931, 0.7338, 0.7113, 0.7363, 0.725], mean perf=14735/20400 (0.7223%)
Round=14, per client personal pooled=[0.7238, 0.7233, 0.7284, 0.721, 0.7174, 0.7066, 0.7244, 0.7306, 0.7416, 0.7238], mean perf=147713/204000 (0.7241%)
Mean performance of ditto rpdp global, Perf=0.4016, seed=46
Mean performance of ditto rpdp personal, Perf=0.7155, seed=46
Mean performance of ditto rpdp pooled, Perf=0.7171, seed=46
Client 0: avg epsilon = 0.3369
Client 1: avg epsilon = 0.3564
Client 2: avg epsilon = 0.3647
Client 3: avg epsilon = 0.3771
Client 4: avg epsilon = 0.3950
Client 5: avg epsilon = 0.4102
Client 6: avg epsilon = 0.4493
Client 7: avg epsilon = 0.4578
Client 8: avg epsilon = 0.5068
Client 9: avg epsilon = 0.6623
 We run FedAvg with rPDP (BoundedPareto-0) ...
max_epsilon :  10.0  noise_multiplier :  9.736328125
The R-Squared value of the best-fit curve : 0.999749898528281
learning rate =  0.001
sample_rate: (min) 0.03, (max) 0.15, expected_batch_size: 242
sample_rate: (min) 0.03, (max) 0.15, expected_batch_size: 253
sample_rate: (min) 0.03, (max) 0.16, expected_batch_size: 258
sample_rate: (min) 0.03, (max) 0.17, expected_batch_size: 265
sample_rate: (min) 0.03, (max) 0.19, expected_batch_size: 275
sample_rate: (min) 0.03, (max) 0.2, expected_batch_size: 284
sample_rate: (min) 0.03, (max) 0.23, expected_batch_size: 306
sample_rate: (min) 0.03, (max) 0.26, expected_batch_size: 310
sample_rate: (min) 0.03, (max) 0.33, expected_batch_size: 335
sample_rate: (min) 0.03, (max) 1.0, expected_batch_size: 406
initial privacy cost of all clients:  [0, 0, 0, 0, 0, 0, 0, 0, 0, 0]
Round=0
Round=1
Round=2
Round=3
Round=4
Round=5
Round=6
Round=7
Round=8
Round=9
Round=10
Round=11
Round=12
Round=13
Round=14
current privacy cost of all clients:  [0.603393240280749, 0.7302215730766968, 0.6845734763795118, 0.7897711915359866, 0.8041123821298981, 0.944253869278017, 1.0752883525774077, 1.4881491113413472, 1.868073554067909, 6.803447050009791]
Round=14, per client global perf=[0.4809, 0.4819, 0.4485, 0.4505, 0.4471, 0.4569, 0.4667, 0.4505, 0.4623, 0.4417], mean perf=9357/20400 (0.4587%)
Round=14, per client personal perf=[0.7221, 0.7206, 0.699, 0.7098, 0.727, 0.7196, 0.7363, 0.726, 0.7181, 0.7304], mean perf=14706/20400 (0.7209%)
Round=14, per client personal pooled=[0.7109, 0.7273, 0.6932, 0.714, 0.728, 0.7114, 0.728, 0.742, 0.7321, 0.7189], mean perf=146998/204000 (0.7206%)
Mean performance of ditto rpdp global, Perf=0.4356, seed=46
Mean performance of ditto rpdp personal, Perf=0.7217, seed=46
Mean performance of ditto rpdp pooled, Perf=0.7197, seed=46
Client 0: avg epsilon = 0.5684
Client 1: avg epsilon = 0.7372
Client 2: avg epsilon = 0.7303
Client 3: avg epsilon = 0.7379
Client 4: avg epsilon = 0.7720
Client 5: avg epsilon = 0.7724
Client 6: avg epsilon = 0.8590
Client 7: avg epsilon = 0.8046
Client 8: avg epsilon = 0.8413
Client 9: avg epsilon = 0.9202
 We run FedAvg with rPDP (BoundedMixGauss-0) ...
max_epsilon :  10.0  noise_multiplier :  9.736328125
The R-Squared value of the best-fit curve : 0.999749898528281
learning rate =  0.001
sample_rate: (min) 0.03, (max) 0.54, expected_batch_size: 347
sample_rate: (min) 0.03, (max) 0.56, expected_batch_size: 426
sample_rate: (min) 0.03, (max) 0.58, expected_batch_size: 421
sample_rate: (min) 0.03, (max) 0.59, expected_batch_size: 423
sample_rate: (min) 0.03, (max) 0.61, expected_batch_size: 439
sample_rate: (min) 0.03, (max) 0.62, expected_batch_size: 438
sample_rate: (min) 0.03, (max) 0.63, expected_batch_size: 477
sample_rate: (min) 0.03, (max) 0.64, expected_batch_size: 450
sample_rate: (min) 0.03, (max) 0.66, expected_batch_size: 465
sample_rate: (min) 0.03, (max) 0.75, expected_batch_size: 500
initial privacy cost of all clients:  [0, 0, 0, 0, 0, 0, 0, 0, 0, 0]
Round=0
Round=1
Round=2
Round=3
Round=4
Round=5
Round=6
Round=7
Round=8
Round=9
Round=10
Round=11
Round=12
Round=13
Round=14
current privacy cost of all clients:  [2.8716623846409273, 3.4526894915442936, 3.1236595094331006, 3.4455893398743624, 3.293201504148378, 3.632267001884864, 3.751696849229588, 4.607641205581554, 4.553096928444682, 4.699892211236226]
Round=14, per client global perf=[0.3946, 0.4127, 0.3907, 0.3902, 0.3922, 0.3843, 0.4044, 0.3828, 0.3897, 0.3833], mean perf=8007/20400 (0.3925%)
Round=14, per client personal perf=[0.7162, 0.7201, 0.7348, 0.7172, 0.7118, 0.7108, 0.7338, 0.7147, 0.7005, 0.7377], mean perf=14683/20400 (0.7198%)
Round=14, per client personal pooled=[0.7068, 0.733, 0.7288, 0.7179, 0.7139, 0.7203, 0.7255, 0.7252, 0.7105, 0.7279], mean perf=147080/204000 (0.7210%)
Mean performance of ditto rpdp global, Perf=0.3634, seed=46
Mean performance of ditto rpdp personal, Perf=0.7189, seed=46
Mean performance of ditto rpdp pooled, Perf=0.7194, seed=46
Finished seed 46
----------------------------------------
=== Running reg_param=1.0, num_steps=15 ===
Running seed 42
/Users/shegao_t1/DP_Research/Personal_DP_Personal_FL/rpdp_fl/experiments/datasets/fed_fashion_mnist/iid_10

Client 0 label distribution:
[(0, 440), (1, 401), (2, 413), (3, 389), (4, 377), (5, 395), (6, 380), (7, 394), (8, 376), (9, 395)]

Client 1 label distribution:
[(0, 409), (1, 386), (2, 399), (3, 384), (4, 416), (5, 389), (6, 356), (7, 399), (8, 401), (9, 421)]

Client 2 label distribution:
[(0, 379), (1, 430), (2, 396), (3, 386), (4, 376), (5, 379), (6, 429), (7, 401), (8, 392), (9, 392)]

Client 3 label distribution:
[(0, 406), (1, 408), (2, 354), (3, 404), (4, 400), (5, 422), (6, 398), (7, 371), (8, 414), (9, 383)]

Client 4 label distribution:
[(0, 412), (1, 412), (2, 385), (3, 396), (4, 358), (5, 395), (6, 400), (7, 404), (8, 404), (9, 394)]

Client 5 label distribution:
[(0, 408), (1, 412), (2, 381), (3, 384), (4, 390), (5, 393), (6, 391), (7, 420), (8, 403), (9, 378)]

Client 6 label distribution:
[(0, 386), (1, 367), (2, 405), (3, 402), (4, 388), (5, 359), (6, 409), (7, 395), (8, 416), (9, 433)]

Client 7 label distribution:
[(0, 370), (1, 424), (2, 396), (3, 416), (4, 384), (5, 432), (6, 395), (7, 378), (8, 380), (9, 385)]

Client 8 label distribution:
[(0, 372), (1, 411), (2, 428), (3, 388), (4, 419), (5, 379), (6, 409), (7, 394), (8, 365), (9, 395)]

Client 9 label distribution:
[(0, 385), (1, 380), (2, 363), (3, 392), (4, 417), (5, 419), (6, 361), (7, 426), (8, 412), (9, 405)]
Client 0: avg epsilon = 0.7321
Client 1: avg epsilon = 0.8028
Client 2: avg epsilon = 0.7653
Client 3: avg epsilon = 0.7523
Client 4: avg epsilon = 0.7712
Client 5: avg epsilon = 0.7548
Client 6: avg epsilon = 0.8201
Client 7: avg epsilon = 0.7487
Client 8: avg epsilon = 0.7613
Client 9: avg epsilon = 0.7916
 We run FedAvg with rPDP (ThreeLevels-0) ...
max_epsilon :  10.0  noise_multiplier :  9.736328125
The R-Squared value of the best-fit curve : 0.999749898528281
learning rate =  0.001
sample_rate: (min) 0.03, (max) 0.61, expected_batch_size: 416
sample_rate: (min) 0.03, (max) 0.61, expected_batch_size: 451
sample_rate: (min) 0.03, (max) 0.61, expected_batch_size: 433
sample_rate: (min) 0.03, (max) 0.61, expected_batch_size: 426
sample_rate: (min) 0.03, (max) 0.61, expected_batch_size: 436
sample_rate: (min) 0.03, (max) 0.61, expected_batch_size: 429
sample_rate: (min) 0.03, (max) 0.61, expected_batch_size: 459
sample_rate: (min) 0.03, (max) 0.61, expected_batch_size: 424
sample_rate: (min) 0.03, (max) 0.61, expected_batch_size: 430
sample_rate: (min) 0.03, (max) 0.61, expected_batch_size: 446
initial privacy cost of all clients:  [0, 0, 0, 0, 0, 0, 0, 0, 0, 0]
Round=0
Round=1
Round=2
Round=3
Round=4
Round=5
Round=6
Round=7
Round=8
Round=9
Round=10
Round=11
Round=12
Round=13
Round=14
current privacy cost of all clients:  [3.554611437795162, 3.554611437795162, 2.8039339861853394, 3.3043856205918876, 3.8048372549984366, 3.554611437795162, 3.8048372549984366, 4.055063072201711, 4.305288889404985, 3.0541598033886133]
Round=14, per client global perf=[0.3784, 0.3784, 0.3784, 0.3706, 0.3623, 0.3765, 0.3843, 0.3691, 0.3608, 0.3706], mean perf=7608/20400 (0.3729%)
Round=14, per client personal perf=[0.676, 0.6368, 0.5853, 0.6436, 0.6495, 0.6593, 0.6029, 0.6299, 0.6578, 0.6304], mean perf=12998/20400 (0.6372%)
Round=14, per client personal pooled=[0.6707, 0.6329, 0.571, 0.6301, 0.6531, 0.6533, 0.5879, 0.636, 0.6711, 0.6334], mean perf=129331/204000 (0.6340%)
Mean performance of ditto rpdp global, Perf=0.3557, seed=42
Mean performance of ditto rpdp personal, Perf=0.6294, seed=42
Mean performance of ditto rpdp pooled, Perf=0.6273, seed=42
Client 0: avg epsilon = 0.3382
Client 1: avg epsilon = 0.3575
Client 2: avg epsilon = 0.3662
Client 3: avg epsilon = 0.3782
Client 4: avg epsilon = 0.3958
Client 5: avg epsilon = 0.4104
Client 6: avg epsilon = 0.4500
Client 7: avg epsilon = 0.4586
Client 8: avg epsilon = 0.5046
Client 9: avg epsilon = 0.6557
 We run FedAvg with rPDP (BoundedPareto-0) ...
max_epsilon :  10.0  noise_multiplier :  9.736328125
The R-Squared value of the best-fit curve : 0.999749898528281
learning rate =  0.001
sample_rate: (min) 0.03, (max) 0.15, expected_batch_size: 243
sample_rate: (min) 0.03, (max) 0.16, expected_batch_size: 254
sample_rate: (min) 0.03, (max) 0.16, expected_batch_size: 259
sample_rate: (min) 0.03, (max) 0.17, expected_batch_size: 266
sample_rate: (min) 0.03, (max) 0.19, expected_batch_size: 276
sample_rate: (min) 0.03, (max) 0.2, expected_batch_size: 284
sample_rate: (min) 0.03, (max) 0.23, expected_batch_size: 306
sample_rate: (min) 0.03, (max) 0.26, expected_batch_size: 310
sample_rate: (min) 0.03, (max) 0.32, expected_batch_size: 334
sample_rate: (min) 0.03, (max) 0.98, expected_batch_size: 404
initial privacy cost of all clients:  [0, 0, 0, 0, 0, 0, 0, 0, 0, 0]
Round=0
Round=1
Round=2
Round=3
Round=4
Round=5
Round=6
Round=7
Round=8
Round=9
Round=10
Round=11
Round=12
Round=13
Round=14
current privacy cost of all clients:  [0.6467664365012017, 0.6889795199005952, 0.5819917504517842, 0.7354479782632062, 0.9099519022060186, 0.9374383049887219, 1.1378477898081383, 1.4071502808945435, 1.9162462442557835, 5.563993025730616]
Round=14, per client global perf=[0.4696, 0.4765, 0.4618, 0.4544, 0.4819, 0.4775, 0.451, 0.4436, 0.4691, 0.4534], mean perf=9463/20400 (0.4639%)
Round=14, per client personal perf=[0.6569, 0.6127, 0.6456, 0.6338, 0.6353, 0.6319, 0.6451, 0.6029, 0.6456, 0.6275], mean perf=12928/20400 (0.6337%)
Round=14, per client personal pooled=[0.6419, 0.615, 0.634, 0.636, 0.6325, 0.6329, 0.6322, 0.6309, 0.6465, 0.6366], mean perf=129304/204000 (0.6338%)
Mean performance of ditto rpdp global, Perf=0.4603, seed=42
Mean performance of ditto rpdp personal, Perf=0.6363, seed=42
Mean performance of ditto rpdp pooled, Perf=0.6364, seed=42
Client 0: avg epsilon = 0.5773
Client 1: avg epsilon = 0.7382
Client 2: avg epsilon = 0.7303
Client 3: avg epsilon = 0.7377
Client 4: avg epsilon = 0.7720
Client 5: avg epsilon = 0.7721
Client 6: avg epsilon = 0.8576
Client 7: avg epsilon = 0.8031
Client 8: avg epsilon = 0.8387
Client 9: avg epsilon = 0.9170
 We run FedAvg with rPDP (BoundedMixGauss-0) ...
max_epsilon :  10.0  noise_multiplier :  9.736328125
The R-Squared value of the best-fit curve : 0.999749898528281
learning rate =  0.001
sample_rate: (min) 0.03, (max) 0.54, expected_batch_size: 351
sample_rate: (min) 0.03, (max) 0.56, expected_batch_size: 426
sample_rate: (min) 0.03, (max) 0.58, expected_batch_size: 421
sample_rate: (min) 0.03, (max) 0.59, expected_batch_size: 423
sample_rate: (min) 0.03, (max) 0.6, expected_batch_size: 439
sample_rate: (min) 0.03, (max) 0.62, expected_batch_size: 438
sample_rate: (min) 0.03, (max) 0.63, expected_batch_size: 477
sample_rate: (min) 0.03, (max) 0.64, expected_batch_size: 449
sample_rate: (min) 0.03, (max) 0.66, expected_batch_size: 464
sample_rate: (min) 0.03, (max) 0.79, expected_batch_size: 499
initial privacy cost of all clients:  [0, 0, 0, 0, 0, 0, 0, 0, 0, 0]
Round=0
Round=1
Round=2
Round=3
Round=4
Round=5
Round=6
Round=7
Round=8
Round=9
Round=10
Round=11
Round=12
Round=13
Round=14
current privacy cost of all clients:  [3.0735546899729185, 3.237072489998286, 2.667560670719878, 3.207562825149566, 3.7815497439723202, 3.62496560238358, 4.009915797708055, 4.401561805859411, 4.732536262830204, 4.36666609846329]
Round=14, per client global perf=[0.4034, 0.4005, 0.4034, 0.3917, 0.3902, 0.4044, 0.4015, 0.4005, 0.3902, 0.3912], mean perf=8113/20400 (0.3977%)
Round=14, per client personal perf=[0.6696, 0.6083, 0.6637, 0.6216, 0.6642, 0.6181, 0.652, 0.6245, 0.5917, 0.6113], mean perf=12903/20400 (0.6325%)
Round=14, per client personal pooled=[0.6626, 0.598, 0.6557, 0.6223, 0.6609, 0.623, 0.6492, 0.6429, 0.6037, 0.6075], mean perf=129049/204000 (0.6326%)
Mean performance of ditto rpdp global, Perf=0.3779, seed=42
Mean performance of ditto rpdp personal, Perf=0.6302, seed=42
Mean performance of ditto rpdp pooled, Perf=0.6293, seed=42
Finished seed 42
----------------------------------------
Running seed 43
/Users/shegao_t1/DP_Research/Personal_DP_Personal_FL/rpdp_fl/experiments/datasets/fed_fashion_mnist/iid_10

Client 0 label distribution:
[(0, 440), (1, 401), (2, 413), (3, 389), (4, 377), (5, 395), (6, 380), (7, 394), (8, 376), (9, 395)]

Client 1 label distribution:
[(0, 409), (1, 386), (2, 399), (3, 384), (4, 416), (5, 389), (6, 356), (7, 399), (8, 401), (9, 421)]

Client 2 label distribution:
[(0, 379), (1, 430), (2, 396), (3, 386), (4, 376), (5, 379), (6, 429), (7, 401), (8, 392), (9, 392)]

Client 3 label distribution:
[(0, 406), (1, 408), (2, 354), (3, 404), (4, 400), (5, 422), (6, 398), (7, 371), (8, 414), (9, 383)]

Client 4 label distribution:
[(0, 412), (1, 412), (2, 385), (3, 396), (4, 358), (5, 395), (6, 400), (7, 404), (8, 404), (9, 394)]

Client 5 label distribution:
[(0, 408), (1, 412), (2, 381), (3, 384), (4, 390), (5, 393), (6, 391), (7, 420), (8, 403), (9, 378)]

Client 6 label distribution:
[(0, 386), (1, 367), (2, 405), (3, 402), (4, 388), (5, 359), (6, 409), (7, 395), (8, 416), (9, 433)]

Client 7 label distribution:
[(0, 370), (1, 424), (2, 396), (3, 416), (4, 384), (5, 432), (6, 395), (7, 378), (8, 380), (9, 385)]

Client 8 label distribution:
[(0, 372), (1, 411), (2, 428), (3, 388), (4, 419), (5, 379), (6, 409), (7, 394), (8, 365), (9, 395)]

Client 9 label distribution:
[(0, 385), (1, 380), (2, 363), (3, 392), (4, 417), (5, 419), (6, 361), (7, 426), (8, 412), (9, 405)]
Client 0: avg epsilon = 0.7321
Client 1: avg epsilon = 0.8028
Client 2: avg epsilon = 0.7653
Client 3: avg epsilon = 0.7523
Client 4: avg epsilon = 0.7712
Client 5: avg epsilon = 0.7548
Client 6: avg epsilon = 0.8201
Client 7: avg epsilon = 0.7487
Client 8: avg epsilon = 0.7613
Client 9: avg epsilon = 0.7916
 We run FedAvg with rPDP (ThreeLevels-0) ...
max_epsilon :  10.0  noise_multiplier :  9.736328125
The R-Squared value of the best-fit curve : 0.999749898528281
learning rate =  0.001
sample_rate: (min) 0.03, (max) 0.61, expected_batch_size: 416
sample_rate: (min) 0.03, (max) 0.61, expected_batch_size: 451
sample_rate: (min) 0.03, (max) 0.61, expected_batch_size: 433
sample_rate: (min) 0.03, (max) 0.61, expected_batch_size: 426
sample_rate: (min) 0.03, (max) 0.61, expected_batch_size: 436
sample_rate: (min) 0.03, (max) 0.61, expected_batch_size: 429
sample_rate: (min) 0.03, (max) 0.61, expected_batch_size: 459
sample_rate: (min) 0.03, (max) 0.61, expected_batch_size: 424
sample_rate: (min) 0.03, (max) 0.61, expected_batch_size: 430
sample_rate: (min) 0.03, (max) 0.61, expected_batch_size: 446
initial privacy cost of all clients:  [0, 0, 0, 0, 0, 0, 0, 0, 0, 0]
Round=0
Round=1
Round=2
Round=3
Round=4
Round=5
Round=6
Round=7
Round=8
Round=9
Round=10
Round=11
Round=12
Round=13
Round=14
current privacy cost of all clients:  [3.8048372549984366, 3.554611437795162, 3.3043856205918876, 3.8048372549984366, 2.8039339861853394, 3.554611437795162, 3.0541598033886133, 2.1521425035466386, 3.0541598033886133, 4.055063072201711]
Round=14, per client global perf=[0.3265, 0.3392, 0.3373, 0.3118, 0.3328, 0.3191, 0.3152, 0.3167, 0.327, 0.3093], mean perf=6599/20400 (0.3235%)
Round=14, per client personal perf=[0.6515, 0.6549, 0.6343, 0.6304, 0.6049, 0.6221, 0.649, 0.524, 0.6275, 0.6299], mean perf=12706/20400 (0.6228%)
Round=14, per client personal pooled=[0.6418, 0.6469, 0.6212, 0.6285, 0.6054, 0.6188, 0.6438, 0.5272, 0.6368, 0.6263], mean perf=126413/204000 (0.6197%)
Mean performance of ditto rpdp global, Perf=0.3019, seed=43
Mean performance of ditto rpdp personal, Perf=0.6008, seed=43
Mean performance of ditto rpdp pooled, Perf=0.5999, seed=43
Client 0: avg epsilon = 0.3406
Client 1: avg epsilon = 0.3602
Client 2: avg epsilon = 0.3687
Client 3: avg epsilon = 0.3807
Client 4: avg epsilon = 0.3983
Client 5: avg epsilon = 0.4134
Client 6: avg epsilon = 0.4529
Client 7: avg epsilon = 0.4625
Client 8: avg epsilon = 0.5088
Client 9: avg epsilon = 0.6730
 We run FedAvg with rPDP (BoundedPareto-0) ...
max_epsilon :  10.0  noise_multiplier :  9.736328125
The R-Squared value of the best-fit curve : 0.999749898528281
learning rate =  0.001
sample_rate: (min) 0.03, (max) 0.15, expected_batch_size: 244
sample_rate: (min) 0.03, (max) 0.16, expected_batch_size: 256
sample_rate: (min) 0.03, (max) 0.16, expected_batch_size: 261
sample_rate: (min) 0.03, (max) 0.17, expected_batch_size: 267
sample_rate: (min) 0.03, (max) 0.19, expected_batch_size: 277
sample_rate: (min) 0.03, (max) 0.2, expected_batch_size: 286
sample_rate: (min) 0.03, (max) 0.23, expected_batch_size: 308
sample_rate: (min) 0.03, (max) 0.26, expected_batch_size: 312
sample_rate: (min) 0.03, (max) 0.32, expected_batch_size: 336
sample_rate: (min) 0.03, (max) 1.0, expected_batch_size: 411
initial privacy cost of all clients:  [0, 0, 0, 0, 0, 0, 0, 0, 0, 0]
Round=0
Round=1
Round=2
Round=3
Round=4
Round=5
Round=6
Round=7
Round=8
Round=9
Round=10
Round=11
Round=12
Round=13
Round=14
current privacy cost of all clients:  [0.6912080021294884, 0.6922715660946682, 0.6887499487830259, 0.8392871193922, 0.6779143911733407, 0.943863253983929, 0.9339118605253581, 0.7839880583951899, 1.4193560713768727, 7.879532215750026]
Round=14, per client global perf=[0.4667, 0.4608, 0.4539, 0.452, 0.4632, 0.4559, 0.4534, 0.4373, 0.4686, 0.4387], mean perf=9283/20400 (0.4550%)
Round=14, per client personal perf=[0.6475, 0.6412, 0.6137, 0.6304, 0.6294, 0.5995, 0.6397, 0.5456, 0.575, 0.6525], mean perf=12596/20400 (0.6175%)
Round=14, per client personal pooled=[0.6385, 0.6422, 0.6201, 0.6289, 0.6215, 0.5926, 0.6372, 0.5422, 0.5743, 0.6436], mean perf=125281/204000 (0.6141%)
Mean performance of ditto rpdp global, Perf=0.4372, seed=43
Mean performance of ditto rpdp personal, Perf=0.6027, seed=43
Mean performance of ditto rpdp pooled, Perf=0.6013, seed=43
Client 0: avg epsilon = 0.6749
Client 1: avg epsilon = 0.7469
Client 2: avg epsilon = 0.7363
Client 3: avg epsilon = 0.7424
Client 4: avg epsilon = 0.7757
Client 5: avg epsilon = 0.7753
Client 6: avg epsilon = 0.8609
Client 7: avg epsilon = 0.8068
Client 8: avg epsilon = 0.8441
Client 9: avg epsilon = 0.9619
 We run FedAvg with rPDP (BoundedMixGauss-0) ...
max_epsilon :  10.0  noise_multiplier :  9.736328125
The R-Squared value of the best-fit curve : 0.999749898528281
learning rate =  0.001
sample_rate: (min) 0.03, (max) 0.55, expected_batch_size: 397
sample_rate: (min) 0.03, (max) 0.57, expected_batch_size: 430
sample_rate: (min) 0.03, (max) 0.58, expected_batch_size: 424
sample_rate: (min) 0.03, (max) 0.59, expected_batch_size: 425
sample_rate: (min) 0.03, (max) 0.61, expected_batch_size: 441
sample_rate: (min) 0.03, (max) 0.62, expected_batch_size: 440
sample_rate: (min) 0.03, (max) 0.63, expected_batch_size: 479
sample_rate: (min) 0.03, (max) 0.64, expected_batch_size: 451
sample_rate: (min) 0.03, (max) 0.66, expected_batch_size: 467
sample_rate: (min) 0.03, (max) 0.75, expected_batch_size: 522
initial privacy cost of all clients:  [0, 0, 0, 0, 0, 0, 0, 0, 0, 0]
Round=0
Round=1
Round=2
Round=3
Round=4
Round=5
Round=6
Round=7
Round=8
Round=9
Round=10
Round=11
Round=12
Round=13
Round=14
current privacy cost of all clients:  [3.322962263347714, 3.269517435508484, 3.1424226947690475, 3.7003063073066293, 2.796613174593184, 3.6290197804600797, 3.194362008496409, 2.3144651764121855, 3.4110642511128604, 5.239405359423475]
Round=14, per client global perf=[0.351, 0.3588, 0.3603, 0.3348, 0.3461, 0.3397, 0.3343, 0.3328, 0.35, 0.3294], mean perf=7012/20400 (0.3437%)
Round=14, per client personal perf=[0.6505, 0.6554, 0.6377, 0.649, 0.6255, 0.6422, 0.6265, 0.5338, 0.6373, 0.6314], mean perf=12830/20400 (0.6289%)
Round=14, per client personal pooled=[0.6524, 0.6444, 0.6304, 0.6454, 0.616, 0.6356, 0.6267, 0.5342, 0.6432, 0.6248], mean perf=127565/204000 (0.6253%)
Mean performance of ditto rpdp global, Perf=0.3220, seed=43
Mean performance of ditto rpdp personal, Perf=0.6116, seed=43
Mean performance of ditto rpdp pooled, Perf=0.6107, seed=43
Finished seed 43
----------------------------------------
Running seed 44
/Users/shegao_t1/DP_Research/Personal_DP_Personal_FL/rpdp_fl/experiments/datasets/fed_fashion_mnist/iid_10

Client 0 label distribution:
[(0, 440), (1, 401), (2, 413), (3, 389), (4, 377), (5, 395), (6, 380), (7, 394), (8, 376), (9, 395)]

Client 1 label distribution:
[(0, 409), (1, 386), (2, 399), (3, 384), (4, 416), (5, 389), (6, 356), (7, 399), (8, 401), (9, 421)]

Client 2 label distribution:
[(0, 379), (1, 430), (2, 396), (3, 386), (4, 376), (5, 379), (6, 429), (7, 401), (8, 392), (9, 392)]

Client 3 label distribution:
[(0, 406), (1, 408), (2, 354), (3, 404), (4, 400), (5, 422), (6, 398), (7, 371), (8, 414), (9, 383)]

Client 4 label distribution:
[(0, 412), (1, 412), (2, 385), (3, 396), (4, 358), (5, 395), (6, 400), (7, 404), (8, 404), (9, 394)]

Client 5 label distribution:
[(0, 408), (1, 412), (2, 381), (3, 384), (4, 390), (5, 393), (6, 391), (7, 420), (8, 403), (9, 378)]

Client 6 label distribution:
[(0, 386), (1, 367), (2, 405), (3, 402), (4, 388), (5, 359), (6, 409), (7, 395), (8, 416), (9, 433)]

Client 7 label distribution:
[(0, 370), (1, 424), (2, 396), (3, 416), (4, 384), (5, 432), (6, 395), (7, 378), (8, 380), (9, 385)]

Client 8 label distribution:
[(0, 372), (1, 411), (2, 428), (3, 388), (4, 419), (5, 379), (6, 409), (7, 394), (8, 365), (9, 395)]

Client 9 label distribution:
[(0, 385), (1, 380), (2, 363), (3, 392), (4, 417), (5, 419), (6, 361), (7, 426), (8, 412), (9, 405)]
Client 0: avg epsilon = 0.7321
Client 1: avg epsilon = 0.8028
Client 2: avg epsilon = 0.7653
Client 3: avg epsilon = 0.7523
Client 4: avg epsilon = 0.7712
Client 5: avg epsilon = 0.7548
Client 6: avg epsilon = 0.8201
Client 7: avg epsilon = 0.7487
Client 8: avg epsilon = 0.7613
Client 9: avg epsilon = 0.7916
 We run FedAvg with rPDP (ThreeLevels-0) ...
max_epsilon :  10.0  noise_multiplier :  9.736328125
The R-Squared value of the best-fit curve : 0.999749898528281
learning rate =  0.001
sample_rate: (min) 0.03, (max) 0.61, expected_batch_size: 416
sample_rate: (min) 0.03, (max) 0.61, expected_batch_size: 451
sample_rate: (min) 0.03, (max) 0.61, expected_batch_size: 433
sample_rate: (min) 0.03, (max) 0.61, expected_batch_size: 426
sample_rate: (min) 0.03, (max) 0.61, expected_batch_size: 436
sample_rate: (min) 0.03, (max) 0.61, expected_batch_size: 429
sample_rate: (min) 0.03, (max) 0.61, expected_batch_size: 459
sample_rate: (min) 0.03, (max) 0.61, expected_batch_size: 424
sample_rate: (min) 0.03, (max) 0.61, expected_batch_size: 430
sample_rate: (min) 0.03, (max) 0.61, expected_batch_size: 446
initial privacy cost of all clients:  [0, 0, 0, 0, 0, 0, 0, 0, 0, 0]
Round=0
Round=1
Round=2
Round=3
Round=4
Round=5
Round=6
Round=7
Round=8
Round=9
Round=10
Round=11
Round=12
Round=13
Round=14
current privacy cost of all clients:  [3.8048372549984366, 4.510367153745826, 3.8048372549984366, 2.1521425035466386, 4.305288889404985, 3.0541598033886133, 2.8039339861853394, 3.0541598033886133, 2.8039339861853394, 3.554611437795162]
Round=14, per client global perf=[0.4279, 0.4363, 0.4397, 0.427, 0.4225, 0.4319, 0.4426, 0.4328, 0.4176, 0.4289], mean perf=8787/20400 (0.4307%)
Round=14, per client personal perf=[0.625, 0.599, 0.6127, 0.5529, 0.6583, 0.6083, 0.6627, 0.5956, 0.5691, 0.6613], mean perf=12536/20400 (0.6145%)
Round=14, per client personal pooled=[0.6165, 0.5941, 0.6079, 0.5634, 0.6533, 0.6116, 0.6523, 0.6077, 0.5685, 0.6584], mean perf=125127/204000 (0.6134%)
Mean performance of ditto rpdp global, Perf=0.4103, seed=44
Mean performance of ditto rpdp personal, Perf=0.6124, seed=44
Mean performance of ditto rpdp pooled, Perf=0.6138, seed=44
Client 0: avg epsilon = 0.3397
Client 1: avg epsilon = 0.3595
Client 2: avg epsilon = 0.3685
Client 3: avg epsilon = 0.3811
Client 4: avg epsilon = 0.3989
Client 5: avg epsilon = 0.4135
Client 6: avg epsilon = 0.4526
Client 7: avg epsilon = 0.4619
Client 8: avg epsilon = 0.5069
Client 9: avg epsilon = 0.6591
 We run FedAvg with rPDP (BoundedPareto-0) ...
max_epsilon :  10.0  noise_multiplier :  9.736328125
The R-Squared value of the best-fit curve : 0.999749898528281
learning rate =  0.001
sample_rate: (min) 0.03, (max) 0.15, expected_batch_size: 244
sample_rate: (min) 0.03, (max) 0.16, expected_batch_size: 255
sample_rate: (min) 0.03, (max) 0.17, expected_batch_size: 260
sample_rate: (min) 0.03, (max) 0.18, expected_batch_size: 268
sample_rate: (min) 0.03, (max) 0.19, expected_batch_size: 278
sample_rate: (min) 0.03, (max) 0.2, expected_batch_size: 286
sample_rate: (min) 0.03, (max) 0.23, expected_batch_size: 308
sample_rate: (min) 0.03, (max) 0.26, expected_batch_size: 312
sample_rate: (min) 0.03, (max) 0.32, expected_batch_size: 335
sample_rate: (min) 0.03, (max) 1.0, expected_batch_size: 405
initial privacy cost of all clients:  [0, 0, 0, 0, 0, 0, 0, 0, 0, 0]
Round=0
Round=1
Round=2
Round=3
Round=4
Round=5
Round=6
Round=7
Round=8
Round=9
Round=10
Round=11
Round=12
Round=13
Round=14
current privacy cost of all clients:  [0.6956181848134951, 0.8586979810293165, 0.7920872226700502, 0.49184508011579625, 1.0253559632278404, 0.8229428603288331, 0.8584072539901793, 1.0904339703446881, 1.2845695398555657, 6.803447050009791]
Round=14, per client global perf=[0.4833, 0.4799, 0.4627, 0.4598, 0.4765, 0.4755, 0.4593, 0.4471, 0.4701, 0.4495], mean perf=9514/20400 (0.4664%)
Round=14, per client personal perf=[0.6667, 0.6647, 0.6696, 0.5956, 0.6495, 0.6284, 0.6074, 0.5525, 0.626, 0.6343], mean perf=12841/20400 (0.6295%)
Round=14, per client personal pooled=[0.6461, 0.6603, 0.6669, 0.6014, 0.6423, 0.6362, 0.5965, 0.5669, 0.6338, 0.6432], mean perf=128387/204000 (0.6293%)
Mean performance of ditto rpdp global, Perf=0.4679, seed=44
Mean performance of ditto rpdp personal, Perf=0.6208, seed=44
Mean performance of ditto rpdp pooled, Perf=0.6217, seed=44
Client 0: avg epsilon = 0.6596
Client 1: avg epsilon = 0.7436
Client 2: avg epsilon = 0.7337
Client 3: avg epsilon = 0.7408
Client 4: avg epsilon = 0.7746
Client 5: avg epsilon = 0.7742
Client 6: avg epsilon = 0.8604
Client 7: avg epsilon = 0.8056
Client 8: avg epsilon = 0.8420
Client 9: avg epsilon = 0.9381
 We run FedAvg with rPDP (BoundedMixGauss-0) ...
max_epsilon :  10.0  noise_multiplier :  9.736328125
The R-Squared value of the best-fit curve : 0.999749898528281
learning rate =  0.001
sample_rate: (min) 0.03, (max) 0.55, expected_batch_size: 389
sample_rate: (min) 0.03, (max) 0.57, expected_batch_size: 428
sample_rate: (min) 0.03, (max) 0.58, expected_batch_size: 422
sample_rate: (min) 0.03, (max) 0.59, expected_batch_size: 424
sample_rate: (min) 0.03, (max) 0.61, expected_batch_size: 440
sample_rate: (min) 0.03, (max) 0.62, expected_batch_size: 439
sample_rate: (min) 0.03, (max) 0.63, expected_batch_size: 478
sample_rate: (min) 0.03, (max) 0.64, expected_batch_size: 450
sample_rate: (min) 0.03, (max) 0.66, expected_batch_size: 466
sample_rate: (min) 0.03, (max) 0.77, expected_batch_size: 509
initial privacy cost of all clients:  [0, 0, 0, 0, 0, 0, 0, 0, 0, 0]
Round=0
Round=1
Round=2
Round=3
Round=4
Round=5
Round=6
Round=7
Round=8
Round=9
Round=10
Round=11
Round=12
Round=13
Round=14
current privacy cost of all clients:  [3.314321147704087, 4.11317569889657, 3.5970680072111274, 2.1014443369785516, 4.294303908109173, 3.113541806597043, 2.9233139453321044, 3.2838827425077355, 3.100601686150985, 4.77719853540031]
Round=14, per client global perf=[0.4245, 0.4412, 0.4426, 0.4279, 0.4186, 0.4309, 0.4328, 0.4211, 0.4152, 0.4118], mean perf=8704/20400 (0.4267%)
Round=14, per client personal perf=[0.6294, 0.6574, 0.6461, 0.6098, 0.5936, 0.6549, 0.6407, 0.5809, 0.6647, 0.6304], mean perf=12868/20400 (0.6308%)
Round=14, per client personal pooled=[0.6286, 0.656, 0.6564, 0.6171, 0.6033, 0.6493, 0.6314, 0.5964, 0.6656, 0.6354], mean perf=129325/204000 (0.6339%)
Mean performance of ditto rpdp global, Perf=0.4136, seed=44
Mean performance of ditto rpdp personal, Perf=0.6275, seed=44
Mean performance of ditto rpdp pooled, Perf=0.6294, seed=44
Finished seed 44
----------------------------------------
Running seed 45
/Users/shegao_t1/DP_Research/Personal_DP_Personal_FL/rpdp_fl/experiments/datasets/fed_fashion_mnist/iid_10

Client 0 label distribution:
[(0, 440), (1, 401), (2, 413), (3, 389), (4, 377), (5, 395), (6, 380), (7, 394), (8, 376), (9, 395)]

Client 1 label distribution:
[(0, 409), (1, 386), (2, 399), (3, 384), (4, 416), (5, 389), (6, 356), (7, 399), (8, 401), (9, 421)]

Client 2 label distribution:
[(0, 379), (1, 430), (2, 396), (3, 386), (4, 376), (5, 379), (6, 429), (7, 401), (8, 392), (9, 392)]

Client 3 label distribution:
[(0, 406), (1, 408), (2, 354), (3, 404), (4, 400), (5, 422), (6, 398), (7, 371), (8, 414), (9, 383)]

Client 4 label distribution:
[(0, 412), (1, 412), (2, 385), (3, 396), (4, 358), (5, 395), (6, 400), (7, 404), (8, 404), (9, 394)]

Client 5 label distribution:
[(0, 408), (1, 412), (2, 381), (3, 384), (4, 390), (5, 393), (6, 391), (7, 420), (8, 403), (9, 378)]

Client 6 label distribution:
[(0, 386), (1, 367), (2, 405), (3, 402), (4, 388), (5, 359), (6, 409), (7, 395), (8, 416), (9, 433)]

Client 7 label distribution:
[(0, 370), (1, 424), (2, 396), (3, 416), (4, 384), (5, 432), (6, 395), (7, 378), (8, 380), (9, 385)]

Client 8 label distribution:
[(0, 372), (1, 411), (2, 428), (3, 388), (4, 419), (5, 379), (6, 409), (7, 394), (8, 365), (9, 395)]

Client 9 label distribution:
[(0, 385), (1, 380), (2, 363), (3, 392), (4, 417), (5, 419), (6, 361), (7, 426), (8, 412), (9, 405)]
Client 0: avg epsilon = 0.7321
Client 1: avg epsilon = 0.8028
Client 2: avg epsilon = 0.7653
Client 3: avg epsilon = 0.7523
Client 4: avg epsilon = 0.7712
Client 5: avg epsilon = 0.7548
Client 6: avg epsilon = 0.8201
Client 7: avg epsilon = 0.7487
Client 8: avg epsilon = 0.7613
Client 9: avg epsilon = 0.7916
 We run FedAvg with rPDP (ThreeLevels-0) ...
max_epsilon :  10.0  noise_multiplier :  9.736328125
The R-Squared value of the best-fit curve : 0.999749898528281
learning rate =  0.001
sample_rate: (min) 0.03, (max) 0.61, expected_batch_size: 416
sample_rate: (min) 0.03, (max) 0.61, expected_batch_size: 451
sample_rate: (min) 0.03, (max) 0.61, expected_batch_size: 433
sample_rate: (min) 0.03, (max) 0.61, expected_batch_size: 426
sample_rate: (min) 0.03, (max) 0.61, expected_batch_size: 436
sample_rate: (min) 0.03, (max) 0.61, expected_batch_size: 429
sample_rate: (min) 0.03, (max) 0.61, expected_batch_size: 459
sample_rate: (min) 0.03, (max) 0.61, expected_batch_size: 424
sample_rate: (min) 0.03, (max) 0.61, expected_batch_size: 430
sample_rate: (min) 0.03, (max) 0.61, expected_batch_size: 446
initial privacy cost of all clients:  [0, 0, 0, 0, 0, 0, 0, 0, 0, 0]
Round=0
Round=1
Round=2
Round=3
Round=4
Round=5
Round=6
Round=7
Round=8
Round=9
Round=10
Round=11
Round=12
Round=13
Round=14
current privacy cost of all clients:  [3.554611437795162, 3.554611437795162, 3.3043856205918876, 2.502378074621252, 3.554611437795162, 4.055063072201711, 3.554611437795162, 2.8039339861853394, 3.8048372549984366, 4.055063072201711]
Round=14, per client global perf=[0.3814, 0.3789, 0.3912, 0.3775, 0.3686, 0.3696, 0.3931, 0.3907, 0.3701, 0.3765], mean perf=7747/20400 (0.3798%)
Round=14, per client personal perf=[0.6387, 0.6333, 0.6142, 0.5549, 0.6279, 0.6235, 0.6603, 0.6069, 0.6363, 0.5809], mean perf=12601/20400 (0.6177%)
Round=14, per client personal pooled=[0.6384, 0.6308, 0.6048, 0.5576, 0.6312, 0.6221, 0.657, 0.6128, 0.6457, 0.5825], mean perf=126132/204000 (0.6183%)
Mean performance of ditto rpdp global, Perf=0.3684, seed=45
Mean performance of ditto rpdp personal, Perf=0.6094, seed=45
Mean performance of ditto rpdp pooled, Perf=0.6109, seed=45
Client 0: avg epsilon = 0.3391
Client 1: avg epsilon = 0.3585
Client 2: avg epsilon = 0.3670
Client 3: avg epsilon = 0.3789
Client 4: avg epsilon = 0.3968
Client 5: avg epsilon = 0.4120
Client 6: avg epsilon = 0.4520
Client 7: avg epsilon = 0.4614
Client 8: avg epsilon = 0.5074
Client 9: avg epsilon = 0.6634
 We run FedAvg with rPDP (BoundedPareto-0) ...
max_epsilon :  10.0  noise_multiplier :  9.736328125
The R-Squared value of the best-fit curve : 0.999749898528281
learning rate =  0.001
sample_rate: (min) 0.03, (max) 0.15, expected_batch_size: 243
sample_rate: (min) 0.03, (max) 0.15, expected_batch_size: 255
sample_rate: (min) 0.03, (max) 0.16, expected_batch_size: 260
sample_rate: (min) 0.03, (max) 0.17, expected_batch_size: 266
sample_rate: (min) 0.03, (max) 0.19, expected_batch_size: 276
sample_rate: (min) 0.03, (max) 0.2, expected_batch_size: 285
sample_rate: (min) 0.03, (max) 0.23, expected_batch_size: 307
sample_rate: (min) 0.03, (max) 0.26, expected_batch_size: 312
sample_rate: (min) 0.03, (max) 0.32, expected_batch_size: 335
sample_rate: (min) 0.03, (max) 1.0, expected_batch_size: 406
initial privacy cost of all clients:  [0, 0, 0, 0, 0, 0, 0, 0, 0, 0]
Round=0
Round=1
Round=2
Round=3
Round=4
Round=5
Round=6
Round=7
Round=8
Round=9
Round=10
Round=11
Round=12
Round=13
Round=14
current privacy cost of all clients:  [0.6446782713231138, 0.6869797459107284, 0.6828144251576426, 0.5524241836734276, 0.8529951475416915, 1.0553478738354543, 1.0807964550615639, 1.0029847329778867, 1.7411477398622146, 7.879532215750026]
Round=14, per client global perf=[0.4946, 0.4961, 0.4755, 0.4676, 0.4711, 0.4711, 0.4716, 0.4632, 0.4804, 0.4657], mean perf=9704/20400 (0.4757%)
Round=14, per client personal perf=[0.6431, 0.6191, 0.6289, 0.5917, 0.5956, 0.6456, 0.6495, 0.6426, 0.5936, 0.624], mean perf=12717/20400 (0.6234%)
Round=14, per client personal pooled=[0.6356, 0.6187, 0.6211, 0.5956, 0.5991, 0.6464, 0.6422, 0.6435, 0.6064, 0.6149], mean perf=126960/204000 (0.6224%)
Mean performance of ditto rpdp global, Perf=0.4609, seed=45
Mean performance of ditto rpdp personal, Perf=0.6196, seed=45
Mean performance of ditto rpdp pooled, Perf=0.6193, seed=45
Client 0: avg epsilon = 0.6771
Client 1: avg epsilon = 0.7478
Client 2: avg epsilon = 0.7367
Client 3: avg epsilon = 0.7432
Client 4: avg epsilon = 0.7763
Client 5: avg epsilon = 0.7758
Client 6: avg epsilon = 0.8616
Client 7: avg epsilon = 0.8076
Client 8: avg epsilon = 0.8438
Client 9: avg epsilon = 0.9693
 We run FedAvg with rPDP (BoundedMixGauss-0) ...
max_epsilon :  10.0  noise_multiplier :  9.736328125
The R-Squared value of the best-fit curve : 0.999749898528281
learning rate =  0.001
sample_rate: (min) 0.03, (max) 0.55, expected_batch_size: 398
sample_rate: (min) 0.03, (max) 0.57, expected_batch_size: 430
sample_rate: (min) 0.03, (max) 0.58, expected_batch_size: 424
sample_rate: (min) 0.03, (max) 0.59, expected_batch_size: 426
sample_rate: (min) 0.03, (max) 0.61, expected_batch_size: 441
sample_rate: (min) 0.03, (max) 0.62, expected_batch_size: 440
sample_rate: (min) 0.03, (max) 0.63, expected_batch_size: 479
sample_rate: (min) 0.03, (max) 0.64, expected_batch_size: 451
sample_rate: (min) 0.03, (max) 0.66, expected_batch_size: 467
sample_rate: (min) 0.03, (max) 0.77, expected_batch_size: 525
initial privacy cost of all clients:  [0, 0, 0, 0, 0, 0, 0, 0, 0, 0]
Round=0
Round=1
Round=2
Round=3
Round=4
Round=5
Round=6
Round=7
Round=8
Round=9
Round=10
Round=11
Round=12
Round=13
Round=14
current privacy cost of all clients:  [3.1303686976401996, 3.273014395857367, 3.14876664896902, 2.435482395405531, 3.5512643434407662, 4.160732732148667, 3.751048935817443, 2.998789123635933, 4.338939443191621, 5.387946020137831]
Round=14, per client global perf=[0.4044, 0.401, 0.4093, 0.3956, 0.3975, 0.4015, 0.4069, 0.4103, 0.3971, 0.3971], mean perf=8202/20400 (0.4021%)
Round=14, per client personal perf=[0.6348, 0.6525, 0.575, 0.5961, 0.6279, 0.6304, 0.6348, 0.549, 0.6284, 0.6485], mean perf=12602/20400 (0.6177%)
Round=14, per client personal pooled=[0.6202, 0.6447, 0.5742, 0.6015, 0.6276, 0.6296, 0.6274, 0.5394, 0.6433, 0.6493], mean perf=125607/204000 (0.6157%)
Mean performance of ditto rpdp global, Perf=0.3896, seed=45
Mean performance of ditto rpdp personal, Perf=0.6086, seed=45
Mean performance of ditto rpdp pooled, Perf=0.6062, seed=45
Finished seed 45
----------------------------------------
Running seed 46
/Users/shegao_t1/DP_Research/Personal_DP_Personal_FL/rpdp_fl/experiments/datasets/fed_fashion_mnist/iid_10

Client 0 label distribution:
[(0, 440), (1, 401), (2, 413), (3, 389), (4, 377), (5, 395), (6, 380), (7, 394), (8, 376), (9, 395)]

Client 1 label distribution:
[(0, 409), (1, 386), (2, 399), (3, 384), (4, 416), (5, 389), (6, 356), (7, 399), (8, 401), (9, 421)]

Client 2 label distribution:
[(0, 379), (1, 430), (2, 396), (3, 386), (4, 376), (5, 379), (6, 429), (7, 401), (8, 392), (9, 392)]

Client 3 label distribution:
[(0, 406), (1, 408), (2, 354), (3, 404), (4, 400), (5, 422), (6, 398), (7, 371), (8, 414), (9, 383)]

Client 4 label distribution:
[(0, 412), (1, 412), (2, 385), (3, 396), (4, 358), (5, 395), (6, 400), (7, 404), (8, 404), (9, 394)]

Client 5 label distribution:
[(0, 408), (1, 412), (2, 381), (3, 384), (4, 390), (5, 393), (6, 391), (7, 420), (8, 403), (9, 378)]

Client 6 label distribution:
[(0, 386), (1, 367), (2, 405), (3, 402), (4, 388), (5, 359), (6, 409), (7, 395), (8, 416), (9, 433)]

Client 7 label distribution:
[(0, 370), (1, 424), (2, 396), (3, 416), (4, 384), (5, 432), (6, 395), (7, 378), (8, 380), (9, 385)]

Client 8 label distribution:
[(0, 372), (1, 411), (2, 428), (3, 388), (4, 419), (5, 379), (6, 409), (7, 394), (8, 365), (9, 395)]

Client 9 label distribution:
[(0, 385), (1, 380), (2, 363), (3, 392), (4, 417), (5, 419), (6, 361), (7, 426), (8, 412), (9, 405)]
Client 0: avg epsilon = 0.7321
Client 1: avg epsilon = 0.8028
Client 2: avg epsilon = 0.7653
Client 3: avg epsilon = 0.7523
Client 4: avg epsilon = 0.7712
Client 5: avg epsilon = 0.7548
Client 6: avg epsilon = 0.8201
Client 7: avg epsilon = 0.7487
Client 8: avg epsilon = 0.7613
Client 9: avg epsilon = 0.7916
 We run FedAvg with rPDP (ThreeLevels-0) ...
max_epsilon :  10.0  noise_multiplier :  9.736328125
The R-Squared value of the best-fit curve : 0.999749898528281
learning rate =  0.001
sample_rate: (min) 0.03, (max) 0.61, expected_batch_size: 416
sample_rate: (min) 0.03, (max) 0.61, expected_batch_size: 451
sample_rate: (min) 0.03, (max) 0.61, expected_batch_size: 433
sample_rate: (min) 0.03, (max) 0.61, expected_batch_size: 426
sample_rate: (min) 0.03, (max) 0.61, expected_batch_size: 436
sample_rate: (min) 0.03, (max) 0.61, expected_batch_size: 429
sample_rate: (min) 0.03, (max) 0.61, expected_batch_size: 459
sample_rate: (min) 0.03, (max) 0.61, expected_batch_size: 424
sample_rate: (min) 0.03, (max) 0.61, expected_batch_size: 430
sample_rate: (min) 0.03, (max) 0.61, expected_batch_size: 446
initial privacy cost of all clients:  [0, 0, 0, 0, 0, 0, 0, 0, 0, 0]
Round=0
Round=1
Round=2
Round=3
Round=4
Round=5
Round=6
Round=7
Round=8
Round=9
Round=10
Round=11
Round=12
Round=13
Round=14
current privacy cost of all clients:  [3.3043856205918876, 3.8048372549984366, 3.3043856205918876, 3.554611437795162, 3.3043856205918876, 3.554611437795162, 3.554611437795162, 4.305288889404985, 4.055063072201711, 3.554611437795162]
Round=14, per client global perf=[0.425, 0.4358, 0.4461, 0.4397, 0.425, 0.4186, 0.4451, 0.4279, 0.4137, 0.4255], mean perf=8777/20400 (0.4302%)
Round=14, per client personal perf=[0.6392, 0.6103, 0.6485, 0.6078, 0.5819, 0.6078, 0.6652, 0.6397, 0.6559, 0.5735], mean perf=12709/20400 (0.6230%)
Round=14, per client personal pooled=[0.6392, 0.6081, 0.6328, 0.6012, 0.5913, 0.6131, 0.6615, 0.6574, 0.6561, 0.5797], mean perf=127304/204000 (0.6240%)
Mean performance of ditto rpdp global, Perf=0.4016, seed=46
Mean performance of ditto rpdp personal, Perf=0.6159, seed=46
Mean performance of ditto rpdp pooled, Perf=0.6167, seed=46
Client 0: avg epsilon = 0.3369
Client 1: avg epsilon = 0.3564
Client 2: avg epsilon = 0.3647
Client 3: avg epsilon = 0.3771
Client 4: avg epsilon = 0.3950
Client 5: avg epsilon = 0.4102
Client 6: avg epsilon = 0.4493
Client 7: avg epsilon = 0.4578
Client 8: avg epsilon = 0.5068
Client 9: avg epsilon = 0.6623
 We run FedAvg with rPDP (BoundedPareto-0) ...
max_epsilon :  10.0  noise_multiplier :  9.736328125
The R-Squared value of the best-fit curve : 0.999749898528281
learning rate =  0.001
sample_rate: (min) 0.03, (max) 0.15, expected_batch_size: 242
sample_rate: (min) 0.03, (max) 0.15, expected_batch_size: 253
sample_rate: (min) 0.03, (max) 0.16, expected_batch_size: 258
sample_rate: (min) 0.03, (max) 0.17, expected_batch_size: 265
sample_rate: (min) 0.03, (max) 0.19, expected_batch_size: 275
sample_rate: (min) 0.03, (max) 0.2, expected_batch_size: 284
sample_rate: (min) 0.03, (max) 0.23, expected_batch_size: 306
sample_rate: (min) 0.03, (max) 0.26, expected_batch_size: 310
sample_rate: (min) 0.03, (max) 0.33, expected_batch_size: 335
sample_rate: (min) 0.03, (max) 1.0, expected_batch_size: 406
initial privacy cost of all clients:  [0, 0, 0, 0, 0, 0, 0, 0, 0, 0]
Round=0
Round=1
Round=2
Round=3
Round=4
Round=5
Round=6
Round=7
Round=8
Round=9
Round=10
Round=11
Round=12
Round=13
Round=14
current privacy cost of all clients:  [0.603393240280749, 0.7302215730766968, 0.6845734763795118, 0.7897711915359866, 0.8041123821298981, 0.944253869278017, 1.0752883525774077, 1.4881491113413472, 1.868073554067909, 6.803447050009791]
Round=14, per client global perf=[0.4809, 0.4819, 0.4485, 0.4505, 0.4471, 0.4569, 0.4667, 0.4505, 0.4623, 0.4417], mean perf=9357/20400 (0.4587%)
Round=14, per client personal perf=[0.6338, 0.6279, 0.6054, 0.6162, 0.6299, 0.6333, 0.6721, 0.6064, 0.6613, 0.6299], mean perf=12885/20400 (0.6316%)
Round=14, per client personal pooled=[0.622, 0.6219, 0.6047, 0.6155, 0.6334, 0.6385, 0.6555, 0.6163, 0.6677, 0.6352], mean perf=128738/204000 (0.6311%)
Mean performance of ditto rpdp global, Perf=0.4356, seed=46
Mean performance of ditto rpdp personal, Perf=0.6291, seed=46
Mean performance of ditto rpdp pooled, Perf=0.6295, seed=46
Client 0: avg epsilon = 0.5684
Client 1: avg epsilon = 0.7372
Client 2: avg epsilon = 0.7303
Client 3: avg epsilon = 0.7379
Client 4: avg epsilon = 0.7720
Client 5: avg epsilon = 0.7724
Client 6: avg epsilon = 0.8590
Client 7: avg epsilon = 0.8046
Client 8: avg epsilon = 0.8413
Client 9: avg epsilon = 0.9202
 We run FedAvg with rPDP (BoundedMixGauss-0) ...
max_epsilon :  10.0  noise_multiplier :  9.736328125
The R-Squared value of the best-fit curve : 0.999749898528281
learning rate =  0.001
sample_rate: (min) 0.03, (max) 0.54, expected_batch_size: 347
sample_rate: (min) 0.03, (max) 0.56, expected_batch_size: 426
sample_rate: (min) 0.03, (max) 0.58, expected_batch_size: 421
sample_rate: (min) 0.03, (max) 0.59, expected_batch_size: 423
sample_rate: (min) 0.03, (max) 0.61, expected_batch_size: 439
sample_rate: (min) 0.03, (max) 0.62, expected_batch_size: 438
sample_rate: (min) 0.03, (max) 0.63, expected_batch_size: 477
sample_rate: (min) 0.03, (max) 0.64, expected_batch_size: 450
sample_rate: (min) 0.03, (max) 0.66, expected_batch_size: 465
sample_rate: (min) 0.03, (max) 0.75, expected_batch_size: 500
initial privacy cost of all clients:  [0, 0, 0, 0, 0, 0, 0, 0, 0, 0]
Round=0
Round=1
Round=2
Round=3
Round=4
Round=5
Round=6
Round=7
Round=8
Round=9
Round=10
Round=11
Round=12
Round=13
Round=14
current privacy cost of all clients:  [2.8716623846409273, 3.4526894915442936, 3.1236595094331006, 3.4455893398743624, 3.293201504148378, 3.632267001884864, 3.751696849229588, 4.607641205581554, 4.553096928444682, 4.699892211236226]
Round=14, per client global perf=[0.3946, 0.4127, 0.3907, 0.3902, 0.3922, 0.3843, 0.4044, 0.3828, 0.3897, 0.3833], mean perf=8007/20400 (0.3925%)
Round=14, per client personal perf=[0.5951, 0.6402, 0.6632, 0.6387, 0.5922, 0.6373, 0.6387, 0.6132, 0.6123, 0.6525], mean perf=12818/20400 (0.6283%)
Round=14, per client personal pooled=[0.5906, 0.6336, 0.6576, 0.6313, 0.5916, 0.6467, 0.632, 0.6039, 0.6307, 0.6503], mean perf=127876/204000 (0.6268%)
Mean performance of ditto rpdp global, Perf=0.3634, seed=46
Mean performance of ditto rpdp personal, Perf=0.6248, seed=46
Mean performance of ditto rpdp pooled, Perf=0.6245, seed=46
Finished seed 46
----------------------------------------
=== Running reg_param=10, num_steps=15 ===
Running seed 42
/Users/shegao_t1/DP_Research/Personal_DP_Personal_FL/rpdp_fl/experiments/datasets/fed_fashion_mnist/iid_10

Client 0 label distribution:
[(0, 440), (1, 401), (2, 413), (3, 389), (4, 377), (5, 395), (6, 380), (7, 394), (8, 376), (9, 395)]

Client 1 label distribution:
[(0, 409), (1, 386), (2, 399), (3, 384), (4, 416), (5, 389), (6, 356), (7, 399), (8, 401), (9, 421)]

Client 2 label distribution:
[(0, 379), (1, 430), (2, 396), (3, 386), (4, 376), (5, 379), (6, 429), (7, 401), (8, 392), (9, 392)]

Client 3 label distribution:
[(0, 406), (1, 408), (2, 354), (3, 404), (4, 400), (5, 422), (6, 398), (7, 371), (8, 414), (9, 383)]

Client 4 label distribution:
[(0, 412), (1, 412), (2, 385), (3, 396), (4, 358), (5, 395), (6, 400), (7, 404), (8, 404), (9, 394)]

Client 5 label distribution:
[(0, 408), (1, 412), (2, 381), (3, 384), (4, 390), (5, 393), (6, 391), (7, 420), (8, 403), (9, 378)]

Client 6 label distribution:
[(0, 386), (1, 367), (2, 405), (3, 402), (4, 388), (5, 359), (6, 409), (7, 395), (8, 416), (9, 433)]

Client 7 label distribution:
[(0, 370), (1, 424), (2, 396), (3, 416), (4, 384), (5, 432), (6, 395), (7, 378), (8, 380), (9, 385)]

Client 8 label distribution:
[(0, 372), (1, 411), (2, 428), (3, 388), (4, 419), (5, 379), (6, 409), (7, 394), (8, 365), (9, 395)]

Client 9 label distribution:
[(0, 385), (1, 380), (2, 363), (3, 392), (4, 417), (5, 419), (6, 361), (7, 426), (8, 412), (9, 405)]
Client 0: avg epsilon = 0.7321
Client 1: avg epsilon = 0.8028
Client 2: avg epsilon = 0.7653
Client 3: avg epsilon = 0.7523
Client 4: avg epsilon = 0.7712
Client 5: avg epsilon = 0.7548
Client 6: avg epsilon = 0.8201
Client 7: avg epsilon = 0.7487
Client 8: avg epsilon = 0.7613
Client 9: avg epsilon = 0.7916
 We run FedAvg with rPDP (ThreeLevels-0) ...
max_epsilon :  10.0  noise_multiplier :  9.736328125
The R-Squared value of the best-fit curve : 0.999749898528281
learning rate =  0.001
sample_rate: (min) 0.03, (max) 0.61, expected_batch_size: 416
sample_rate: (min) 0.03, (max) 0.61, expected_batch_size: 451
sample_rate: (min) 0.03, (max) 0.61, expected_batch_size: 433
sample_rate: (min) 0.03, (max) 0.61, expected_batch_size: 426
sample_rate: (min) 0.03, (max) 0.61, expected_batch_size: 436
sample_rate: (min) 0.03, (max) 0.61, expected_batch_size: 429
sample_rate: (min) 0.03, (max) 0.61, expected_batch_size: 459
sample_rate: (min) 0.03, (max) 0.61, expected_batch_size: 424
sample_rate: (min) 0.03, (max) 0.61, expected_batch_size: 430
sample_rate: (min) 0.03, (max) 0.61, expected_batch_size: 446
initial privacy cost of all clients:  [0, 0, 0, 0, 0, 0, 0, 0, 0, 0]
Round=0
Round=1
Round=2
Round=3
Round=4
Round=5
Round=6
Round=7
Round=8
Round=9
Round=10
Round=11
Round=12
Round=13
Round=14
current privacy cost of all clients:  [3.554611437795162, 3.554611437795162, 2.8039339861853394, 3.3043856205918876, 3.8048372549984366, 3.554611437795162, 3.8048372549984366, 4.055063072201711, 4.305288889404985, 3.0541598033886133]
Round=14, per client global perf=[0.3784, 0.3784, 0.3784, 0.3706, 0.3623, 0.3765, 0.3843, 0.3691, 0.3608, 0.3706], mean perf=7608/20400 (0.3729%)
Round=14, per client personal perf=[0.4529, 0.4755, 0.4623, 0.4686, 0.4583, 0.5039, 0.4941, 0.4569, 0.4887, 0.499], mean perf=9711/20400 (0.4760%)
Round=14, per client personal pooled=[0.4503, 0.4777, 0.4516, 0.4714, 0.4653, 0.4983, 0.4906, 0.459, 0.4926, 0.5085], mean perf=97213/204000 (0.4765%)
Mean performance of ditto rpdp global, Perf=0.3557, seed=42
Mean performance of ditto rpdp personal, Perf=0.4520, seed=42
Mean performance of ditto rpdp pooled, Perf=0.4516, seed=42
Client 0: avg epsilon = 0.3382
Client 1: avg epsilon = 0.3575
Client 2: avg epsilon = 0.3662
Client 3: avg epsilon = 0.3782
Client 4: avg epsilon = 0.3958
Client 5: avg epsilon = 0.4104
Client 6: avg epsilon = 0.4500
Client 7: avg epsilon = 0.4586
Client 8: avg epsilon = 0.5046
Client 9: avg epsilon = 0.6557
 We run FedAvg with rPDP (BoundedPareto-0) ...
max_epsilon :  10.0  noise_multiplier :  9.736328125
The R-Squared value of the best-fit curve : 0.999749898528281
learning rate =  0.001
sample_rate: (min) 0.03, (max) 0.15, expected_batch_size: 243
sample_rate: (min) 0.03, (max) 0.16, expected_batch_size: 254
sample_rate: (min) 0.03, (max) 0.16, expected_batch_size: 259
sample_rate: (min) 0.03, (max) 0.17, expected_batch_size: 266
sample_rate: (min) 0.03, (max) 0.19, expected_batch_size: 276
sample_rate: (min) 0.03, (max) 0.2, expected_batch_size: 284
sample_rate: (min) 0.03, (max) 0.23, expected_batch_size: 306
sample_rate: (min) 0.03, (max) 0.26, expected_batch_size: 310
sample_rate: (min) 0.03, (max) 0.32, expected_batch_size: 334
sample_rate: (min) 0.03, (max) 0.98, expected_batch_size: 404
initial privacy cost of all clients:  [0, 0, 0, 0, 0, 0, 0, 0, 0, 0]
Round=0
Round=1
Round=2
Round=3
Round=4
Round=5
Round=6
Round=7
Round=8
Round=9
Round=10
Round=11
Round=12
Round=13
Round=14
current privacy cost of all clients:  [0.6467664365012017, 0.6889795199005952, 0.5819917504517842, 0.7354479782632062, 0.9099519022060186, 0.9374383049887219, 1.1378477898081383, 1.4071502808945435, 1.9162462442557835, 5.563993025730616]
Round=14, per client global perf=[0.4696, 0.4765, 0.4618, 0.4544, 0.4819, 0.4775, 0.451, 0.4436, 0.4691, 0.4534], mean perf=9463/20400 (0.4639%)
Round=14, per client personal perf=[0.5672, 0.5716, 0.5206, 0.5613, 0.5755, 0.523, 0.5691, 0.4956, 0.5505, 0.5333], mean perf=11154/20400 (0.5468%)
Round=14, per client personal pooled=[0.5507, 0.5643, 0.5297, 0.5633, 0.5577, 0.5287, 0.5623, 0.5083, 0.5493, 0.5449], mean perf=111369/204000 (0.5459%)
Mean performance of ditto rpdp global, Perf=0.4603, seed=42
Mean performance of ditto rpdp personal, Perf=0.5323, seed=42
Mean performance of ditto rpdp pooled, Perf=0.5334, seed=42
Client 0: avg epsilon = 0.5773
Client 1: avg epsilon = 0.7382
Client 2: avg epsilon = 0.7303
Client 3: avg epsilon = 0.7377
Client 4: avg epsilon = 0.7720
Client 5: avg epsilon = 0.7721
Client 6: avg epsilon = 0.8576
Client 7: avg epsilon = 0.8031
Client 8: avg epsilon = 0.8387
Client 9: avg epsilon = 0.9170
 We run FedAvg with rPDP (BoundedMixGauss-0) ...
max_epsilon :  10.0  noise_multiplier :  9.736328125
The R-Squared value of the best-fit curve : 0.999749898528281
learning rate =  0.001
sample_rate: (min) 0.03, (max) 0.54, expected_batch_size: 351
sample_rate: (min) 0.03, (max) 0.56, expected_batch_size: 426
sample_rate: (min) 0.03, (max) 0.58, expected_batch_size: 421
sample_rate: (min) 0.03, (max) 0.59, expected_batch_size: 423
sample_rate: (min) 0.03, (max) 0.6, expected_batch_size: 439
sample_rate: (min) 0.03, (max) 0.62, expected_batch_size: 438
sample_rate: (min) 0.03, (max) 0.63, expected_batch_size: 477
sample_rate: (min) 0.03, (max) 0.64, expected_batch_size: 449
sample_rate: (min) 0.03, (max) 0.66, expected_batch_size: 464
sample_rate: (min) 0.03, (max) 0.79, expected_batch_size: 499
initial privacy cost of all clients:  [0, 0, 0, 0, 0, 0, 0, 0, 0, 0]
Round=0
Round=1
Round=2
Round=3
Round=4
Round=5
Round=6
Round=7
Round=8
Round=9
Round=10
Round=11
Round=12
Round=13
Round=14
current privacy cost of all clients:  [3.0735546899729185, 3.237072489998286, 2.667560670719878, 3.207562825149566, 3.7815497439723202, 3.62496560238358, 4.009915797708055, 4.401561805859411, 4.732536262830204, 4.36666609846329]
Round=14, per client global perf=[0.4034, 0.4005, 0.4034, 0.3917, 0.3902, 0.4044, 0.4015, 0.4005, 0.3902, 0.3912], mean perf=8113/20400 (0.3977%)
Round=14, per client personal perf=[0.5353, 0.5196, 0.4446, 0.4642, 0.4971, 0.5, 0.5162, 0.4838, 0.4838, 0.524], mean perf=10136/20400 (0.4969%)
Round=14, per client personal pooled=[0.5249, 0.5226, 0.4376, 0.4669, 0.5058, 0.4904, 0.5122, 0.4837, 0.4872, 0.5238], mean perf=101084/204000 (0.4955%)
Mean performance of ditto rpdp global, Perf=0.3779, seed=42
Mean performance of ditto rpdp personal, Perf=0.4654, seed=42
Mean performance of ditto rpdp pooled, Perf=0.4645, seed=42
Finished seed 42
----------------------------------------
Running seed 43
/Users/shegao_t1/DP_Research/Personal_DP_Personal_FL/rpdp_fl/experiments/datasets/fed_fashion_mnist/iid_10

Client 0 label distribution:
[(0, 440), (1, 401), (2, 413), (3, 389), (4, 377), (5, 395), (6, 380), (7, 394), (8, 376), (9, 395)]

Client 1 label distribution:
[(0, 409), (1, 386), (2, 399), (3, 384), (4, 416), (5, 389), (6, 356), (7, 399), (8, 401), (9, 421)]

Client 2 label distribution:
[(0, 379), (1, 430), (2, 396), (3, 386), (4, 376), (5, 379), (6, 429), (7, 401), (8, 392), (9, 392)]

Client 3 label distribution:
[(0, 406), (1, 408), (2, 354), (3, 404), (4, 400), (5, 422), (6, 398), (7, 371), (8, 414), (9, 383)]

Client 4 label distribution:
[(0, 412), (1, 412), (2, 385), (3, 396), (4, 358), (5, 395), (6, 400), (7, 404), (8, 404), (9, 394)]

Client 5 label distribution:
[(0, 408), (1, 412), (2, 381), (3, 384), (4, 390), (5, 393), (6, 391), (7, 420), (8, 403), (9, 378)]

Client 6 label distribution:
[(0, 386), (1, 367), (2, 405), (3, 402), (4, 388), (5, 359), (6, 409), (7, 395), (8, 416), (9, 433)]

Client 7 label distribution:
[(0, 370), (1, 424), (2, 396), (3, 416), (4, 384), (5, 432), (6, 395), (7, 378), (8, 380), (9, 385)]

Client 8 label distribution:
[(0, 372), (1, 411), (2, 428), (3, 388), (4, 419), (5, 379), (6, 409), (7, 394), (8, 365), (9, 395)]

Client 9 label distribution:
[(0, 385), (1, 380), (2, 363), (3, 392), (4, 417), (5, 419), (6, 361), (7, 426), (8, 412), (9, 405)]
Client 0: avg epsilon = 0.7321
Client 1: avg epsilon = 0.8028
Client 2: avg epsilon = 0.7653
Client 3: avg epsilon = 0.7523
Client 4: avg epsilon = 0.7712
Client 5: avg epsilon = 0.7548
Client 6: avg epsilon = 0.8201
Client 7: avg epsilon = 0.7487
Client 8: avg epsilon = 0.7613
Client 9: avg epsilon = 0.7916
 We run FedAvg with rPDP (ThreeLevels-0) ...
max_epsilon :  10.0  noise_multiplier :  9.736328125
The R-Squared value of the best-fit curve : 0.999749898528281
learning rate =  0.001
sample_rate: (min) 0.03, (max) 0.61, expected_batch_size: 416
sample_rate: (min) 0.03, (max) 0.61, expected_batch_size: 451
sample_rate: (min) 0.03, (max) 0.61, expected_batch_size: 433
sample_rate: (min) 0.03, (max) 0.61, expected_batch_size: 426
sample_rate: (min) 0.03, (max) 0.61, expected_batch_size: 436
sample_rate: (min) 0.03, (max) 0.61, expected_batch_size: 429
sample_rate: (min) 0.03, (max) 0.61, expected_batch_size: 459
sample_rate: (min) 0.03, (max) 0.61, expected_batch_size: 424
sample_rate: (min) 0.03, (max) 0.61, expected_batch_size: 430
sample_rate: (min) 0.03, (max) 0.61, expected_batch_size: 446
initial privacy cost of all clients:  [0, 0, 0, 0, 0, 0, 0, 0, 0, 0]
Round=0
Round=1
Round=2
Round=3
Round=4
Round=5
Round=6
Round=7
Round=8
Round=9
Round=10
Round=11
Round=12
Round=13
Round=14
current privacy cost of all clients:  [3.8048372549984366, 3.554611437795162, 3.3043856205918876, 3.8048372549984366, 2.8039339861853394, 3.554611437795162, 3.0541598033886133, 2.1521425035466386, 3.0541598033886133, 4.055063072201711]
Round=14, per client global perf=[0.3265, 0.3392, 0.3373, 0.3118, 0.3328, 0.3191, 0.3152, 0.3167, 0.327, 0.3093], mean perf=6599/20400 (0.3235%)
Round=14, per client personal perf=[0.4475, 0.4078, 0.4397, 0.4554, 0.4039, 0.4461, 0.3995, 0.3554, 0.4446, 0.4456], mean perf=8661/20400 (0.4246%)
Round=14, per client personal pooled=[0.4459, 0.3986, 0.4338, 0.4653, 0.398, 0.4432, 0.4053, 0.3648, 0.429, 0.4577], mean perf=86527/204000 (0.4242%)
Mean performance of ditto rpdp global, Perf=0.3019, seed=43
Mean performance of ditto rpdp personal, Perf=0.3921, seed=43
Mean performance of ditto rpdp pooled, Perf=0.3913, seed=43
Client 0: avg epsilon = 0.3406
Client 1: avg epsilon = 0.3602
Client 2: avg epsilon = 0.3687
Client 3: avg epsilon = 0.3807
Client 4: avg epsilon = 0.3983
Client 5: avg epsilon = 0.4134
Client 6: avg epsilon = 0.4529
Client 7: avg epsilon = 0.4625
Client 8: avg epsilon = 0.5088
Client 9: avg epsilon = 0.6730
 We run FedAvg with rPDP (BoundedPareto-0) ...
max_epsilon :  10.0  noise_multiplier :  9.736328125
The R-Squared value of the best-fit curve : 0.999749898528281
learning rate =  0.001
sample_rate: (min) 0.03, (max) 0.15, expected_batch_size: 244
sample_rate: (min) 0.03, (max) 0.16, expected_batch_size: 256
sample_rate: (min) 0.03, (max) 0.16, expected_batch_size: 261
sample_rate: (min) 0.03, (max) 0.17, expected_batch_size: 267
sample_rate: (min) 0.03, (max) 0.19, expected_batch_size: 277
sample_rate: (min) 0.03, (max) 0.2, expected_batch_size: 286
sample_rate: (min) 0.03, (max) 0.23, expected_batch_size: 308
sample_rate: (min) 0.03, (max) 0.26, expected_batch_size: 312
sample_rate: (min) 0.03, (max) 0.32, expected_batch_size: 336
sample_rate: (min) 0.03, (max) 1.0, expected_batch_size: 411
initial privacy cost of all clients:  [0, 0, 0, 0, 0, 0, 0, 0, 0, 0]
Round=0
Round=1
Round=2
Round=3
Round=4
Round=5
Round=6
Round=7
Round=8
Round=9
Round=10
Round=11
Round=12
Round=13
Round=14
current privacy cost of all clients:  [0.6912080021294884, 0.6922715660946682, 0.6887499487830259, 0.8392871193922, 0.6779143911733407, 0.943863253983929, 0.9339118605253581, 0.7839880583951899, 1.4193560713768727, 7.879532215750026]
Round=14, per client global perf=[0.4667, 0.4608, 0.4539, 0.452, 0.4632, 0.4559, 0.4534, 0.4373, 0.4686, 0.4387], mean perf=9283/20400 (0.4550%)
Round=14, per client personal perf=[0.5598, 0.5358, 0.5324, 0.5201, 0.524, 0.5191, 0.5054, 0.4574, 0.527, 0.5412], mean perf=10653/20400 (0.5222%)
Round=14, per client personal pooled=[0.5414, 0.5278, 0.5292, 0.5323, 0.5157, 0.526, 0.5161, 0.4623, 0.5406, 0.5376], mean perf=106671/204000 (0.5229%)
Mean performance of ditto rpdp global, Perf=0.4372, seed=43
Mean performance of ditto rpdp personal, Perf=0.4964, seed=43
Mean performance of ditto rpdp pooled, Perf=0.4967, seed=43
Client 0: avg epsilon = 0.6749
Client 1: avg epsilon = 0.7469
Client 2: avg epsilon = 0.7363
Client 3: avg epsilon = 0.7424
Client 4: avg epsilon = 0.7757
Client 5: avg epsilon = 0.7753
Client 6: avg epsilon = 0.8609
Client 7: avg epsilon = 0.8068
Client 8: avg epsilon = 0.8441
Client 9: avg epsilon = 0.9619
 We run FedAvg with rPDP (BoundedMixGauss-0) ...
max_epsilon :  10.0  noise_multiplier :  9.736328125
The R-Squared value of the best-fit curve : 0.999749898528281
learning rate =  0.001
sample_rate: (min) 0.03, (max) 0.55, expected_batch_size: 397
sample_rate: (min) 0.03, (max) 0.57, expected_batch_size: 430
sample_rate: (min) 0.03, (max) 0.58, expected_batch_size: 424
sample_rate: (min) 0.03, (max) 0.59, expected_batch_size: 425
sample_rate: (min) 0.03, (max) 0.61, expected_batch_size: 441
sample_rate: (min) 0.03, (max) 0.62, expected_batch_size: 440
sample_rate: (min) 0.03, (max) 0.63, expected_batch_size: 479
sample_rate: (min) 0.03, (max) 0.64, expected_batch_size: 451
sample_rate: (min) 0.03, (max) 0.66, expected_batch_size: 467
sample_rate: (min) 0.03, (max) 0.75, expected_batch_size: 522
initial privacy cost of all clients:  [0, 0, 0, 0, 0, 0, 0, 0, 0, 0]
Round=0
Round=1
Round=2
Round=3
Round=4
Round=5
Round=6
Round=7
Round=8
Round=9
Round=10
Round=11
Round=12
Round=13
Round=14
current privacy cost of all clients:  [3.322962263347714, 3.269517435508484, 3.1424226947690475, 3.7003063073066293, 2.796613174593184, 3.6290197804600797, 3.194362008496409, 2.3144651764121855, 3.4110642511128604, 5.239405359423475]
Round=14, per client global perf=[0.351, 0.3588, 0.3603, 0.3348, 0.3461, 0.3397, 0.3343, 0.3328, 0.35, 0.3294], mean perf=7012/20400 (0.3437%)
Round=14, per client personal perf=[0.4701, 0.4461, 0.4676, 0.4515, 0.4471, 0.4495, 0.4225, 0.3877, 0.4721, 0.4578], mean perf=9123/20400 (0.4472%)
Round=14, per client personal pooled=[0.4656, 0.429, 0.4728, 0.4644, 0.4409, 0.4485, 0.4242, 0.3937, 0.4549, 0.4661], mean perf=90985/204000 (0.4460%)
Mean performance of ditto rpdp global, Perf=0.3220, seed=43
Mean performance of ditto rpdp personal, Perf=0.4139, seed=43
Mean performance of ditto rpdp pooled, Perf=0.4121, seed=43
Finished seed 43
----------------------------------------
Running seed 44
/Users/shegao_t1/DP_Research/Personal_DP_Personal_FL/rpdp_fl/experiments/datasets/fed_fashion_mnist/iid_10

Client 0 label distribution:
[(0, 440), (1, 401), (2, 413), (3, 389), (4, 377), (5, 395), (6, 380), (7, 394), (8, 376), (9, 395)]

Client 1 label distribution:
[(0, 409), (1, 386), (2, 399), (3, 384), (4, 416), (5, 389), (6, 356), (7, 399), (8, 401), (9, 421)]

Client 2 label distribution:
[(0, 379), (1, 430), (2, 396), (3, 386), (4, 376), (5, 379), (6, 429), (7, 401), (8, 392), (9, 392)]

Client 3 label distribution:
[(0, 406), (1, 408), (2, 354), (3, 404), (4, 400), (5, 422), (6, 398), (7, 371), (8, 414), (9, 383)]

Client 4 label distribution:
[(0, 412), (1, 412), (2, 385), (3, 396), (4, 358), (5, 395), (6, 400), (7, 404), (8, 404), (9, 394)]

Client 5 label distribution:
[(0, 408), (1, 412), (2, 381), (3, 384), (4, 390), (5, 393), (6, 391), (7, 420), (8, 403), (9, 378)]

Client 6 label distribution:
[(0, 386), (1, 367), (2, 405), (3, 402), (4, 388), (5, 359), (6, 409), (7, 395), (8, 416), (9, 433)]

Client 7 label distribution:
[(0, 370), (1, 424), (2, 396), (3, 416), (4, 384), (5, 432), (6, 395), (7, 378), (8, 380), (9, 385)]

Client 8 label distribution:
[(0, 372), (1, 411), (2, 428), (3, 388), (4, 419), (5, 379), (6, 409), (7, 394), (8, 365), (9, 395)]

Client 9 label distribution:
[(0, 385), (1, 380), (2, 363), (3, 392), (4, 417), (5, 419), (6, 361), (7, 426), (8, 412), (9, 405)]
Client 0: avg epsilon = 0.7321
Client 1: avg epsilon = 0.8028
Client 2: avg epsilon = 0.7653
Client 3: avg epsilon = 0.7523
Client 4: avg epsilon = 0.7712
Client 5: avg epsilon = 0.7548
Client 6: avg epsilon = 0.8201
Client 7: avg epsilon = 0.7487
Client 8: avg epsilon = 0.7613
Client 9: avg epsilon = 0.7916
 We run FedAvg with rPDP (ThreeLevels-0) ...
max_epsilon :  10.0  noise_multiplier :  9.736328125
The R-Squared value of the best-fit curve : 0.999749898528281
learning rate =  0.001
sample_rate: (min) 0.03, (max) 0.61, expected_batch_size: 416
sample_rate: (min) 0.03, (max) 0.61, expected_batch_size: 451
sample_rate: (min) 0.03, (max) 0.61, expected_batch_size: 433
sample_rate: (min) 0.03, (max) 0.61, expected_batch_size: 426
sample_rate: (min) 0.03, (max) 0.61, expected_batch_size: 436
sample_rate: (min) 0.03, (max) 0.61, expected_batch_size: 429
sample_rate: (min) 0.03, (max) 0.61, expected_batch_size: 459
sample_rate: (min) 0.03, (max) 0.61, expected_batch_size: 424
sample_rate: (min) 0.03, (max) 0.61, expected_batch_size: 430
sample_rate: (min) 0.03, (max) 0.61, expected_batch_size: 446
initial privacy cost of all clients:  [0, 0, 0, 0, 0, 0, 0, 0, 0, 0]
Round=0
Round=1
Round=2
Round=3
Round=4
Round=5
Round=6
Round=7
Round=8
Round=9
Round=10
Round=11
Round=12
Round=13
Round=14
current privacy cost of all clients:  [3.8048372549984366, 4.510367153745826, 3.8048372549984366, 2.1521425035466386, 4.305288889404985, 3.0541598033886133, 2.8039339861853394, 3.0541598033886133, 2.8039339861853394, 3.554611437795162]
Round=14, per client global perf=[0.4279, 0.4363, 0.4397, 0.427, 0.4225, 0.4319, 0.4426, 0.4328, 0.4176, 0.4289], mean perf=8787/20400 (0.4307%)
Round=14, per client personal perf=[0.5123, 0.5397, 0.4882, 0.5627, 0.5799, 0.5005, 0.5681, 0.5054, 0.5025, 0.524], mean perf=10778/20400 (0.5283%)
Round=14, per client personal pooled=[0.5097, 0.5292, 0.492, 0.562, 0.5811, 0.5077, 0.5647, 0.5103, 0.4976, 0.5299], mean perf=107800/204000 (0.5284%)
Mean performance of ditto rpdp global, Perf=0.4103, seed=44
Mean performance of ditto rpdp personal, Perf=0.5081, seed=44
Mean performance of ditto rpdp pooled, Perf=0.5096, seed=44
Client 0: avg epsilon = 0.3397
Client 1: avg epsilon = 0.3595
Client 2: avg epsilon = 0.3685
Client 3: avg epsilon = 0.3811
Client 4: avg epsilon = 0.3989
Client 5: avg epsilon = 0.4135
Client 6: avg epsilon = 0.4526
Client 7: avg epsilon = 0.4619
Client 8: avg epsilon = 0.5069
Client 9: avg epsilon = 0.6591
 We run FedAvg with rPDP (BoundedPareto-0) ...
max_epsilon :  10.0  noise_multiplier :  9.736328125
The R-Squared value of the best-fit curve : 0.999749898528281
learning rate =  0.001
sample_rate: (min) 0.03, (max) 0.15, expected_batch_size: 244
sample_rate: (min) 0.03, (max) 0.16, expected_batch_size: 255
sample_rate: (min) 0.03, (max) 0.17, expected_batch_size: 260
sample_rate: (min) 0.03, (max) 0.18, expected_batch_size: 268
sample_rate: (min) 0.03, (max) 0.19, expected_batch_size: 278
sample_rate: (min) 0.03, (max) 0.2, expected_batch_size: 286
sample_rate: (min) 0.03, (max) 0.23, expected_batch_size: 308
sample_rate: (min) 0.03, (max) 0.26, expected_batch_size: 312
sample_rate: (min) 0.03, (max) 0.32, expected_batch_size: 335
sample_rate: (min) 0.03, (max) 1.0, expected_batch_size: 405
initial privacy cost of all clients:  [0, 0, 0, 0, 0, 0, 0, 0, 0, 0]
Round=0
Round=1
Round=2
Round=3
Round=4
Round=5
Round=6
Round=7
Round=8
Round=9
Round=10
Round=11
Round=12
Round=13
Round=14
current privacy cost of all clients:  [0.6956181848134951, 0.8586979810293165, 0.7920872226700502, 0.49184508011579625, 1.0253559632278404, 0.8229428603288331, 0.8584072539901793, 1.0904339703446881, 1.2845695398555657, 6.803447050009791]
Round=14, per client global perf=[0.4833, 0.4799, 0.4627, 0.4598, 0.4765, 0.4755, 0.4593, 0.4471, 0.4701, 0.4495], mean perf=9514/20400 (0.4664%)
Round=14, per client personal perf=[0.6426, 0.6162, 0.5789, 0.5074, 0.5711, 0.4985, 0.5147, 0.4843, 0.5025, 0.4971], mean perf=11043/20400 (0.5413%)
Round=14, per client personal pooled=[0.625, 0.6118, 0.5801, 0.5227, 0.5662, 0.5102, 0.5134, 0.4996, 0.4981, 0.5156], mean perf=111034/204000 (0.5443%)
Mean performance of ditto rpdp global, Perf=0.4679, seed=44
Mean performance of ditto rpdp personal, Perf=0.5247, seed=44
Mean performance of ditto rpdp pooled, Perf=0.5282, seed=44
Client 0: avg epsilon = 0.6596
Client 1: avg epsilon = 0.7436
Client 2: avg epsilon = 0.7337
Client 3: avg epsilon = 0.7408
Client 4: avg epsilon = 0.7746
Client 5: avg epsilon = 0.7742
Client 6: avg epsilon = 0.8604
Client 7: avg epsilon = 0.8056
Client 8: avg epsilon = 0.8420
Client 9: avg epsilon = 0.9381
 We run FedAvg with rPDP (BoundedMixGauss-0) ...
max_epsilon :  10.0  noise_multiplier :  9.736328125
The R-Squared value of the best-fit curve : 0.999749898528281
learning rate =  0.001
sample_rate: (min) 0.03, (max) 0.55, expected_batch_size: 389
sample_rate: (min) 0.03, (max) 0.57, expected_batch_size: 428
sample_rate: (min) 0.03, (max) 0.58, expected_batch_size: 422
sample_rate: (min) 0.03, (max) 0.59, expected_batch_size: 424
sample_rate: (min) 0.03, (max) 0.61, expected_batch_size: 440
sample_rate: (min) 0.03, (max) 0.62, expected_batch_size: 439
sample_rate: (min) 0.03, (max) 0.63, expected_batch_size: 478
sample_rate: (min) 0.03, (max) 0.64, expected_batch_size: 450
sample_rate: (min) 0.03, (max) 0.66, expected_batch_size: 466
sample_rate: (min) 0.03, (max) 0.77, expected_batch_size: 509
initial privacy cost of all clients:  [0, 0, 0, 0, 0, 0, 0, 0, 0, 0]
Round=0
Round=1
Round=2
Round=3
Round=4
Round=5
Round=6
Round=7
Round=8
Round=9
Round=10
Round=11
Round=12
Round=13
Round=14
current privacy cost of all clients:  [3.314321147704087, 4.11317569889657, 3.5970680072111274, 2.1014443369785516, 4.294303908109173, 3.113541806597043, 2.9233139453321044, 3.2838827425077355, 3.100601686150985, 4.77719853540031]
Round=14, per client global perf=[0.4245, 0.4412, 0.4426, 0.4279, 0.4186, 0.4309, 0.4328, 0.4211, 0.4152, 0.4118], mean perf=8704/20400 (0.4267%)
Round=14, per client personal perf=[0.5882, 0.598, 0.5725, 0.5505, 0.5623, 0.5152, 0.5882, 0.4931, 0.5328, 0.5721], mean perf=11369/20400 (0.5573%)
Round=14, per client personal pooled=[0.5798, 0.58, 0.572, 0.5549, 0.5671, 0.5217, 0.5815, 0.506, 0.5289, 0.585], mean perf=113766/204000 (0.5577%)
Mean performance of ditto rpdp global, Perf=0.4136, seed=44
Mean performance of ditto rpdp personal, Perf=0.5319, seed=44
Mean performance of ditto rpdp pooled, Perf=0.5328, seed=44
Finished seed 44
----------------------------------------
Running seed 45
/Users/shegao_t1/DP_Research/Personal_DP_Personal_FL/rpdp_fl/experiments/datasets/fed_fashion_mnist/iid_10

Client 0 label distribution:
[(0, 440), (1, 401), (2, 413), (3, 389), (4, 377), (5, 395), (6, 380), (7, 394), (8, 376), (9, 395)]

Client 1 label distribution:
[(0, 409), (1, 386), (2, 399), (3, 384), (4, 416), (5, 389), (6, 356), (7, 399), (8, 401), (9, 421)]

Client 2 label distribution:
[(0, 379), (1, 430), (2, 396), (3, 386), (4, 376), (5, 379), (6, 429), (7, 401), (8, 392), (9, 392)]

Client 3 label distribution:
[(0, 406), (1, 408), (2, 354), (3, 404), (4, 400), (5, 422), (6, 398), (7, 371), (8, 414), (9, 383)]

Client 4 label distribution:
[(0, 412), (1, 412), (2, 385), (3, 396), (4, 358), (5, 395), (6, 400), (7, 404), (8, 404), (9, 394)]

Client 5 label distribution:
[(0, 408), (1, 412), (2, 381), (3, 384), (4, 390), (5, 393), (6, 391), (7, 420), (8, 403), (9, 378)]

Client 6 label distribution:
[(0, 386), (1, 367), (2, 405), (3, 402), (4, 388), (5, 359), (6, 409), (7, 395), (8, 416), (9, 433)]

Client 7 label distribution:
[(0, 370), (1, 424), (2, 396), (3, 416), (4, 384), (5, 432), (6, 395), (7, 378), (8, 380), (9, 385)]

Client 8 label distribution:
[(0, 372), (1, 411), (2, 428), (3, 388), (4, 419), (5, 379), (6, 409), (7, 394), (8, 365), (9, 395)]

Client 9 label distribution:
[(0, 385), (1, 380), (2, 363), (3, 392), (4, 417), (5, 419), (6, 361), (7, 426), (8, 412), (9, 405)]
Client 0: avg epsilon = 0.7321
Client 1: avg epsilon = 0.8028
Client 2: avg epsilon = 0.7653
Client 3: avg epsilon = 0.7523
Client 4: avg epsilon = 0.7712
Client 5: avg epsilon = 0.7548
Client 6: avg epsilon = 0.8201
Client 7: avg epsilon = 0.7487
Client 8: avg epsilon = 0.7613
Client 9: avg epsilon = 0.7916
 We run FedAvg with rPDP (ThreeLevels-0) ...
max_epsilon :  10.0  noise_multiplier :  9.736328125
The R-Squared value of the best-fit curve : 0.999749898528281
learning rate =  0.001
sample_rate: (min) 0.03, (max) 0.61, expected_batch_size: 416
sample_rate: (min) 0.03, (max) 0.61, expected_batch_size: 451
sample_rate: (min) 0.03, (max) 0.61, expected_batch_size: 433
sample_rate: (min) 0.03, (max) 0.61, expected_batch_size: 426
sample_rate: (min) 0.03, (max) 0.61, expected_batch_size: 436
sample_rate: (min) 0.03, (max) 0.61, expected_batch_size: 429
sample_rate: (min) 0.03, (max) 0.61, expected_batch_size: 459
sample_rate: (min) 0.03, (max) 0.61, expected_batch_size: 424
sample_rate: (min) 0.03, (max) 0.61, expected_batch_size: 430
sample_rate: (min) 0.03, (max) 0.61, expected_batch_size: 446
initial privacy cost of all clients:  [0, 0, 0, 0, 0, 0, 0, 0, 0, 0]
Round=0
Round=1
Round=2
Round=3
Round=4
Round=5
Round=6
Round=7
Round=8
Round=9
Round=10
Round=11
Round=12
Round=13
Round=14
current privacy cost of all clients:  [3.554611437795162, 3.554611437795162, 3.3043856205918876, 2.502378074621252, 3.554611437795162, 4.055063072201711, 3.554611437795162, 2.8039339861853394, 3.8048372549984366, 4.055063072201711]
Round=14, per client global perf=[0.3814, 0.3789, 0.3912, 0.3775, 0.3686, 0.3696, 0.3931, 0.3907, 0.3701, 0.3765], mean perf=7747/20400 (0.3798%)
Round=14, per client personal perf=[0.4176, 0.4706, 0.4534, 0.4132, 0.4975, 0.5074, 0.5059, 0.4681, 0.4471, 0.477], mean perf=9502/20400 (0.4658%)
Round=14, per client personal pooled=[0.4162, 0.4603, 0.4409, 0.4225, 0.5082, 0.5073, 0.5012, 0.4628, 0.4583, 0.4829], mean perf=95077/204000 (0.4661%)
Mean performance of ditto rpdp global, Perf=0.3684, seed=45
Mean performance of ditto rpdp personal, Perf=0.4518, seed=45
Mean performance of ditto rpdp pooled, Perf=0.4515, seed=45
Client 0: avg epsilon = 0.3391
Client 1: avg epsilon = 0.3585
Client 2: avg epsilon = 0.3670
Client 3: avg epsilon = 0.3789
Client 4: avg epsilon = 0.3968
Client 5: avg epsilon = 0.4120
Client 6: avg epsilon = 0.4520
Client 7: avg epsilon = 0.4614
Client 8: avg epsilon = 0.5074
Client 9: avg epsilon = 0.6634
 We run FedAvg with rPDP (BoundedPareto-0) ...
max_epsilon :  10.0  noise_multiplier :  9.736328125
The R-Squared value of the best-fit curve : 0.999749898528281
learning rate =  0.001
sample_rate: (min) 0.03, (max) 0.15, expected_batch_size: 243
sample_rate: (min) 0.03, (max) 0.15, expected_batch_size: 255
sample_rate: (min) 0.03, (max) 0.16, expected_batch_size: 260
sample_rate: (min) 0.03, (max) 0.17, expected_batch_size: 266
sample_rate: (min) 0.03, (max) 0.19, expected_batch_size: 276
sample_rate: (min) 0.03, (max) 0.2, expected_batch_size: 285
sample_rate: (min) 0.03, (max) 0.23, expected_batch_size: 307
sample_rate: (min) 0.03, (max) 0.26, expected_batch_size: 312
sample_rate: (min) 0.03, (max) 0.32, expected_batch_size: 335
sample_rate: (min) 0.03, (max) 1.0, expected_batch_size: 406
initial privacy cost of all clients:  [0, 0, 0, 0, 0, 0, 0, 0, 0, 0]
Round=0
Round=1
Round=2
Round=3
Round=4
Round=5
Round=6
Round=7
Round=8
Round=9
Round=10
Round=11
Round=12
Round=13
Round=14
current privacy cost of all clients:  [0.6446782713231138, 0.6869797459107284, 0.6828144251576426, 0.5524241836734276, 0.8529951475416915, 1.0553478738354543, 1.0807964550615639, 1.0029847329778867, 1.7411477398622146, 7.879532215750026]
Round=14, per client global perf=[0.4946, 0.4961, 0.4755, 0.4676, 0.4711, 0.4711, 0.4716, 0.4632, 0.4804, 0.4657], mean perf=9704/20400 (0.4757%)
Round=14, per client personal perf=[0.4618, 0.5059, 0.527, 0.4858, 0.4941, 0.5358, 0.5245, 0.5005, 0.5044, 0.5162], mean perf=10314/20400 (0.5056%)
Round=14, per client personal pooled=[0.4539, 0.4966, 0.5349, 0.5007, 0.5091, 0.5375, 0.521, 0.4938, 0.5069, 0.5213], mean perf=103547/204000 (0.5076%)
Mean performance of ditto rpdp global, Perf=0.4609, seed=45
Mean performance of ditto rpdp personal, Perf=0.4962, seed=45
Mean performance of ditto rpdp pooled, Perf=0.4971, seed=45
Client 0: avg epsilon = 0.6771
Client 1: avg epsilon = 0.7478
Client 2: avg epsilon = 0.7367
Client 3: avg epsilon = 0.7432
Client 4: avg epsilon = 0.7763
Client 5: avg epsilon = 0.7758
Client 6: avg epsilon = 0.8616
Client 7: avg epsilon = 0.8076
Client 8: avg epsilon = 0.8438
Client 9: avg epsilon = 0.9693
 We run FedAvg with rPDP (BoundedMixGauss-0) ...
max_epsilon :  10.0  noise_multiplier :  9.736328125
The R-Squared value of the best-fit curve : 0.999749898528281
learning rate =  0.001
sample_rate: (min) 0.03, (max) 0.55, expected_batch_size: 398
sample_rate: (min) 0.03, (max) 0.57, expected_batch_size: 430
sample_rate: (min) 0.03, (max) 0.58, expected_batch_size: 424
sample_rate: (min) 0.03, (max) 0.59, expected_batch_size: 426
sample_rate: (min) 0.03, (max) 0.61, expected_batch_size: 441
sample_rate: (min) 0.03, (max) 0.62, expected_batch_size: 440
sample_rate: (min) 0.03, (max) 0.63, expected_batch_size: 479
sample_rate: (min) 0.03, (max) 0.64, expected_batch_size: 451
sample_rate: (min) 0.03, (max) 0.66, expected_batch_size: 467
sample_rate: (min) 0.03, (max) 0.77, expected_batch_size: 525
initial privacy cost of all clients:  [0, 0, 0, 0, 0, 0, 0, 0, 0, 0]
Round=0
Round=1
Round=2
Round=3
Round=4
Round=5
Round=6
Round=7
Round=8
Round=9
Round=10
Round=11
Round=12
Round=13
Round=14
current privacy cost of all clients:  [3.1303686976401996, 3.273014395857367, 3.14876664896902, 2.435482395405531, 3.5512643434407662, 4.160732732148667, 3.751048935817443, 2.998789123635933, 4.338939443191621, 5.387946020137831]
Round=14, per client global perf=[0.4044, 0.401, 0.4093, 0.3956, 0.3975, 0.4015, 0.4069, 0.4103, 0.3971, 0.3971], mean perf=8202/20400 (0.4021%)
Round=14, per client personal perf=[0.5, 0.523, 0.4745, 0.4294, 0.5127, 0.5059, 0.498, 0.4721, 0.4853, 0.4804], mean perf=9958/20400 (0.4881%)
Round=14, per client personal pooled=[0.4927, 0.5177, 0.4807, 0.4374, 0.5194, 0.51, 0.485, 0.4757, 0.4977, 0.4891], mean perf=100073/204000 (0.4906%)
Mean performance of ditto rpdp global, Perf=0.3896, seed=45
Mean performance of ditto rpdp personal, Perf=0.4758, seed=45
Mean performance of ditto rpdp pooled, Perf=0.4777, seed=45
Finished seed 45
----------------------------------------
Running seed 46
/Users/shegao_t1/DP_Research/Personal_DP_Personal_FL/rpdp_fl/experiments/datasets/fed_fashion_mnist/iid_10

Client 0 label distribution:
[(0, 440), (1, 401), (2, 413), (3, 389), (4, 377), (5, 395), (6, 380), (7, 394), (8, 376), (9, 395)]

Client 1 label distribution:
[(0, 409), (1, 386), (2, 399), (3, 384), (4, 416), (5, 389), (6, 356), (7, 399), (8, 401), (9, 421)]

Client 2 label distribution:
[(0, 379), (1, 430), (2, 396), (3, 386), (4, 376), (5, 379), (6, 429), (7, 401), (8, 392), (9, 392)]

Client 3 label distribution:
[(0, 406), (1, 408), (2, 354), (3, 404), (4, 400), (5, 422), (6, 398), (7, 371), (8, 414), (9, 383)]

Client 4 label distribution:
[(0, 412), (1, 412), (2, 385), (3, 396), (4, 358), (5, 395), (6, 400), (7, 404), (8, 404), (9, 394)]

Client 5 label distribution:
[(0, 408), (1, 412), (2, 381), (3, 384), (4, 390), (5, 393), (6, 391), (7, 420), (8, 403), (9, 378)]

Client 6 label distribution:
[(0, 386), (1, 367), (2, 405), (3, 402), (4, 388), (5, 359), (6, 409), (7, 395), (8, 416), (9, 433)]

Client 7 label distribution:
[(0, 370), (1, 424), (2, 396), (3, 416), (4, 384), (5, 432), (6, 395), (7, 378), (8, 380), (9, 385)]

Client 8 label distribution:
[(0, 372), (1, 411), (2, 428), (3, 388), (4, 419), (5, 379), (6, 409), (7, 394), (8, 365), (9, 395)]

Client 9 label distribution:
[(0, 385), (1, 380), (2, 363), (3, 392), (4, 417), (5, 419), (6, 361), (7, 426), (8, 412), (9, 405)]
Client 0: avg epsilon = 0.7321
Client 1: avg epsilon = 0.8028
Client 2: avg epsilon = 0.7653
Client 3: avg epsilon = 0.7523
Client 4: avg epsilon = 0.7712
Client 5: avg epsilon = 0.7548
Client 6: avg epsilon = 0.8201
Client 7: avg epsilon = 0.7487
Client 8: avg epsilon = 0.7613
Client 9: avg epsilon = 0.7916
 We run FedAvg with rPDP (ThreeLevels-0) ...
max_epsilon :  10.0  noise_multiplier :  9.736328125
The R-Squared value of the best-fit curve : 0.999749898528281
learning rate =  0.001
sample_rate: (min) 0.03, (max) 0.61, expected_batch_size: 416
sample_rate: (min) 0.03, (max) 0.61, expected_batch_size: 451
sample_rate: (min) 0.03, (max) 0.61, expected_batch_size: 433
sample_rate: (min) 0.03, (max) 0.61, expected_batch_size: 426
sample_rate: (min) 0.03, (max) 0.61, expected_batch_size: 436
sample_rate: (min) 0.03, (max) 0.61, expected_batch_size: 429
sample_rate: (min) 0.03, (max) 0.61, expected_batch_size: 459
sample_rate: (min) 0.03, (max) 0.61, expected_batch_size: 424
sample_rate: (min) 0.03, (max) 0.61, expected_batch_size: 430
sample_rate: (min) 0.03, (max) 0.61, expected_batch_size: 446
initial privacy cost of all clients:  [0, 0, 0, 0, 0, 0, 0, 0, 0, 0]
Round=0
Round=1
Round=2
Round=3
Round=4
Round=5
Round=6
Round=7
Round=8
Round=9
Round=10
Round=11
Round=12
Round=13
Round=14
current privacy cost of all clients:  [3.3043856205918876, 3.8048372549984366, 3.3043856205918876, 3.554611437795162, 3.3043856205918876, 3.554611437795162, 3.554611437795162, 4.305288889404985, 4.055063072201711, 3.554611437795162]
Round=14, per client global perf=[0.425, 0.4358, 0.4461, 0.4397, 0.425, 0.4186, 0.4451, 0.4279, 0.4137, 0.4255], mean perf=8777/20400 (0.4302%)
Round=14, per client personal perf=[0.5627, 0.5407, 0.5078, 0.5652, 0.4833, 0.527, 0.5554, 0.5078, 0.5098, 0.4838], mean perf=10697/20400 (0.5244%)
Round=14, per client personal pooled=[0.5607, 0.5406, 0.4939, 0.5582, 0.4889, 0.5383, 0.5409, 0.5032, 0.5215, 0.4867], mean perf=106754/204000 (0.5233%)
Mean performance of ditto rpdp global, Perf=0.4016, seed=46
Mean performance of ditto rpdp personal, Perf=0.4961, seed=46
Mean performance of ditto rpdp pooled, Perf=0.4988, seed=46
Client 0: avg epsilon = 0.3369
Client 1: avg epsilon = 0.3564
Client 2: avg epsilon = 0.3647
Client 3: avg epsilon = 0.3771
Client 4: avg epsilon = 0.3950
Client 5: avg epsilon = 0.4102
Client 6: avg epsilon = 0.4493
Client 7: avg epsilon = 0.4578
Client 8: avg epsilon = 0.5068
Client 9: avg epsilon = 0.6623
 We run FedAvg with rPDP (BoundedPareto-0) ...
max_epsilon :  10.0  noise_multiplier :  9.736328125
The R-Squared value of the best-fit curve : 0.999749898528281
learning rate =  0.001
sample_rate: (min) 0.03, (max) 0.15, expected_batch_size: 242
sample_rate: (min) 0.03, (max) 0.15, expected_batch_size: 253
sample_rate: (min) 0.03, (max) 0.16, expected_batch_size: 258
sample_rate: (min) 0.03, (max) 0.17, expected_batch_size: 265
sample_rate: (min) 0.03, (max) 0.19, expected_batch_size: 275
sample_rate: (min) 0.03, (max) 0.2, expected_batch_size: 284
sample_rate: (min) 0.03, (max) 0.23, expected_batch_size: 306
sample_rate: (min) 0.03, (max) 0.26, expected_batch_size: 310
sample_rate: (min) 0.03, (max) 0.33, expected_batch_size: 335
sample_rate: (min) 0.03, (max) 1.0, expected_batch_size: 406
initial privacy cost of all clients:  [0, 0, 0, 0, 0, 0, 0, 0, 0, 0]
Round=0
Round=1
Round=2
Round=3
Round=4
Round=5
Round=6
Round=7
Round=8
Round=9
Round=10
Round=11
Round=12
Round=13
Round=14
current privacy cost of all clients:  [0.603393240280749, 0.7302215730766968, 0.6845734763795118, 0.7897711915359866, 0.8041123821298981, 0.944253869278017, 1.0752883525774077, 1.4881491113413472, 1.868073554067909, 6.803447050009791]
Round=14, per client global perf=[0.4809, 0.4819, 0.4485, 0.4505, 0.4471, 0.4569, 0.4667, 0.4505, 0.4623, 0.4417], mean perf=9357/20400 (0.4587%)
Round=14, per client personal perf=[0.5657, 0.5716, 0.4853, 0.5422, 0.5328, 0.5176, 0.5623, 0.5167, 0.4902, 0.5485], mean perf=10879/20400 (0.5333%)
Round=14, per client personal pooled=[0.5608, 0.5541, 0.4904, 0.5421, 0.5348, 0.5267, 0.5554, 0.5224, 0.4899, 0.5582], mean perf=108828/204000 (0.5335%)
Mean performance of ditto rpdp global, Perf=0.4356, seed=46
Mean performance of ditto rpdp personal, Perf=0.5289, seed=46
Mean performance of ditto rpdp pooled, Perf=0.5293, seed=46
Client 0: avg epsilon = 0.5684
Client 1: avg epsilon = 0.7372
Client 2: avg epsilon = 0.7303
Client 3: avg epsilon = 0.7379
Client 4: avg epsilon = 0.7720
Client 5: avg epsilon = 0.7724
Client 6: avg epsilon = 0.8590
Client 7: avg epsilon = 0.8046
Client 8: avg epsilon = 0.8413
Client 9: avg epsilon = 0.9202
 We run FedAvg with rPDP (BoundedMixGauss-0) ...
max_epsilon :  10.0  noise_multiplier :  9.736328125
The R-Squared value of the best-fit curve : 0.999749898528281
learning rate =  0.001
sample_rate: (min) 0.03, (max) 0.54, expected_batch_size: 347
sample_rate: (min) 0.03, (max) 0.56, expected_batch_size: 426
sample_rate: (min) 0.03, (max) 0.58, expected_batch_size: 421
sample_rate: (min) 0.03, (max) 0.59, expected_batch_size: 423
sample_rate: (min) 0.03, (max) 0.61, expected_batch_size: 439
sample_rate: (min) 0.03, (max) 0.62, expected_batch_size: 438
sample_rate: (min) 0.03, (max) 0.63, expected_batch_size: 477
sample_rate: (min) 0.03, (max) 0.64, expected_batch_size: 450
sample_rate: (min) 0.03, (max) 0.66, expected_batch_size: 465
sample_rate: (min) 0.03, (max) 0.75, expected_batch_size: 500
initial privacy cost of all clients:  [0, 0, 0, 0, 0, 0, 0, 0, 0, 0]
Round=0
Round=1
Round=2
Round=3
Round=4
Round=5
Round=6
Round=7
Round=8
Round=9
Round=10
Round=11
Round=12
Round=13
Round=14
current privacy cost of all clients:  [2.8716623846409273, 3.4526894915442936, 3.1236595094331006, 3.4455893398743624, 3.293201504148378, 3.632267001884864, 3.751696849229588, 4.607641205581554, 4.553096928444682, 4.699892211236226]
Round=14, per client global perf=[0.3946, 0.4127, 0.3907, 0.3902, 0.3922, 0.3843, 0.4044, 0.3828, 0.3897, 0.3833], mean perf=8007/20400 (0.3925%)
Round=14, per client personal perf=[0.525, 0.524, 0.5113, 0.4995, 0.4877, 0.4922, 0.5142, 0.5142, 0.5083, 0.5324], mean perf=10422/20400 (0.5109%)
Round=14, per client personal pooled=[0.5155, 0.5011, 0.515, 0.4936, 0.4932, 0.4982, 0.5025, 0.5221, 0.518, 0.5409], mean perf=104045/204000 (0.5100%)
Mean performance of ditto rpdp global, Perf=0.3634, seed=46
Mean performance of ditto rpdp personal, Perf=0.5123, seed=46
Mean performance of ditto rpdp pooled, Perf=0.5126, seed=46
Finished seed 46
----------------------------------------
=== Running reg_param=20, num_steps=15 ===
Running seed 42
/Users/shegao_t1/DP_Research/Personal_DP_Personal_FL/rpdp_fl/experiments/datasets/fed_fashion_mnist/iid_10

Client 0 label distribution:
[(0, 440), (1, 401), (2, 413), (3, 389), (4, 377), (5, 395), (6, 380), (7, 394), (8, 376), (9, 395)]

Client 1 label distribution:
[(0, 409), (1, 386), (2, 399), (3, 384), (4, 416), (5, 389), (6, 356), (7, 399), (8, 401), (9, 421)]

Client 2 label distribution:
[(0, 379), (1, 430), (2, 396), (3, 386), (4, 376), (5, 379), (6, 429), (7, 401), (8, 392), (9, 392)]

Client 3 label distribution:
[(0, 406), (1, 408), (2, 354), (3, 404), (4, 400), (5, 422), (6, 398), (7, 371), (8, 414), (9, 383)]

Client 4 label distribution:
[(0, 412), (1, 412), (2, 385), (3, 396), (4, 358), (5, 395), (6, 400), (7, 404), (8, 404), (9, 394)]

Client 5 label distribution:
[(0, 408), (1, 412), (2, 381), (3, 384), (4, 390), (5, 393), (6, 391), (7, 420), (8, 403), (9, 378)]

Client 6 label distribution:
[(0, 386), (1, 367), (2, 405), (3, 402), (4, 388), (5, 359), (6, 409), (7, 395), (8, 416), (9, 433)]

Client 7 label distribution:
[(0, 370), (1, 424), (2, 396), (3, 416), (4, 384), (5, 432), (6, 395), (7, 378), (8, 380), (9, 385)]

Client 8 label distribution:
[(0, 372), (1, 411), (2, 428), (3, 388), (4, 419), (5, 379), (6, 409), (7, 394), (8, 365), (9, 395)]

Client 9 label distribution:
[(0, 385), (1, 380), (2, 363), (3, 392), (4, 417), (5, 419), (6, 361), (7, 426), (8, 412), (9, 405)]
Client 0: avg epsilon = 0.7321
Client 1: avg epsilon = 0.8028
Client 2: avg epsilon = 0.7653
Client 3: avg epsilon = 0.7523
Client 4: avg epsilon = 0.7712
Client 5: avg epsilon = 0.7548
Client 6: avg epsilon = 0.8201
Client 7: avg epsilon = 0.7487
Client 8: avg epsilon = 0.7613
Client 9: avg epsilon = 0.7916
 We run FedAvg with rPDP (ThreeLevels-0) ...
max_epsilon :  10.0  noise_multiplier :  9.736328125
The R-Squared value of the best-fit curve : 0.999749898528281
learning rate =  0.001
sample_rate: (min) 0.03, (max) 0.61, expected_batch_size: 416
sample_rate: (min) 0.03, (max) 0.61, expected_batch_size: 451
sample_rate: (min) 0.03, (max) 0.61, expected_batch_size: 433
sample_rate: (min) 0.03, (max) 0.61, expected_batch_size: 426
sample_rate: (min) 0.03, (max) 0.61, expected_batch_size: 436
sample_rate: (min) 0.03, (max) 0.61, expected_batch_size: 429
sample_rate: (min) 0.03, (max) 0.61, expected_batch_size: 459
sample_rate: (min) 0.03, (max) 0.61, expected_batch_size: 424
sample_rate: (min) 0.03, (max) 0.61, expected_batch_size: 430
sample_rate: (min) 0.03, (max) 0.61, expected_batch_size: 446
initial privacy cost of all clients:  [0, 0, 0, 0, 0, 0, 0, 0, 0, 0]
Round=0
Round=1
Round=2
Round=3
Round=4
Round=5
Round=6
Round=7
Round=8
Round=9
Round=10
Round=11
Round=12
Round=13
Round=14
current privacy cost of all clients:  [3.554611437795162, 3.554611437795162, 2.8039339861853394, 3.3043856205918876, 3.8048372549984366, 3.554611437795162, 3.8048372549984366, 4.055063072201711, 4.305288889404985, 3.0541598033886133]
Round=14, per client global perf=[0.3784, 0.3784, 0.3784, 0.3706, 0.3623, 0.3765, 0.3843, 0.3691, 0.3608, 0.3706], mean perf=7608/20400 (0.3729%)
Round=14, per client personal perf=[0.424, 0.449, 0.3809, 0.4348, 0.4181, 0.448, 0.4613, 0.401, 0.4529, 0.4647], mean perf=8843/20400 (0.4335%)
Round=14, per client personal pooled=[0.4232, 0.4511, 0.3782, 0.4382, 0.4294, 0.4402, 0.455, 0.403, 0.4649, 0.4696], mean perf=88800/204000 (0.4353%)
Mean performance of ditto rpdp global, Perf=0.3557, seed=42
Mean performance of ditto rpdp personal, Perf=0.4005, seed=42
Mean performance of ditto rpdp pooled, Perf=0.4022, seed=42
Client 0: avg epsilon = 0.3382
Client 1: avg epsilon = 0.3575
Client 2: avg epsilon = 0.3662
Client 3: avg epsilon = 0.3782
Client 4: avg epsilon = 0.3958
Client 5: avg epsilon = 0.4104
Client 6: avg epsilon = 0.4500
Client 7: avg epsilon = 0.4586
Client 8: avg epsilon = 0.5046
Client 9: avg epsilon = 0.6557
 We run FedAvg with rPDP (BoundedPareto-0) ...
max_epsilon :  10.0  noise_multiplier :  9.736328125
The R-Squared value of the best-fit curve : 0.999749898528281
learning rate =  0.001
sample_rate: (min) 0.03, (max) 0.15, expected_batch_size: 243
sample_rate: (min) 0.03, (max) 0.16, expected_batch_size: 254
sample_rate: (min) 0.03, (max) 0.16, expected_batch_size: 259
sample_rate: (min) 0.03, (max) 0.17, expected_batch_size: 266
sample_rate: (min) 0.03, (max) 0.19, expected_batch_size: 276
sample_rate: (min) 0.03, (max) 0.2, expected_batch_size: 284
sample_rate: (min) 0.03, (max) 0.23, expected_batch_size: 306
sample_rate: (min) 0.03, (max) 0.26, expected_batch_size: 310
sample_rate: (min) 0.03, (max) 0.32, expected_batch_size: 334
sample_rate: (min) 0.03, (max) 0.98, expected_batch_size: 404
initial privacy cost of all clients:  [0, 0, 0, 0, 0, 0, 0, 0, 0, 0]
Round=0
Round=1
Round=2
Round=3
Round=4
Round=5
Round=6
Round=7
Round=8
Round=9
Round=10
Round=11
Round=12
Round=13
Round=14
current privacy cost of all clients:  [0.6467664365012017, 0.6889795199005952, 0.5819917504517842, 0.7354479782632062, 0.9099519022060186, 0.9374383049887219, 1.1378477898081383, 1.4071502808945435, 1.9162462442557835, 5.563993025730616]
Round=14, per client global perf=[0.4696, 0.4765, 0.4618, 0.4544, 0.4819, 0.4775, 0.451, 0.4436, 0.4691, 0.4534], mean perf=9463/20400 (0.4639%)
Round=14, per client personal perf=[0.5368, 0.5525, 0.5279, 0.527, 0.577, 0.502, 0.5446, 0.5152, 0.5603, 0.5132], mean perf=10927/20400 (0.5356%)
Round=14, per client personal pooled=[0.5255, 0.5416, 0.5337, 0.531, 0.5601, 0.5049, 0.5493, 0.5275, 0.5618, 0.529], mean perf=109430/204000 (0.5364%)
Mean performance of ditto rpdp global, Perf=0.4603, seed=42
Mean performance of ditto rpdp personal, Perf=0.5226, seed=42
Mean performance of ditto rpdp pooled, Perf=0.5232, seed=42
Client 0: avg epsilon = 0.5773
Client 1: avg epsilon = 0.7382
Client 2: avg epsilon = 0.7303
Client 3: avg epsilon = 0.7377
Client 4: avg epsilon = 0.7720
Client 5: avg epsilon = 0.7721
Client 6: avg epsilon = 0.8576
Client 7: avg epsilon = 0.8031
Client 8: avg epsilon = 0.8387
Client 9: avg epsilon = 0.9170
 We run FedAvg with rPDP (BoundedMixGauss-0) ...
max_epsilon :  10.0  noise_multiplier :  9.736328125
The R-Squared value of the best-fit curve : 0.999749898528281
learning rate =  0.001
sample_rate: (min) 0.03, (max) 0.54, expected_batch_size: 351
sample_rate: (min) 0.03, (max) 0.56, expected_batch_size: 426
sample_rate: (min) 0.03, (max) 0.58, expected_batch_size: 421
sample_rate: (min) 0.03, (max) 0.59, expected_batch_size: 423
sample_rate: (min) 0.03, (max) 0.6, expected_batch_size: 439
sample_rate: (min) 0.03, (max) 0.62, expected_batch_size: 438
sample_rate: (min) 0.03, (max) 0.63, expected_batch_size: 477
sample_rate: (min) 0.03, (max) 0.64, expected_batch_size: 449
sample_rate: (min) 0.03, (max) 0.66, expected_batch_size: 464
sample_rate: (min) 0.03, (max) 0.79, expected_batch_size: 499
initial privacy cost of all clients:  [0, 0, 0, 0, 0, 0, 0, 0, 0, 0]
Round=0
Round=1
Round=2
Round=3
Round=4
Round=5
Round=6
Round=7
Round=8
Round=9
Round=10
Round=11
Round=12
Round=13
Round=14
current privacy cost of all clients:  [3.0735546899729185, 3.237072489998286, 2.667560670719878, 3.207562825149566, 3.7815497439723202, 3.62496560238358, 4.009915797708055, 4.401561805859411, 4.732536262830204, 4.36666609846329]
Round=14, per client global perf=[0.4034, 0.4005, 0.4034, 0.3917, 0.3902, 0.4044, 0.4015, 0.4005, 0.3902, 0.3912], mean perf=8113/20400 (0.3977%)
Round=14, per client personal perf=[0.4882, 0.4779, 0.3956, 0.4309, 0.45, 0.476, 0.4652, 0.4412, 0.4667, 0.4755], mean perf=9317/20400 (0.4567%)
Round=14, per client personal pooled=[0.4803, 0.483, 0.392, 0.4313, 0.4575, 0.4741, 0.465, 0.4423, 0.465, 0.4777], mean perf=93190/204000 (0.4568%)
Mean performance of ditto rpdp global, Perf=0.3779, seed=42
Mean performance of ditto rpdp personal, Perf=0.4245, seed=42
Mean performance of ditto rpdp pooled, Perf=0.4243, seed=42
Finished seed 42
----------------------------------------
Running seed 43
/Users/shegao_t1/DP_Research/Personal_DP_Personal_FL/rpdp_fl/experiments/datasets/fed_fashion_mnist/iid_10

Client 0 label distribution:
[(0, 440), (1, 401), (2, 413), (3, 389), (4, 377), (5, 395), (6, 380), (7, 394), (8, 376), (9, 395)]

Client 1 label distribution:
[(0, 409), (1, 386), (2, 399), (3, 384), (4, 416), (5, 389), (6, 356), (7, 399), (8, 401), (9, 421)]

Client 2 label distribution:
[(0, 379), (1, 430), (2, 396), (3, 386), (4, 376), (5, 379), (6, 429), (7, 401), (8, 392), (9, 392)]

Client 3 label distribution:
[(0, 406), (1, 408), (2, 354), (3, 404), (4, 400), (5, 422), (6, 398), (7, 371), (8, 414), (9, 383)]

Client 4 label distribution:
[(0, 412), (1, 412), (2, 385), (3, 396), (4, 358), (5, 395), (6, 400), (7, 404), (8, 404), (9, 394)]

Client 5 label distribution:
[(0, 408), (1, 412), (2, 381), (3, 384), (4, 390), (5, 393), (6, 391), (7, 420), (8, 403), (9, 378)]

Client 6 label distribution:
[(0, 386), (1, 367), (2, 405), (3, 402), (4, 388), (5, 359), (6, 409), (7, 395), (8, 416), (9, 433)]

Client 7 label distribution:
[(0, 370), (1, 424), (2, 396), (3, 416), (4, 384), (5, 432), (6, 395), (7, 378), (8, 380), (9, 385)]

Client 8 label distribution:
[(0, 372), (1, 411), (2, 428), (3, 388), (4, 419), (5, 379), (6, 409), (7, 394), (8, 365), (9, 395)]

Client 9 label distribution:
[(0, 385), (1, 380), (2, 363), (3, 392), (4, 417), (5, 419), (6, 361), (7, 426), (8, 412), (9, 405)]
Client 0: avg epsilon = 0.7321
Client 1: avg epsilon = 0.8028
Client 2: avg epsilon = 0.7653
Client 3: avg epsilon = 0.7523
Client 4: avg epsilon = 0.7712
Client 5: avg epsilon = 0.7548
Client 6: avg epsilon = 0.8201
Client 7: avg epsilon = 0.7487
Client 8: avg epsilon = 0.7613
Client 9: avg epsilon = 0.7916
 We run FedAvg with rPDP (ThreeLevels-0) ...
max_epsilon :  10.0  noise_multiplier :  9.736328125
The R-Squared value of the best-fit curve : 0.999749898528281
learning rate =  0.001
sample_rate: (min) 0.03, (max) 0.61, expected_batch_size: 416
sample_rate: (min) 0.03, (max) 0.61, expected_batch_size: 451
sample_rate: (min) 0.03, (max) 0.61, expected_batch_size: 433
sample_rate: (min) 0.03, (max) 0.61, expected_batch_size: 426
sample_rate: (min) 0.03, (max) 0.61, expected_batch_size: 436
sample_rate: (min) 0.03, (max) 0.61, expected_batch_size: 429
sample_rate: (min) 0.03, (max) 0.61, expected_batch_size: 459
sample_rate: (min) 0.03, (max) 0.61, expected_batch_size: 424
sample_rate: (min) 0.03, (max) 0.61, expected_batch_size: 430
sample_rate: (min) 0.03, (max) 0.61, expected_batch_size: 446
initial privacy cost of all clients:  [0, 0, 0, 0, 0, 0, 0, 0, 0, 0]
Round=0
Round=1
Round=2
Round=3
Round=4
Round=5
Round=6
Round=7
Round=8
Round=9
Round=10
Round=11
Round=12
Round=13
Round=14
current privacy cost of all clients:  [3.8048372549984366, 3.554611437795162, 3.3043856205918876, 3.8048372549984366, 2.8039339861853394, 3.554611437795162, 3.0541598033886133, 2.1521425035466386, 3.0541598033886133, 4.055063072201711]
Round=14, per client global perf=[0.3265, 0.3392, 0.3373, 0.3118, 0.3328, 0.3191, 0.3152, 0.3167, 0.327, 0.3093], mean perf=6599/20400 (0.3235%)
Round=14, per client personal perf=[0.4054, 0.3588, 0.4025, 0.3956, 0.3544, 0.3863, 0.3691, 0.3108, 0.3833, 0.3838], mean perf=7650/20400 (0.3750%)
Round=14, per client personal pooled=[0.4, 0.351, 0.3891, 0.4104, 0.3543, 0.3858, 0.3705, 0.3186, 0.3786, 0.3928], mean perf=76523/204000 (0.3751%)
Mean performance of ditto rpdp global, Perf=0.3019, seed=43
Mean performance of ditto rpdp personal, Perf=0.3446, seed=43
Mean performance of ditto rpdp pooled, Perf=0.3447, seed=43
Client 0: avg epsilon = 0.3406
Client 1: avg epsilon = 0.3602
Client 2: avg epsilon = 0.3687
Client 3: avg epsilon = 0.3807
Client 4: avg epsilon = 0.3983
Client 5: avg epsilon = 0.4134
Client 6: avg epsilon = 0.4529
Client 7: avg epsilon = 0.4625
Client 8: avg epsilon = 0.5088
Client 9: avg epsilon = 0.6730
 We run FedAvg with rPDP (BoundedPareto-0) ...
max_epsilon :  10.0  noise_multiplier :  9.736328125
The R-Squared value of the best-fit curve : 0.999749898528281
learning rate =  0.001
sample_rate: (min) 0.03, (max) 0.15, expected_batch_size: 244
sample_rate: (min) 0.03, (max) 0.16, expected_batch_size: 256
sample_rate: (min) 0.03, (max) 0.16, expected_batch_size: 261
sample_rate: (min) 0.03, (max) 0.17, expected_batch_size: 267
sample_rate: (min) 0.03, (max) 0.19, expected_batch_size: 277
sample_rate: (min) 0.03, (max) 0.2, expected_batch_size: 286
sample_rate: (min) 0.03, (max) 0.23, expected_batch_size: 308
sample_rate: (min) 0.03, (max) 0.26, expected_batch_size: 312
sample_rate: (min) 0.03, (max) 0.32, expected_batch_size: 336
sample_rate: (min) 0.03, (max) 1.0, expected_batch_size: 411
initial privacy cost of all clients:  [0, 0, 0, 0, 0, 0, 0, 0, 0, 0]
Round=0
Round=1
Round=2
Round=3
Round=4
Round=5
Round=6
Round=7
Round=8
Round=9
Round=10
Round=11
Round=12
Round=13
Round=14
current privacy cost of all clients:  [0.6912080021294884, 0.6922715660946682, 0.6887499487830259, 0.8392871193922, 0.6779143911733407, 0.943863253983929, 0.9339118605253581, 0.7839880583951899, 1.4193560713768727, 7.879532215750026]
Round=14, per client global perf=[0.4667, 0.4608, 0.4539, 0.452, 0.4632, 0.4559, 0.4534, 0.4373, 0.4686, 0.4387], mean perf=9283/20400 (0.4550%)
Round=14, per client personal perf=[0.5485, 0.4951, 0.5069, 0.5162, 0.4897, 0.4941, 0.4843, 0.4127, 0.5162, 0.5176], mean perf=10162/20400 (0.4981%)
Round=14, per client personal pooled=[0.5286, 0.489, 0.5069, 0.5304, 0.482, 0.5018, 0.4957, 0.4158, 0.5166, 0.5287], mean perf=101908/204000 (0.4995%)
Mean performance of ditto rpdp global, Perf=0.4372, seed=43
Mean performance of ditto rpdp personal, Perf=0.4680, seed=43
Mean performance of ditto rpdp pooled, Perf=0.4696, seed=43
Client 0: avg epsilon = 0.6749
Client 1: avg epsilon = 0.7469
Client 2: avg epsilon = 0.7363
Client 3: avg epsilon = 0.7424
Client 4: avg epsilon = 0.7757
Client 5: avg epsilon = 0.7753
Client 6: avg epsilon = 0.8609
Client 7: avg epsilon = 0.8068
Client 8: avg epsilon = 0.8441
Client 9: avg epsilon = 0.9619
 We run FedAvg with rPDP (BoundedMixGauss-0) ...
max_epsilon :  10.0  noise_multiplier :  9.736328125
The R-Squared value of the best-fit curve : 0.999749898528281
learning rate =  0.001
sample_rate: (min) 0.03, (max) 0.55, expected_batch_size: 397
sample_rate: (min) 0.03, (max) 0.57, expected_batch_size: 430
sample_rate: (min) 0.03, (max) 0.58, expected_batch_size: 424
sample_rate: (min) 0.03, (max) 0.59, expected_batch_size: 425
sample_rate: (min) 0.03, (max) 0.61, expected_batch_size: 441
sample_rate: (min) 0.03, (max) 0.62, expected_batch_size: 440
sample_rate: (min) 0.03, (max) 0.63, expected_batch_size: 479
sample_rate: (min) 0.03, (max) 0.64, expected_batch_size: 451
sample_rate: (min) 0.03, (max) 0.66, expected_batch_size: 467
sample_rate: (min) 0.03, (max) 0.75, expected_batch_size: 522
initial privacy cost of all clients:  [0, 0, 0, 0, 0, 0, 0, 0, 0, 0]
Round=0
Round=1
Round=2
Round=3
Round=4
Round=5
Round=6
Round=7
Round=8
Round=9
Round=10
Round=11
Round=12
Round=13
Round=14
current privacy cost of all clients:  [3.322962263347714, 3.269517435508484, 3.1424226947690475, 3.7003063073066293, 2.796613174593184, 3.6290197804600797, 3.194362008496409, 2.3144651764121855, 3.4110642511128604, 5.239405359423475]
Round=14, per client global perf=[0.351, 0.3588, 0.3603, 0.3348, 0.3461, 0.3397, 0.3343, 0.3328, 0.35, 0.3294], mean perf=7012/20400 (0.3437%)
Round=14, per client personal perf=[0.4324, 0.3853, 0.4382, 0.4152, 0.4059, 0.3912, 0.3956, 0.3466, 0.4118, 0.4039], mean perf=8213/20400 (0.4026%)
Round=14, per client personal pooled=[0.4271, 0.3772, 0.4328, 0.4239, 0.4025, 0.3917, 0.3977, 0.3561, 0.3986, 0.4218], mean perf=82200/204000 (0.4029%)
Mean performance of ditto rpdp global, Perf=0.3220, seed=43
Mean performance of ditto rpdp personal, Perf=0.3675, seed=43
Mean performance of ditto rpdp pooled, Perf=0.3676, seed=43
Finished seed 43
----------------------------------------
Running seed 44
/Users/shegao_t1/DP_Research/Personal_DP_Personal_FL/rpdp_fl/experiments/datasets/fed_fashion_mnist/iid_10

Client 0 label distribution:
[(0, 440), (1, 401), (2, 413), (3, 389), (4, 377), (5, 395), (6, 380), (7, 394), (8, 376), (9, 395)]

Client 1 label distribution:
[(0, 409), (1, 386), (2, 399), (3, 384), (4, 416), (5, 389), (6, 356), (7, 399), (8, 401), (9, 421)]

Client 2 label distribution:
[(0, 379), (1, 430), (2, 396), (3, 386), (4, 376), (5, 379), (6, 429), (7, 401), (8, 392), (9, 392)]

Client 3 label distribution:
[(0, 406), (1, 408), (2, 354), (3, 404), (4, 400), (5, 422), (6, 398), (7, 371), (8, 414), (9, 383)]

Client 4 label distribution:
[(0, 412), (1, 412), (2, 385), (3, 396), (4, 358), (5, 395), (6, 400), (7, 404), (8, 404), (9, 394)]

Client 5 label distribution:
[(0, 408), (1, 412), (2, 381), (3, 384), (4, 390), (5, 393), (6, 391), (7, 420), (8, 403), (9, 378)]

Client 6 label distribution:
[(0, 386), (1, 367), (2, 405), (3, 402), (4, 388), (5, 359), (6, 409), (7, 395), (8, 416), (9, 433)]

Client 7 label distribution:
[(0, 370), (1, 424), (2, 396), (3, 416), (4, 384), (5, 432), (6, 395), (7, 378), (8, 380), (9, 385)]

Client 8 label distribution:
[(0, 372), (1, 411), (2, 428), (3, 388), (4, 419), (5, 379), (6, 409), (7, 394), (8, 365), (9, 395)]

Client 9 label distribution:
[(0, 385), (1, 380), (2, 363), (3, 392), (4, 417), (5, 419), (6, 361), (7, 426), (8, 412), (9, 405)]
Client 0: avg epsilon = 0.7321
Client 1: avg epsilon = 0.8028
Client 2: avg epsilon = 0.7653
Client 3: avg epsilon = 0.7523
Client 4: avg epsilon = 0.7712
Client 5: avg epsilon = 0.7548
Client 6: avg epsilon = 0.8201
Client 7: avg epsilon = 0.7487
Client 8: avg epsilon = 0.7613
Client 9: avg epsilon = 0.7916
 We run FedAvg with rPDP (ThreeLevels-0) ...
max_epsilon :  10.0  noise_multiplier :  9.736328125
The R-Squared value of the best-fit curve : 0.999749898528281
learning rate =  0.001
sample_rate: (min) 0.03, (max) 0.61, expected_batch_size: 416
sample_rate: (min) 0.03, (max) 0.61, expected_batch_size: 451
sample_rate: (min) 0.03, (max) 0.61, expected_batch_size: 433
sample_rate: (min) 0.03, (max) 0.61, expected_batch_size: 426
sample_rate: (min) 0.03, (max) 0.61, expected_batch_size: 436
sample_rate: (min) 0.03, (max) 0.61, expected_batch_size: 429
sample_rate: (min) 0.03, (max) 0.61, expected_batch_size: 459
sample_rate: (min) 0.03, (max) 0.61, expected_batch_size: 424
sample_rate: (min) 0.03, (max) 0.61, expected_batch_size: 430
sample_rate: (min) 0.03, (max) 0.61, expected_batch_size: 446
initial privacy cost of all clients:  [0, 0, 0, 0, 0, 0, 0, 0, 0, 0]
Round=0
Round=1
Round=2
Round=3
Round=4
Round=5
Round=6
Round=7
Round=8
Round=9
Round=10
Round=11
Round=12
Round=13
Round=14
current privacy cost of all clients:  [3.8048372549984366, 4.510367153745826, 3.8048372549984366, 2.1521425035466386, 4.305288889404985, 3.0541598033886133, 2.8039339861853394, 3.0541598033886133, 2.8039339861853394, 3.554611437795162]
Round=14, per client global perf=[0.4279, 0.4363, 0.4397, 0.427, 0.4225, 0.4319, 0.4426, 0.4328, 0.4176, 0.4289], mean perf=8787/20400 (0.4307%)
Round=14, per client personal perf=[0.524, 0.5348, 0.4775, 0.5118, 0.5093, 0.4044, 0.5108, 0.4578, 0.4529, 0.5123], mean perf=9987/20400 (0.4896%)
Round=14, per client personal pooled=[0.5157, 0.5209, 0.4809, 0.5161, 0.5213, 0.4071, 0.5102, 0.4565, 0.4494, 0.5117], mean perf=99753/204000 (0.4890%)
Mean performance of ditto rpdp global, Perf=0.4103, seed=44
Mean performance of ditto rpdp personal, Perf=0.4697, seed=44
Mean performance of ditto rpdp pooled, Perf=0.4693, seed=44
Client 0: avg epsilon = 0.3397
Client 1: avg epsilon = 0.3595
Client 2: avg epsilon = 0.3685
Client 3: avg epsilon = 0.3811
Client 4: avg epsilon = 0.3989
Client 5: avg epsilon = 0.4135
Client 6: avg epsilon = 0.4526
Client 7: avg epsilon = 0.4619
Client 8: avg epsilon = 0.5069
Client 9: avg epsilon = 0.6591
 We run FedAvg with rPDP (BoundedPareto-0) ...
max_epsilon :  10.0  noise_multiplier :  9.736328125
The R-Squared value of the best-fit curve : 0.999749898528281
learning rate =  0.001
sample_rate: (min) 0.03, (max) 0.15, expected_batch_size: 244
sample_rate: (min) 0.03, (max) 0.16, expected_batch_size: 255
sample_rate: (min) 0.03, (max) 0.17, expected_batch_size: 260
sample_rate: (min) 0.03, (max) 0.18, expected_batch_size: 268
sample_rate: (min) 0.03, (max) 0.19, expected_batch_size: 278
sample_rate: (min) 0.03, (max) 0.2, expected_batch_size: 286
sample_rate: (min) 0.03, (max) 0.23, expected_batch_size: 308
sample_rate: (min) 0.03, (max) 0.26, expected_batch_size: 312
sample_rate: (min) 0.03, (max) 0.32, expected_batch_size: 335
sample_rate: (min) 0.03, (max) 1.0, expected_batch_size: 405
initial privacy cost of all clients:  [0, 0, 0, 0, 0, 0, 0, 0, 0, 0]
Round=0
Round=1
Round=2
Round=3
Round=4
Round=5
Round=6
Round=7
Round=8
Round=9
Round=10
Round=11
Round=12
Round=13
Round=14
current privacy cost of all clients:  [0.6956181848134951, 0.8586979810293165, 0.7920872226700502, 0.49184508011579625, 1.0253559632278404, 0.8229428603288331, 0.8584072539901793, 1.0904339703446881, 1.2845695398555657, 6.803447050009791]
Round=14, per client global perf=[0.4833, 0.4799, 0.4627, 0.4598, 0.4765, 0.4755, 0.4593, 0.4471, 0.4701, 0.4495], mean perf=9514/20400 (0.4664%)
Round=14, per client personal perf=[0.5897, 0.5436, 0.5848, 0.5034, 0.5975, 0.4696, 0.5216, 0.475, 0.5054, 0.4951], mean perf=10783/20400 (0.5286%)
Round=14, per client personal pooled=[0.5752, 0.5413, 0.58, 0.5206, 0.5974, 0.473, 0.5124, 0.4899, 0.4964, 0.5086], mean perf=108010/204000 (0.5295%)
Mean performance of ditto rpdp global, Perf=0.4679, seed=44
Mean performance of ditto rpdp personal, Perf=0.5148, seed=44
Mean performance of ditto rpdp pooled, Perf=0.5160, seed=44
Client 0: avg epsilon = 0.6596
Client 1: avg epsilon = 0.7436
Client 2: avg epsilon = 0.7337
Client 3: avg epsilon = 0.7408
Client 4: avg epsilon = 0.7746
Client 5: avg epsilon = 0.7742
Client 6: avg epsilon = 0.8604
Client 7: avg epsilon = 0.8056
Client 8: avg epsilon = 0.8420
Client 9: avg epsilon = 0.9381
 We run FedAvg with rPDP (BoundedMixGauss-0) ...
max_epsilon :  10.0  noise_multiplier :  9.736328125
The R-Squared value of the best-fit curve : 0.999749898528281
learning rate =  0.001
sample_rate: (min) 0.03, (max) 0.55, expected_batch_size: 389
sample_rate: (min) 0.03, (max) 0.57, expected_batch_size: 428
sample_rate: (min) 0.03, (max) 0.58, expected_batch_size: 422
sample_rate: (min) 0.03, (max) 0.59, expected_batch_size: 424
sample_rate: (min) 0.03, (max) 0.61, expected_batch_size: 440
sample_rate: (min) 0.03, (max) 0.62, expected_batch_size: 439
sample_rate: (min) 0.03, (max) 0.63, expected_batch_size: 478
sample_rate: (min) 0.03, (max) 0.64, expected_batch_size: 450
sample_rate: (min) 0.03, (max) 0.66, expected_batch_size: 466
sample_rate: (min) 0.03, (max) 0.77, expected_batch_size: 509
initial privacy cost of all clients:  [0, 0, 0, 0, 0, 0, 0, 0, 0, 0]
Round=0
Round=1
Round=2
Round=3
Round=4
Round=5
Round=6
Round=7
Round=8
Round=9
Round=10
Round=11
Round=12
Round=13
Round=14
current privacy cost of all clients:  [3.314321147704087, 4.11317569889657, 3.5970680072111274, 2.1014443369785516, 4.294303908109173, 3.113541806597043, 2.9233139453321044, 3.2838827425077355, 3.100601686150985, 4.77719853540031]
Round=14, per client global perf=[0.4245, 0.4412, 0.4426, 0.4279, 0.4186, 0.4309, 0.4328, 0.4211, 0.4152, 0.4118], mean perf=8704/20400 (0.4267%)
Round=14, per client personal perf=[0.5363, 0.5877, 0.5137, 0.5495, 0.5436, 0.3838, 0.5279, 0.4725, 0.5044, 0.5426], mean perf=10531/20400 (0.5162%)
Round=14, per client personal pooled=[0.5359, 0.5689, 0.5168, 0.5604, 0.5543, 0.3785, 0.5258, 0.4833, 0.5073, 0.5521], mean perf=105741/204000 (0.5183%)
Mean performance of ditto rpdp global, Perf=0.4136, seed=44
Mean performance of ditto rpdp personal, Perf=0.4935, seed=44
Mean performance of ditto rpdp pooled, Perf=0.4954, seed=44
Finished seed 44
----------------------------------------
Running seed 45
/Users/shegao_t1/DP_Research/Personal_DP_Personal_FL/rpdp_fl/experiments/datasets/fed_fashion_mnist/iid_10

Client 0 label distribution:
[(0, 440), (1, 401), (2, 413), (3, 389), (4, 377), (5, 395), (6, 380), (7, 394), (8, 376), (9, 395)]

Client 1 label distribution:
[(0, 409), (1, 386), (2, 399), (3, 384), (4, 416), (5, 389), (6, 356), (7, 399), (8, 401), (9, 421)]

Client 2 label distribution:
[(0, 379), (1, 430), (2, 396), (3, 386), (4, 376), (5, 379), (6, 429), (7, 401), (8, 392), (9, 392)]

Client 3 label distribution:
[(0, 406), (1, 408), (2, 354), (3, 404), (4, 400), (5, 422), (6, 398), (7, 371), (8, 414), (9, 383)]

Client 4 label distribution:
[(0, 412), (1, 412), (2, 385), (3, 396), (4, 358), (5, 395), (6, 400), (7, 404), (8, 404), (9, 394)]

Client 5 label distribution:
[(0, 408), (1, 412), (2, 381), (3, 384), (4, 390), (5, 393), (6, 391), (7, 420), (8, 403), (9, 378)]

Client 6 label distribution:
[(0, 386), (1, 367), (2, 405), (3, 402), (4, 388), (5, 359), (6, 409), (7, 395), (8, 416), (9, 433)]

Client 7 label distribution:
[(0, 370), (1, 424), (2, 396), (3, 416), (4, 384), (5, 432), (6, 395), (7, 378), (8, 380), (9, 385)]

Client 8 label distribution:
[(0, 372), (1, 411), (2, 428), (3, 388), (4, 419), (5, 379), (6, 409), (7, 394), (8, 365), (9, 395)]

Client 9 label distribution:
[(0, 385), (1, 380), (2, 363), (3, 392), (4, 417), (5, 419), (6, 361), (7, 426), (8, 412), (9, 405)]
Client 0: avg epsilon = 0.7321
Client 1: avg epsilon = 0.8028
Client 2: avg epsilon = 0.7653
Client 3: avg epsilon = 0.7523
Client 4: avg epsilon = 0.7712
Client 5: avg epsilon = 0.7548
Client 6: avg epsilon = 0.8201
Client 7: avg epsilon = 0.7487
Client 8: avg epsilon = 0.7613
Client 9: avg epsilon = 0.7916
 We run FedAvg with rPDP (ThreeLevels-0) ...
max_epsilon :  10.0  noise_multiplier :  9.736328125
The R-Squared value of the best-fit curve : 0.999749898528281
learning rate =  0.001
sample_rate: (min) 0.03, (max) 0.61, expected_batch_size: 416
sample_rate: (min) 0.03, (max) 0.61, expected_batch_size: 451
sample_rate: (min) 0.03, (max) 0.61, expected_batch_size: 433
sample_rate: (min) 0.03, (max) 0.61, expected_batch_size: 426
sample_rate: (min) 0.03, (max) 0.61, expected_batch_size: 436
sample_rate: (min) 0.03, (max) 0.61, expected_batch_size: 429
sample_rate: (min) 0.03, (max) 0.61, expected_batch_size: 459
sample_rate: (min) 0.03, (max) 0.61, expected_batch_size: 424
sample_rate: (min) 0.03, (max) 0.61, expected_batch_size: 430
sample_rate: (min) 0.03, (max) 0.61, expected_batch_size: 446
initial privacy cost of all clients:  [0, 0, 0, 0, 0, 0, 0, 0, 0, 0]
Round=0
Round=1
Round=2
Round=3
Round=4
Round=5
Round=6
Round=7
Round=8
Round=9
Round=10
Round=11
Round=12
Round=13
Round=14
current privacy cost of all clients:  [3.554611437795162, 3.554611437795162, 3.3043856205918876, 2.502378074621252, 3.554611437795162, 4.055063072201711, 3.554611437795162, 2.8039339861853394, 3.8048372549984366, 4.055063072201711]
Round=14, per client global perf=[0.3814, 0.3789, 0.3912, 0.3775, 0.3686, 0.3696, 0.3931, 0.3907, 0.3701, 0.3765], mean perf=7747/20400 (0.3798%)
Round=14, per client personal perf=[0.4176, 0.4461, 0.424, 0.3721, 0.4721, 0.4725, 0.4877, 0.425, 0.4618, 0.4725], mean perf=9081/20400 (0.4451%)
Round=14, per client personal pooled=[0.4153, 0.4447, 0.4198, 0.3811, 0.4812, 0.4766, 0.4819, 0.4218, 0.4703, 0.4766], mean perf=91172/204000 (0.4469%)
Mean performance of ditto rpdp global, Perf=0.3684, seed=45
Mean performance of ditto rpdp personal, Perf=0.4200, seed=45
Mean performance of ditto rpdp pooled, Perf=0.4208, seed=45
Client 0: avg epsilon = 0.3391
Client 1: avg epsilon = 0.3585
Client 2: avg epsilon = 0.3670
Client 3: avg epsilon = 0.3789
Client 4: avg epsilon = 0.3968
Client 5: avg epsilon = 0.4120
Client 6: avg epsilon = 0.4520
Client 7: avg epsilon = 0.4614
Client 8: avg epsilon = 0.5074
Client 9: avg epsilon = 0.6634
 We run FedAvg with rPDP (BoundedPareto-0) ...
max_epsilon :  10.0  noise_multiplier :  9.736328125
The R-Squared value of the best-fit curve : 0.999749898528281
learning rate =  0.001
sample_rate: (min) 0.03, (max) 0.15, expected_batch_size: 243
sample_rate: (min) 0.03, (max) 0.15, expected_batch_size: 255
sample_rate: (min) 0.03, (max) 0.16, expected_batch_size: 260
sample_rate: (min) 0.03, (max) 0.17, expected_batch_size: 266
sample_rate: (min) 0.03, (max) 0.19, expected_batch_size: 276
sample_rate: (min) 0.03, (max) 0.2, expected_batch_size: 285
sample_rate: (min) 0.03, (max) 0.23, expected_batch_size: 307
sample_rate: (min) 0.03, (max) 0.26, expected_batch_size: 312
sample_rate: (min) 0.03, (max) 0.32, expected_batch_size: 335
sample_rate: (min) 0.03, (max) 1.0, expected_batch_size: 406
initial privacy cost of all clients:  [0, 0, 0, 0, 0, 0, 0, 0, 0, 0]
Round=0
Round=1
Round=2
Round=3
Round=4
Round=5
Round=6
Round=7
Round=8
Round=9
Round=10
Round=11
Round=12
Round=13
Round=14
current privacy cost of all clients:  [0.6446782713231138, 0.6869797459107284, 0.6828144251576426, 0.5524241836734276, 0.8529951475416915, 1.0553478738354543, 1.0807964550615639, 1.0029847329778867, 1.7411477398622146, 7.879532215750026]
Round=14, per client global perf=[0.4946, 0.4961, 0.4755, 0.4676, 0.4711, 0.4711, 0.4716, 0.4632, 0.4804, 0.4657], mean perf=9704/20400 (0.4757%)
Round=14, per client personal perf=[0.526, 0.5426, 0.5221, 0.4632, 0.4868, 0.5294, 0.5299, 0.4922, 0.5132, 0.5123], mean perf=10440/20400 (0.5118%)
Round=14, per client personal pooled=[0.5138, 0.5322, 0.5277, 0.4773, 0.4978, 0.5304, 0.5212, 0.4843, 0.5118, 0.5131], mean perf=104235/204000 (0.5110%)
Mean performance of ditto rpdp global, Perf=0.4609, seed=45
Mean performance of ditto rpdp personal, Perf=0.5038, seed=45
Mean performance of ditto rpdp pooled, Perf=0.5031, seed=45
Client 0: avg epsilon = 0.6771
Client 1: avg epsilon = 0.7478
Client 2: avg epsilon = 0.7367
Client 3: avg epsilon = 0.7432
Client 4: avg epsilon = 0.7763
Client 5: avg epsilon = 0.7758
Client 6: avg epsilon = 0.8616
Client 7: avg epsilon = 0.8076
Client 8: avg epsilon = 0.8438
Client 9: avg epsilon = 0.9693
 We run FedAvg with rPDP (BoundedMixGauss-0) ...
max_epsilon :  10.0  noise_multiplier :  9.736328125
The R-Squared value of the best-fit curve : 0.999749898528281
learning rate =  0.001
sample_rate: (min) 0.03, (max) 0.55, expected_batch_size: 398
sample_rate: (min) 0.03, (max) 0.57, expected_batch_size: 430
sample_rate: (min) 0.03, (max) 0.58, expected_batch_size: 424
sample_rate: (min) 0.03, (max) 0.59, expected_batch_size: 426
sample_rate: (min) 0.03, (max) 0.61, expected_batch_size: 441
sample_rate: (min) 0.03, (max) 0.62, expected_batch_size: 440
sample_rate: (min) 0.03, (max) 0.63, expected_batch_size: 479
sample_rate: (min) 0.03, (max) 0.64, expected_batch_size: 451
sample_rate: (min) 0.03, (max) 0.66, expected_batch_size: 467
sample_rate: (min) 0.03, (max) 0.77, expected_batch_size: 525
initial privacy cost of all clients:  [0, 0, 0, 0, 0, 0, 0, 0, 0, 0]
Round=0
Round=1
Round=2
Round=3
Round=4
Round=5
Round=6
Round=7
Round=8
Round=9
Round=10
Round=11
Round=12
Round=13
Round=14
current privacy cost of all clients:  [3.1303686976401996, 3.273014395857367, 3.14876664896902, 2.435482395405531, 3.5512643434407662, 4.160732732148667, 3.751048935817443, 2.998789123635933, 4.338939443191621, 5.387946020137831]
Round=14, per client global perf=[0.4044, 0.401, 0.4093, 0.3956, 0.3975, 0.4015, 0.4069, 0.4103, 0.3971, 0.3971], mean perf=8202/20400 (0.4021%)
Round=14, per client personal perf=[0.4578, 0.4966, 0.4569, 0.3936, 0.474, 0.4696, 0.4877, 0.4363, 0.4564, 0.4779], mean perf=9398/20400 (0.4607%)
Round=14, per client personal pooled=[0.4489, 0.4909, 0.4481, 0.4048, 0.4812, 0.4733, 0.4753, 0.432, 0.463, 0.4852], mean perf=93897/204000 (0.4603%)
Mean performance of ditto rpdp global, Perf=0.3896, seed=45
Mean performance of ditto rpdp personal, Perf=0.4454, seed=45
Mean performance of ditto rpdp pooled, Perf=0.4453, seed=45
Finished seed 45
----------------------------------------
Running seed 46
/Users/shegao_t1/DP_Research/Personal_DP_Personal_FL/rpdp_fl/experiments/datasets/fed_fashion_mnist/iid_10

Client 0 label distribution:
[(0, 440), (1, 401), (2, 413), (3, 389), (4, 377), (5, 395), (6, 380), (7, 394), (8, 376), (9, 395)]

Client 1 label distribution:
[(0, 409), (1, 386), (2, 399), (3, 384), (4, 416), (5, 389), (6, 356), (7, 399), (8, 401), (9, 421)]

Client 2 label distribution:
[(0, 379), (1, 430), (2, 396), (3, 386), (4, 376), (5, 379), (6, 429), (7, 401), (8, 392), (9, 392)]

Client 3 label distribution:
[(0, 406), (1, 408), (2, 354), (3, 404), (4, 400), (5, 422), (6, 398), (7, 371), (8, 414), (9, 383)]

Client 4 label distribution:
[(0, 412), (1, 412), (2, 385), (3, 396), (4, 358), (5, 395), (6, 400), (7, 404), (8, 404), (9, 394)]

Client 5 label distribution:
[(0, 408), (1, 412), (2, 381), (3, 384), (4, 390), (5, 393), (6, 391), (7, 420), (8, 403), (9, 378)]

Client 6 label distribution:
[(0, 386), (1, 367), (2, 405), (3, 402), (4, 388), (5, 359), (6, 409), (7, 395), (8, 416), (9, 433)]

Client 7 label distribution:
[(0, 370), (1, 424), (2, 396), (3, 416), (4, 384), (5, 432), (6, 395), (7, 378), (8, 380), (9, 385)]

Client 8 label distribution:
[(0, 372), (1, 411), (2, 428), (3, 388), (4, 419), (5, 379), (6, 409), (7, 394), (8, 365), (9, 395)]

Client 9 label distribution:
[(0, 385), (1, 380), (2, 363), (3, 392), (4, 417), (5, 419), (6, 361), (7, 426), (8, 412), (9, 405)]
Client 0: avg epsilon = 0.7321
Client 1: avg epsilon = 0.8028
Client 2: avg epsilon = 0.7653
Client 3: avg epsilon = 0.7523
Client 4: avg epsilon = 0.7712
Client 5: avg epsilon = 0.7548
Client 6: avg epsilon = 0.8201
Client 7: avg epsilon = 0.7487
Client 8: avg epsilon = 0.7613
Client 9: avg epsilon = 0.7916
 We run FedAvg with rPDP (ThreeLevels-0) ...
max_epsilon :  10.0  noise_multiplier :  9.736328125
The R-Squared value of the best-fit curve : 0.999749898528281
learning rate =  0.001
sample_rate: (min) 0.03, (max) 0.61, expected_batch_size: 416
sample_rate: (min) 0.03, (max) 0.61, expected_batch_size: 451
sample_rate: (min) 0.03, (max) 0.61, expected_batch_size: 433
sample_rate: (min) 0.03, (max) 0.61, expected_batch_size: 426
sample_rate: (min) 0.03, (max) 0.61, expected_batch_size: 436
sample_rate: (min) 0.03, (max) 0.61, expected_batch_size: 429
sample_rate: (min) 0.03, (max) 0.61, expected_batch_size: 459
sample_rate: (min) 0.03, (max) 0.61, expected_batch_size: 424
sample_rate: (min) 0.03, (max) 0.61, expected_batch_size: 430
sample_rate: (min) 0.03, (max) 0.61, expected_batch_size: 446
initial privacy cost of all clients:  [0, 0, 0, 0, 0, 0, 0, 0, 0, 0]
Round=0
Round=1
Round=2
Round=3
Round=4
Round=5
Round=6
Round=7
Round=8
Round=9
Round=10
Round=11
Round=12
Round=13
Round=14
current privacy cost of all clients:  [3.3043856205918876, 3.8048372549984366, 3.3043856205918876, 3.554611437795162, 3.3043856205918876, 3.554611437795162, 3.554611437795162, 4.305288889404985, 4.055063072201711, 3.554611437795162]
Round=14, per client global perf=[0.425, 0.4358, 0.4461, 0.4397, 0.425, 0.4186, 0.4451, 0.4279, 0.4137, 0.4255], mean perf=8777/20400 (0.4302%)
Round=14, per client personal perf=[0.5353, 0.5289, 0.4765, 0.5328, 0.4157, 0.5098, 0.499, 0.4623, 0.5108, 0.4799], mean perf=10100/20400 (0.4951%)
Round=14, per client personal pooled=[0.5334, 0.5229, 0.4594, 0.5321, 0.4146, 0.5276, 0.4882, 0.4619, 0.5177, 0.4776], mean perf=100685/204000 (0.4936%)
Mean performance of ditto rpdp global, Perf=0.4016, seed=46
Mean performance of ditto rpdp personal, Perf=0.4650, seed=46
Mean performance of ditto rpdp pooled, Perf=0.4665, seed=46
Client 0: avg epsilon = 0.3369
Client 1: avg epsilon = 0.3564
Client 2: avg epsilon = 0.3647
Client 3: avg epsilon = 0.3771
Client 4: avg epsilon = 0.3950
Client 5: avg epsilon = 0.4102
Client 6: avg epsilon = 0.4493
Client 7: avg epsilon = 0.4578
Client 8: avg epsilon = 0.5068
Client 9: avg epsilon = 0.6623
 We run FedAvg with rPDP (BoundedPareto-0) ...
max_epsilon :  10.0  noise_multiplier :  9.736328125
The R-Squared value of the best-fit curve : 0.999749898528281
learning rate =  0.001
sample_rate: (min) 0.03, (max) 0.15, expected_batch_size: 242
sample_rate: (min) 0.03, (max) 0.15, expected_batch_size: 253
sample_rate: (min) 0.03, (max) 0.16, expected_batch_size: 258
sample_rate: (min) 0.03, (max) 0.17, expected_batch_size: 265
sample_rate: (min) 0.03, (max) 0.19, expected_batch_size: 275
sample_rate: (min) 0.03, (max) 0.2, expected_batch_size: 284
sample_rate: (min) 0.03, (max) 0.23, expected_batch_size: 306
sample_rate: (min) 0.03, (max) 0.26, expected_batch_size: 310
sample_rate: (min) 0.03, (max) 0.33, expected_batch_size: 335
sample_rate: (min) 0.03, (max) 1.0, expected_batch_size: 406
initial privacy cost of all clients:  [0, 0, 0, 0, 0, 0, 0, 0, 0, 0]
Round=0
Round=1
Round=2
Round=3
Round=4
Round=5
Round=6
Round=7
Round=8
Round=9
Round=10
Round=11
Round=12
Round=13
Round=14
current privacy cost of all clients:  [0.603393240280749, 0.7302215730766968, 0.6845734763795118, 0.7897711915359866, 0.8041123821298981, 0.944253869278017, 1.0752883525774077, 1.4881491113413472, 1.868073554067909, 6.803447050009791]
Round=14, per client global perf=[0.4809, 0.4819, 0.4485, 0.4505, 0.4471, 0.4569, 0.4667, 0.4505, 0.4623, 0.4417], mean perf=9357/20400 (0.4587%)
Round=14, per client personal perf=[0.5583, 0.5152, 0.4971, 0.4971, 0.5304, 0.5216, 0.5412, 0.5309, 0.4632, 0.5176], mean perf=10552/20400 (0.5173%)
Round=14, per client personal pooled=[0.5554, 0.4996, 0.5023, 0.5064, 0.5398, 0.5337, 0.5357, 0.5349, 0.4735, 0.5291], mean perf=106292/204000 (0.5210%)
Mean performance of ditto rpdp global, Perf=0.4356, seed=46
Mean performance of ditto rpdp personal, Perf=0.5084, seed=46
Mean performance of ditto rpdp pooled, Perf=0.5114, seed=46
Client 0: avg epsilon = 0.5684
Client 1: avg epsilon = 0.7372
Client 2: avg epsilon = 0.7303
Client 3: avg epsilon = 0.7379
Client 4: avg epsilon = 0.7720
Client 5: avg epsilon = 0.7724
Client 6: avg epsilon = 0.8590
Client 7: avg epsilon = 0.8046
Client 8: avg epsilon = 0.8413
Client 9: avg epsilon = 0.9202
 We run FedAvg with rPDP (BoundedMixGauss-0) ...
max_epsilon :  10.0  noise_multiplier :  9.736328125
The R-Squared value of the best-fit curve : 0.999749898528281
learning rate =  0.001
sample_rate: (min) 0.03, (max) 0.54, expected_batch_size: 347
sample_rate: (min) 0.03, (max) 0.56, expected_batch_size: 426
sample_rate: (min) 0.03, (max) 0.58, expected_batch_size: 421
sample_rate: (min) 0.03, (max) 0.59, expected_batch_size: 423
sample_rate: (min) 0.03, (max) 0.61, expected_batch_size: 439
sample_rate: (min) 0.03, (max) 0.62, expected_batch_size: 438
sample_rate: (min) 0.03, (max) 0.63, expected_batch_size: 477
sample_rate: (min) 0.03, (max) 0.64, expected_batch_size: 450
sample_rate: (min) 0.03, (max) 0.66, expected_batch_size: 465
sample_rate: (min) 0.03, (max) 0.75, expected_batch_size: 500
initial privacy cost of all clients:  [0, 0, 0, 0, 0, 0, 0, 0, 0, 0]
Round=0
Round=1
Round=2
Round=3
Round=4
Round=5
Round=6
Round=7
Round=8
Round=9
Round=10
Round=11
Round=12
Round=13
Round=14
current privacy cost of all clients:  [2.8716623846409273, 3.4526894915442936, 3.1236595094331006, 3.4455893398743624, 3.293201504148378, 3.632267001884864, 3.751696849229588, 4.607641205581554, 4.553096928444682, 4.699892211236226]
Round=14, per client global perf=[0.3946, 0.4127, 0.3907, 0.3902, 0.3922, 0.3843, 0.4044, 0.3828, 0.3897, 0.3833], mean perf=8007/20400 (0.3925%)
Round=14, per client personal perf=[0.4863, 0.4667, 0.4868, 0.4917, 0.4706, 0.427, 0.4716, 0.5103, 0.4804, 0.4922], mean perf=9758/20400 (0.4783%)
Round=14, per client personal pooled=[0.4805, 0.456, 0.4835, 0.4925, 0.482, 0.4338, 0.4633, 0.5101, 0.4872, 0.4992], mean perf=97681/204000 (0.4788%)
Mean performance of ditto rpdp global, Perf=0.3634, seed=46
Mean performance of ditto rpdp personal, Perf=0.4787, seed=46
Mean performance of ditto rpdp pooled, Perf=0.4800, seed=46
Finished seed 46
----------------------------------------
