PARAMS: dataset=fashion_mnist, gpu=0, data_type=niid_10_5
=== Running reg_param=0, num_steps=15 ===
Running seed 42
/Users/shegao_t1/DP_Research/Personal_DP_Personal_FL/rpdp_fl/experiments/datasets/fed_fashion_mnist/niid_10_5way_1200shot

Client 0 label distribution:
[(0, 791), (1, 786), (3, 784), (7, 808), (8, 791)]

Client 1 label distribution:
[(0, 790), (4, 779), (6, 781), (7, 795), (9, 815)]

Client 2 label distribution:
[(0, 786), (1, 780), (3, 822), (4, 782), (6, 790)]

Client 3 label distribution:
[(1, 794), (2, 811), (4, 779), (5, 788), (8, 788)]

Client 4 label distribution:
[(1, 790), (2, 786), (5, 798), (6, 792), (7, 794)]

Client 5 label distribution:
[(0, 806), (5, 785), (7, 797), (8, 810), (9, 762)]

Client 6 label distribution:
[(2, 773), (3, 805), (4, 791), (5, 788), (7, 803)]

Client 7 label distribution:
[(1, 792), (2, 792), (3, 791), (6, 795), (9, 790)]

Client 8 label distribution:
[(2, 800), (4, 779), (5, 789), (8, 782), (9, 810)]

Client 9 label distribution:
[(0, 819), (3, 779), (6, 796), (8, 778), (9, 788)]
Client 0: avg epsilon = 0.4564
Client 1: avg epsilon = 1.2841
Client 2: avg epsilon = 0.1000
Client 3: avg epsilon = 0.2791
Client 4: avg epsilon = 0.2805
Client 5: avg epsilon = 1.4081
Client 6: avg epsilon = 0.2825
Client 7: avg epsilon = 1.0775
Client 8: avg epsilon = 1.2800
Client 9: avg epsilon = 1.2519
 We run FedAvg with rPDP (ThreeLevels-0) ...
max_epsilon :  10.0  noise_multiplier :  9.736328125
The R-Squared value of the best-fit curve : 0.999749898528281
learning rate =  0.001
sample_rate: (min) 0.03, (max) 0.16, expected_batch_size: 308
sample_rate: (min) 0.03, (max) 0.61, expected_batch_size: 677
sample_rate: (min) 0.03, (max) 0.03, expected_batch_size: 99
sample_rate: (min) 0.03, (max) 0.16, expected_batch_size: 204
sample_rate: (min) 0.03, (max) 0.16, expected_batch_size: 205
sample_rate: (min) 0.03, (max) 0.61, expected_batch_size: 756
sample_rate: (min) 0.03, (max) 0.16, expected_batch_size: 206
sample_rate: (min) 0.03, (max) 0.61, expected_batch_size: 559
sample_rate: (min) 0.03, (max) 0.61, expected_batch_size: 674
sample_rate: (min) 0.03, (max) 0.61, expected_batch_size: 661
initial privacy cost of all clients:  [0, 0, 0, 0, 0, 0, 0, 0, 0, 0]
Round=0
Round=1
Round=2
Round=3
Round=4
Round=5
Round=6
Round=7
Round=8
Round=9
Round=10
Round=11
Round=12
Round=13
Round=14
current privacy cost of all clients:  [0.7046321452486275, 3.554611437795162, 0.05997229379927632, 0.6583580204409699, 0.7482516858029494, 3.554611437795162, 0.7482516858029494, 4.055063072201711, 4.305288889404985, 3.0541598033886133]
Round=14, per client global perf=[0.3515, 0.3402, 0.0324, 0.2059, 0.2029, 0.5196, 0.1755, 0.225, 0.3515, 0.3539], mean perf=5627/20400 (0.2758%)
Round=14, per client personal perf=[0.9225, 0.7931, 0.7466, 0.8652, 0.8333, 0.9005, 0.8539, 0.8206, 0.8824, 0.8539], mean perf=17283/20400 (0.8472%)
Round=14, per client personal pooled=[0.4615, 0.3982, 0.3808, 0.4358, 0.4207, 0.4497, 0.4279, 0.4166, 0.444, 0.4266], mean perf=86945/204000 (0.4262%)
Mean performance of ditto rpdp global, Perf=0.3101, seed=42
Mean performance of ditto rpdp personal, Perf=0.8421, seed=42
Mean performance of ditto rpdp pooled, Perf=0.4235, seed=42
Client 0: avg epsilon = 0.3014
Client 1: avg epsilon = 0.4282
Client 2: avg epsilon = 0.2171
Client 3: avg epsilon = 0.3017
Client 4: avg epsilon = 0.3067
Client 5: avg epsilon = 0.5417
Client 6: avg epsilon = 0.3151
Client 7: avg epsilon = 0.4371
Client 8: avg epsilon = 0.6238
Client 9: avg epsilon = 0.8426
 We run FedAvg with rPDP (BoundedPareto-0) ...
max_epsilon :  10.0  noise_multiplier :  9.736328125
The R-Squared value of the best-fit curve : 0.999749898528281
learning rate =  0.001
sample_rate: (min) 0.03, (max) 0.11, expected_batch_size: 221
sample_rate: (min) 0.03, (max) 0.16, expected_batch_size: 296
sample_rate: (min) 0.03, (max) 0.07, expected_batch_size: 171
sample_rate: (min) 0.03, (max) 0.11, expected_batch_size: 222
sample_rate: (min) 0.03, (max) 0.09, expected_batch_size: 225
sample_rate: (min) 0.03, (max) 0.17, expected_batch_size: 362
sample_rate: (min) 0.04, (max) 0.1, expected_batch_size: 230
sample_rate: (min) 0.03, (max) 0.2, expected_batch_size: 298
sample_rate: (min) 0.04, (max) 0.26, expected_batch_size: 404
sample_rate: (min) 0.03, (max) 0.98, expected_batch_size: 506
initial privacy cost of all clients:  [0, 0, 0, 0, 0, 0, 0, 0, 0, 0]
Round=0
Round=1
Round=2
Round=3
Round=4
Round=5
Round=6
Round=7
Round=8
Round=9
Round=10
Round=11
Round=12
Round=13
Round=14
current privacy cost of all clients:  [0.43994099826958544, 0.6904736218181567, 0.20938176580093296, 0.4403200097582526, 0.38463693276986693, 0.7881371060761739, 0.4369892621197517, 1.0615945911346845, 1.4892497072651696, 5.563993025730616]
Round=14, per client global perf=[0.3819, 0.5206, 0.2069, 0.274, 0.2324, 0.5221, 0.3074, 0.3167, 0.4534, 0.4902], mean perf=7559/20400 (0.3705%)
Round=14, per client personal perf=[0.9407, 0.7971, 0.7387, 0.8882, 0.848, 0.8917, 0.8368, 0.8167, 0.8926, 0.8466], mean perf=17334/20400 (0.8497%)
Round=14, per client personal pooled=[0.4679, 0.399, 0.3762, 0.4468, 0.4286, 0.4469, 0.4232, 0.4117, 0.4456, 0.425], mean perf=87124/204000 (0.4271%)
Mean performance of ditto rpdp global, Perf=0.4284, seed=42
Mean performance of ditto rpdp personal, Perf=0.8418, seed=42
Mean performance of ditto rpdp pooled, Perf=0.4231, seed=42
Client 0: avg epsilon = 0.4184
Client 1: avg epsilon = 1.0718
Client 2: avg epsilon = 0.1155
Client 3: avg epsilon = 0.2959
Client 4: avg epsilon = 0.2880
Client 5: avg epsilon = 1.3641
Client 6: avg epsilon = 0.2928
Client 7: avg epsilon = 1.0901
Client 8: avg epsilon = 1.3650
Client 9: avg epsilon = 1.4426
 We run FedAvg with rPDP (BoundedMixGauss-0) ...
max_epsilon :  10.0  noise_multiplier :  9.736328125
The R-Squared value of the best-fit curve : 0.999749898528281
learning rate =  0.001
sample_rate: (min) 0.03, (max) 0.16, expected_batch_size: 287
sample_rate: (min) 0.03, (max) 0.56, expected_batch_size: 592
sample_rate: (min) 0.03, (max) 0.04, expected_batch_size: 109
sample_rate: (min) 0.03, (max) 0.16, expected_batch_size: 214
sample_rate: (min) 0.03, (max) 0.15, expected_batch_size: 211
sample_rate: (min) 0.03, (max) 0.59, expected_batch_size: 743
sample_rate: (min) 0.03, (max) 0.16, expected_batch_size: 213
sample_rate: (min) 0.03, (max) 0.62, expected_batch_size: 568
sample_rate: (min) 0.03, (max) 0.64, expected_batch_size: 713
sample_rate: (min) 0.03, (max) 0.79, expected_batch_size: 740
initial privacy cost of all clients:  [0, 0, 0, 0, 0, 0, 0, 0, 0, 0]
Round=0
Round=1
Round=2
Round=3
Round=4
Round=5
Round=6
Round=7
Round=8
Round=9
Round=10
Round=11
Round=12
Round=13
Round=14
current privacy cost of all clients:  [0.7212538448439719, 3.242489391225517, 0.09289914324649612, 0.6918395589904925, 0.7057677970166251, 3.444062981944626, 0.7465223742431236, 4.148436890583617, 4.595004387966056, 4.36666609846329]
Round=14, per client global perf=[0.3725, 0.3515, 0.0711, 0.225, 0.2304, 0.5216, 0.173, 0.2583, 0.3534, 0.3662], mean perf=5963/20400 (0.2923%)
Round=14, per client personal perf=[0.9353, 0.7936, 0.7426, 0.8887, 0.8373, 0.8912, 0.8475, 0.8098, 0.8716, 0.8284], mean perf=17230/20400 (0.8446%)
Round=14, per client personal pooled=[0.4667, 0.3997, 0.379, 0.4475, 0.4272, 0.445, 0.424, 0.4124, 0.4384, 0.4145], mean perf=86788/204000 (0.4254%)
Mean performance of ditto rpdp global, Perf=0.3238, seed=42
Mean performance of ditto rpdp personal, Perf=0.8424, seed=42
Mean performance of ditto rpdp pooled, Perf=0.4237, seed=42
Finished seed 42
----------------------------------------
Running seed 43
/Users/shegao_t1/DP_Research/Personal_DP_Personal_FL/rpdp_fl/experiments/datasets/fed_fashion_mnist/niid_10_5way_1200shot

Client 0 label distribution:
[(0, 791), (1, 786), (3, 784), (7, 808), (8, 791)]

Client 1 label distribution:
[(0, 790), (4, 779), (6, 781), (7, 795), (9, 815)]

Client 2 label distribution:
[(0, 786), (1, 780), (3, 822), (4, 782), (6, 790)]

Client 3 label distribution:
[(1, 794), (2, 811), (4, 779), (5, 788), (8, 788)]

Client 4 label distribution:
[(1, 790), (2, 786), (5, 798), (6, 792), (7, 794)]

Client 5 label distribution:
[(0, 806), (5, 785), (7, 797), (8, 810), (9, 762)]

Client 6 label distribution:
[(2, 773), (3, 805), (4, 791), (5, 788), (7, 803)]

Client 7 label distribution:
[(1, 792), (2, 792), (3, 791), (6, 795), (9, 790)]

Client 8 label distribution:
[(2, 800), (4, 779), (5, 789), (8, 782), (9, 810)]

Client 9 label distribution:
[(0, 819), (3, 779), (6, 796), (8, 778), (9, 788)]
Client 0: avg epsilon = 0.4564
Client 1: avg epsilon = 1.2841
Client 2: avg epsilon = 0.1000
Client 3: avg epsilon = 0.2791
Client 4: avg epsilon = 0.2805
Client 5: avg epsilon = 1.4081
Client 6: avg epsilon = 0.2825
Client 7: avg epsilon = 1.0775
Client 8: avg epsilon = 1.2800
Client 9: avg epsilon = 1.2519
 We run FedAvg with rPDP (ThreeLevels-0) ...
max_epsilon :  10.0  noise_multiplier :  9.736328125
The R-Squared value of the best-fit curve : 0.999749898528281
learning rate =  0.001
sample_rate: (min) 0.03, (max) 0.16, expected_batch_size: 308
sample_rate: (min) 0.03, (max) 0.61, expected_batch_size: 677
sample_rate: (min) 0.03, (max) 0.03, expected_batch_size: 99
sample_rate: (min) 0.03, (max) 0.16, expected_batch_size: 204
sample_rate: (min) 0.03, (max) 0.16, expected_batch_size: 205
sample_rate: (min) 0.03, (max) 0.61, expected_batch_size: 756
sample_rate: (min) 0.03, (max) 0.16, expected_batch_size: 206
sample_rate: (min) 0.03, (max) 0.61, expected_batch_size: 559
sample_rate: (min) 0.03, (max) 0.61, expected_batch_size: 674
sample_rate: (min) 0.03, (max) 0.61, expected_batch_size: 661
initial privacy cost of all clients:  [0, 0, 0, 0, 0, 0, 0, 0, 0, 0]
Round=0
Round=1
Round=2
Round=3
Round=4
Round=5
Round=6
Round=7
Round=8
Round=9
Round=10
Round=11
Round=12
Round=13
Round=14
current privacy cost of all clients:  [0.7482516858029494, 3.554611437795162, 0.07214729257008984, 0.7482516858029494, 0.5558558712260362, 3.554611437795162, 0.6093162705378211, 2.1521425035466386, 3.0541598033886133, 4.055063072201711]
Round=14, per client global perf=[0.3221, 0.2966, 0.0353, 0.1975, 0.1049, 0.4951, 0.127, 0.2358, 0.3873, 0.4402], mean perf=5389/20400 (0.2642%)
Round=14, per client personal perf=[0.9333, 0.7696, 0.7446, 0.8877, 0.7779, 0.899, 0.8221, 0.7505, 0.8603, 0.8456], mean perf=16913/20400 (0.8291%)
Round=14, per client personal pooled=[0.4653, 0.3901, 0.3829, 0.4464, 0.3889, 0.4473, 0.4113, 0.3773, 0.4309, 0.4254], mean perf=84983/204000 (0.4166%)
Mean performance of ditto rpdp global, Perf=0.2557, seed=43
Mean performance of ditto rpdp personal, Perf=0.8200, seed=43
Mean performance of ditto rpdp pooled, Perf=0.4122, seed=43
Client 0: avg epsilon = 0.3035
Client 1: avg epsilon = 0.4310
Client 2: avg epsilon = 0.2194
Client 3: avg epsilon = 0.3038
Client 4: avg epsilon = 0.3095
Client 5: avg epsilon = 0.5441
Client 6: avg epsilon = 0.3182
Client 7: avg epsilon = 0.4402
Client 8: avg epsilon = 0.6282
Client 9: avg epsilon = 0.8613
 We run FedAvg with rPDP (BoundedPareto-0) ...
max_epsilon :  10.0  noise_multiplier :  9.736328125
The R-Squared value of the best-fit curve : 0.999749898528281
learning rate =  0.001
sample_rate: (min) 0.03, (max) 0.11, expected_batch_size: 222
sample_rate: (min) 0.03, (max) 0.16, expected_batch_size: 297
sample_rate: (min) 0.03, (max) 0.07, expected_batch_size: 173
sample_rate: (min) 0.03, (max) 0.11, expected_batch_size: 223
sample_rate: (min) 0.03, (max) 0.09, expected_batch_size: 227
sample_rate: (min) 0.03, (max) 0.17, expected_batch_size: 363
sample_rate: (min) 0.04, (max) 0.1, expected_batch_size: 232
sample_rate: (min) 0.03, (max) 0.2, expected_batch_size: 300
sample_rate: (min) 0.04, (max) 0.26, expected_batch_size: 407
sample_rate: (min) 0.03, (max) 1.0, expected_batch_size: 514
initial privacy cost of all clients:  [0, 0, 0, 0, 0, 0, 0, 0, 0, 0]
Round=0
Round=1
Round=2
Round=3
Round=4
Round=5
Round=6
Round=7
Round=8
Round=9
Round=10
Round=11
Round=12
Round=13
Round=14
current privacy cost of all clients:  [0.4670392181817522, 0.6940404194588027, 0.2511556619693317, 0.5017481550831977, 0.2875999505800651, 0.7912230465157171, 0.35637464039278516, 0.5845921005119138, 1.1072956182922264, 7.879532215750026]
Round=14, per client global perf=[0.3657, 0.3564, 0.2446, 0.2814, 0.2348, 0.5074, 0.2618, 0.4559, 0.4716, 0.6603], mean perf=7833/20400 (0.3840%)
Round=14, per client personal perf=[0.9402, 0.8108, 0.7554, 0.8652, 0.7711, 0.8995, 0.7662, 0.7627, 0.8377, 0.8549], mean perf=16858/20400 (0.8264%)
Round=14, per client personal pooled=[0.4675, 0.4033, 0.3861, 0.4378, 0.391, 0.4489, 0.3867, 0.3803, 0.4206, 0.4293], mean perf=84693/204000 (0.4152%)
Mean performance of ditto rpdp global, Perf=0.3519, seed=43
Mean performance of ditto rpdp personal, Perf=0.8212, seed=43
Mean performance of ditto rpdp pooled, Perf=0.4123, seed=43
Client 0: avg epsilon = 0.4349
Client 1: avg epsilon = 1.1509
Client 2: avg epsilon = 0.1161
Client 3: avg epsilon = 0.2977
Client 4: avg epsilon = 0.2901
Client 5: avg epsilon = 1.3740
Client 6: avg epsilon = 0.2948
Client 7: avg epsilon = 1.0938
Client 8: avg epsilon = 1.3694
Client 9: avg epsilon = 1.5035
 We run FedAvg with rPDP (BoundedMixGauss-0) ...
max_epsilon :  10.0  noise_multiplier :  9.736328125
The R-Squared value of the best-fit curve : 0.999749898528281
learning rate =  0.001
sample_rate: (min) 0.03, (max) 0.16, expected_batch_size: 296
sample_rate: (min) 0.03, (max) 0.57, expected_batch_size: 627
sample_rate: (min) 0.03, (max) 0.04, expected_batch_size: 109
sample_rate: (min) 0.03, (max) 0.17, expected_batch_size: 215
sample_rate: (min) 0.03, (max) 0.15, expected_batch_size: 212
sample_rate: (min) 0.03, (max) 0.59, expected_batch_size: 747
sample_rate: (min) 0.03, (max) 0.16, expected_batch_size: 214
sample_rate: (min) 0.03, (max) 0.62, expected_batch_size: 569
sample_rate: (min) 0.03, (max) 0.64, expected_batch_size: 715
sample_rate: (min) 0.03, (max) 0.75, expected_batch_size: 771
initial privacy cost of all clients:  [0, 0, 0, 0, 0, 0, 0, 0, 0, 0]
Round=0
Round=1
Round=2
Round=3
Round=4
Round=5
Round=6
Round=7
Round=8
Round=9
Round=10
Round=11
Round=12
Round=13
Round=14
current privacy cost of all clients:  [0.7733283643560676, 3.2740156938258647, 0.1126171708092815, 0.7937347531499499, 0.5292765949735319, 3.4622202231592762, 0.6126867677676407, 2.1953366497455, 3.2843017028811055, 5.239405359423475]
Round=14, per client global perf=[0.2868, 0.3353, 0.0471, 0.199, 0.1348, 0.4892, 0.1039, 0.2426, 0.3902, 0.4471], mean perf=5459/20400 (0.2676%)
Round=14, per client personal perf=[0.9314, 0.7912, 0.7475, 0.8672, 0.7794, 0.8912, 0.8157, 0.7686, 0.8348, 0.8515], mean perf=16888/20400 (0.8278%)
Round=14, per client personal pooled=[0.464, 0.4002, 0.3809, 0.4362, 0.3919, 0.4437, 0.4107, 0.3838, 0.4215, 0.427], mean perf=84859/204000 (0.4160%)
Mean performance of ditto rpdp global, Perf=0.2644, seed=43
Mean performance of ditto rpdp personal, Perf=0.8238, seed=43
Mean performance of ditto rpdp pooled, Perf=0.4138, seed=43
Finished seed 43
----------------------------------------
Running seed 44
/Users/shegao_t1/DP_Research/Personal_DP_Personal_FL/rpdp_fl/experiments/datasets/fed_fashion_mnist/niid_10_5way_1200shot

Client 0 label distribution:
[(0, 791), (1, 786), (3, 784), (7, 808), (8, 791)]

Client 1 label distribution:
[(0, 790), (4, 779), (6, 781), (7, 795), (9, 815)]

Client 2 label distribution:
[(0, 786), (1, 780), (3, 822), (4, 782), (6, 790)]

Client 3 label distribution:
[(1, 794), (2, 811), (4, 779), (5, 788), (8, 788)]

Client 4 label distribution:
[(1, 790), (2, 786), (5, 798), (6, 792), (7, 794)]

Client 5 label distribution:
[(0, 806), (5, 785), (7, 797), (8, 810), (9, 762)]

Client 6 label distribution:
[(2, 773), (3, 805), (4, 791), (5, 788), (7, 803)]

Client 7 label distribution:
[(1, 792), (2, 792), (3, 791), (6, 795), (9, 790)]

Client 8 label distribution:
[(2, 800), (4, 779), (5, 789), (8, 782), (9, 810)]

Client 9 label distribution:
[(0, 819), (3, 779), (6, 796), (8, 778), (9, 788)]
Client 0: avg epsilon = 0.4564
Client 1: avg epsilon = 1.2841
Client 2: avg epsilon = 0.1000
Client 3: avg epsilon = 0.2791
Client 4: avg epsilon = 0.2805
Client 5: avg epsilon = 1.4081
Client 6: avg epsilon = 0.2825
Client 7: avg epsilon = 1.0775
Client 8: avg epsilon = 1.2800
Client 9: avg epsilon = 1.2519
 We run FedAvg with rPDP (ThreeLevels-0) ...
max_epsilon :  10.0  noise_multiplier :  9.736328125
The R-Squared value of the best-fit curve : 0.999749898528281
learning rate =  0.001
sample_rate: (min) 0.03, (max) 0.16, expected_batch_size: 308
sample_rate: (min) 0.03, (max) 0.61, expected_batch_size: 677
sample_rate: (min) 0.03, (max) 0.03, expected_batch_size: 99
sample_rate: (min) 0.03, (max) 0.16, expected_batch_size: 204
sample_rate: (min) 0.03, (max) 0.16, expected_batch_size: 205
sample_rate: (min) 0.03, (max) 0.61, expected_batch_size: 756
sample_rate: (min) 0.03, (max) 0.16, expected_batch_size: 206
sample_rate: (min) 0.03, (max) 0.61, expected_batch_size: 559
sample_rate: (min) 0.03, (max) 0.61, expected_batch_size: 674
sample_rate: (min) 0.03, (max) 0.61, expected_batch_size: 661
initial privacy cost of all clients:  [0, 0, 0, 0, 0, 0, 0, 0, 0, 0]
Round=0
Round=1
Round=2
Round=3
Round=4
Round=5
Round=6
Round=7
Round=8
Round=9
Round=10
Round=11
Round=12
Round=13
Round=14
current privacy cost of all clients:  [0.7482516858029494, 4.510367153745826, 0.08299634815037049, 0.4329280232702186, 0.8300921245073416, 3.0541598033886133, 0.5558558712260362, 3.0541598033886133, 2.8039339861853394, 3.554611437795162]
Round=14, per client global perf=[0.3912, 0.576, 0.2333, 0.2627, 0.2172, 0.5745, 0.2907, 0.2358, 0.4534, 0.4461], mean perf=7509/20400 (0.3681%)
Round=14, per client personal perf=[0.9343, 0.8113, 0.774, 0.7882, 0.8505, 0.85, 0.8176, 0.7975, 0.826, 0.8382], mean perf=16907/20400 (0.8288%)
Round=14, per client personal pooled=[0.465, 0.4085, 0.3918, 0.3959, 0.4263, 0.4279, 0.4104, 0.405, 0.4151, 0.4224], mean perf=85033/204000 (0.4168%)
Mean performance of ditto rpdp global, Perf=0.3879, seed=44
Mean performance of ditto rpdp personal, Perf=0.8249, seed=44
Mean performance of ditto rpdp pooled, Perf=0.4148, seed=44
Client 0: avg epsilon = 0.3035
Client 1: avg epsilon = 0.4313
Client 2: avg epsilon = 0.2171
Client 3: avg epsilon = 0.3029
Client 4: avg epsilon = 0.3080
Client 5: avg epsilon = 0.5467
Client 6: avg epsilon = 0.3157
Client 7: avg epsilon = 0.4409
Client 8: avg epsilon = 0.6279
Client 9: avg epsilon = 0.8478
 We run FedAvg with rPDP (BoundedPareto-0) ...
max_epsilon :  10.0  noise_multiplier :  9.736328125
The R-Squared value of the best-fit curve : 0.999749898528281
learning rate =  0.001
sample_rate: (min) 0.03, (max) 0.11, expected_batch_size: 222
sample_rate: (min) 0.03, (max) 0.16, expected_batch_size: 297
sample_rate: (min) 0.03, (max) 0.07, expected_batch_size: 171
sample_rate: (min) 0.03, (max) 0.11, expected_batch_size: 222
sample_rate: (min) 0.03, (max) 0.09, expected_batch_size: 226
sample_rate: (min) 0.03, (max) 0.18, expected_batch_size: 365
sample_rate: (min) 0.04, (max) 0.1, expected_batch_size: 231
sample_rate: (min) 0.03, (max) 0.21, expected_batch_size: 300
sample_rate: (min) 0.04, (max) 0.26, expected_batch_size: 407
sample_rate: (min) 0.03, (max) 1.0, expected_batch_size: 508
initial privacy cost of all clients:  [0, 0, 0, 0, 0, 0, 0, 0, 0, 0]
Round=0
Round=1
Round=2
Round=3
Round=4
Round=5
Round=6
Round=7
Round=8
Round=9
Round=10
Round=11
Round=12
Round=13
Round=14
current privacy cost of all clients:  [0.472818141405037, 0.8605893164104541, 0.2850714641123102, 0.2915746673650539, 0.43237890879325525, 0.6923867806506973, 0.3262805541107679, 0.8286221422712667, 1.0074191475107563, 6.803447050009791]
Round=14, per client global perf=[0.3397, 0.5304, 0.2025, 0.1583, 0.3201, 0.5025, 0.2162, 0.3676, 0.326, 0.5118], mean perf=7089/20400 (0.3475%)
Round=14, per client personal perf=[0.9309, 0.7985, 0.7775, 0.8382, 0.8049, 0.8804, 0.8211, 0.7505, 0.8578, 0.8172], mean perf=16885/20400 (0.8277%)
Round=14, per client personal pooled=[0.4624, 0.4026, 0.3926, 0.4118, 0.407, 0.4376, 0.4097, 0.377, 0.4295, 0.4129], mean perf=84519/204000 (0.4143%)
Mean performance of ditto rpdp global, Perf=0.3887, seed=44
Mean performance of ditto rpdp personal, Perf=0.8247, seed=44
Mean performance of ditto rpdp pooled, Perf=0.4129, seed=44
Client 0: avg epsilon = 0.4223
Client 1: avg epsilon = 1.1455
Client 2: avg epsilon = 0.1156
Client 3: avg epsilon = 0.2963
Client 4: avg epsilon = 0.2883
Client 5: avg epsilon = 1.3712
Client 6: avg epsilon = 0.2932
Client 7: avg epsilon = 1.0937
Client 8: avg epsilon = 1.3697
Client 9: avg epsilon = 1.4769
 We run FedAvg with rPDP (BoundedMixGauss-0) ...
max_epsilon :  10.0  noise_multiplier :  9.736328125
The R-Squared value of the best-fit curve : 0.999749898528281
learning rate =  0.001
sample_rate: (min) 0.03, (max) 0.16, expected_batch_size: 289
sample_rate: (min) 0.03, (max) 0.57, expected_batch_size: 625
sample_rate: (min) 0.03, (max) 0.04, expected_batch_size: 109
sample_rate: (min) 0.03, (max) 0.17, expected_batch_size: 214
sample_rate: (min) 0.03, (max) 0.15, expected_batch_size: 211
sample_rate: (min) 0.03, (max) 0.59, expected_batch_size: 746
sample_rate: (min) 0.03, (max) 0.16, expected_batch_size: 213
sample_rate: (min) 0.03, (max) 0.62, expected_batch_size: 569
sample_rate: (min) 0.03, (max) 0.64, expected_batch_size: 714
sample_rate: (min) 0.03, (max) 0.77, expected_batch_size: 756
initial privacy cost of all clients:  [0, 0, 0, 0, 0, 0, 0, 0, 0, 0]
Round=0
Round=1
Round=2
Round=3
Round=4
Round=5
Round=6
Round=7
Round=8
Round=9
Round=10
Round=11
Round=12
Round=13
Round=14
current privacy cost of all clients:  [0.7677834992106322, 4.122595981742123, 0.12764423903295052, 0.45634168403065334, 0.7856702095370495, 2.983818153591938, 0.5557480878423264, 3.116664947132279, 2.9994056552904107, 4.77719853540031]
Round=14, per client global perf=[0.3417, 0.5515, 0.1907, 0.2289, 0.2613, 0.5265, 0.2495, 0.2809, 0.4113, 0.4441], mean perf=7112/20400 (0.3486%)
Round=14, per client personal perf=[0.924, 0.8039, 0.7652, 0.8176, 0.852, 0.873, 0.8093, 0.7907, 0.8657, 0.8309], mean perf=16998/20400 (0.8332%)
Round=14, per client personal pooled=[0.4616, 0.4056, 0.3869, 0.3996, 0.4277, 0.4377, 0.404, 0.4021, 0.4293, 0.4172], mean perf=85102/204000 (0.4172%)
Mean performance of ditto rpdp global, Perf=0.3694, seed=44
Mean performance of ditto rpdp personal, Perf=0.8287, seed=44
Mean performance of ditto rpdp pooled, Perf=0.4153, seed=44
Finished seed 44
----------------------------------------
Running seed 45
/Users/shegao_t1/DP_Research/Personal_DP_Personal_FL/rpdp_fl/experiments/datasets/fed_fashion_mnist/niid_10_5way_1200shot

Client 0 label distribution:
[(0, 791), (1, 786), (3, 784), (7, 808), (8, 791)]

Client 1 label distribution:
[(0, 790), (4, 779), (6, 781), (7, 795), (9, 815)]

Client 2 label distribution:
[(0, 786), (1, 780), (3, 822), (4, 782), (6, 790)]

Client 3 label distribution:
[(1, 794), (2, 811), (4, 779), (5, 788), (8, 788)]

Client 4 label distribution:
[(1, 790), (2, 786), (5, 798), (6, 792), (7, 794)]

Client 5 label distribution:
[(0, 806), (5, 785), (7, 797), (8, 810), (9, 762)]

Client 6 label distribution:
[(2, 773), (3, 805), (4, 791), (5, 788), (7, 803)]

Client 7 label distribution:
[(1, 792), (2, 792), (3, 791), (6, 795), (9, 790)]

Client 8 label distribution:
[(2, 800), (4, 779), (5, 789), (8, 782), (9, 810)]

Client 9 label distribution:
[(0, 819), (3, 779), (6, 796), (8, 778), (9, 788)]
Client 0: avg epsilon = 0.4564
Client 1: avg epsilon = 1.2841
Client 2: avg epsilon = 0.1000
Client 3: avg epsilon = 0.2791
Client 4: avg epsilon = 0.2805
Client 5: avg epsilon = 1.4081
Client 6: avg epsilon = 0.2825
Client 7: avg epsilon = 1.0775
Client 8: avg epsilon = 1.2800
Client 9: avg epsilon = 1.2519
 We run FedAvg with rPDP (ThreeLevels-0) ...
max_epsilon :  10.0  noise_multiplier :  9.736328125
The R-Squared value of the best-fit curve : 0.999749898528281
learning rate =  0.001
sample_rate: (min) 0.03, (max) 0.16, expected_batch_size: 308
sample_rate: (min) 0.03, (max) 0.61, expected_batch_size: 677
sample_rate: (min) 0.03, (max) 0.03, expected_batch_size: 99
sample_rate: (min) 0.03, (max) 0.16, expected_batch_size: 204
sample_rate: (min) 0.03, (max) 0.16, expected_batch_size: 205
sample_rate: (min) 0.03, (max) 0.61, expected_batch_size: 756
sample_rate: (min) 0.03, (max) 0.16, expected_batch_size: 206
sample_rate: (min) 0.03, (max) 0.61, expected_batch_size: 559
sample_rate: (min) 0.03, (max) 0.61, expected_batch_size: 674
sample_rate: (min) 0.03, (max) 0.61, expected_batch_size: 661
initial privacy cost of all clients:  [0, 0, 0, 0, 0, 0, 0, 0, 0, 0]
Round=0
Round=1
Round=2
Round=3
Round=4
Round=5
Round=6
Round=7
Round=8
Round=9
Round=10
Round=11
Round=12
Round=13
Round=14
current privacy cost of all clients:  [0.7046321452486275, 3.554611437795162, 0.07214729257008984, 0.49782670836934756, 0.7046321452486275, 4.055063072201711, 0.7046321452486275, 2.8039339861853394, 3.8048372549984366, 4.055063072201711]
Round=14, per client global perf=[0.5343, 0.4588, 0.2422, 0.2118, 0.1652, 0.5931, 0.3221, 0.3412, 0.3995, 0.5627], mean perf=7815/20400 (0.3831%)
Round=14, per client personal perf=[0.9201, 0.7779, 0.7368, 0.8397, 0.8113, 0.9029, 0.825, 0.7804, 0.8833, 0.849], mean perf=16986/20400 (0.8326%)
Round=14, per client personal pooled=[0.4581, 0.3917, 0.3764, 0.4174, 0.4052, 0.4507, 0.4106, 0.3971, 0.4408, 0.4278], mean perf=85188/204000 (0.4176%)
Mean performance of ditto rpdp global, Perf=0.3508, seed=45
Mean performance of ditto rpdp personal, Perf=0.8266, seed=45
Mean performance of ditto rpdp pooled, Perf=0.4150, seed=45
Client 0: avg epsilon = 0.3034
Client 1: avg epsilon = 0.4297
Client 2: avg epsilon = 0.2176
Client 3: avg epsilon = 0.3025
Client 4: avg epsilon = 0.3089
Client 5: avg epsilon = 0.5424
Client 6: avg epsilon = 0.3163
Client 7: avg epsilon = 0.4373
Client 8: avg epsilon = 0.6263
Client 9: avg epsilon = 0.8519
 We run FedAvg with rPDP (BoundedPareto-0) ...
max_epsilon :  10.0  noise_multiplier :  9.736328125
The R-Squared value of the best-fit curve : 0.999749898528281
learning rate =  0.001
sample_rate: (min) 0.03, (max) 0.11, expected_batch_size: 222
sample_rate: (min) 0.03, (max) 0.15, expected_batch_size: 297
sample_rate: (min) 0.03, (max) 0.07, expected_batch_size: 172
sample_rate: (min) 0.03, (max) 0.11, expected_batch_size: 222
sample_rate: (min) 0.03, (max) 0.09, expected_batch_size: 227
sample_rate: (min) 0.03, (max) 0.17, expected_batch_size: 362
sample_rate: (min) 0.04, (max) 0.1, expected_batch_size: 231
sample_rate: (min) 0.03, (max) 0.2, expected_batch_size: 298
sample_rate: (min) 0.04, (max) 0.26, expected_batch_size: 406
sample_rate: (min) 0.03, (max) 1.0, expected_batch_size: 509
initial privacy cost of all clients:  [0, 0, 0, 0, 0, 0, 0, 0, 0, 0]
Round=0
Round=1
Round=2
Round=3
Round=4
Round=5
Round=6
Round=7
Round=8
Round=9
Round=10
Round=11
Round=12
Round=13
Round=14
current privacy cost of all clients:  [0.4425821626668991, 0.6884954165451199, 0.25132872661466316, 0.3346681815849944, 0.36640855871949035, 0.877256515897544, 0.41309044881143847, 0.7451813859939028, 1.354274879524409, 7.879532215750026]
Round=14, per client global perf=[0.4343, 0.5652, 0.3127, 0.3936, 0.2652, 0.5936, 0.452, 0.3549, 0.5765, 0.549], mean perf=9174/20400 (0.4497%)
Round=14, per client personal perf=[0.926, 0.7721, 0.7436, 0.8397, 0.8113, 0.8917, 0.8221, 0.7814, 0.8721, 0.8426], mean perf=16937/20400 (0.8302%)
Round=14, per client personal pooled=[0.4615, 0.3896, 0.3812, 0.4185, 0.4082, 0.4469, 0.4082, 0.3977, 0.4365, 0.4223], mean perf=85080/204000 (0.4171%)
Mean performance of ditto rpdp global, Perf=0.3973, seed=45
Mean performance of ditto rpdp personal, Perf=0.8280, seed=45
Mean performance of ditto rpdp pooled, Perf=0.4160, seed=45
Client 0: avg epsilon = 0.4344
Client 1: avg epsilon = 1.1544
Client 2: avg epsilon = 0.1159
Client 3: avg epsilon = 0.2975
Client 4: avg epsilon = 0.2898
Client 5: avg epsilon = 1.3752
Client 6: avg epsilon = 0.2943
Client 7: avg epsilon = 1.0952
Client 8: avg epsilon = 1.3713
Client 9: avg epsilon = 1.5112
 We run FedAvg with rPDP (BoundedMixGauss-0) ...
max_epsilon :  10.0  noise_multiplier :  9.736328125
The R-Squared value of the best-fit curve : 0.999749898528281
learning rate =  0.001
sample_rate: (min) 0.03, (max) 0.16, expected_batch_size: 296
sample_rate: (min) 0.03, (max) 0.57, expected_batch_size: 628
sample_rate: (min) 0.03, (max) 0.04, expected_batch_size: 109
sample_rate: (min) 0.03, (max) 0.17, expected_batch_size: 215
sample_rate: (min) 0.03, (max) 0.15, expected_batch_size: 212
sample_rate: (min) 0.03, (max) 0.59, expected_batch_size: 747
sample_rate: (min) 0.03, (max) 0.16, expected_batch_size: 214
sample_rate: (min) 0.03, (max) 0.62, expected_batch_size: 570
sample_rate: (min) 0.03, (max) 0.65, expected_batch_size: 715
sample_rate: (min) 0.03, (max) 0.77, expected_batch_size: 775
initial privacy cost of all clients:  [0, 0, 0, 0, 0, 0, 0, 0, 0, 0]
Round=0
Round=1
Round=2
Round=3
Round=4
Round=5
Round=6
Round=7
Round=8
Round=9
Round=10
Round=11
Round=12
Round=13
Round=14
current privacy cost of all clients:  [0.7253755840827084, 3.2766097212141574, 0.11207734670387905, 0.5285137731759944, 0.6694405199152075, 3.939046868497293, 0.7075749661251897, 2.859403242515003, 4.160788994825427, 5.387946020137831]
Round=14, per client global perf=[0.3799, 0.5015, 0.1853, 0.2167, 0.223, 0.5544, 0.226, 0.2814, 0.4074, 0.4941], mean perf=7078/20400 (0.3470%)
Round=14, per client personal perf=[0.9225, 0.7662, 0.7426, 0.8358, 0.8127, 0.8838, 0.8113, 0.7882, 0.8824, 0.848], mean perf=16919/20400 (0.8294%)
Round=14, per client personal pooled=[0.4603, 0.387, 0.38, 0.4144, 0.41, 0.4455, 0.4092, 0.3995, 0.4411, 0.4276], mean perf=85164/204000 (0.4175%)
Mean performance of ditto rpdp global, Perf=0.3152, seed=45
Mean performance of ditto rpdp personal, Perf=0.8283, seed=45
Mean performance of ditto rpdp pooled, Perf=0.4165, seed=45
Finished seed 45
----------------------------------------
Running seed 46
/Users/shegao_t1/DP_Research/Personal_DP_Personal_FL/rpdp_fl/experiments/datasets/fed_fashion_mnist/niid_10_5way_1200shot

Client 0 label distribution:
[(0, 791), (1, 786), (3, 784), (7, 808), (8, 791)]

Client 1 label distribution:
[(0, 790), (4, 779), (6, 781), (7, 795), (9, 815)]

Client 2 label distribution:
[(0, 786), (1, 780), (3, 822), (4, 782), (6, 790)]

Client 3 label distribution:
[(1, 794), (2, 811), (4, 779), (5, 788), (8, 788)]

Client 4 label distribution:
[(1, 790), (2, 786), (5, 798), (6, 792), (7, 794)]

Client 5 label distribution:
[(0, 806), (5, 785), (7, 797), (8, 810), (9, 762)]

Client 6 label distribution:
[(2, 773), (3, 805), (4, 791), (5, 788), (7, 803)]

Client 7 label distribution:
[(1, 792), (2, 792), (3, 791), (6, 795), (9, 790)]

Client 8 label distribution:
[(2, 800), (4, 779), (5, 789), (8, 782), (9, 810)]

Client 9 label distribution:
[(0, 819), (3, 779), (6, 796), (8, 778), (9, 788)]
Client 0: avg epsilon = 0.4564
Client 1: avg epsilon = 1.2841
Client 2: avg epsilon = 0.1000
Client 3: avg epsilon = 0.2791
Client 4: avg epsilon = 0.2805
Client 5: avg epsilon = 1.4081
Client 6: avg epsilon = 0.2825
Client 7: avg epsilon = 1.0775
Client 8: avg epsilon = 1.2800
Client 9: avg epsilon = 1.2519
 We run FedAvg with rPDP (ThreeLevels-0) ...
max_epsilon :  10.0  noise_multiplier :  9.736328125
The R-Squared value of the best-fit curve : 0.999749898528281
learning rate =  0.001
sample_rate: (min) 0.03, (max) 0.16, expected_batch_size: 308
sample_rate: (min) 0.03, (max) 0.61, expected_batch_size: 677
sample_rate: (min) 0.03, (max) 0.03, expected_batch_size: 99
sample_rate: (min) 0.03, (max) 0.16, expected_batch_size: 204
sample_rate: (min) 0.03, (max) 0.16, expected_batch_size: 205
sample_rate: (min) 0.03, (max) 0.61, expected_batch_size: 756
sample_rate: (min) 0.03, (max) 0.16, expected_batch_size: 206
sample_rate: (min) 0.03, (max) 0.61, expected_batch_size: 559
sample_rate: (min) 0.03, (max) 0.61, expected_batch_size: 674
sample_rate: (min) 0.03, (max) 0.61, expected_batch_size: 661
initial privacy cost of all clients:  [0, 0, 0, 0, 0, 0, 0, 0, 0, 0]
Round=0
Round=1
Round=2
Round=3
Round=4
Round=5
Round=6
Round=7
Round=8
Round=9
Round=10
Round=11
Round=12
Round=13
Round=14
current privacy cost of all clients:  [0.6583580204409699, 3.8048372549984366, 0.07214729257008984, 0.7046321452486275, 0.6583580204409699, 3.554611437795162, 0.7046321452486275, 4.305288889404985, 4.055063072201711, 3.554611437795162]
Round=14, per client global perf=[0.5397, 0.3922, 0.2657, 0.2676, 0.2275, 0.5373, 0.3147, 0.4191, 0.3882, 0.5578], mean perf=7976/20400 (0.3910%)
Round=14, per client personal perf=[0.9392, 0.7721, 0.7608, 0.8745, 0.8132, 0.902, 0.8348, 0.8505, 0.8892, 0.8456], mean perf=17303/20400 (0.8482%)
Round=14, per client personal pooled=[0.4649, 0.3877, 0.3861, 0.4414, 0.409, 0.4479, 0.4173, 0.4288, 0.4435, 0.4197], mean perf=86626/204000 (0.4246%)
Mean performance of ditto rpdp global, Perf=0.3622, seed=46
Mean performance of ditto rpdp personal, Perf=0.8384, seed=46
Mean performance of ditto rpdp pooled, Perf=0.4210, seed=46
Client 0: avg epsilon = 0.2997
Client 1: avg epsilon = 0.4270
Client 2: avg epsilon = 0.2166
Client 3: avg epsilon = 0.3006
Client 4: avg epsilon = 0.3056
Client 5: avg epsilon = 0.5396
Client 6: avg epsilon = 0.3141
Client 7: avg epsilon = 0.4375
Client 8: avg epsilon = 0.6231
Client 9: avg epsilon = 0.8526
 We run FedAvg with rPDP (BoundedPareto-0) ...
max_epsilon :  10.0  noise_multiplier :  9.736328125
The R-Squared value of the best-fit curve : 0.999749898528281
learning rate =  0.001
sample_rate: (min) 0.03, (max) 0.11, expected_batch_size: 220
sample_rate: (min) 0.03, (max) 0.16, expected_batch_size: 295
sample_rate: (min) 0.03, (max) 0.07, expected_batch_size: 171
sample_rate: (min) 0.03, (max) 0.11, expected_batch_size: 221
sample_rate: (min) 0.03, (max) 0.09, expected_batch_size: 225
sample_rate: (min) 0.03, (max) 0.17, expected_batch_size: 361
sample_rate: (min) 0.04, (max) 0.1, expected_batch_size: 230
sample_rate: (min) 0.03, (max) 0.2, expected_batch_size: 298
sample_rate: (min) 0.04, (max) 0.26, expected_batch_size: 404
sample_rate: (min) 0.03, (max) 1.0, expected_batch_size: 510
initial privacy cost of all clients:  [0, 0, 0, 0, 0, 0, 0, 0, 0, 0]
Round=0
Round=1
Round=2
Round=3
Round=4
Round=5
Round=6
Round=7
Round=8
Round=9
Round=10
Round=11
Round=12
Round=13
Round=14
current privacy cost of all clients:  [0.4056289801187321, 0.7319920393872338, 0.2473803074046356, 0.46750893350076317, 0.33569399618441287, 0.7900858447690642, 0.4068716476024919, 1.1171184067423878, 1.4267495597205888, 6.803447050009791]
Round=14, per client global perf=[0.4657, 0.524, 0.3176, 0.3167, 0.1926, 0.5078, 0.4235, 0.3873, 0.5039, 0.5691], mean perf=8585/20400 (0.4208%)
Round=14, per client personal perf=[0.9333, 0.8034, 0.7598, 0.8789, 0.7828, 0.8936, 0.8324, 0.8005, 0.8882, 0.8431], mean perf=17169/20400 (0.8416%)
Round=14, per client personal pooled=[0.4642, 0.4029, 0.3852, 0.4412, 0.3948, 0.4444, 0.4131, 0.4055, 0.4451, 0.4227], mean perf=86073/204000 (0.4219%)
Mean performance of ditto rpdp global, Perf=0.4152, seed=46
Mean performance of ditto rpdp personal, Perf=0.8414, seed=46
Mean performance of ditto rpdp pooled, Perf=0.4218, seed=46
Client 0: avg epsilon = 0.4137
Client 1: avg epsilon = 1.0664
Client 2: avg epsilon = 0.1154
Client 3: avg epsilon = 0.2954
Client 4: avg epsilon = 0.2873
Client 5: avg epsilon = 1.3644
Client 6: avg epsilon = 0.2925
Client 7: avg epsilon = 1.0912
Client 8: avg epsilon = 1.3684
Client 9: avg epsilon = 1.4486
 We run FedAvg with rPDP (BoundedMixGauss-0) ...
max_epsilon :  10.0  noise_multiplier :  9.736328125
The R-Squared value of the best-fit curve : 0.999749898528281
learning rate =  0.001
sample_rate: (min) 0.03, (max) 0.16, expected_batch_size: 284
sample_rate: (min) 0.03, (max) 0.57, expected_batch_size: 589
sample_rate: (min) 0.03, (max) 0.04, expected_batch_size: 109
sample_rate: (min) 0.03, (max) 0.16, expected_batch_size: 214
sample_rate: (min) 0.03, (max) 0.15, expected_batch_size: 210
sample_rate: (min) 0.03, (max) 0.59, expected_batch_size: 743
sample_rate: (min) 0.03, (max) 0.16, expected_batch_size: 213
sample_rate: (min) 0.03, (max) 0.62, expected_batch_size: 568
sample_rate: (min) 0.03, (max) 0.64, expected_batch_size: 714
sample_rate: (min) 0.03, (max) 0.75, expected_batch_size: 742
initial privacy cost of all clients:  [0, 0, 0, 0, 0, 0, 0, 0, 0, 0]
Round=0
Round=1
Round=2
Round=3
Round=4
Round=5
Round=6
Round=7
Round=8
Round=9
Round=10
Round=11
Round=12
Round=13
Round=14
current privacy cost of all clients:  [0.6745013868945783, 3.4579329026515047, 0.11108162662117115, 0.7397035782890445, 0.6195423815417367, 3.4461753572954548, 0.7032755958236908, 4.415109595459327, 4.419900111170576, 4.699892211236226]
Round=14, per client global perf=[0.4431, 0.4324, 0.2181, 0.2426, 0.2044, 0.5157, 0.3078, 0.3691, 0.4157, 0.5436], mean perf=7533/20400 (0.3693%)
Round=14, per client personal perf=[0.9348, 0.7863, 0.7588, 0.8593, 0.7593, 0.8897, 0.8255, 0.848, 0.8824, 0.851], mean perf=17126/20400 (0.8395%)
Round=14, per client personal pooled=[0.465, 0.3972, 0.3861, 0.4323, 0.384, 0.4433, 0.417, 0.4294, 0.4413, 0.4261], mean perf=86119/204000 (0.4222%)
Mean performance of ditto rpdp global, Perf=0.3430, seed=46
Mean performance of ditto rpdp personal, Perf=0.8378, seed=46
Mean performance of ditto rpdp pooled, Perf=0.4209, seed=46
Finished seed 46
----------------------------------------
=== Running reg_param=0.001, num_steps=15 ===
Running seed 42
/Users/shegao_t1/DP_Research/Personal_DP_Personal_FL/rpdp_fl/experiments/datasets/fed_fashion_mnist/niid_10_5way_1200shot

Client 0 label distribution:
[(0, 791), (1, 786), (3, 784), (7, 808), (8, 791)]

Client 1 label distribution:
[(0, 790), (4, 779), (6, 781), (7, 795), (9, 815)]

Client 2 label distribution:
[(0, 786), (1, 780), (3, 822), (4, 782), (6, 790)]

Client 3 label distribution:
[(1, 794), (2, 811), (4, 779), (5, 788), (8, 788)]

Client 4 label distribution:
[(1, 790), (2, 786), (5, 798), (6, 792), (7, 794)]

Client 5 label distribution:
[(0, 806), (5, 785), (7, 797), (8, 810), (9, 762)]

Client 6 label distribution:
[(2, 773), (3, 805), (4, 791), (5, 788), (7, 803)]

Client 7 label distribution:
[(1, 792), (2, 792), (3, 791), (6, 795), (9, 790)]

Client 8 label distribution:
[(2, 800), (4, 779), (5, 789), (8, 782), (9, 810)]

Client 9 label distribution:
[(0, 819), (3, 779), (6, 796), (8, 778), (9, 788)]
Client 0: avg epsilon = 0.4564
Client 1: avg epsilon = 1.2841
Client 2: avg epsilon = 0.1000
Client 3: avg epsilon = 0.2791
Client 4: avg epsilon = 0.2805
Client 5: avg epsilon = 1.4081
Client 6: avg epsilon = 0.2825
Client 7: avg epsilon = 1.0775
Client 8: avg epsilon = 1.2800
Client 9: avg epsilon = 1.2519
 We run FedAvg with rPDP (ThreeLevels-0) ...
max_epsilon :  10.0  noise_multiplier :  9.736328125
The R-Squared value of the best-fit curve : 0.999749898528281
learning rate =  0.001
sample_rate: (min) 0.03, (max) 0.16, expected_batch_size: 308
sample_rate: (min) 0.03, (max) 0.61, expected_batch_size: 677
sample_rate: (min) 0.03, (max) 0.03, expected_batch_size: 99
sample_rate: (min) 0.03, (max) 0.16, expected_batch_size: 204
sample_rate: (min) 0.03, (max) 0.16, expected_batch_size: 205
sample_rate: (min) 0.03, (max) 0.61, expected_batch_size: 756
sample_rate: (min) 0.03, (max) 0.16, expected_batch_size: 206
sample_rate: (min) 0.03, (max) 0.61, expected_batch_size: 559
sample_rate: (min) 0.03, (max) 0.61, expected_batch_size: 674
sample_rate: (min) 0.03, (max) 0.61, expected_batch_size: 661
initial privacy cost of all clients:  [0, 0, 0, 0, 0, 0, 0, 0, 0, 0]
Round=0
Round=1
Round=2
Round=3
Round=4
Round=5
Round=6
Round=7
Round=8
Round=9
Round=10
Round=11
Round=12
Round=13
Round=14
current privacy cost of all clients:  [0.7046321452486275, 3.554611437795162, 0.05997229379927632, 0.6583580204409699, 0.7482516858029494, 3.554611437795162, 0.7482516858029494, 4.055063072201711, 4.305288889404985, 3.0541598033886133]
Round=14, per client global perf=[0.3515, 0.3402, 0.0324, 0.2059, 0.2029, 0.5196, 0.1755, 0.225, 0.3515, 0.3539], mean perf=5627/20400 (0.2758%)
Round=14, per client personal perf=[0.924, 0.7917, 0.7515, 0.8544, 0.8358, 0.899, 0.8569, 0.823, 0.8863, 0.851], mean perf=17286/20400 (0.8474%)
Round=14, per client personal pooled=[0.4613, 0.3956, 0.383, 0.4316, 0.4216, 0.4494, 0.4297, 0.417, 0.4455, 0.4277], mean perf=86952/204000 (0.4262%)
Mean performance of ditto rpdp global, Perf=0.3101, seed=42
Mean performance of ditto rpdp personal, Perf=0.8413, seed=42
Mean performance of ditto rpdp pooled, Perf=0.4228, seed=42
Client 0: avg epsilon = 0.3014
Client 1: avg epsilon = 0.4282
Client 2: avg epsilon = 0.2171
Client 3: avg epsilon = 0.3017
Client 4: avg epsilon = 0.3067
Client 5: avg epsilon = 0.5417
Client 6: avg epsilon = 0.3151
Client 7: avg epsilon = 0.4371
Client 8: avg epsilon = 0.6238
Client 9: avg epsilon = 0.8426
 We run FedAvg with rPDP (BoundedPareto-0) ...
max_epsilon :  10.0  noise_multiplier :  9.736328125
The R-Squared value of the best-fit curve : 0.999749898528281
learning rate =  0.001
sample_rate: (min) 0.03, (max) 0.11, expected_batch_size: 221
sample_rate: (min) 0.03, (max) 0.16, expected_batch_size: 296
sample_rate: (min) 0.03, (max) 0.07, expected_batch_size: 171
sample_rate: (min) 0.03, (max) 0.11, expected_batch_size: 222
sample_rate: (min) 0.03, (max) 0.09, expected_batch_size: 225
sample_rate: (min) 0.03, (max) 0.17, expected_batch_size: 362
sample_rate: (min) 0.04, (max) 0.1, expected_batch_size: 230
sample_rate: (min) 0.03, (max) 0.2, expected_batch_size: 298
sample_rate: (min) 0.04, (max) 0.26, expected_batch_size: 404
sample_rate: (min) 0.03, (max) 0.98, expected_batch_size: 506
initial privacy cost of all clients:  [0, 0, 0, 0, 0, 0, 0, 0, 0, 0]
Round=0
Round=1
Round=2
Round=3
Round=4
Round=5
Round=6
Round=7
Round=8
Round=9
Round=10
Round=11
Round=12
Round=13
Round=14
current privacy cost of all clients:  [0.43994099826958544, 0.6904736218181567, 0.20938176580093296, 0.4403200097582526, 0.38463693276986693, 0.7881371060761739, 0.4369892621197517, 1.0615945911346845, 1.4892497072651696, 5.563993025730616]
Round=14, per client global perf=[0.3819, 0.5206, 0.2069, 0.274, 0.2324, 0.5221, 0.3074, 0.3167, 0.4534, 0.4902], mean perf=7559/20400 (0.3705%)
Round=14, per client personal perf=[0.9387, 0.7917, 0.7412, 0.8882, 0.849, 0.8892, 0.8471, 0.8167, 0.8912, 0.8515], mean perf=17349/20400 (0.8504%)
Round=14, per client personal pooled=[0.4675, 0.3971, 0.3774, 0.4466, 0.43, 0.445, 0.4254, 0.4131, 0.4451, 0.4266], mean perf=87185/204000 (0.4274%)
Mean performance of ditto rpdp global, Perf=0.4284, seed=42
Mean performance of ditto rpdp personal, Perf=0.8434, seed=42
Mean performance of ditto rpdp pooled, Perf=0.4238, seed=42
Client 0: avg epsilon = 0.4184
Client 1: avg epsilon = 1.0718
Client 2: avg epsilon = 0.1155
Client 3: avg epsilon = 0.2959
Client 4: avg epsilon = 0.2880
Client 5: avg epsilon = 1.3641
Client 6: avg epsilon = 0.2928
Client 7: avg epsilon = 1.0901
Client 8: avg epsilon = 1.3650
Client 9: avg epsilon = 1.4426
 We run FedAvg with rPDP (BoundedMixGauss-0) ...
max_epsilon :  10.0  noise_multiplier :  9.736328125
The R-Squared value of the best-fit curve : 0.999749898528281
learning rate =  0.001
sample_rate: (min) 0.03, (max) 0.16, expected_batch_size: 287
sample_rate: (min) 0.03, (max) 0.56, expected_batch_size: 592
sample_rate: (min) 0.03, (max) 0.04, expected_batch_size: 109
sample_rate: (min) 0.03, (max) 0.16, expected_batch_size: 214
sample_rate: (min) 0.03, (max) 0.15, expected_batch_size: 211
sample_rate: (min) 0.03, (max) 0.59, expected_batch_size: 743
sample_rate: (min) 0.03, (max) 0.16, expected_batch_size: 213
sample_rate: (min) 0.03, (max) 0.62, expected_batch_size: 568
sample_rate: (min) 0.03, (max) 0.64, expected_batch_size: 713
sample_rate: (min) 0.03, (max) 0.79, expected_batch_size: 740
initial privacy cost of all clients:  [0, 0, 0, 0, 0, 0, 0, 0, 0, 0]
Round=0
Round=1
Round=2
Round=3
Round=4
Round=5
Round=6
Round=7
Round=8
Round=9
Round=10
Round=11
Round=12
Round=13
Round=14
current privacy cost of all clients:  [0.7212538448439719, 3.242489391225517, 0.09289914324649612, 0.6918395589904925, 0.7057677970166251, 3.444062981944626, 0.7465223742431236, 4.148436890583617, 4.595004387966056, 4.36666609846329]
Round=14, per client global perf=[0.3725, 0.3515, 0.0711, 0.225, 0.2304, 0.5216, 0.173, 0.2583, 0.3534, 0.3662], mean perf=5963/20400 (0.2923%)
Round=14, per client personal perf=[0.9358, 0.7951, 0.7436, 0.8868, 0.8426, 0.8917, 0.8255, 0.8216, 0.8765, 0.8358], mean perf=17248/20400 (0.8455%)
Round=14, per client personal pooled=[0.4669, 0.4004, 0.3785, 0.4468, 0.4288, 0.445, 0.415, 0.4168, 0.4395, 0.4182], mean perf=86821/204000 (0.4256%)
Mean performance of ditto rpdp global, Perf=0.3238, seed=42
Mean performance of ditto rpdp personal, Perf=0.8434, seed=42
Mean performance of ditto rpdp pooled, Perf=0.4240, seed=42
Finished seed 42
----------------------------------------
Running seed 43
/Users/shegao_t1/DP_Research/Personal_DP_Personal_FL/rpdp_fl/experiments/datasets/fed_fashion_mnist/niid_10_5way_1200shot

Client 0 label distribution:
[(0, 791), (1, 786), (3, 784), (7, 808), (8, 791)]

Client 1 label distribution:
[(0, 790), (4, 779), (6, 781), (7, 795), (9, 815)]

Client 2 label distribution:
[(0, 786), (1, 780), (3, 822), (4, 782), (6, 790)]

Client 3 label distribution:
[(1, 794), (2, 811), (4, 779), (5, 788), (8, 788)]

Client 4 label distribution:
[(1, 790), (2, 786), (5, 798), (6, 792), (7, 794)]

Client 5 label distribution:
[(0, 806), (5, 785), (7, 797), (8, 810), (9, 762)]

Client 6 label distribution:
[(2, 773), (3, 805), (4, 791), (5, 788), (7, 803)]

Client 7 label distribution:
[(1, 792), (2, 792), (3, 791), (6, 795), (9, 790)]

Client 8 label distribution:
[(2, 800), (4, 779), (5, 789), (8, 782), (9, 810)]

Client 9 label distribution:
[(0, 819), (3, 779), (6, 796), (8, 778), (9, 788)]
Client 0: avg epsilon = 0.4564
Client 1: avg epsilon = 1.2841
Client 2: avg epsilon = 0.1000
Client 3: avg epsilon = 0.2791
Client 4: avg epsilon = 0.2805
Client 5: avg epsilon = 1.4081
Client 6: avg epsilon = 0.2825
Client 7: avg epsilon = 1.0775
Client 8: avg epsilon = 1.2800
Client 9: avg epsilon = 1.2519
 We run FedAvg with rPDP (ThreeLevels-0) ...
max_epsilon :  10.0  noise_multiplier :  9.736328125
The R-Squared value of the best-fit curve : 0.999749898528281
learning rate =  0.001
sample_rate: (min) 0.03, (max) 0.16, expected_batch_size: 308
sample_rate: (min) 0.03, (max) 0.61, expected_batch_size: 677
sample_rate: (min) 0.03, (max) 0.03, expected_batch_size: 99
sample_rate: (min) 0.03, (max) 0.16, expected_batch_size: 204
sample_rate: (min) 0.03, (max) 0.16, expected_batch_size: 205
sample_rate: (min) 0.03, (max) 0.61, expected_batch_size: 756
sample_rate: (min) 0.03, (max) 0.16, expected_batch_size: 206
sample_rate: (min) 0.03, (max) 0.61, expected_batch_size: 559
sample_rate: (min) 0.03, (max) 0.61, expected_batch_size: 674
sample_rate: (min) 0.03, (max) 0.61, expected_batch_size: 661
initial privacy cost of all clients:  [0, 0, 0, 0, 0, 0, 0, 0, 0, 0]
Round=0
Round=1
Round=2
Round=3
Round=4
Round=5
Round=6
Round=7
Round=8
Round=9
Round=10
Round=11
Round=12
Round=13
Round=14
current privacy cost of all clients:  [0.7482516858029494, 3.554611437795162, 0.07214729257008984, 0.7482516858029494, 0.5558558712260362, 3.554611437795162, 0.6093162705378211, 2.1521425035466386, 3.0541598033886133, 4.055063072201711]
Round=14, per client global perf=[0.3221, 0.2966, 0.0353, 0.1975, 0.1049, 0.4951, 0.127, 0.2358, 0.3873, 0.4402], mean perf=5389/20400 (0.2642%)
Round=14, per client personal perf=[0.9328, 0.775, 0.7456, 0.8868, 0.776, 0.902, 0.8225, 0.7559, 0.8632, 0.8446], mean perf=16941/20400 (0.8304%)
Round=14, per client personal pooled=[0.4652, 0.3907, 0.3825, 0.4462, 0.3879, 0.4478, 0.4117, 0.378, 0.4317, 0.4252], mean perf=85012/204000 (0.4167%)
Mean performance of ditto rpdp global, Perf=0.2557, seed=43
Mean performance of ditto rpdp personal, Perf=0.8211, seed=43
Mean performance of ditto rpdp pooled, Perf=0.4123, seed=43
Client 0: avg epsilon = 0.3035
Client 1: avg epsilon = 0.4310
Client 2: avg epsilon = 0.2194
Client 3: avg epsilon = 0.3038
Client 4: avg epsilon = 0.3095
Client 5: avg epsilon = 0.5441
Client 6: avg epsilon = 0.3182
Client 7: avg epsilon = 0.4402
Client 8: avg epsilon = 0.6282
Client 9: avg epsilon = 0.8613
 We run FedAvg with rPDP (BoundedPareto-0) ...
max_epsilon :  10.0  noise_multiplier :  9.736328125
The R-Squared value of the best-fit curve : 0.999749898528281
learning rate =  0.001
sample_rate: (min) 0.03, (max) 0.11, expected_batch_size: 222
sample_rate: (min) 0.03, (max) 0.16, expected_batch_size: 297
sample_rate: (min) 0.03, (max) 0.07, expected_batch_size: 173
sample_rate: (min) 0.03, (max) 0.11, expected_batch_size: 223
sample_rate: (min) 0.03, (max) 0.09, expected_batch_size: 227
sample_rate: (min) 0.03, (max) 0.17, expected_batch_size: 363
sample_rate: (min) 0.04, (max) 0.1, expected_batch_size: 232
sample_rate: (min) 0.03, (max) 0.2, expected_batch_size: 300
sample_rate: (min) 0.04, (max) 0.26, expected_batch_size: 407
sample_rate: (min) 0.03, (max) 1.0, expected_batch_size: 514
initial privacy cost of all clients:  [0, 0, 0, 0, 0, 0, 0, 0, 0, 0]
Round=0
Round=1
Round=2
Round=3
Round=4
Round=5
Round=6
Round=7
Round=8
Round=9
Round=10
Round=11
Round=12
Round=13
Round=14
current privacy cost of all clients:  [0.4670392181817522, 0.6940404194588027, 0.2511556619693317, 0.5017481550831977, 0.2875999505800651, 0.7912230465157171, 0.35637464039278516, 0.5845921005119138, 1.1072956182922264, 7.879532215750026]
Round=14, per client global perf=[0.3657, 0.3564, 0.2446, 0.2814, 0.2348, 0.5074, 0.2618, 0.4559, 0.4716, 0.6603], mean perf=7833/20400 (0.3840%)
Round=14, per client personal perf=[0.9417, 0.8078, 0.7588, 0.8583, 0.7779, 0.8971, 0.801, 0.7216, 0.8348, 0.8485], mean perf=16825/20400 (0.8248%)
Round=14, per client personal pooled=[0.4678, 0.403, 0.3863, 0.4329, 0.3924, 0.4481, 0.4033, 0.3612, 0.42, 0.4276], mean perf=84510/204000 (0.4143%)
Mean performance of ditto rpdp global, Perf=0.3519, seed=43
Mean performance of ditto rpdp personal, Perf=0.8235, seed=43
Mean performance of ditto rpdp pooled, Perf=0.4129, seed=43
Client 0: avg epsilon = 0.4349
Client 1: avg epsilon = 1.1509
Client 2: avg epsilon = 0.1161
Client 3: avg epsilon = 0.2977
Client 4: avg epsilon = 0.2901
Client 5: avg epsilon = 1.3740
Client 6: avg epsilon = 0.2948
Client 7: avg epsilon = 1.0938
Client 8: avg epsilon = 1.3694
Client 9: avg epsilon = 1.5035
 We run FedAvg with rPDP (BoundedMixGauss-0) ...
max_epsilon :  10.0  noise_multiplier :  9.736328125
The R-Squared value of the best-fit curve : 0.999749898528281
learning rate =  0.001
sample_rate: (min) 0.03, (max) 0.16, expected_batch_size: 296
sample_rate: (min) 0.03, (max) 0.57, expected_batch_size: 627
sample_rate: (min) 0.03, (max) 0.04, expected_batch_size: 109
sample_rate: (min) 0.03, (max) 0.17, expected_batch_size: 215
sample_rate: (min) 0.03, (max) 0.15, expected_batch_size: 212
sample_rate: (min) 0.03, (max) 0.59, expected_batch_size: 747
sample_rate: (min) 0.03, (max) 0.16, expected_batch_size: 214
sample_rate: (min) 0.03, (max) 0.62, expected_batch_size: 569
sample_rate: (min) 0.03, (max) 0.64, expected_batch_size: 715
sample_rate: (min) 0.03, (max) 0.75, expected_batch_size: 771
initial privacy cost of all clients:  [0, 0, 0, 0, 0, 0, 0, 0, 0, 0]
Round=0
Round=1
Round=2
Round=3
Round=4
Round=5
Round=6
Round=7
Round=8
Round=9
Round=10
Round=11
Round=12
Round=13
Round=14
current privacy cost of all clients:  [0.7733283643560676, 3.2740156938258647, 0.1126171708092815, 0.7937347531499499, 0.5292765949735319, 3.4622202231592762, 0.6126867677676407, 2.1953366497455, 3.2843017028811055, 5.239405359423475]
Round=14, per client global perf=[0.2868, 0.3353, 0.0471, 0.199, 0.1348, 0.4892, 0.1039, 0.2426, 0.3902, 0.4471], mean perf=5459/20400 (0.2676%)
Round=14, per client personal perf=[0.9314, 0.7951, 0.751, 0.8672, 0.774, 0.8868, 0.8137, 0.7657, 0.8412, 0.8505], mean perf=16884/20400 (0.8276%)
Round=14, per client personal pooled=[0.464, 0.4005, 0.3823, 0.4369, 0.3907, 0.4418, 0.4115, 0.3825, 0.4214, 0.4275], mean perf=84843/204000 (0.4159%)
Mean performance of ditto rpdp global, Perf=0.2644, seed=43
Mean performance of ditto rpdp personal, Perf=0.8241, seed=43
Mean performance of ditto rpdp pooled, Perf=0.4137, seed=43
Finished seed 43
----------------------------------------
Running seed 44
/Users/shegao_t1/DP_Research/Personal_DP_Personal_FL/rpdp_fl/experiments/datasets/fed_fashion_mnist/niid_10_5way_1200shot

Client 0 label distribution:
[(0, 791), (1, 786), (3, 784), (7, 808), (8, 791)]

Client 1 label distribution:
[(0, 790), (4, 779), (6, 781), (7, 795), (9, 815)]

Client 2 label distribution:
[(0, 786), (1, 780), (3, 822), (4, 782), (6, 790)]

Client 3 label distribution:
[(1, 794), (2, 811), (4, 779), (5, 788), (8, 788)]

Client 4 label distribution:
[(1, 790), (2, 786), (5, 798), (6, 792), (7, 794)]

Client 5 label distribution:
[(0, 806), (5, 785), (7, 797), (8, 810), (9, 762)]

Client 6 label distribution:
[(2, 773), (3, 805), (4, 791), (5, 788), (7, 803)]

Client 7 label distribution:
[(1, 792), (2, 792), (3, 791), (6, 795), (9, 790)]

Client 8 label distribution:
[(2, 800), (4, 779), (5, 789), (8, 782), (9, 810)]

Client 9 label distribution:
[(0, 819), (3, 779), (6, 796), (8, 778), (9, 788)]
Client 0: avg epsilon = 0.4564
Client 1: avg epsilon = 1.2841
Client 2: avg epsilon = 0.1000
Client 3: avg epsilon = 0.2791
Client 4: avg epsilon = 0.2805
Client 5: avg epsilon = 1.4081
Client 6: avg epsilon = 0.2825
Client 7: avg epsilon = 1.0775
Client 8: avg epsilon = 1.2800
Client 9: avg epsilon = 1.2519
 We run FedAvg with rPDP (ThreeLevels-0) ...
max_epsilon :  10.0  noise_multiplier :  9.736328125
The R-Squared value of the best-fit curve : 0.999749898528281
learning rate =  0.001
sample_rate: (min) 0.03, (max) 0.16, expected_batch_size: 308
sample_rate: (min) 0.03, (max) 0.61, expected_batch_size: 677
sample_rate: (min) 0.03, (max) 0.03, expected_batch_size: 99
sample_rate: (min) 0.03, (max) 0.16, expected_batch_size: 204
sample_rate: (min) 0.03, (max) 0.16, expected_batch_size: 205
sample_rate: (min) 0.03, (max) 0.61, expected_batch_size: 756
sample_rate: (min) 0.03, (max) 0.16, expected_batch_size: 206
sample_rate: (min) 0.03, (max) 0.61, expected_batch_size: 559
sample_rate: (min) 0.03, (max) 0.61, expected_batch_size: 674
sample_rate: (min) 0.03, (max) 0.61, expected_batch_size: 661
initial privacy cost of all clients:  [0, 0, 0, 0, 0, 0, 0, 0, 0, 0]
Round=0
Round=1
Round=2
Round=3
Round=4
Round=5
Round=6
Round=7
Round=8
Round=9
Round=10
Round=11
Round=12
Round=13
Round=14
current privacy cost of all clients:  [0.7482516858029494, 4.510367153745826, 0.08299634815037049, 0.4329280232702186, 0.8300921245073416, 3.0541598033886133, 0.5558558712260362, 3.0541598033886133, 2.8039339861853394, 3.554611437795162]
Round=14, per client global perf=[0.3912, 0.576, 0.2333, 0.2627, 0.2172, 0.5745, 0.2907, 0.2358, 0.4534, 0.4461], mean perf=7509/20400 (0.3681%)
Round=14, per client personal perf=[0.9324, 0.8098, 0.773, 0.7667, 0.8534, 0.873, 0.8137, 0.7887, 0.826, 0.8289], mean perf=16862/20400 (0.8266%)
Round=14, per client personal pooled=[0.465, 0.409, 0.3915, 0.387, 0.4264, 0.4371, 0.4061, 0.3998, 0.4151, 0.4183], mean perf=84767/204000 (0.4155%)
Mean performance of ditto rpdp global, Perf=0.3879, seed=44
Mean performance of ditto rpdp personal, Perf=0.8246, seed=44
Mean performance of ditto rpdp pooled, Perf=0.4146, seed=44
Client 0: avg epsilon = 0.3035
Client 1: avg epsilon = 0.4313
Client 2: avg epsilon = 0.2171
Client 3: avg epsilon = 0.3029
Client 4: avg epsilon = 0.3080
Client 5: avg epsilon = 0.5467
Client 6: avg epsilon = 0.3157
Client 7: avg epsilon = 0.4409
Client 8: avg epsilon = 0.6279
Client 9: avg epsilon = 0.8478
 We run FedAvg with rPDP (BoundedPareto-0) ...
max_epsilon :  10.0  noise_multiplier :  9.736328125
The R-Squared value of the best-fit curve : 0.999749898528281
learning rate =  0.001
sample_rate: (min) 0.03, (max) 0.11, expected_batch_size: 222
sample_rate: (min) 0.03, (max) 0.16, expected_batch_size: 297
sample_rate: (min) 0.03, (max) 0.07, expected_batch_size: 171
sample_rate: (min) 0.03, (max) 0.11, expected_batch_size: 222
sample_rate: (min) 0.03, (max) 0.09, expected_batch_size: 226
sample_rate: (min) 0.03, (max) 0.18, expected_batch_size: 365
sample_rate: (min) 0.04, (max) 0.1, expected_batch_size: 231
sample_rate: (min) 0.03, (max) 0.21, expected_batch_size: 300
sample_rate: (min) 0.04, (max) 0.26, expected_batch_size: 407
sample_rate: (min) 0.03, (max) 1.0, expected_batch_size: 508
initial privacy cost of all clients:  [0, 0, 0, 0, 0, 0, 0, 0, 0, 0]
Round=0
Round=1
Round=2
Round=3
Round=4
Round=5
Round=6
Round=7
Round=8
Round=9
Round=10
Round=11
Round=12
Round=13
Round=14
current privacy cost of all clients:  [0.472818141405037, 0.8605893164104541, 0.2850714641123102, 0.2915746673650539, 0.43237890879325525, 0.6923867806506973, 0.3262805541107679, 0.8286221422712667, 1.0074191475107563, 6.803447050009791]
Round=14, per client global perf=[0.3397, 0.5304, 0.2025, 0.1583, 0.3201, 0.5025, 0.2162, 0.3676, 0.326, 0.5118], mean perf=7089/20400 (0.3475%)
Round=14, per client personal perf=[0.9348, 0.8118, 0.7789, 0.8407, 0.799, 0.8804, 0.8206, 0.7515, 0.8603, 0.8441], mean perf=16977/20400 (0.8322%)
Round=14, per client personal pooled=[0.4638, 0.4092, 0.3936, 0.4125, 0.4041, 0.4386, 0.4095, 0.3773, 0.4314, 0.4236], mean perf=84937/204000 (0.4164%)
Mean performance of ditto rpdp global, Perf=0.3887, seed=44
Mean performance of ditto rpdp personal, Perf=0.8272, seed=44
Mean performance of ditto rpdp pooled, Perf=0.4143, seed=44
Client 0: avg epsilon = 0.4223
Client 1: avg epsilon = 1.1455
Client 2: avg epsilon = 0.1156
Client 3: avg epsilon = 0.2963
Client 4: avg epsilon = 0.2883
Client 5: avg epsilon = 1.3712
Client 6: avg epsilon = 0.2932
Client 7: avg epsilon = 1.0937
Client 8: avg epsilon = 1.3697
Client 9: avg epsilon = 1.4769
 We run FedAvg with rPDP (BoundedMixGauss-0) ...
max_epsilon :  10.0  noise_multiplier :  9.736328125
The R-Squared value of the best-fit curve : 0.999749898528281
learning rate =  0.001
sample_rate: (min) 0.03, (max) 0.16, expected_batch_size: 289
sample_rate: (min) 0.03, (max) 0.57, expected_batch_size: 625
sample_rate: (min) 0.03, (max) 0.04, expected_batch_size: 109
sample_rate: (min) 0.03, (max) 0.17, expected_batch_size: 214
sample_rate: (min) 0.03, (max) 0.15, expected_batch_size: 211
sample_rate: (min) 0.03, (max) 0.59, expected_batch_size: 746
sample_rate: (min) 0.03, (max) 0.16, expected_batch_size: 213
sample_rate: (min) 0.03, (max) 0.62, expected_batch_size: 569
sample_rate: (min) 0.03, (max) 0.64, expected_batch_size: 714
sample_rate: (min) 0.03, (max) 0.77, expected_batch_size: 756
initial privacy cost of all clients:  [0, 0, 0, 0, 0, 0, 0, 0, 0, 0]
Round=0
Round=1
Round=2
Round=3
Round=4
Round=5
Round=6
Round=7
Round=8
Round=9
Round=10
Round=11
Round=12
Round=13
Round=14
current privacy cost of all clients:  [0.7677834992106322, 4.122595981742123, 0.12764423903295052, 0.45634168403065334, 0.7856702095370495, 2.983818153591938, 0.5557480878423264, 3.116664947132279, 2.9994056552904107, 4.77719853540031]
Round=14, per client global perf=[0.3417, 0.5515, 0.1907, 0.2289, 0.2613, 0.5265, 0.2495, 0.2809, 0.4113, 0.4441], mean perf=7112/20400 (0.3486%)
Round=14, per client personal perf=[0.9363, 0.8059, 0.7672, 0.8186, 0.8466, 0.8706, 0.8088, 0.7907, 0.873, 0.8314], mean perf=17032/20400 (0.8349%)
Round=14, per client personal pooled=[0.4665, 0.4054, 0.3874, 0.4011, 0.4264, 0.4372, 0.4046, 0.4023, 0.4336, 0.4184], mean perf=85327/204000 (0.4183%)
Mean performance of ditto rpdp global, Perf=0.3694, seed=44
Mean performance of ditto rpdp personal, Perf=0.8299, seed=44
Mean performance of ditto rpdp pooled, Perf=0.4161, seed=44
Finished seed 44
----------------------------------------
Running seed 45
/Users/shegao_t1/DP_Research/Personal_DP_Personal_FL/rpdp_fl/experiments/datasets/fed_fashion_mnist/niid_10_5way_1200shot

Client 0 label distribution:
[(0, 791), (1, 786), (3, 784), (7, 808), (8, 791)]

Client 1 label distribution:
[(0, 790), (4, 779), (6, 781), (7, 795), (9, 815)]

Client 2 label distribution:
[(0, 786), (1, 780), (3, 822), (4, 782), (6, 790)]

Client 3 label distribution:
[(1, 794), (2, 811), (4, 779), (5, 788), (8, 788)]

Client 4 label distribution:
[(1, 790), (2, 786), (5, 798), (6, 792), (7, 794)]

Client 5 label distribution:
[(0, 806), (5, 785), (7, 797), (8, 810), (9, 762)]

Client 6 label distribution:
[(2, 773), (3, 805), (4, 791), (5, 788), (7, 803)]

Client 7 label distribution:
[(1, 792), (2, 792), (3, 791), (6, 795), (9, 790)]

Client 8 label distribution:
[(2, 800), (4, 779), (5, 789), (8, 782), (9, 810)]

Client 9 label distribution:
[(0, 819), (3, 779), (6, 796), (8, 778), (9, 788)]
Client 0: avg epsilon = 0.4564
Client 1: avg epsilon = 1.2841
Client 2: avg epsilon = 0.1000
Client 3: avg epsilon = 0.2791
Client 4: avg epsilon = 0.2805
Client 5: avg epsilon = 1.4081
Client 6: avg epsilon = 0.2825
Client 7: avg epsilon = 1.0775
Client 8: avg epsilon = 1.2800
Client 9: avg epsilon = 1.2519
 We run FedAvg with rPDP (ThreeLevels-0) ...
max_epsilon :  10.0  noise_multiplier :  9.736328125
The R-Squared value of the best-fit curve : 0.999749898528281
learning rate =  0.001
sample_rate: (min) 0.03, (max) 0.16, expected_batch_size: 308
sample_rate: (min) 0.03, (max) 0.61, expected_batch_size: 677
sample_rate: (min) 0.03, (max) 0.03, expected_batch_size: 99
sample_rate: (min) 0.03, (max) 0.16, expected_batch_size: 204
sample_rate: (min) 0.03, (max) 0.16, expected_batch_size: 205
sample_rate: (min) 0.03, (max) 0.61, expected_batch_size: 756
sample_rate: (min) 0.03, (max) 0.16, expected_batch_size: 206
sample_rate: (min) 0.03, (max) 0.61, expected_batch_size: 559
sample_rate: (min) 0.03, (max) 0.61, expected_batch_size: 674
sample_rate: (min) 0.03, (max) 0.61, expected_batch_size: 661
initial privacy cost of all clients:  [0, 0, 0, 0, 0, 0, 0, 0, 0, 0]
Round=0
Round=1
Round=2
Round=3
Round=4
Round=5
Round=6
Round=7
Round=8
Round=9
Round=10
Round=11
Round=12
Round=13
Round=14
current privacy cost of all clients:  [0.7046321452486275, 3.554611437795162, 0.07214729257008984, 0.49782670836934756, 0.7046321452486275, 4.055063072201711, 0.7046321452486275, 2.8039339861853394, 3.8048372549984366, 4.055063072201711]
Round=14, per client global perf=[0.5343, 0.4588, 0.2422, 0.2118, 0.1652, 0.5931, 0.3221, 0.3412, 0.3995, 0.5627], mean perf=7815/20400 (0.3831%)
Round=14, per client personal perf=[0.9206, 0.7696, 0.7436, 0.8392, 0.8127, 0.8956, 0.8196, 0.7755, 0.877, 0.8515], mean perf=16942/20400 (0.8305%)
Round=14, per client personal pooled=[0.4568, 0.3873, 0.3794, 0.4157, 0.4084, 0.4476, 0.4082, 0.393, 0.4383, 0.4276], mean perf=84914/204000 (0.4162%)
Mean performance of ditto rpdp global, Perf=0.3508, seed=45
Mean performance of ditto rpdp personal, Perf=0.8280, seed=45
Mean performance of ditto rpdp pooled, Perf=0.4154, seed=45
Client 0: avg epsilon = 0.3034
Client 1: avg epsilon = 0.4297
Client 2: avg epsilon = 0.2176
Client 3: avg epsilon = 0.3025
Client 4: avg epsilon = 0.3089
Client 5: avg epsilon = 0.5424
Client 6: avg epsilon = 0.3163
Client 7: avg epsilon = 0.4373
Client 8: avg epsilon = 0.6263
Client 9: avg epsilon = 0.8519
 We run FedAvg with rPDP (BoundedPareto-0) ...
max_epsilon :  10.0  noise_multiplier :  9.736328125
The R-Squared value of the best-fit curve : 0.999749898528281
learning rate =  0.001
sample_rate: (min) 0.03, (max) 0.11, expected_batch_size: 222
sample_rate: (min) 0.03, (max) 0.15, expected_batch_size: 297
sample_rate: (min) 0.03, (max) 0.07, expected_batch_size: 172
sample_rate: (min) 0.03, (max) 0.11, expected_batch_size: 222
sample_rate: (min) 0.03, (max) 0.09, expected_batch_size: 227
sample_rate: (min) 0.03, (max) 0.17, expected_batch_size: 362
sample_rate: (min) 0.04, (max) 0.1, expected_batch_size: 231
sample_rate: (min) 0.03, (max) 0.2, expected_batch_size: 298
sample_rate: (min) 0.04, (max) 0.26, expected_batch_size: 406
sample_rate: (min) 0.03, (max) 1.0, expected_batch_size: 509
initial privacy cost of all clients:  [0, 0, 0, 0, 0, 0, 0, 0, 0, 0]
Round=0
Round=1
Round=2
Round=3
Round=4
Round=5
Round=6
Round=7
Round=8
Round=9
Round=10
Round=11
Round=12
Round=13
Round=14
current privacy cost of all clients:  [0.4425821626668991, 0.6884954165451199, 0.25132872661466316, 0.3346681815849944, 0.36640855871949035, 0.877256515897544, 0.41309044881143847, 0.7451813859939028, 1.354274879524409, 7.879532215750026]
Round=14, per client global perf=[0.4343, 0.5652, 0.3127, 0.3936, 0.2652, 0.5936, 0.452, 0.3549, 0.5765, 0.549], mean perf=9174/20400 (0.4497%)
Round=14, per client personal perf=[0.9279, 0.7706, 0.7392, 0.824, 0.8103, 0.8926, 0.8319, 0.7926, 0.8706, 0.8451], mean perf=16942/20400 (0.8305%)
Round=14, per client personal pooled=[0.4627, 0.388, 0.3806, 0.4125, 0.408, 0.4474, 0.4126, 0.4009, 0.437, 0.4245], mean perf=85154/204000 (0.4174%)
Mean performance of ditto rpdp global, Perf=0.3973, seed=45
Mean performance of ditto rpdp personal, Perf=0.8261, seed=45
Mean performance of ditto rpdp pooled, Perf=0.4151, seed=45
Client 0: avg epsilon = 0.4344
Client 1: avg epsilon = 1.1544
Client 2: avg epsilon = 0.1159
Client 3: avg epsilon = 0.2975
Client 4: avg epsilon = 0.2898
Client 5: avg epsilon = 1.3752
Client 6: avg epsilon = 0.2943
Client 7: avg epsilon = 1.0952
Client 8: avg epsilon = 1.3713
Client 9: avg epsilon = 1.5112
 We run FedAvg with rPDP (BoundedMixGauss-0) ...
max_epsilon :  10.0  noise_multiplier :  9.736328125
The R-Squared value of the best-fit curve : 0.999749898528281
learning rate =  0.001
sample_rate: (min) 0.03, (max) 0.16, expected_batch_size: 296
sample_rate: (min) 0.03, (max) 0.57, expected_batch_size: 628
sample_rate: (min) 0.03, (max) 0.04, expected_batch_size: 109
sample_rate: (min) 0.03, (max) 0.17, expected_batch_size: 215
sample_rate: (min) 0.03, (max) 0.15, expected_batch_size: 212
sample_rate: (min) 0.03, (max) 0.59, expected_batch_size: 747
sample_rate: (min) 0.03, (max) 0.16, expected_batch_size: 214
sample_rate: (min) 0.03, (max) 0.62, expected_batch_size: 570
sample_rate: (min) 0.03, (max) 0.65, expected_batch_size: 715
sample_rate: (min) 0.03, (max) 0.77, expected_batch_size: 775
initial privacy cost of all clients:  [0, 0, 0, 0, 0, 0, 0, 0, 0, 0]
Round=0
Round=1
Round=2
Round=3
Round=4
Round=5
Round=6
Round=7
Round=8
Round=9
Round=10
Round=11
Round=12
Round=13
Round=14
current privacy cost of all clients:  [0.7253755840827084, 3.2766097212141574, 0.11207734670387905, 0.5285137731759944, 0.6694405199152075, 3.939046868497293, 0.7075749661251897, 2.859403242515003, 4.160788994825427, 5.387946020137831]
Round=14, per client global perf=[0.3799, 0.5015, 0.1853, 0.2167, 0.223, 0.5544, 0.226, 0.2814, 0.4074, 0.4941], mean perf=7078/20400 (0.3470%)
Round=14, per client personal perf=[0.9196, 0.7657, 0.7407, 0.8363, 0.8172, 0.8897, 0.8123, 0.7897, 0.8853, 0.8495], mean perf=16944/20400 (0.8306%)
Round=14, per client personal pooled=[0.4598, 0.3879, 0.383, 0.4129, 0.4104, 0.448, 0.4094, 0.4, 0.4427, 0.4285], mean perf=85325/204000 (0.4183%)
Mean performance of ditto rpdp global, Perf=0.3152, seed=45
Mean performance of ditto rpdp personal, Perf=0.8299, seed=45
Mean performance of ditto rpdp pooled, Perf=0.4172, seed=45
Finished seed 45
----------------------------------------
Running seed 46
/Users/shegao_t1/DP_Research/Personal_DP_Personal_FL/rpdp_fl/experiments/datasets/fed_fashion_mnist/niid_10_5way_1200shot

Client 0 label distribution:
[(0, 791), (1, 786), (3, 784), (7, 808), (8, 791)]

Client 1 label distribution:
[(0, 790), (4, 779), (6, 781), (7, 795), (9, 815)]

Client 2 label distribution:
[(0, 786), (1, 780), (3, 822), (4, 782), (6, 790)]

Client 3 label distribution:
[(1, 794), (2, 811), (4, 779), (5, 788), (8, 788)]

Client 4 label distribution:
[(1, 790), (2, 786), (5, 798), (6, 792), (7, 794)]

Client 5 label distribution:
[(0, 806), (5, 785), (7, 797), (8, 810), (9, 762)]

Client 6 label distribution:
[(2, 773), (3, 805), (4, 791), (5, 788), (7, 803)]

Client 7 label distribution:
[(1, 792), (2, 792), (3, 791), (6, 795), (9, 790)]

Client 8 label distribution:
[(2, 800), (4, 779), (5, 789), (8, 782), (9, 810)]

Client 9 label distribution:
[(0, 819), (3, 779), (6, 796), (8, 778), (9, 788)]
Client 0: avg epsilon = 0.4564
Client 1: avg epsilon = 1.2841
Client 2: avg epsilon = 0.1000
Client 3: avg epsilon = 0.2791
Client 4: avg epsilon = 0.2805
Client 5: avg epsilon = 1.4081
Client 6: avg epsilon = 0.2825
Client 7: avg epsilon = 1.0775
Client 8: avg epsilon = 1.2800
Client 9: avg epsilon = 1.2519
 We run FedAvg with rPDP (ThreeLevels-0) ...
max_epsilon :  10.0  noise_multiplier :  9.736328125
The R-Squared value of the best-fit curve : 0.999749898528281
learning rate =  0.001
sample_rate: (min) 0.03, (max) 0.16, expected_batch_size: 308
sample_rate: (min) 0.03, (max) 0.61, expected_batch_size: 677
sample_rate: (min) 0.03, (max) 0.03, expected_batch_size: 99
sample_rate: (min) 0.03, (max) 0.16, expected_batch_size: 204
sample_rate: (min) 0.03, (max) 0.16, expected_batch_size: 205
sample_rate: (min) 0.03, (max) 0.61, expected_batch_size: 756
sample_rate: (min) 0.03, (max) 0.16, expected_batch_size: 206
sample_rate: (min) 0.03, (max) 0.61, expected_batch_size: 559
sample_rate: (min) 0.03, (max) 0.61, expected_batch_size: 674
sample_rate: (min) 0.03, (max) 0.61, expected_batch_size: 661
initial privacy cost of all clients:  [0, 0, 0, 0, 0, 0, 0, 0, 0, 0]
Round=0
Round=1
Round=2
Round=3
Round=4
Round=5
Round=6
Round=7
Round=8
Round=9
Round=10
Round=11
Round=12
Round=13
Round=14
current privacy cost of all clients:  [0.6583580204409699, 3.8048372549984366, 0.07214729257008984, 0.7046321452486275, 0.6583580204409699, 3.554611437795162, 0.7046321452486275, 4.305288889404985, 4.055063072201711, 3.554611437795162]
Round=14, per client global perf=[0.5397, 0.3922, 0.2657, 0.2676, 0.2275, 0.5373, 0.3147, 0.4191, 0.3882, 0.5578], mean perf=7976/20400 (0.3910%)
Round=14, per client personal perf=[0.9368, 0.7667, 0.7549, 0.8721, 0.8054, 0.9005, 0.8284, 0.8466, 0.8907, 0.8436], mean perf=17229/20400 (0.8446%)
Round=14, per client personal pooled=[0.4648, 0.3866, 0.3847, 0.441, 0.4062, 0.4479, 0.4122, 0.4286, 0.4438, 0.4196], mean perf=86402/204000 (0.4235%)
Mean performance of ditto rpdp global, Perf=0.3622, seed=46
Mean performance of ditto rpdp personal, Perf=0.8361, seed=46
Mean performance of ditto rpdp pooled, Perf=0.4201, seed=46
Client 0: avg epsilon = 0.2997
Client 1: avg epsilon = 0.4270
Client 2: avg epsilon = 0.2166
Client 3: avg epsilon = 0.3006
Client 4: avg epsilon = 0.3056
Client 5: avg epsilon = 0.5396
Client 6: avg epsilon = 0.3141
Client 7: avg epsilon = 0.4375
Client 8: avg epsilon = 0.6231
Client 9: avg epsilon = 0.8526
 We run FedAvg with rPDP (BoundedPareto-0) ...
max_epsilon :  10.0  noise_multiplier :  9.736328125
The R-Squared value of the best-fit curve : 0.999749898528281
learning rate =  0.001
sample_rate: (min) 0.03, (max) 0.11, expected_batch_size: 220
sample_rate: (min) 0.03, (max) 0.16, expected_batch_size: 295
sample_rate: (min) 0.03, (max) 0.07, expected_batch_size: 171
sample_rate: (min) 0.03, (max) 0.11, expected_batch_size: 221
sample_rate: (min) 0.03, (max) 0.09, expected_batch_size: 225
sample_rate: (min) 0.03, (max) 0.17, expected_batch_size: 361
sample_rate: (min) 0.04, (max) 0.1, expected_batch_size: 230
sample_rate: (min) 0.03, (max) 0.2, expected_batch_size: 298
sample_rate: (min) 0.04, (max) 0.26, expected_batch_size: 404
sample_rate: (min) 0.03, (max) 1.0, expected_batch_size: 510
initial privacy cost of all clients:  [0, 0, 0, 0, 0, 0, 0, 0, 0, 0]
Round=0
Round=1
Round=2
Round=3
Round=4
Round=5
Round=6
Round=7
Round=8
Round=9
Round=10
Round=11
Round=12
Round=13
Round=14
current privacy cost of all clients:  [0.4056289801187321, 0.7319920393872338, 0.2473803074046356, 0.46750893350076317, 0.33569399618441287, 0.7900858447690642, 0.4068716476024919, 1.1171184067423878, 1.4267495597205888, 6.803447050009791]
Round=14, per client global perf=[0.4657, 0.524, 0.3176, 0.3167, 0.1926, 0.5078, 0.4235, 0.3873, 0.5039, 0.5691], mean perf=8585/20400 (0.4208%)
Round=14, per client personal perf=[0.9328, 0.8069, 0.7735, 0.8784, 0.7882, 0.8941, 0.8309, 0.8034, 0.8858, 0.8471], mean perf=17220/20400 (0.8441%)
Round=14, per client personal pooled=[0.4643, 0.4033, 0.3919, 0.4407, 0.3963, 0.445, 0.4127, 0.4067, 0.4443, 0.4251], mean perf=86299/204000 (0.4230%)
Mean performance of ditto rpdp global, Perf=0.4152, seed=46
Mean performance of ditto rpdp personal, Perf=0.8432, seed=46
Mean performance of ditto rpdp pooled, Perf=0.4225, seed=46
Client 0: avg epsilon = 0.4137
Client 1: avg epsilon = 1.0664
Client 2: avg epsilon = 0.1154
Client 3: avg epsilon = 0.2954
Client 4: avg epsilon = 0.2873
Client 5: avg epsilon = 1.3644
Client 6: avg epsilon = 0.2925
Client 7: avg epsilon = 1.0912
Client 8: avg epsilon = 1.3684
Client 9: avg epsilon = 1.4486
 We run FedAvg with rPDP (BoundedMixGauss-0) ...
max_epsilon :  10.0  noise_multiplier :  9.736328125
The R-Squared value of the best-fit curve : 0.999749898528281
learning rate =  0.001
sample_rate: (min) 0.03, (max) 0.16, expected_batch_size: 284
sample_rate: (min) 0.03, (max) 0.57, expected_batch_size: 589
sample_rate: (min) 0.03, (max) 0.04, expected_batch_size: 109
sample_rate: (min) 0.03, (max) 0.16, expected_batch_size: 214
sample_rate: (min) 0.03, (max) 0.15, expected_batch_size: 210
sample_rate: (min) 0.03, (max) 0.59, expected_batch_size: 743
sample_rate: (min) 0.03, (max) 0.16, expected_batch_size: 213
sample_rate: (min) 0.03, (max) 0.62, expected_batch_size: 568
sample_rate: (min) 0.03, (max) 0.64, expected_batch_size: 714
sample_rate: (min) 0.03, (max) 0.75, expected_batch_size: 742
initial privacy cost of all clients:  [0, 0, 0, 0, 0, 0, 0, 0, 0, 0]
Round=0
Round=1
Round=2
Round=3
Round=4
Round=5
Round=6
Round=7
Round=8
Round=9
Round=10
Round=11
Round=12
Round=13
Round=14
current privacy cost of all clients:  [0.6745013868945783, 3.4579329026515047, 0.11108162662117115, 0.7397035782890445, 0.6195423815417367, 3.4461753572954548, 0.7032755958236908, 4.415109595459327, 4.419900111170576, 4.699892211236226]
Round=14, per client global perf=[0.4431, 0.4324, 0.2181, 0.2426, 0.2044, 0.5157, 0.3078, 0.3691, 0.4157, 0.5436], mean perf=7533/20400 (0.3693%)
Round=14, per client personal perf=[0.9363, 0.7863, 0.7559, 0.8593, 0.7618, 0.8868, 0.8324, 0.8451, 0.8848, 0.8475], mean perf=17128/20400 (0.8396%)
Round=14, per client personal pooled=[0.4652, 0.3966, 0.3858, 0.4325, 0.3839, 0.4438, 0.4193, 0.4272, 0.4425, 0.4261], mean perf=86146/204000 (0.4223%)
Mean performance of ditto rpdp global, Perf=0.3430, seed=46
Mean performance of ditto rpdp personal, Perf=0.8393, seed=46
Mean performance of ditto rpdp pooled, Perf=0.4214, seed=46
Finished seed 46
----------------------------------------
=== Running reg_param=0.01, num_steps=15 ===
Running seed 42
/Users/shegao_t1/DP_Research/Personal_DP_Personal_FL/rpdp_fl/experiments/datasets/fed_fashion_mnist/niid_10_5way_1200shot

Client 0 label distribution:
[(0, 791), (1, 786), (3, 784), (7, 808), (8, 791)]

Client 1 label distribution:
[(0, 790), (4, 779), (6, 781), (7, 795), (9, 815)]

Client 2 label distribution:
[(0, 786), (1, 780), (3, 822), (4, 782), (6, 790)]

Client 3 label distribution:
[(1, 794), (2, 811), (4, 779), (5, 788), (8, 788)]

Client 4 label distribution:
[(1, 790), (2, 786), (5, 798), (6, 792), (7, 794)]

Client 5 label distribution:
[(0, 806), (5, 785), (7, 797), (8, 810), (9, 762)]

Client 6 label distribution:
[(2, 773), (3, 805), (4, 791), (5, 788), (7, 803)]

Client 7 label distribution:
[(1, 792), (2, 792), (3, 791), (6, 795), (9, 790)]

Client 8 label distribution:
[(2, 800), (4, 779), (5, 789), (8, 782), (9, 810)]

Client 9 label distribution:
[(0, 819), (3, 779), (6, 796), (8, 778), (9, 788)]
Client 0: avg epsilon = 0.4564
Client 1: avg epsilon = 1.2841
Client 2: avg epsilon = 0.1000
Client 3: avg epsilon = 0.2791
Client 4: avg epsilon = 0.2805
Client 5: avg epsilon = 1.4081
Client 6: avg epsilon = 0.2825
Client 7: avg epsilon = 1.0775
Client 8: avg epsilon = 1.2800
Client 9: avg epsilon = 1.2519
 We run FedAvg with rPDP (ThreeLevels-0) ...
max_epsilon :  10.0  noise_multiplier :  9.736328125
The R-Squared value of the best-fit curve : 0.999749898528281
learning rate =  0.001
sample_rate: (min) 0.03, (max) 0.16, expected_batch_size: 308
sample_rate: (min) 0.03, (max) 0.61, expected_batch_size: 677
sample_rate: (min) 0.03, (max) 0.03, expected_batch_size: 99
sample_rate: (min) 0.03, (max) 0.16, expected_batch_size: 204
sample_rate: (min) 0.03, (max) 0.16, expected_batch_size: 205
sample_rate: (min) 0.03, (max) 0.61, expected_batch_size: 756
sample_rate: (min) 0.03, (max) 0.16, expected_batch_size: 206
sample_rate: (min) 0.03, (max) 0.61, expected_batch_size: 559
sample_rate: (min) 0.03, (max) 0.61, expected_batch_size: 674
sample_rate: (min) 0.03, (max) 0.61, expected_batch_size: 661
initial privacy cost of all clients:  [0, 0, 0, 0, 0, 0, 0, 0, 0, 0]
Round=0
Round=1
Round=2
Round=3
Round=4
Round=5
Round=6
Round=7
Round=8
Round=9
Round=10
Round=11
Round=12
Round=13
Round=14
current privacy cost of all clients:  [0.7046321452486275, 3.554611437795162, 0.05997229379927632, 0.6583580204409699, 0.7482516858029494, 3.554611437795162, 0.7482516858029494, 4.055063072201711, 4.305288889404985, 3.0541598033886133]
Round=14, per client global perf=[0.3515, 0.3402, 0.0324, 0.2059, 0.2029, 0.5196, 0.1755, 0.225, 0.3515, 0.3539], mean perf=5627/20400 (0.2758%)
Round=14, per client personal perf=[0.923, 0.7784, 0.7525, 0.8495, 0.8284, 0.9, 0.8559, 0.8196, 0.8882, 0.852], mean perf=17233/20400 (0.8448%)
Round=14, per client personal pooled=[0.462, 0.393, 0.3842, 0.4294, 0.4177, 0.4492, 0.4265, 0.4169, 0.4449, 0.4256], mean perf=86687/204000 (0.4249%)
Mean performance of ditto rpdp global, Perf=0.3101, seed=42
Mean performance of ditto rpdp personal, Perf=0.8407, seed=42
Mean performance of ditto rpdp pooled, Perf=0.4228, seed=42
Client 0: avg epsilon = 0.3014
Client 1: avg epsilon = 0.4282
Client 2: avg epsilon = 0.2171
Client 3: avg epsilon = 0.3017
Client 4: avg epsilon = 0.3067
Client 5: avg epsilon = 0.5417
Client 6: avg epsilon = 0.3151
Client 7: avg epsilon = 0.4371
Client 8: avg epsilon = 0.6238
Client 9: avg epsilon = 0.8426
 We run FedAvg with rPDP (BoundedPareto-0) ...
max_epsilon :  10.0  noise_multiplier :  9.736328125
The R-Squared value of the best-fit curve : 0.999749898528281
learning rate =  0.001
sample_rate: (min) 0.03, (max) 0.11, expected_batch_size: 221
sample_rate: (min) 0.03, (max) 0.16, expected_batch_size: 296
sample_rate: (min) 0.03, (max) 0.07, expected_batch_size: 171
sample_rate: (min) 0.03, (max) 0.11, expected_batch_size: 222
sample_rate: (min) 0.03, (max) 0.09, expected_batch_size: 225
sample_rate: (min) 0.03, (max) 0.17, expected_batch_size: 362
sample_rate: (min) 0.04, (max) 0.1, expected_batch_size: 230
sample_rate: (min) 0.03, (max) 0.2, expected_batch_size: 298
sample_rate: (min) 0.04, (max) 0.26, expected_batch_size: 404
sample_rate: (min) 0.03, (max) 0.98, expected_batch_size: 506
initial privacy cost of all clients:  [0, 0, 0, 0, 0, 0, 0, 0, 0, 0]
Round=0
Round=1
Round=2
Round=3
Round=4
Round=5
Round=6
Round=7
Round=8
Round=9
Round=10
Round=11
Round=12
Round=13
Round=14
current privacy cost of all clients:  [0.43994099826958544, 0.6904736218181567, 0.20938176580093296, 0.4403200097582526, 0.38463693276986693, 0.7881371060761739, 0.4369892621197517, 1.0615945911346845, 1.4892497072651696, 5.563993025730616]
Round=14, per client global perf=[0.3819, 0.5206, 0.2069, 0.274, 0.2324, 0.5221, 0.3074, 0.3167, 0.4534, 0.4902], mean perf=7559/20400 (0.3705%)
Round=14, per client personal perf=[0.9358, 0.8005, 0.7426, 0.8882, 0.8412, 0.8868, 0.8436, 0.8137, 0.8828, 0.8456], mean perf=17301/20400 (0.8481%)
Round=14, per client personal pooled=[0.4659, 0.3994, 0.3804, 0.4465, 0.4267, 0.4447, 0.425, 0.4144, 0.443, 0.4246], mean perf=87118/204000 (0.4270%)
Mean performance of ditto rpdp global, Perf=0.4284, seed=42
Mean performance of ditto rpdp personal, Perf=0.8434, seed=42
Mean performance of ditto rpdp pooled, Perf=0.4243, seed=42
Client 0: avg epsilon = 0.4184
Client 1: avg epsilon = 1.0718
Client 2: avg epsilon = 0.1155
Client 3: avg epsilon = 0.2959
Client 4: avg epsilon = 0.2880
Client 5: avg epsilon = 1.3641
Client 6: avg epsilon = 0.2928
Client 7: avg epsilon = 1.0901
Client 8: avg epsilon = 1.3650
Client 9: avg epsilon = 1.4426
 We run FedAvg with rPDP (BoundedMixGauss-0) ...
max_epsilon :  10.0  noise_multiplier :  9.736328125
The R-Squared value of the best-fit curve : 0.999749898528281
learning rate =  0.001
sample_rate: (min) 0.03, (max) 0.16, expected_batch_size: 287
sample_rate: (min) 0.03, (max) 0.56, expected_batch_size: 592
sample_rate: (min) 0.03, (max) 0.04, expected_batch_size: 109
sample_rate: (min) 0.03, (max) 0.16, expected_batch_size: 214
sample_rate: (min) 0.03, (max) 0.15, expected_batch_size: 211
sample_rate: (min) 0.03, (max) 0.59, expected_batch_size: 743
sample_rate: (min) 0.03, (max) 0.16, expected_batch_size: 213
sample_rate: (min) 0.03, (max) 0.62, expected_batch_size: 568
sample_rate: (min) 0.03, (max) 0.64, expected_batch_size: 713
sample_rate: (min) 0.03, (max) 0.79, expected_batch_size: 740
initial privacy cost of all clients:  [0, 0, 0, 0, 0, 0, 0, 0, 0, 0]
Round=0
Round=1
Round=2
Round=3
Round=4
Round=5
Round=6
Round=7
Round=8
Round=9
Round=10
Round=11
Round=12
Round=13
Round=14
current privacy cost of all clients:  [0.7212538448439719, 3.242489391225517, 0.09289914324649612, 0.6918395589904925, 0.7057677970166251, 3.444062981944626, 0.7465223742431236, 4.148436890583617, 4.595004387966056, 4.36666609846329]
Round=14, per client global perf=[0.3725, 0.3515, 0.0711, 0.225, 0.2304, 0.5216, 0.173, 0.2583, 0.3534, 0.3662], mean perf=5963/20400 (0.2923%)
Round=14, per client personal perf=[0.9324, 0.7882, 0.7387, 0.8897, 0.8397, 0.8868, 0.8382, 0.8088, 0.8838, 0.8221], mean perf=17194/20400 (0.8428%)
Round=14, per client personal pooled=[0.4646, 0.3977, 0.3789, 0.4476, 0.4269, 0.4438, 0.4175, 0.4113, 0.4406, 0.4125], mean perf=86520/204000 (0.4241%)
Mean performance of ditto rpdp global, Perf=0.3238, seed=42
Mean performance of ditto rpdp personal, Perf=0.8426, seed=42
Mean performance of ditto rpdp pooled, Perf=0.4240, seed=42
Finished seed 42
----------------------------------------
Running seed 43
/Users/shegao_t1/DP_Research/Personal_DP_Personal_FL/rpdp_fl/experiments/datasets/fed_fashion_mnist/niid_10_5way_1200shot

Client 0 label distribution:
[(0, 791), (1, 786), (3, 784), (7, 808), (8, 791)]

Client 1 label distribution:
[(0, 790), (4, 779), (6, 781), (7, 795), (9, 815)]

Client 2 label distribution:
[(0, 786), (1, 780), (3, 822), (4, 782), (6, 790)]

Client 3 label distribution:
[(1, 794), (2, 811), (4, 779), (5, 788), (8, 788)]

Client 4 label distribution:
[(1, 790), (2, 786), (5, 798), (6, 792), (7, 794)]

Client 5 label distribution:
[(0, 806), (5, 785), (7, 797), (8, 810), (9, 762)]

Client 6 label distribution:
[(2, 773), (3, 805), (4, 791), (5, 788), (7, 803)]

Client 7 label distribution:
[(1, 792), (2, 792), (3, 791), (6, 795), (9, 790)]

Client 8 label distribution:
[(2, 800), (4, 779), (5, 789), (8, 782), (9, 810)]

Client 9 label distribution:
[(0, 819), (3, 779), (6, 796), (8, 778), (9, 788)]
Client 0: avg epsilon = 0.4564
Client 1: avg epsilon = 1.2841
Client 2: avg epsilon = 0.1000
Client 3: avg epsilon = 0.2791
Client 4: avg epsilon = 0.2805
Client 5: avg epsilon = 1.4081
Client 6: avg epsilon = 0.2825
Client 7: avg epsilon = 1.0775
Client 8: avg epsilon = 1.2800
Client 9: avg epsilon = 1.2519
 We run FedAvg with rPDP (ThreeLevels-0) ...
max_epsilon :  10.0  noise_multiplier :  9.736328125
The R-Squared value of the best-fit curve : 0.999749898528281
learning rate =  0.001
sample_rate: (min) 0.03, (max) 0.16, expected_batch_size: 308
sample_rate: (min) 0.03, (max) 0.61, expected_batch_size: 677
sample_rate: (min) 0.03, (max) 0.03, expected_batch_size: 99
sample_rate: (min) 0.03, (max) 0.16, expected_batch_size: 204
sample_rate: (min) 0.03, (max) 0.16, expected_batch_size: 205
sample_rate: (min) 0.03, (max) 0.61, expected_batch_size: 756
sample_rate: (min) 0.03, (max) 0.16, expected_batch_size: 206
sample_rate: (min) 0.03, (max) 0.61, expected_batch_size: 559
sample_rate: (min) 0.03, (max) 0.61, expected_batch_size: 674
sample_rate: (min) 0.03, (max) 0.61, expected_batch_size: 661
initial privacy cost of all clients:  [0, 0, 0, 0, 0, 0, 0, 0, 0, 0]
Round=0
Round=1
Round=2
Round=3
Round=4
Round=5
Round=6
Round=7
Round=8
Round=9
Round=10
Round=11
Round=12
Round=13
Round=14
current privacy cost of all clients:  [0.7482516858029494, 3.554611437795162, 0.07214729257008984, 0.7482516858029494, 0.5558558712260362, 3.554611437795162, 0.6093162705378211, 2.1521425035466386, 3.0541598033886133, 4.055063072201711]
Round=14, per client global perf=[0.3221, 0.2966, 0.0353, 0.1975, 0.1049, 0.4951, 0.127, 0.2358, 0.3873, 0.4402], mean perf=5389/20400 (0.2642%)
Round=14, per client personal perf=[0.9338, 0.7676, 0.7544, 0.8912, 0.7799, 0.8902, 0.8206, 0.7618, 0.8662, 0.8451], mean perf=16954/20400 (0.8311%)
Round=14, per client personal pooled=[0.4646, 0.3898, 0.3876, 0.4477, 0.3881, 0.4449, 0.4114, 0.3807, 0.4336, 0.4254], mean perf=85146/204000 (0.4174%)
Mean performance of ditto rpdp global, Perf=0.2557, seed=43
Mean performance of ditto rpdp personal, Perf=0.8225, seed=43
Mean performance of ditto rpdp pooled, Perf=0.4133, seed=43
Client 0: avg epsilon = 0.3035
Client 1: avg epsilon = 0.4310
Client 2: avg epsilon = 0.2194
Client 3: avg epsilon = 0.3038
Client 4: avg epsilon = 0.3095
Client 5: avg epsilon = 0.5441
Client 6: avg epsilon = 0.3182
Client 7: avg epsilon = 0.4402
Client 8: avg epsilon = 0.6282
Client 9: avg epsilon = 0.8613
 We run FedAvg with rPDP (BoundedPareto-0) ...
max_epsilon :  10.0  noise_multiplier :  9.736328125
The R-Squared value of the best-fit curve : 0.999749898528281
learning rate =  0.001
sample_rate: (min) 0.03, (max) 0.11, expected_batch_size: 222
sample_rate: (min) 0.03, (max) 0.16, expected_batch_size: 297
sample_rate: (min) 0.03, (max) 0.07, expected_batch_size: 173
sample_rate: (min) 0.03, (max) 0.11, expected_batch_size: 223
sample_rate: (min) 0.03, (max) 0.09, expected_batch_size: 227
sample_rate: (min) 0.03, (max) 0.17, expected_batch_size: 363
sample_rate: (min) 0.04, (max) 0.1, expected_batch_size: 232
sample_rate: (min) 0.03, (max) 0.2, expected_batch_size: 300
sample_rate: (min) 0.04, (max) 0.26, expected_batch_size: 407
sample_rate: (min) 0.03, (max) 1.0, expected_batch_size: 514
initial privacy cost of all clients:  [0, 0, 0, 0, 0, 0, 0, 0, 0, 0]
Round=0
Round=1
Round=2
Round=3
Round=4
Round=5
Round=6
Round=7
Round=8
Round=9
Round=10
Round=11
Round=12
Round=13
Round=14
current privacy cost of all clients:  [0.4670392181817522, 0.6940404194588027, 0.2511556619693317, 0.5017481550831977, 0.2875999505800651, 0.7912230465157171, 0.35637464039278516, 0.5845921005119138, 1.1072956182922264, 7.879532215750026]
Round=14, per client global perf=[0.3657, 0.3564, 0.2446, 0.2814, 0.2348, 0.5074, 0.2618, 0.4559, 0.4716, 0.6603], mean perf=7833/20400 (0.3840%)
Round=14, per client personal perf=[0.9422, 0.8088, 0.7618, 0.8613, 0.7784, 0.8931, 0.7956, 0.7235, 0.8255, 0.8525], mean perf=16815/20400 (0.8243%)
Round=14, per client personal pooled=[0.4676, 0.4022, 0.3887, 0.436, 0.3938, 0.4464, 0.4009, 0.3625, 0.4154, 0.4279], mean perf=84485/204000 (0.4141%)
Mean performance of ditto rpdp global, Perf=0.3519, seed=43
Mean performance of ditto rpdp personal, Perf=0.8231, seed=43
Mean performance of ditto rpdp pooled, Perf=0.4128, seed=43
Client 0: avg epsilon = 0.4349
Client 1: avg epsilon = 1.1509
Client 2: avg epsilon = 0.1161
Client 3: avg epsilon = 0.2977
Client 4: avg epsilon = 0.2901
Client 5: avg epsilon = 1.3740
Client 6: avg epsilon = 0.2948
Client 7: avg epsilon = 1.0938
Client 8: avg epsilon = 1.3694
Client 9: avg epsilon = 1.5035
 We run FedAvg with rPDP (BoundedMixGauss-0) ...
max_epsilon :  10.0  noise_multiplier :  9.736328125
The R-Squared value of the best-fit curve : 0.999749898528281
learning rate =  0.001
sample_rate: (min) 0.03, (max) 0.16, expected_batch_size: 296
sample_rate: (min) 0.03, (max) 0.57, expected_batch_size: 627
sample_rate: (min) 0.03, (max) 0.04, expected_batch_size: 109
sample_rate: (min) 0.03, (max) 0.17, expected_batch_size: 215
sample_rate: (min) 0.03, (max) 0.15, expected_batch_size: 212
sample_rate: (min) 0.03, (max) 0.59, expected_batch_size: 747
sample_rate: (min) 0.03, (max) 0.16, expected_batch_size: 214
sample_rate: (min) 0.03, (max) 0.62, expected_batch_size: 569
sample_rate: (min) 0.03, (max) 0.64, expected_batch_size: 715
sample_rate: (min) 0.03, (max) 0.75, expected_batch_size: 771
initial privacy cost of all clients:  [0, 0, 0, 0, 0, 0, 0, 0, 0, 0]
Round=0
Round=1
Round=2
Round=3
Round=4
Round=5
Round=6
Round=7
Round=8
Round=9
Round=10
Round=11
Round=12
Round=13
Round=14
current privacy cost of all clients:  [0.7733283643560676, 3.2740156938258647, 0.1126171708092815, 0.7937347531499499, 0.5292765949735319, 3.4622202231592762, 0.6126867677676407, 2.1953366497455, 3.2843017028811055, 5.239405359423475]
Round=14, per client global perf=[0.2868, 0.3353, 0.0471, 0.199, 0.1348, 0.4892, 0.1039, 0.2426, 0.3902, 0.4471], mean perf=5459/20400 (0.2676%)
Round=14, per client personal perf=[0.9358, 0.7853, 0.7529, 0.874, 0.7873, 0.8926, 0.8118, 0.7696, 0.8574, 0.8559], mean perf=16978/20400 (0.8323%)
Round=14, per client personal pooled=[0.466, 0.399, 0.3838, 0.4395, 0.3949, 0.4453, 0.411, 0.3833, 0.4298, 0.4258], mean perf=85237/204000 (0.4178%)
Mean performance of ditto rpdp global, Perf=0.2644, seed=43
Mean performance of ditto rpdp personal, Perf=0.8247, seed=43
Mean performance of ditto rpdp pooled, Perf=0.4142, seed=43
Finished seed 43
----------------------------------------
Running seed 44
/Users/shegao_t1/DP_Research/Personal_DP_Personal_FL/rpdp_fl/experiments/datasets/fed_fashion_mnist/niid_10_5way_1200shot

Client 0 label distribution:
[(0, 791), (1, 786), (3, 784), (7, 808), (8, 791)]

Client 1 label distribution:
[(0, 790), (4, 779), (6, 781), (7, 795), (9, 815)]

Client 2 label distribution:
[(0, 786), (1, 780), (3, 822), (4, 782), (6, 790)]

Client 3 label distribution:
[(1, 794), (2, 811), (4, 779), (5, 788), (8, 788)]

Client 4 label distribution:
[(1, 790), (2, 786), (5, 798), (6, 792), (7, 794)]

Client 5 label distribution:
[(0, 806), (5, 785), (7, 797), (8, 810), (9, 762)]

Client 6 label distribution:
[(2, 773), (3, 805), (4, 791), (5, 788), (7, 803)]

Client 7 label distribution:
[(1, 792), (2, 792), (3, 791), (6, 795), (9, 790)]

Client 8 label distribution:
[(2, 800), (4, 779), (5, 789), (8, 782), (9, 810)]

Client 9 label distribution:
[(0, 819), (3, 779), (6, 796), (8, 778), (9, 788)]
Client 0: avg epsilon = 0.4564
Client 1: avg epsilon = 1.2841
Client 2: avg epsilon = 0.1000
Client 3: avg epsilon = 0.2791
Client 4: avg epsilon = 0.2805
Client 5: avg epsilon = 1.4081
Client 6: avg epsilon = 0.2825
Client 7: avg epsilon = 1.0775
Client 8: avg epsilon = 1.2800
Client 9: avg epsilon = 1.2519
 We run FedAvg with rPDP (ThreeLevels-0) ...
max_epsilon :  10.0  noise_multiplier :  9.736328125
The R-Squared value of the best-fit curve : 0.999749898528281
learning rate =  0.001
sample_rate: (min) 0.03, (max) 0.16, expected_batch_size: 308
sample_rate: (min) 0.03, (max) 0.61, expected_batch_size: 677
sample_rate: (min) 0.03, (max) 0.03, expected_batch_size: 99
sample_rate: (min) 0.03, (max) 0.16, expected_batch_size: 204
sample_rate: (min) 0.03, (max) 0.16, expected_batch_size: 205
sample_rate: (min) 0.03, (max) 0.61, expected_batch_size: 756
sample_rate: (min) 0.03, (max) 0.16, expected_batch_size: 206
sample_rate: (min) 0.03, (max) 0.61, expected_batch_size: 559
sample_rate: (min) 0.03, (max) 0.61, expected_batch_size: 674
sample_rate: (min) 0.03, (max) 0.61, expected_batch_size: 661
initial privacy cost of all clients:  [0, 0, 0, 0, 0, 0, 0, 0, 0, 0]
Round=0
Round=1
Round=2
Round=3
Round=4
Round=5
Round=6
Round=7
Round=8
Round=9
Round=10
Round=11
Round=12
Round=13
Round=14
current privacy cost of all clients:  [0.7482516858029494, 4.510367153745826, 0.08299634815037049, 0.4329280232702186, 0.8300921245073416, 3.0541598033886133, 0.5558558712260362, 3.0541598033886133, 2.8039339861853394, 3.554611437795162]
Round=14, per client global perf=[0.3912, 0.576, 0.2333, 0.2627, 0.2172, 0.5745, 0.2907, 0.2358, 0.4534, 0.4461], mean perf=7509/20400 (0.3681%)
Round=14, per client personal perf=[0.9255, 0.8123, 0.7721, 0.7941, 0.8441, 0.8554, 0.8049, 0.7897, 0.8044, 0.8407], mean perf=16816/20400 (0.8243%)
Round=14, per client personal pooled=[0.462, 0.4078, 0.3935, 0.3982, 0.4244, 0.4305, 0.4016, 0.4018, 0.4058, 0.4246], mean perf=84662/204000 (0.4150%)
Mean performance of ditto rpdp global, Perf=0.3879, seed=44
Mean performance of ditto rpdp personal, Perf=0.8217, seed=44
Mean performance of ditto rpdp pooled, Perf=0.4137, seed=44
Client 0: avg epsilon = 0.3035
Client 1: avg epsilon = 0.4313
Client 2: avg epsilon = 0.2171
Client 3: avg epsilon = 0.3029
Client 4: avg epsilon = 0.3080
Client 5: avg epsilon = 0.5467
Client 6: avg epsilon = 0.3157
Client 7: avg epsilon = 0.4409
Client 8: avg epsilon = 0.6279
Client 9: avg epsilon = 0.8478
 We run FedAvg with rPDP (BoundedPareto-0) ...
max_epsilon :  10.0  noise_multiplier :  9.736328125
The R-Squared value of the best-fit curve : 0.999749898528281
learning rate =  0.001
sample_rate: (min) 0.03, (max) 0.11, expected_batch_size: 222
sample_rate: (min) 0.03, (max) 0.16, expected_batch_size: 297
sample_rate: (min) 0.03, (max) 0.07, expected_batch_size: 171
sample_rate: (min) 0.03, (max) 0.11, expected_batch_size: 222
sample_rate: (min) 0.03, (max) 0.09, expected_batch_size: 226
sample_rate: (min) 0.03, (max) 0.18, expected_batch_size: 365
sample_rate: (min) 0.04, (max) 0.1, expected_batch_size: 231
sample_rate: (min) 0.03, (max) 0.21, expected_batch_size: 300
sample_rate: (min) 0.04, (max) 0.26, expected_batch_size: 407
sample_rate: (min) 0.03, (max) 1.0, expected_batch_size: 508
initial privacy cost of all clients:  [0, 0, 0, 0, 0, 0, 0, 0, 0, 0]
Round=0
Round=1
Round=2
Round=3
Round=4
Round=5
Round=6
Round=7
Round=8
Round=9
Round=10
Round=11
Round=12
Round=13
Round=14
current privacy cost of all clients:  [0.472818141405037, 0.8605893164104541, 0.2850714641123102, 0.2915746673650539, 0.43237890879325525, 0.6923867806506973, 0.3262805541107679, 0.8286221422712667, 1.0074191475107563, 6.803447050009791]
Round=14, per client global perf=[0.3397, 0.5304, 0.2025, 0.1583, 0.3201, 0.5025, 0.2162, 0.3676, 0.326, 0.5118], mean perf=7089/20400 (0.3475%)
Round=14, per client personal perf=[0.9363, 0.8059, 0.7819, 0.8407, 0.8118, 0.8789, 0.8196, 0.7539, 0.875, 0.8314], mean perf=17004/20400 (0.8335%)
Round=14, per client personal pooled=[0.4644, 0.4049, 0.3931, 0.4138, 0.4075, 0.4371, 0.4107, 0.3775, 0.4354, 0.4189], mean perf=84933/204000 (0.4163%)
Mean performance of ditto rpdp global, Perf=0.3887, seed=44
Mean performance of ditto rpdp personal, Perf=0.8286, seed=44
Mean performance of ditto rpdp pooled, Perf=0.4142, seed=44
Client 0: avg epsilon = 0.4223
Client 1: avg epsilon = 1.1455
Client 2: avg epsilon = 0.1156
Client 3: avg epsilon = 0.2963
Client 4: avg epsilon = 0.2883
Client 5: avg epsilon = 1.3712
Client 6: avg epsilon = 0.2932
Client 7: avg epsilon = 1.0937
Client 8: avg epsilon = 1.3697
Client 9: avg epsilon = 1.4769
 We run FedAvg with rPDP (BoundedMixGauss-0) ...
max_epsilon :  10.0  noise_multiplier :  9.736328125
The R-Squared value of the best-fit curve : 0.999749898528281
learning rate =  0.001
sample_rate: (min) 0.03, (max) 0.16, expected_batch_size: 289
sample_rate: (min) 0.03, (max) 0.57, expected_batch_size: 625
sample_rate: (min) 0.03, (max) 0.04, expected_batch_size: 109
sample_rate: (min) 0.03, (max) 0.17, expected_batch_size: 214
sample_rate: (min) 0.03, (max) 0.15, expected_batch_size: 211
sample_rate: (min) 0.03, (max) 0.59, expected_batch_size: 746
sample_rate: (min) 0.03, (max) 0.16, expected_batch_size: 213
sample_rate: (min) 0.03, (max) 0.62, expected_batch_size: 569
sample_rate: (min) 0.03, (max) 0.64, expected_batch_size: 714
sample_rate: (min) 0.03, (max) 0.77, expected_batch_size: 756
initial privacy cost of all clients:  [0, 0, 0, 0, 0, 0, 0, 0, 0, 0]
Round=0
Round=1
Round=2
Round=3
Round=4
Round=5
Round=6
Round=7
Round=8
Round=9
Round=10
Round=11
Round=12
Round=13
Round=14
current privacy cost of all clients:  [0.7677834992106322, 4.122595981742123, 0.12764423903295052, 0.45634168403065334, 0.7856702095370495, 2.983818153591938, 0.5557480878423264, 3.116664947132279, 2.9994056552904107, 4.77719853540031]
Round=14, per client global perf=[0.3417, 0.5515, 0.1907, 0.2289, 0.2613, 0.5265, 0.2495, 0.2809, 0.4113, 0.4441], mean perf=7112/20400 (0.3486%)
Round=14, per client personal perf=[0.924, 0.8049, 0.7647, 0.8319, 0.85, 0.8711, 0.8132, 0.7931, 0.8647, 0.827], mean perf=17023/20400 (0.8345%)
Round=14, per client personal pooled=[0.4611, 0.4028, 0.3873, 0.4078, 0.4265, 0.4375, 0.4077, 0.4037, 0.429, 0.4151], mean perf=85243/204000 (0.4179%)
Mean performance of ditto rpdp global, Perf=0.3694, seed=44
Mean performance of ditto rpdp personal, Perf=0.8280, seed=44
Mean performance of ditto rpdp pooled, Perf=0.4154, seed=44
Finished seed 44
----------------------------------------
Running seed 45
/Users/shegao_t1/DP_Research/Personal_DP_Personal_FL/rpdp_fl/experiments/datasets/fed_fashion_mnist/niid_10_5way_1200shot

Client 0 label distribution:
[(0, 791), (1, 786), (3, 784), (7, 808), (8, 791)]

Client 1 label distribution:
[(0, 790), (4, 779), (6, 781), (7, 795), (9, 815)]

Client 2 label distribution:
[(0, 786), (1, 780), (3, 822), (4, 782), (6, 790)]

Client 3 label distribution:
[(1, 794), (2, 811), (4, 779), (5, 788), (8, 788)]

Client 4 label distribution:
[(1, 790), (2, 786), (5, 798), (6, 792), (7, 794)]

Client 5 label distribution:
[(0, 806), (5, 785), (7, 797), (8, 810), (9, 762)]

Client 6 label distribution:
[(2, 773), (3, 805), (4, 791), (5, 788), (7, 803)]

Client 7 label distribution:
[(1, 792), (2, 792), (3, 791), (6, 795), (9, 790)]

Client 8 label distribution:
[(2, 800), (4, 779), (5, 789), (8, 782), (9, 810)]

Client 9 label distribution:
[(0, 819), (3, 779), (6, 796), (8, 778), (9, 788)]
Client 0: avg epsilon = 0.4564
Client 1: avg epsilon = 1.2841
Client 2: avg epsilon = 0.1000
Client 3: avg epsilon = 0.2791
Client 4: avg epsilon = 0.2805
Client 5: avg epsilon = 1.4081
Client 6: avg epsilon = 0.2825
Client 7: avg epsilon = 1.0775
Client 8: avg epsilon = 1.2800
Client 9: avg epsilon = 1.2519
 We run FedAvg with rPDP (ThreeLevels-0) ...
max_epsilon :  10.0  noise_multiplier :  9.736328125
The R-Squared value of the best-fit curve : 0.999749898528281
learning rate =  0.001
sample_rate: (min) 0.03, (max) 0.16, expected_batch_size: 308
sample_rate: (min) 0.03, (max) 0.61, expected_batch_size: 677
sample_rate: (min) 0.03, (max) 0.03, expected_batch_size: 99
sample_rate: (min) 0.03, (max) 0.16, expected_batch_size: 204
sample_rate: (min) 0.03, (max) 0.16, expected_batch_size: 205
sample_rate: (min) 0.03, (max) 0.61, expected_batch_size: 756
sample_rate: (min) 0.03, (max) 0.16, expected_batch_size: 206
sample_rate: (min) 0.03, (max) 0.61, expected_batch_size: 559
sample_rate: (min) 0.03, (max) 0.61, expected_batch_size: 674
sample_rate: (min) 0.03, (max) 0.61, expected_batch_size: 661
initial privacy cost of all clients:  [0, 0, 0, 0, 0, 0, 0, 0, 0, 0]
Round=0
Round=1
Round=2
Round=3
Round=4
Round=5
Round=6
Round=7
Round=8
Round=9
Round=10
Round=11
Round=12
Round=13
Round=14
current privacy cost of all clients:  [0.7046321452486275, 3.554611437795162, 0.07214729257008984, 0.49782670836934756, 0.7046321452486275, 4.055063072201711, 0.7046321452486275, 2.8039339861853394, 3.8048372549984366, 4.055063072201711]
Round=14, per client global perf=[0.5343, 0.4588, 0.2422, 0.2118, 0.1652, 0.5931, 0.3221, 0.3412, 0.3995, 0.5627], mean perf=7815/20400 (0.3831%)
Round=14, per client personal perf=[0.9225, 0.7975, 0.7333, 0.8485, 0.8132, 0.8946, 0.8059, 0.7779, 0.8853, 0.8495], mean perf=16990/20400 (0.8328%)
Round=14, per client personal pooled=[0.4585, 0.3978, 0.3763, 0.4206, 0.4054, 0.4478, 0.4039, 0.3933, 0.4417, 0.4288], mean perf=85154/204000 (0.4174%)
Mean performance of ditto rpdp global, Perf=0.3508, seed=45
Mean performance of ditto rpdp personal, Perf=0.8293, seed=45
Mean performance of ditto rpdp pooled, Perf=0.4161, seed=45
Client 0: avg epsilon = 0.3034
Client 1: avg epsilon = 0.4297
Client 2: avg epsilon = 0.2176
Client 3: avg epsilon = 0.3025
Client 4: avg epsilon = 0.3089
Client 5: avg epsilon = 0.5424
Client 6: avg epsilon = 0.3163
Client 7: avg epsilon = 0.4373
Client 8: avg epsilon = 0.6263
Client 9: avg epsilon = 0.8519
 We run FedAvg with rPDP (BoundedPareto-0) ...
max_epsilon :  10.0  noise_multiplier :  9.736328125
The R-Squared value of the best-fit curve : 0.999749898528281
learning rate =  0.001
sample_rate: (min) 0.03, (max) 0.11, expected_batch_size: 222
sample_rate: (min) 0.03, (max) 0.15, expected_batch_size: 297
sample_rate: (min) 0.03, (max) 0.07, expected_batch_size: 172
sample_rate: (min) 0.03, (max) 0.11, expected_batch_size: 222
sample_rate: (min) 0.03, (max) 0.09, expected_batch_size: 227
sample_rate: (min) 0.03, (max) 0.17, expected_batch_size: 362
sample_rate: (min) 0.04, (max) 0.1, expected_batch_size: 231
sample_rate: (min) 0.03, (max) 0.2, expected_batch_size: 298
sample_rate: (min) 0.04, (max) 0.26, expected_batch_size: 406
sample_rate: (min) 0.03, (max) 1.0, expected_batch_size: 509
initial privacy cost of all clients:  [0, 0, 0, 0, 0, 0, 0, 0, 0, 0]
Round=0
Round=1
Round=2
Round=3
Round=4
Round=5
Round=6
Round=7
Round=8
Round=9
Round=10
Round=11
Round=12
Round=13
Round=14
current privacy cost of all clients:  [0.4425821626668991, 0.6884954165451199, 0.25132872661466316, 0.3346681815849944, 0.36640855871949035, 0.877256515897544, 0.41309044881143847, 0.7451813859939028, 1.354274879524409, 7.879532215750026]
Round=14, per client global perf=[0.4343, 0.5652, 0.3127, 0.3936, 0.2652, 0.5936, 0.452, 0.3549, 0.5765, 0.549], mean perf=9174/20400 (0.4497%)
Round=14, per client personal perf=[0.927, 0.773, 0.7426, 0.8284, 0.8191, 0.8902, 0.8191, 0.7922, 0.8701, 0.8539], mean perf=16964/20400 (0.8316%)
Round=14, per client personal pooled=[0.4626, 0.3906, 0.3789, 0.4124, 0.4106, 0.4473, 0.408, 0.4015, 0.4373, 0.4244], mean perf=85142/204000 (0.4174%)
Mean performance of ditto rpdp global, Perf=0.3973, seed=45
Mean performance of ditto rpdp personal, Perf=0.8296, seed=45
Mean performance of ditto rpdp pooled, Perf=0.4169, seed=45
Client 0: avg epsilon = 0.4344
Client 1: avg epsilon = 1.1544
Client 2: avg epsilon = 0.1159
Client 3: avg epsilon = 0.2975
Client 4: avg epsilon = 0.2898
Client 5: avg epsilon = 1.3752
Client 6: avg epsilon = 0.2943
Client 7: avg epsilon = 1.0952
Client 8: avg epsilon = 1.3713
Client 9: avg epsilon = 1.5112
 We run FedAvg with rPDP (BoundedMixGauss-0) ...
max_epsilon :  10.0  noise_multiplier :  9.736328125
The R-Squared value of the best-fit curve : 0.999749898528281
learning rate =  0.001
sample_rate: (min) 0.03, (max) 0.16, expected_batch_size: 296
sample_rate: (min) 0.03, (max) 0.57, expected_batch_size: 628
sample_rate: (min) 0.03, (max) 0.04, expected_batch_size: 109
sample_rate: (min) 0.03, (max) 0.17, expected_batch_size: 215
sample_rate: (min) 0.03, (max) 0.15, expected_batch_size: 212
sample_rate: (min) 0.03, (max) 0.59, expected_batch_size: 747
sample_rate: (min) 0.03, (max) 0.16, expected_batch_size: 214
sample_rate: (min) 0.03, (max) 0.62, expected_batch_size: 570
sample_rate: (min) 0.03, (max) 0.65, expected_batch_size: 715
sample_rate: (min) 0.03, (max) 0.77, expected_batch_size: 775
initial privacy cost of all clients:  [0, 0, 0, 0, 0, 0, 0, 0, 0, 0]
Round=0
Round=1
Round=2
Round=3
Round=4
Round=5
Round=6
Round=7
Round=8
Round=9
Round=10
Round=11
Round=12
Round=13
Round=14
current privacy cost of all clients:  [0.7253755840827084, 3.2766097212141574, 0.11207734670387905, 0.5285137731759944, 0.6694405199152075, 3.939046868497293, 0.7075749661251897, 2.859403242515003, 4.160788994825427, 5.387946020137831]
Round=14, per client global perf=[0.3799, 0.5015, 0.1853, 0.2167, 0.223, 0.5544, 0.226, 0.2814, 0.4074, 0.4941], mean perf=7078/20400 (0.3470%)
Round=14, per client personal perf=[0.9167, 0.774, 0.7426, 0.8299, 0.8152, 0.8926, 0.7897, 0.7882, 0.8863, 0.852], mean perf=16906/20400 (0.8287%)
Round=14, per client personal pooled=[0.4596, 0.3904, 0.3814, 0.4086, 0.4111, 0.4475, 0.3986, 0.3998, 0.4425, 0.4285], mean perf=85028/204000 (0.4168%)
Mean performance of ditto rpdp global, Perf=0.3152, seed=45
Mean performance of ditto rpdp personal, Perf=0.8293, seed=45
Mean performance of ditto rpdp pooled, Perf=0.4168, seed=45
Finished seed 45
----------------------------------------
Running seed 46
/Users/shegao_t1/DP_Research/Personal_DP_Personal_FL/rpdp_fl/experiments/datasets/fed_fashion_mnist/niid_10_5way_1200shot

Client 0 label distribution:
[(0, 791), (1, 786), (3, 784), (7, 808), (8, 791)]

Client 1 label distribution:
[(0, 790), (4, 779), (6, 781), (7, 795), (9, 815)]

Client 2 label distribution:
[(0, 786), (1, 780), (3, 822), (4, 782), (6, 790)]

Client 3 label distribution:
[(1, 794), (2, 811), (4, 779), (5, 788), (8, 788)]

Client 4 label distribution:
[(1, 790), (2, 786), (5, 798), (6, 792), (7, 794)]

Client 5 label distribution:
[(0, 806), (5, 785), (7, 797), (8, 810), (9, 762)]

Client 6 label distribution:
[(2, 773), (3, 805), (4, 791), (5, 788), (7, 803)]

Client 7 label distribution:
[(1, 792), (2, 792), (3, 791), (6, 795), (9, 790)]

Client 8 label distribution:
[(2, 800), (4, 779), (5, 789), (8, 782), (9, 810)]

Client 9 label distribution:
[(0, 819), (3, 779), (6, 796), (8, 778), (9, 788)]
Client 0: avg epsilon = 0.4564
Client 1: avg epsilon = 1.2841
Client 2: avg epsilon = 0.1000
Client 3: avg epsilon = 0.2791
Client 4: avg epsilon = 0.2805
Client 5: avg epsilon = 1.4081
Client 6: avg epsilon = 0.2825
Client 7: avg epsilon = 1.0775
Client 8: avg epsilon = 1.2800
Client 9: avg epsilon = 1.2519
 We run FedAvg with rPDP (ThreeLevels-0) ...
max_epsilon :  10.0  noise_multiplier :  9.736328125
The R-Squared value of the best-fit curve : 0.999749898528281
learning rate =  0.001
sample_rate: (min) 0.03, (max) 0.16, expected_batch_size: 308
sample_rate: (min) 0.03, (max) 0.61, expected_batch_size: 677
sample_rate: (min) 0.03, (max) 0.03, expected_batch_size: 99
sample_rate: (min) 0.03, (max) 0.16, expected_batch_size: 204
sample_rate: (min) 0.03, (max) 0.16, expected_batch_size: 205
sample_rate: (min) 0.03, (max) 0.61, expected_batch_size: 756
sample_rate: (min) 0.03, (max) 0.16, expected_batch_size: 206
sample_rate: (min) 0.03, (max) 0.61, expected_batch_size: 559
sample_rate: (min) 0.03, (max) 0.61, expected_batch_size: 674
sample_rate: (min) 0.03, (max) 0.61, expected_batch_size: 661
initial privacy cost of all clients:  [0, 0, 0, 0, 0, 0, 0, 0, 0, 0]
Round=0
Round=1
Round=2
Round=3
Round=4
Round=5
Round=6
Round=7
Round=8
Round=9
Round=10
Round=11
Round=12
Round=13
Round=14
current privacy cost of all clients:  [0.6583580204409699, 3.8048372549984366, 0.07214729257008984, 0.7046321452486275, 0.6583580204409699, 3.554611437795162, 0.7046321452486275, 4.305288889404985, 4.055063072201711, 3.554611437795162]
Round=14, per client global perf=[0.5397, 0.3922, 0.2657, 0.2676, 0.2275, 0.5373, 0.3147, 0.4191, 0.3882, 0.5578], mean perf=7976/20400 (0.3910%)
Round=14, per client personal perf=[0.9299, 0.7662, 0.7564, 0.877, 0.8059, 0.8917, 0.8309, 0.8598, 0.8907, 0.8417], mean perf=17238/20400 (0.8450%)
Round=14, per client personal pooled=[0.4628, 0.3877, 0.3849, 0.4399, 0.4063, 0.4439, 0.4143, 0.433, 0.4428, 0.4204], mean perf=86412/204000 (0.4236%)
Mean performance of ditto rpdp global, Perf=0.3622, seed=46
Mean performance of ditto rpdp personal, Perf=0.8385, seed=46
Mean performance of ditto rpdp pooled, Perf=0.4209, seed=46
Client 0: avg epsilon = 0.2997
Client 1: avg epsilon = 0.4270
Client 2: avg epsilon = 0.2166
Client 3: avg epsilon = 0.3006
Client 4: avg epsilon = 0.3056
Client 5: avg epsilon = 0.5396
Client 6: avg epsilon = 0.3141
Client 7: avg epsilon = 0.4375
Client 8: avg epsilon = 0.6231
Client 9: avg epsilon = 0.8526
 We run FedAvg with rPDP (BoundedPareto-0) ...
max_epsilon :  10.0  noise_multiplier :  9.736328125
The R-Squared value of the best-fit curve : 0.999749898528281
learning rate =  0.001
sample_rate: (min) 0.03, (max) 0.11, expected_batch_size: 220
sample_rate: (min) 0.03, (max) 0.16, expected_batch_size: 295
sample_rate: (min) 0.03, (max) 0.07, expected_batch_size: 171
sample_rate: (min) 0.03, (max) 0.11, expected_batch_size: 221
sample_rate: (min) 0.03, (max) 0.09, expected_batch_size: 225
sample_rate: (min) 0.03, (max) 0.17, expected_batch_size: 361
sample_rate: (min) 0.04, (max) 0.1, expected_batch_size: 230
sample_rate: (min) 0.03, (max) 0.2, expected_batch_size: 298
sample_rate: (min) 0.04, (max) 0.26, expected_batch_size: 404
sample_rate: (min) 0.03, (max) 1.0, expected_batch_size: 510
initial privacy cost of all clients:  [0, 0, 0, 0, 0, 0, 0, 0, 0, 0]
Round=0
Round=1
Round=2
Round=3
Round=4
Round=5
Round=6
Round=7
Round=8
Round=9
Round=10
Round=11
Round=12
Round=13
Round=14
current privacy cost of all clients:  [0.4056289801187321, 0.7319920393872338, 0.2473803074046356, 0.46750893350076317, 0.33569399618441287, 0.7900858447690642, 0.4068716476024919, 1.1171184067423878, 1.4267495597205888, 6.803447050009791]
Round=14, per client global perf=[0.4657, 0.524, 0.3176, 0.3167, 0.1926, 0.5078, 0.4235, 0.3873, 0.5039, 0.5691], mean perf=8585/20400 (0.4208%)
Round=14, per client personal perf=[0.9324, 0.7951, 0.7608, 0.8809, 0.7696, 0.8892, 0.8304, 0.8093, 0.8652, 0.8441], mean perf=17089/20400 (0.8377%)
Round=14, per client personal pooled=[0.4646, 0.4009, 0.386, 0.4425, 0.3886, 0.442, 0.4124, 0.409, 0.4383, 0.4227], mean perf=85821/204000 (0.4207%)
Mean performance of ditto rpdp global, Perf=0.4152, seed=46
Mean performance of ditto rpdp personal, Perf=0.8382, seed=46
Mean performance of ditto rpdp pooled, Perf=0.4204, seed=46
Client 0: avg epsilon = 0.4137
Client 1: avg epsilon = 1.0664
Client 2: avg epsilon = 0.1154
Client 3: avg epsilon = 0.2954
Client 4: avg epsilon = 0.2873
Client 5: avg epsilon = 1.3644
Client 6: avg epsilon = 0.2925
Client 7: avg epsilon = 1.0912
Client 8: avg epsilon = 1.3684
Client 9: avg epsilon = 1.4486
 We run FedAvg with rPDP (BoundedMixGauss-0) ...
max_epsilon :  10.0  noise_multiplier :  9.736328125
The R-Squared value of the best-fit curve : 0.999749898528281
learning rate =  0.001
sample_rate: (min) 0.03, (max) 0.16, expected_batch_size: 284
sample_rate: (min) 0.03, (max) 0.57, expected_batch_size: 589
sample_rate: (min) 0.03, (max) 0.04, expected_batch_size: 109
sample_rate: (min) 0.03, (max) 0.16, expected_batch_size: 214
sample_rate: (min) 0.03, (max) 0.15, expected_batch_size: 210
sample_rate: (min) 0.03, (max) 0.59, expected_batch_size: 743
sample_rate: (min) 0.03, (max) 0.16, expected_batch_size: 213
sample_rate: (min) 0.03, (max) 0.62, expected_batch_size: 568
sample_rate: (min) 0.03, (max) 0.64, expected_batch_size: 714
sample_rate: (min) 0.03, (max) 0.75, expected_batch_size: 742
initial privacy cost of all clients:  [0, 0, 0, 0, 0, 0, 0, 0, 0, 0]
Round=0
Round=1
Round=2
Round=3
Round=4
Round=5
Round=6
Round=7
Round=8
Round=9
Round=10
Round=11
Round=12
Round=13
Round=14
current privacy cost of all clients:  [0.6745013868945783, 3.4579329026515047, 0.11108162662117115, 0.7397035782890445, 0.6195423815417367, 3.4461753572954548, 0.7032755958236908, 4.415109595459327, 4.419900111170576, 4.699892211236226]
Round=14, per client global perf=[0.4431, 0.4324, 0.2181, 0.2426, 0.2044, 0.5157, 0.3078, 0.3691, 0.4157, 0.5436], mean perf=7533/20400 (0.3693%)
Round=14, per client personal perf=[0.9368, 0.7833, 0.7456, 0.8549, 0.8123, 0.8863, 0.8088, 0.852, 0.8853, 0.85], mean perf=17167/20400 (0.8415%)
Round=14, per client personal pooled=[0.4649, 0.3965, 0.3786, 0.4306, 0.4109, 0.4421, 0.4102, 0.4308, 0.4406, 0.4248], mean perf=86291/204000 (0.4230%)
Mean performance of ditto rpdp global, Perf=0.3430, seed=46
Mean performance of ditto rpdp personal, Perf=0.8391, seed=46
Mean performance of ditto rpdp pooled, Perf=0.4217, seed=46
Finished seed 46
----------------------------------------
=== Running reg_param=0.1, num_steps=15 ===
Running seed 42
/Users/shegao_t1/DP_Research/Personal_DP_Personal_FL/rpdp_fl/experiments/datasets/fed_fashion_mnist/niid_10_5way_1200shot

Client 0 label distribution:
[(0, 791), (1, 786), (3, 784), (7, 808), (8, 791)]

Client 1 label distribution:
[(0, 790), (4, 779), (6, 781), (7, 795), (9, 815)]

Client 2 label distribution:
[(0, 786), (1, 780), (3, 822), (4, 782), (6, 790)]

Client 3 label distribution:
[(1, 794), (2, 811), (4, 779), (5, 788), (8, 788)]

Client 4 label distribution:
[(1, 790), (2, 786), (5, 798), (6, 792), (7, 794)]

Client 5 label distribution:
[(0, 806), (5, 785), (7, 797), (8, 810), (9, 762)]

Client 6 label distribution:
[(2, 773), (3, 805), (4, 791), (5, 788), (7, 803)]

Client 7 label distribution:
[(1, 792), (2, 792), (3, 791), (6, 795), (9, 790)]

Client 8 label distribution:
[(2, 800), (4, 779), (5, 789), (8, 782), (9, 810)]

Client 9 label distribution:
[(0, 819), (3, 779), (6, 796), (8, 778), (9, 788)]
Client 0: avg epsilon = 0.4564
Client 1: avg epsilon = 1.2841
Client 2: avg epsilon = 0.1000
Client 3: avg epsilon = 0.2791
Client 4: avg epsilon = 0.2805
Client 5: avg epsilon = 1.4081
Client 6: avg epsilon = 0.2825
Client 7: avg epsilon = 1.0775
Client 8: avg epsilon = 1.2800
Client 9: avg epsilon = 1.2519
 We run FedAvg with rPDP (ThreeLevels-0) ...
max_epsilon :  10.0  noise_multiplier :  9.736328125
The R-Squared value of the best-fit curve : 0.999749898528281
learning rate =  0.001
sample_rate: (min) 0.03, (max) 0.16, expected_batch_size: 308
sample_rate: (min) 0.03, (max) 0.61, expected_batch_size: 677
sample_rate: (min) 0.03, (max) 0.03, expected_batch_size: 99
sample_rate: (min) 0.03, (max) 0.16, expected_batch_size: 204
sample_rate: (min) 0.03, (max) 0.16, expected_batch_size: 205
sample_rate: (min) 0.03, (max) 0.61, expected_batch_size: 756
sample_rate: (min) 0.03, (max) 0.16, expected_batch_size: 206
sample_rate: (min) 0.03, (max) 0.61, expected_batch_size: 559
sample_rate: (min) 0.03, (max) 0.61, expected_batch_size: 674
sample_rate: (min) 0.03, (max) 0.61, expected_batch_size: 661
initial privacy cost of all clients:  [0, 0, 0, 0, 0, 0, 0, 0, 0, 0]
Round=0
Round=1
Round=2
Round=3
Round=4
Round=5
Round=6
Round=7
Round=8
Round=9
Round=10
Round=11
Round=12
Round=13
Round=14
current privacy cost of all clients:  [0.7046321452486275, 3.554611437795162, 0.05997229379927632, 0.6583580204409699, 0.7482516858029494, 3.554611437795162, 0.7482516858029494, 4.055063072201711, 4.305288889404985, 3.0541598033886133]
Round=14, per client global perf=[0.3515, 0.3402, 0.0324, 0.2059, 0.2029, 0.5196, 0.1755, 0.225, 0.3515, 0.3539], mean perf=5627/20400 (0.2758%)
Round=14, per client personal perf=[0.9167, 0.7603, 0.7319, 0.823, 0.7975, 0.8745, 0.8255, 0.801, 0.876, 0.8123], mean perf=16766/20400 (0.8219%)
Round=14, per client personal pooled=[0.4585, 0.3845, 0.3741, 0.4147, 0.4027, 0.437, 0.4135, 0.4041, 0.4366, 0.4104], mean perf=84378/204000 (0.4136%)
Mean performance of ditto rpdp global, Perf=0.3101, seed=42
Mean performance of ditto rpdp personal, Perf=0.8222, seed=42
Mean performance of ditto rpdp pooled, Perf=0.4139, seed=42
Client 0: avg epsilon = 0.3014
Client 1: avg epsilon = 0.4282
Client 2: avg epsilon = 0.2171
Client 3: avg epsilon = 0.3017
Client 4: avg epsilon = 0.3067
Client 5: avg epsilon = 0.5417
Client 6: avg epsilon = 0.3151
Client 7: avg epsilon = 0.4371
Client 8: avg epsilon = 0.6238
Client 9: avg epsilon = 0.8426
 We run FedAvg with rPDP (BoundedPareto-0) ...
max_epsilon :  10.0  noise_multiplier :  9.736328125
The R-Squared value of the best-fit curve : 0.999749898528281
learning rate =  0.001
sample_rate: (min) 0.03, (max) 0.11, expected_batch_size: 221
sample_rate: (min) 0.03, (max) 0.16, expected_batch_size: 296
sample_rate: (min) 0.03, (max) 0.07, expected_batch_size: 171
sample_rate: (min) 0.03, (max) 0.11, expected_batch_size: 222
sample_rate: (min) 0.03, (max) 0.09, expected_batch_size: 225
sample_rate: (min) 0.03, (max) 0.17, expected_batch_size: 362
sample_rate: (min) 0.04, (max) 0.1, expected_batch_size: 230
sample_rate: (min) 0.03, (max) 0.2, expected_batch_size: 298
sample_rate: (min) 0.04, (max) 0.26, expected_batch_size: 404
sample_rate: (min) 0.03, (max) 0.98, expected_batch_size: 506
initial privacy cost of all clients:  [0, 0, 0, 0, 0, 0, 0, 0, 0, 0]
Round=0
Round=1
Round=2
Round=3
Round=4
Round=5
Round=6
Round=7
Round=8
Round=9
Round=10
Round=11
Round=12
Round=13
Round=14
current privacy cost of all clients:  [0.43994099826958544, 0.6904736218181567, 0.20938176580093296, 0.4403200097582526, 0.38463693276986693, 0.7881371060761739, 0.4369892621197517, 1.0615945911346845, 1.4892497072651696, 5.563993025730616]
Round=14, per client global perf=[0.3819, 0.5206, 0.2069, 0.274, 0.2324, 0.5221, 0.3074, 0.3167, 0.4534, 0.4902], mean perf=7559/20400 (0.3705%)
Round=14, per client personal perf=[0.926, 0.7828, 0.7368, 0.8799, 0.8172, 0.873, 0.8176, 0.8059, 0.8882, 0.8363], mean perf=17062/20400 (0.8364%)
Round=14, per client personal pooled=[0.4633, 0.393, 0.3753, 0.4403, 0.4126, 0.435, 0.4135, 0.4061, 0.4421, 0.4212], mean perf=85729/204000 (0.4202%)
Mean performance of ditto rpdp global, Perf=0.4284, seed=42
Mean performance of ditto rpdp personal, Perf=0.8322, seed=42
Mean performance of ditto rpdp pooled, Perf=0.4178, seed=42
Client 0: avg epsilon = 0.4184
Client 1: avg epsilon = 1.0718
Client 2: avg epsilon = 0.1155
Client 3: avg epsilon = 0.2959
Client 4: avg epsilon = 0.2880
Client 5: avg epsilon = 1.3641
Client 6: avg epsilon = 0.2928
Client 7: avg epsilon = 1.0901
Client 8: avg epsilon = 1.3650
Client 9: avg epsilon = 1.4426
 We run FedAvg with rPDP (BoundedMixGauss-0) ...
max_epsilon :  10.0  noise_multiplier :  9.736328125
The R-Squared value of the best-fit curve : 0.999749898528281
learning rate =  0.001
sample_rate: (min) 0.03, (max) 0.16, expected_batch_size: 287
sample_rate: (min) 0.03, (max) 0.56, expected_batch_size: 592
sample_rate: (min) 0.03, (max) 0.04, expected_batch_size: 109
sample_rate: (min) 0.03, (max) 0.16, expected_batch_size: 214
sample_rate: (min) 0.03, (max) 0.15, expected_batch_size: 211
sample_rate: (min) 0.03, (max) 0.59, expected_batch_size: 743
sample_rate: (min) 0.03, (max) 0.16, expected_batch_size: 213
sample_rate: (min) 0.03, (max) 0.62, expected_batch_size: 568
sample_rate: (min) 0.03, (max) 0.64, expected_batch_size: 713
sample_rate: (min) 0.03, (max) 0.79, expected_batch_size: 740
initial privacy cost of all clients:  [0, 0, 0, 0, 0, 0, 0, 0, 0, 0]
Round=0
Round=1
Round=2
Round=3
Round=4
Round=5
Round=6
Round=7
Round=8
Round=9
Round=10
Round=11
Round=12
Round=13
Round=14
current privacy cost of all clients:  [0.7212538448439719, 3.242489391225517, 0.09289914324649612, 0.6918395589904925, 0.7057677970166251, 3.444062981944626, 0.7465223742431236, 4.148436890583617, 4.595004387966056, 4.36666609846329]
Round=14, per client global perf=[0.3725, 0.3515, 0.0711, 0.225, 0.2304, 0.5216, 0.173, 0.2583, 0.3534, 0.3662], mean perf=5963/20400 (0.2923%)
Round=14, per client personal perf=[0.9059, 0.7706, 0.7412, 0.875, 0.8235, 0.8515, 0.8127, 0.7907, 0.876, 0.824], mean perf=16873/20400 (0.8271%)
Round=14, per client personal pooled=[0.4509, 0.3884, 0.3782, 0.4383, 0.4143, 0.429, 0.4071, 0.3997, 0.4346, 0.4139], mean perf=84747/204000 (0.4154%)
Mean performance of ditto rpdp global, Perf=0.3238, seed=42
Mean performance of ditto rpdp personal, Perf=0.8278, seed=42
Mean performance of ditto rpdp pooled, Perf=0.4156, seed=42
Finished seed 42
----------------------------------------
Running seed 43
/Users/shegao_t1/DP_Research/Personal_DP_Personal_FL/rpdp_fl/experiments/datasets/fed_fashion_mnist/niid_10_5way_1200shot

Client 0 label distribution:
[(0, 791), (1, 786), (3, 784), (7, 808), (8, 791)]

Client 1 label distribution:
[(0, 790), (4, 779), (6, 781), (7, 795), (9, 815)]

Client 2 label distribution:
[(0, 786), (1, 780), (3, 822), (4, 782), (6, 790)]

Client 3 label distribution:
[(1, 794), (2, 811), (4, 779), (5, 788), (8, 788)]

Client 4 label distribution:
[(1, 790), (2, 786), (5, 798), (6, 792), (7, 794)]

Client 5 label distribution:
[(0, 806), (5, 785), (7, 797), (8, 810), (9, 762)]

Client 6 label distribution:
[(2, 773), (3, 805), (4, 791), (5, 788), (7, 803)]

Client 7 label distribution:
[(1, 792), (2, 792), (3, 791), (6, 795), (9, 790)]

Client 8 label distribution:
[(2, 800), (4, 779), (5, 789), (8, 782), (9, 810)]

Client 9 label distribution:
[(0, 819), (3, 779), (6, 796), (8, 778), (9, 788)]
Client 0: avg epsilon = 0.4564
Client 1: avg epsilon = 1.2841
Client 2: avg epsilon = 0.1000
Client 3: avg epsilon = 0.2791
Client 4: avg epsilon = 0.2805
Client 5: avg epsilon = 1.4081
Client 6: avg epsilon = 0.2825
Client 7: avg epsilon = 1.0775
Client 8: avg epsilon = 1.2800
Client 9: avg epsilon = 1.2519
 We run FedAvg with rPDP (ThreeLevels-0) ...
max_epsilon :  10.0  noise_multiplier :  9.736328125
The R-Squared value of the best-fit curve : 0.999749898528281
learning rate =  0.001
sample_rate: (min) 0.03, (max) 0.16, expected_batch_size: 308
sample_rate: (min) 0.03, (max) 0.61, expected_batch_size: 677
sample_rate: (min) 0.03, (max) 0.03, expected_batch_size: 99
sample_rate: (min) 0.03, (max) 0.16, expected_batch_size: 204
sample_rate: (min) 0.03, (max) 0.16, expected_batch_size: 205
sample_rate: (min) 0.03, (max) 0.61, expected_batch_size: 756
sample_rate: (min) 0.03, (max) 0.16, expected_batch_size: 206
sample_rate: (min) 0.03, (max) 0.61, expected_batch_size: 559
sample_rate: (min) 0.03, (max) 0.61, expected_batch_size: 674
sample_rate: (min) 0.03, (max) 0.61, expected_batch_size: 661
initial privacy cost of all clients:  [0, 0, 0, 0, 0, 0, 0, 0, 0, 0]
Round=0
Round=1
Round=2
Round=3
Round=4
Round=5
Round=6
Round=7
Round=8
Round=9
Round=10
Round=11
Round=12
Round=13
Round=14
current privacy cost of all clients:  [0.7482516858029494, 3.554611437795162, 0.07214729257008984, 0.7482516858029494, 0.5558558712260362, 3.554611437795162, 0.6093162705378211, 2.1521425035466386, 3.0541598033886133, 4.055063072201711]
Round=14, per client global perf=[0.3221, 0.2966, 0.0353, 0.1975, 0.1049, 0.4951, 0.127, 0.2358, 0.3873, 0.4402], mean perf=5389/20400 (0.2642%)
Round=14, per client personal perf=[0.9294, 0.7809, 0.751, 0.8765, 0.7725, 0.8725, 0.8137, 0.7725, 0.8642, 0.848], mean perf=16894/20400 (0.8281%)
Round=14, per client personal pooled=[0.4621, 0.3921, 0.3806, 0.4398, 0.3857, 0.4369, 0.4078, 0.3881, 0.433, 0.4258], mean perf=84699/204000 (0.4152%)
Mean performance of ditto rpdp global, Perf=0.2557, seed=43
Mean performance of ditto rpdp personal, Perf=0.8204, seed=43
Mean performance of ditto rpdp pooled, Perf=0.4115, seed=43
Client 0: avg epsilon = 0.3035
Client 1: avg epsilon = 0.4310
Client 2: avg epsilon = 0.2194
Client 3: avg epsilon = 0.3038
Client 4: avg epsilon = 0.3095
Client 5: avg epsilon = 0.5441
Client 6: avg epsilon = 0.3182
Client 7: avg epsilon = 0.4402
Client 8: avg epsilon = 0.6282
Client 9: avg epsilon = 0.8613
 We run FedAvg with rPDP (BoundedPareto-0) ...
max_epsilon :  10.0  noise_multiplier :  9.736328125
The R-Squared value of the best-fit curve : 0.999749898528281
learning rate =  0.001
sample_rate: (min) 0.03, (max) 0.11, expected_batch_size: 222
sample_rate: (min) 0.03, (max) 0.16, expected_batch_size: 297
sample_rate: (min) 0.03, (max) 0.07, expected_batch_size: 173
sample_rate: (min) 0.03, (max) 0.11, expected_batch_size: 223
sample_rate: (min) 0.03, (max) 0.09, expected_batch_size: 227
sample_rate: (min) 0.03, (max) 0.17, expected_batch_size: 363
sample_rate: (min) 0.04, (max) 0.1, expected_batch_size: 232
sample_rate: (min) 0.03, (max) 0.2, expected_batch_size: 300
sample_rate: (min) 0.04, (max) 0.26, expected_batch_size: 407
sample_rate: (min) 0.03, (max) 1.0, expected_batch_size: 514
initial privacy cost of all clients:  [0, 0, 0, 0, 0, 0, 0, 0, 0, 0]
Round=0
Round=1
Round=2
Round=3
Round=4
Round=5
Round=6
Round=7
Round=8
Round=9
Round=10
Round=11
Round=12
Round=13
Round=14
current privacy cost of all clients:  [0.4670392181817522, 0.6940404194588027, 0.2511556619693317, 0.5017481550831977, 0.2875999505800651, 0.7912230465157171, 0.35637464039278516, 0.5845921005119138, 1.1072956182922264, 7.879532215750026]
Round=14, per client global perf=[0.3657, 0.3564, 0.2446, 0.2814, 0.2348, 0.5074, 0.2618, 0.4559, 0.4716, 0.6603], mean perf=7833/20400 (0.3840%)
Round=14, per client personal perf=[0.9216, 0.7956, 0.7304, 0.8392, 0.7794, 0.8672, 0.7554, 0.7279, 0.8279, 0.8456], mean perf=16504/20400 (0.8090%)
Round=14, per client personal pooled=[0.4596, 0.3961, 0.3713, 0.4237, 0.3939, 0.4335, 0.3814, 0.3644, 0.416, 0.4208], mean perf=82837/204000 (0.4061%)
Mean performance of ditto rpdp global, Perf=0.3519, seed=43
Mean performance of ditto rpdp personal, Perf=0.8099, seed=43
Mean performance of ditto rpdp pooled, Perf=0.4062, seed=43
Client 0: avg epsilon = 0.4349
Client 1: avg epsilon = 1.1509
Client 2: avg epsilon = 0.1161
Client 3: avg epsilon = 0.2977
Client 4: avg epsilon = 0.2901
Client 5: avg epsilon = 1.3740
Client 6: avg epsilon = 0.2948
Client 7: avg epsilon = 1.0938
Client 8: avg epsilon = 1.3694
Client 9: avg epsilon = 1.5035
 We run FedAvg with rPDP (BoundedMixGauss-0) ...
max_epsilon :  10.0  noise_multiplier :  9.736328125
The R-Squared value of the best-fit curve : 0.999749898528281
learning rate =  0.001
sample_rate: (min) 0.03, (max) 0.16, expected_batch_size: 296
sample_rate: (min) 0.03, (max) 0.57, expected_batch_size: 627
sample_rate: (min) 0.03, (max) 0.04, expected_batch_size: 109
sample_rate: (min) 0.03, (max) 0.17, expected_batch_size: 215
sample_rate: (min) 0.03, (max) 0.15, expected_batch_size: 212
sample_rate: (min) 0.03, (max) 0.59, expected_batch_size: 747
sample_rate: (min) 0.03, (max) 0.16, expected_batch_size: 214
sample_rate: (min) 0.03, (max) 0.62, expected_batch_size: 569
sample_rate: (min) 0.03, (max) 0.64, expected_batch_size: 715
sample_rate: (min) 0.03, (max) 0.75, expected_batch_size: 771
initial privacy cost of all clients:  [0, 0, 0, 0, 0, 0, 0, 0, 0, 0]
Round=0
Round=1
Round=2
Round=3
Round=4
Round=5
Round=6
Round=7
Round=8
Round=9
Round=10
Round=11
Round=12
Round=13
Round=14
current privacy cost of all clients:  [0.7733283643560676, 3.2740156938258647, 0.1126171708092815, 0.7937347531499499, 0.5292765949735319, 3.4622202231592762, 0.6126867677676407, 2.1953366497455, 3.2843017028811055, 5.239405359423475]
Round=14, per client global perf=[0.2868, 0.3353, 0.0471, 0.199, 0.1348, 0.4892, 0.1039, 0.2426, 0.3902, 0.4471], mean perf=5459/20400 (0.2676%)
Round=14, per client personal perf=[0.9049, 0.7775, 0.7525, 0.8387, 0.7711, 0.873, 0.8181, 0.7324, 0.8554, 0.8515], mean perf=16677/20400 (0.8175%)
Round=14, per client personal pooled=[0.4509, 0.3938, 0.3837, 0.4206, 0.386, 0.4367, 0.4101, 0.3663, 0.4294, 0.423], mean perf=83651/204000 (0.4101%)
Mean performance of ditto rpdp global, Perf=0.2644, seed=43
Mean performance of ditto rpdp personal, Perf=0.8161, seed=43
Mean performance of ditto rpdp pooled, Perf=0.4093, seed=43
Finished seed 43
----------------------------------------
Running seed 44
/Users/shegao_t1/DP_Research/Personal_DP_Personal_FL/rpdp_fl/experiments/datasets/fed_fashion_mnist/niid_10_5way_1200shot

Client 0 label distribution:
[(0, 791), (1, 786), (3, 784), (7, 808), (8, 791)]

Client 1 label distribution:
[(0, 790), (4, 779), (6, 781), (7, 795), (9, 815)]

Client 2 label distribution:
[(0, 786), (1, 780), (3, 822), (4, 782), (6, 790)]

Client 3 label distribution:
[(1, 794), (2, 811), (4, 779), (5, 788), (8, 788)]

Client 4 label distribution:
[(1, 790), (2, 786), (5, 798), (6, 792), (7, 794)]

Client 5 label distribution:
[(0, 806), (5, 785), (7, 797), (8, 810), (9, 762)]

Client 6 label distribution:
[(2, 773), (3, 805), (4, 791), (5, 788), (7, 803)]

Client 7 label distribution:
[(1, 792), (2, 792), (3, 791), (6, 795), (9, 790)]

Client 8 label distribution:
[(2, 800), (4, 779), (5, 789), (8, 782), (9, 810)]

Client 9 label distribution:
[(0, 819), (3, 779), (6, 796), (8, 778), (9, 788)]
Client 0: avg epsilon = 0.4564
Client 1: avg epsilon = 1.2841
Client 2: avg epsilon = 0.1000
Client 3: avg epsilon = 0.2791
Client 4: avg epsilon = 0.2805
Client 5: avg epsilon = 1.4081
Client 6: avg epsilon = 0.2825
Client 7: avg epsilon = 1.0775
Client 8: avg epsilon = 1.2800
Client 9: avg epsilon = 1.2519
 We run FedAvg with rPDP (ThreeLevels-0) ...
max_epsilon :  10.0  noise_multiplier :  9.736328125
The R-Squared value of the best-fit curve : 0.999749898528281
learning rate =  0.001
sample_rate: (min) 0.03, (max) 0.16, expected_batch_size: 308
sample_rate: (min) 0.03, (max) 0.61, expected_batch_size: 677
sample_rate: (min) 0.03, (max) 0.03, expected_batch_size: 99
sample_rate: (min) 0.03, (max) 0.16, expected_batch_size: 204
sample_rate: (min) 0.03, (max) 0.16, expected_batch_size: 205
sample_rate: (min) 0.03, (max) 0.61, expected_batch_size: 756
sample_rate: (min) 0.03, (max) 0.16, expected_batch_size: 206
sample_rate: (min) 0.03, (max) 0.61, expected_batch_size: 559
sample_rate: (min) 0.03, (max) 0.61, expected_batch_size: 674
sample_rate: (min) 0.03, (max) 0.61, expected_batch_size: 661
initial privacy cost of all clients:  [0, 0, 0, 0, 0, 0, 0, 0, 0, 0]
Round=0
Round=1
Round=2
Round=3
Round=4
Round=5
Round=6
Round=7
Round=8
Round=9
Round=10
Round=11
Round=12
Round=13
Round=14
current privacy cost of all clients:  [0.7482516858029494, 4.510367153745826, 0.08299634815037049, 0.4329280232702186, 0.8300921245073416, 3.0541598033886133, 0.5558558712260362, 3.0541598033886133, 2.8039339861853394, 3.554611437795162]
Round=14, per client global perf=[0.3912, 0.576, 0.2333, 0.2627, 0.2172, 0.5745, 0.2907, 0.2358, 0.4534, 0.4461], mean perf=7509/20400 (0.3681%)
Round=14, per client personal perf=[0.9088, 0.7809, 0.7603, 0.8108, 0.8142, 0.8603, 0.7971, 0.777, 0.7681, 0.7951], mean perf=16468/20400 (0.8073%)
Round=14, per client personal pooled=[0.4549, 0.3945, 0.3864, 0.4045, 0.4114, 0.4303, 0.3977, 0.394, 0.391, 0.4016], mean perf=82950/204000 (0.4066%)
Mean performance of ditto rpdp global, Perf=0.3879, seed=44
Mean performance of ditto rpdp personal, Perf=0.8079, seed=44
Mean performance of ditto rpdp pooled, Perf=0.4067, seed=44
Client 0: avg epsilon = 0.3035
Client 1: avg epsilon = 0.4313
Client 2: avg epsilon = 0.2171
Client 3: avg epsilon = 0.3029
Client 4: avg epsilon = 0.3080
Client 5: avg epsilon = 0.5467
Client 6: avg epsilon = 0.3157
Client 7: avg epsilon = 0.4409
Client 8: avg epsilon = 0.6279
Client 9: avg epsilon = 0.8478
 We run FedAvg with rPDP (BoundedPareto-0) ...
max_epsilon :  10.0  noise_multiplier :  9.736328125
The R-Squared value of the best-fit curve : 0.999749898528281
learning rate =  0.001
sample_rate: (min) 0.03, (max) 0.11, expected_batch_size: 222
sample_rate: (min) 0.03, (max) 0.16, expected_batch_size: 297
sample_rate: (min) 0.03, (max) 0.07, expected_batch_size: 171
sample_rate: (min) 0.03, (max) 0.11, expected_batch_size: 222
sample_rate: (min) 0.03, (max) 0.09, expected_batch_size: 226
sample_rate: (min) 0.03, (max) 0.18, expected_batch_size: 365
sample_rate: (min) 0.04, (max) 0.1, expected_batch_size: 231
sample_rate: (min) 0.03, (max) 0.21, expected_batch_size: 300
sample_rate: (min) 0.04, (max) 0.26, expected_batch_size: 407
sample_rate: (min) 0.03, (max) 1.0, expected_batch_size: 508
initial privacy cost of all clients:  [0, 0, 0, 0, 0, 0, 0, 0, 0, 0]
Round=0
Round=1
Round=2
Round=3
Round=4
Round=5
Round=6
Round=7
Round=8
Round=9
Round=10
Round=11
Round=12
Round=13
Round=14
current privacy cost of all clients:  [0.472818141405037, 0.8605893164104541, 0.2850714641123102, 0.2915746673650539, 0.43237890879325525, 0.6923867806506973, 0.3262805541107679, 0.8286221422712667, 1.0074191475107563, 6.803447050009791]
Round=14, per client global perf=[0.3397, 0.5304, 0.2025, 0.1583, 0.3201, 0.5025, 0.2162, 0.3676, 0.326, 0.5118], mean perf=7089/20400 (0.3475%)
Round=14, per client personal perf=[0.9074, 0.7824, 0.7721, 0.8387, 0.8157, 0.8662, 0.8, 0.7529, 0.8544, 0.8373], mean perf=16783/20400 (0.8227%)
Round=14, per client personal pooled=[0.4528, 0.3926, 0.3913, 0.4127, 0.4134, 0.4349, 0.4046, 0.3819, 0.4257, 0.4212], mean perf=84274/204000 (0.4131%)
Mean performance of ditto rpdp global, Perf=0.3887, seed=44
Mean performance of ditto rpdp personal, Perf=0.8200, seed=44
Mean performance of ditto rpdp pooled, Perf=0.4115, seed=44
Client 0: avg epsilon = 0.4223
Client 1: avg epsilon = 1.1455
Client 2: avg epsilon = 0.1156
Client 3: avg epsilon = 0.2963
Client 4: avg epsilon = 0.2883
Client 5: avg epsilon = 1.3712
Client 6: avg epsilon = 0.2932
Client 7: avg epsilon = 1.0937
Client 8: avg epsilon = 1.3697
Client 9: avg epsilon = 1.4769
 We run FedAvg with rPDP (BoundedMixGauss-0) ...
max_epsilon :  10.0  noise_multiplier :  9.736328125
The R-Squared value of the best-fit curve : 0.999749898528281
learning rate =  0.001
sample_rate: (min) 0.03, (max) 0.16, expected_batch_size: 289
sample_rate: (min) 0.03, (max) 0.57, expected_batch_size: 625
sample_rate: (min) 0.03, (max) 0.04, expected_batch_size: 109
sample_rate: (min) 0.03, (max) 0.17, expected_batch_size: 214
sample_rate: (min) 0.03, (max) 0.15, expected_batch_size: 211
sample_rate: (min) 0.03, (max) 0.59, expected_batch_size: 746
sample_rate: (min) 0.03, (max) 0.16, expected_batch_size: 213
sample_rate: (min) 0.03, (max) 0.62, expected_batch_size: 569
sample_rate: (min) 0.03, (max) 0.64, expected_batch_size: 714
sample_rate: (min) 0.03, (max) 0.77, expected_batch_size: 756
initial privacy cost of all clients:  [0, 0, 0, 0, 0, 0, 0, 0, 0, 0]
Round=0
Round=1
Round=2
Round=3
Round=4
Round=5
Round=6
Round=7
Round=8
Round=9
Round=10
Round=11
Round=12
Round=13
Round=14
current privacy cost of all clients:  [0.7677834992106322, 4.122595981742123, 0.12764423903295052, 0.45634168403065334, 0.7856702095370495, 2.983818153591938, 0.5557480878423264, 3.116664947132279, 2.9994056552904107, 4.77719853540031]
Round=14, per client global perf=[0.3417, 0.5515, 0.1907, 0.2289, 0.2613, 0.5265, 0.2495, 0.2809, 0.4113, 0.4441], mean perf=7112/20400 (0.3486%)
Round=14, per client personal perf=[0.9235, 0.7784, 0.7534, 0.8382, 0.8123, 0.8485, 0.8098, 0.7902, 0.8348, 0.8426], mean perf=16793/20400 (0.8232%)
Round=14, per client personal pooled=[0.4605, 0.3908, 0.382, 0.4122, 0.4089, 0.4285, 0.4063, 0.4002, 0.4194, 0.4221], mean perf=84270/204000 (0.4131%)
Mean performance of ditto rpdp global, Perf=0.3694, seed=44
Mean performance of ditto rpdp personal, Perf=0.8171, seed=44
Mean performance of ditto rpdp pooled, Perf=0.4101, seed=44
Finished seed 44
----------------------------------------
Running seed 45
/Users/shegao_t1/DP_Research/Personal_DP_Personal_FL/rpdp_fl/experiments/datasets/fed_fashion_mnist/niid_10_5way_1200shot

Client 0 label distribution:
[(0, 791), (1, 786), (3, 784), (7, 808), (8, 791)]

Client 1 label distribution:
[(0, 790), (4, 779), (6, 781), (7, 795), (9, 815)]

Client 2 label distribution:
[(0, 786), (1, 780), (3, 822), (4, 782), (6, 790)]

Client 3 label distribution:
[(1, 794), (2, 811), (4, 779), (5, 788), (8, 788)]

Client 4 label distribution:
[(1, 790), (2, 786), (5, 798), (6, 792), (7, 794)]

Client 5 label distribution:
[(0, 806), (5, 785), (7, 797), (8, 810), (9, 762)]

Client 6 label distribution:
[(2, 773), (3, 805), (4, 791), (5, 788), (7, 803)]

Client 7 label distribution:
[(1, 792), (2, 792), (3, 791), (6, 795), (9, 790)]

Client 8 label distribution:
[(2, 800), (4, 779), (5, 789), (8, 782), (9, 810)]

Client 9 label distribution:
[(0, 819), (3, 779), (6, 796), (8, 778), (9, 788)]
Client 0: avg epsilon = 0.4564
Client 1: avg epsilon = 1.2841
Client 2: avg epsilon = 0.1000
Client 3: avg epsilon = 0.2791
Client 4: avg epsilon = 0.2805
Client 5: avg epsilon = 1.4081
Client 6: avg epsilon = 0.2825
Client 7: avg epsilon = 1.0775
Client 8: avg epsilon = 1.2800
Client 9: avg epsilon = 1.2519
 We run FedAvg with rPDP (ThreeLevels-0) ...
max_epsilon :  10.0  noise_multiplier :  9.736328125
The R-Squared value of the best-fit curve : 0.999749898528281
learning rate =  0.001
sample_rate: (min) 0.03, (max) 0.16, expected_batch_size: 308
sample_rate: (min) 0.03, (max) 0.61, expected_batch_size: 677
sample_rate: (min) 0.03, (max) 0.03, expected_batch_size: 99
sample_rate: (min) 0.03, (max) 0.16, expected_batch_size: 204
sample_rate: (min) 0.03, (max) 0.16, expected_batch_size: 205
sample_rate: (min) 0.03, (max) 0.61, expected_batch_size: 756
sample_rate: (min) 0.03, (max) 0.16, expected_batch_size: 206
sample_rate: (min) 0.03, (max) 0.61, expected_batch_size: 559
sample_rate: (min) 0.03, (max) 0.61, expected_batch_size: 674
sample_rate: (min) 0.03, (max) 0.61, expected_batch_size: 661
initial privacy cost of all clients:  [0, 0, 0, 0, 0, 0, 0, 0, 0, 0]
Round=0
Round=1
Round=2
Round=3
Round=4
Round=5
Round=6
Round=7
Round=8
Round=9
Round=10
Round=11
Round=12
Round=13
Round=14
current privacy cost of all clients:  [0.7046321452486275, 3.554611437795162, 0.07214729257008984, 0.49782670836934756, 0.7046321452486275, 4.055063072201711, 0.7046321452486275, 2.8039339861853394, 3.8048372549984366, 4.055063072201711]
Round=14, per client global perf=[0.5343, 0.4588, 0.2422, 0.2118, 0.1652, 0.5931, 0.3221, 0.3412, 0.3995, 0.5627], mean perf=7815/20400 (0.3831%)
Round=14, per client personal perf=[0.9235, 0.7691, 0.7471, 0.8461, 0.7975, 0.8755, 0.8216, 0.7907, 0.8559, 0.8373], mean perf=16859/20400 (0.8264%)
Round=14, per client personal pooled=[0.4605, 0.3895, 0.3818, 0.4211, 0.3967, 0.4365, 0.4107, 0.4005, 0.4327, 0.4216], mean perf=84695/204000 (0.4152%)
Mean performance of ditto rpdp global, Perf=0.3508, seed=45
Mean performance of ditto rpdp personal, Perf=0.8216, seed=45
Mean performance of ditto rpdp pooled, Perf=0.4126, seed=45
Client 0: avg epsilon = 0.3034
Client 1: avg epsilon = 0.4297
Client 2: avg epsilon = 0.2176
Client 3: avg epsilon = 0.3025
Client 4: avg epsilon = 0.3089
Client 5: avg epsilon = 0.5424
Client 6: avg epsilon = 0.3163
Client 7: avg epsilon = 0.4373
Client 8: avg epsilon = 0.6263
Client 9: avg epsilon = 0.8519
 We run FedAvg with rPDP (BoundedPareto-0) ...
max_epsilon :  10.0  noise_multiplier :  9.736328125
The R-Squared value of the best-fit curve : 0.999749898528281
learning rate =  0.001
sample_rate: (min) 0.03, (max) 0.11, expected_batch_size: 222
sample_rate: (min) 0.03, (max) 0.15, expected_batch_size: 297
sample_rate: (min) 0.03, (max) 0.07, expected_batch_size: 172
sample_rate: (min) 0.03, (max) 0.11, expected_batch_size: 222
sample_rate: (min) 0.03, (max) 0.09, expected_batch_size: 227
sample_rate: (min) 0.03, (max) 0.17, expected_batch_size: 362
sample_rate: (min) 0.04, (max) 0.1, expected_batch_size: 231
sample_rate: (min) 0.03, (max) 0.2, expected_batch_size: 298
sample_rate: (min) 0.04, (max) 0.26, expected_batch_size: 406
sample_rate: (min) 0.03, (max) 1.0, expected_batch_size: 509
initial privacy cost of all clients:  [0, 0, 0, 0, 0, 0, 0, 0, 0, 0]
Round=0
Round=1
Round=2
Round=3
Round=4
Round=5
Round=6
Round=7
Round=8
Round=9
Round=10
Round=11
Round=12
Round=13
Round=14
current privacy cost of all clients:  [0.4425821626668991, 0.6884954165451199, 0.25132872661466316, 0.3346681815849944, 0.36640855871949035, 0.877256515897544, 0.41309044881143847, 0.7451813859939028, 1.354274879524409, 7.879532215750026]
Round=14, per client global perf=[0.4343, 0.5652, 0.3127, 0.3936, 0.2652, 0.5936, 0.452, 0.3549, 0.5765, 0.549], mean perf=9174/20400 (0.4497%)
Round=14, per client personal perf=[0.9216, 0.7721, 0.7142, 0.8265, 0.8034, 0.8789, 0.8088, 0.7882, 0.8574, 0.8377], mean perf=16746/20400 (0.8209%)
Round=14, per client personal pooled=[0.4608, 0.3876, 0.3604, 0.4141, 0.399, 0.4394, 0.4059, 0.3999, 0.43, 0.4199], mean perf=83983/204000 (0.4117%)
Mean performance of ditto rpdp global, Perf=0.3973, seed=45
Mean performance of ditto rpdp personal, Perf=0.8163, seed=45
Mean performance of ditto rpdp pooled, Perf=0.4102, seed=45
Client 0: avg epsilon = 0.4344
Client 1: avg epsilon = 1.1544
Client 2: avg epsilon = 0.1159
Client 3: avg epsilon = 0.2975
Client 4: avg epsilon = 0.2898
Client 5: avg epsilon = 1.3752
Client 6: avg epsilon = 0.2943
Client 7: avg epsilon = 1.0952
Client 8: avg epsilon = 1.3713
Client 9: avg epsilon = 1.5112
 We run FedAvg with rPDP (BoundedMixGauss-0) ...
max_epsilon :  10.0  noise_multiplier :  9.736328125
The R-Squared value of the best-fit curve : 0.999749898528281
learning rate =  0.001
sample_rate: (min) 0.03, (max) 0.16, expected_batch_size: 296
sample_rate: (min) 0.03, (max) 0.57, expected_batch_size: 628
sample_rate: (min) 0.03, (max) 0.04, expected_batch_size: 109
sample_rate: (min) 0.03, (max) 0.17, expected_batch_size: 215
sample_rate: (min) 0.03, (max) 0.15, expected_batch_size: 212
sample_rate: (min) 0.03, (max) 0.59, expected_batch_size: 747
sample_rate: (min) 0.03, (max) 0.16, expected_batch_size: 214
sample_rate: (min) 0.03, (max) 0.62, expected_batch_size: 570
sample_rate: (min) 0.03, (max) 0.65, expected_batch_size: 715
sample_rate: (min) 0.03, (max) 0.77, expected_batch_size: 775
initial privacy cost of all clients:  [0, 0, 0, 0, 0, 0, 0, 0, 0, 0]
Round=0
Round=1
Round=2
Round=3
Round=4
Round=5
Round=6
Round=7
Round=8
Round=9
Round=10
Round=11
Round=12
Round=13
Round=14
current privacy cost of all clients:  [0.7253755840827084, 3.2766097212141574, 0.11207734670387905, 0.5285137731759944, 0.6694405199152075, 3.939046868497293, 0.7075749661251897, 2.859403242515003, 4.160788994825427, 5.387946020137831]
Round=14, per client global perf=[0.3799, 0.5015, 0.1853, 0.2167, 0.223, 0.5544, 0.226, 0.2814, 0.4074, 0.4941], mean perf=7078/20400 (0.3470%)
Round=14, per client personal perf=[0.9211, 0.7672, 0.7333, 0.823, 0.8074, 0.8662, 0.7505, 0.7794, 0.8716, 0.8456], mean perf=16657/20400 (0.8165%)
Round=14, per client personal pooled=[0.4571, 0.3855, 0.3748, 0.4048, 0.4052, 0.4336, 0.3798, 0.3942, 0.4369, 0.4232], mean perf=83541/204000 (0.4095%)
Mean performance of ditto rpdp global, Perf=0.3152, seed=45
Mean performance of ditto rpdp personal, Perf=0.8188, seed=45
Mean performance of ditto rpdp pooled, Perf=0.4105, seed=45
Finished seed 45
----------------------------------------
Running seed 46
/Users/shegao_t1/DP_Research/Personal_DP_Personal_FL/rpdp_fl/experiments/datasets/fed_fashion_mnist/niid_10_5way_1200shot

Client 0 label distribution:
[(0, 791), (1, 786), (3, 784), (7, 808), (8, 791)]

Client 1 label distribution:
[(0, 790), (4, 779), (6, 781), (7, 795), (9, 815)]

Client 2 label distribution:
[(0, 786), (1, 780), (3, 822), (4, 782), (6, 790)]

Client 3 label distribution:
[(1, 794), (2, 811), (4, 779), (5, 788), (8, 788)]

Client 4 label distribution:
[(1, 790), (2, 786), (5, 798), (6, 792), (7, 794)]

Client 5 label distribution:
[(0, 806), (5, 785), (7, 797), (8, 810), (9, 762)]

Client 6 label distribution:
[(2, 773), (3, 805), (4, 791), (5, 788), (7, 803)]

Client 7 label distribution:
[(1, 792), (2, 792), (3, 791), (6, 795), (9, 790)]

Client 8 label distribution:
[(2, 800), (4, 779), (5, 789), (8, 782), (9, 810)]

Client 9 label distribution:
[(0, 819), (3, 779), (6, 796), (8, 778), (9, 788)]
Client 0: avg epsilon = 0.4564
Client 1: avg epsilon = 1.2841
Client 2: avg epsilon = 0.1000
Client 3: avg epsilon = 0.2791
Client 4: avg epsilon = 0.2805
Client 5: avg epsilon = 1.4081
Client 6: avg epsilon = 0.2825
Client 7: avg epsilon = 1.0775
Client 8: avg epsilon = 1.2800
Client 9: avg epsilon = 1.2519
 We run FedAvg with rPDP (ThreeLevels-0) ...
max_epsilon :  10.0  noise_multiplier :  9.736328125
The R-Squared value of the best-fit curve : 0.999749898528281
learning rate =  0.001
sample_rate: (min) 0.03, (max) 0.16, expected_batch_size: 308
sample_rate: (min) 0.03, (max) 0.61, expected_batch_size: 677
sample_rate: (min) 0.03, (max) 0.03, expected_batch_size: 99
sample_rate: (min) 0.03, (max) 0.16, expected_batch_size: 204
sample_rate: (min) 0.03, (max) 0.16, expected_batch_size: 205
sample_rate: (min) 0.03, (max) 0.61, expected_batch_size: 756
sample_rate: (min) 0.03, (max) 0.16, expected_batch_size: 206
sample_rate: (min) 0.03, (max) 0.61, expected_batch_size: 559
sample_rate: (min) 0.03, (max) 0.61, expected_batch_size: 674
sample_rate: (min) 0.03, (max) 0.61, expected_batch_size: 661
initial privacy cost of all clients:  [0, 0, 0, 0, 0, 0, 0, 0, 0, 0]
Round=0
Round=1
Round=2
Round=3
Round=4
Round=5
Round=6
Round=7
Round=8
Round=9
Round=10
Round=11
Round=12
Round=13
Round=14
current privacy cost of all clients:  [0.6583580204409699, 3.8048372549984366, 0.07214729257008984, 0.7046321452486275, 0.6583580204409699, 3.554611437795162, 0.7046321452486275, 4.305288889404985, 4.055063072201711, 3.554611437795162]
Round=14, per client global perf=[0.5397, 0.3922, 0.2657, 0.2676, 0.2275, 0.5373, 0.3147, 0.4191, 0.3882, 0.5578], mean perf=7976/20400 (0.3910%)
Round=14, per client personal perf=[0.9176, 0.7475, 0.7392, 0.8657, 0.7995, 0.8642, 0.8069, 0.8127, 0.8618, 0.827], mean perf=16814/20400 (0.8242%)
Round=14, per client personal pooled=[0.4564, 0.3779, 0.3772, 0.433, 0.4005, 0.4323, 0.4026, 0.4107, 0.4302, 0.4128], mean perf=84326/204000 (0.4134%)
Mean performance of ditto rpdp global, Perf=0.3622, seed=46
Mean performance of ditto rpdp personal, Perf=0.8222, seed=46
Mean performance of ditto rpdp pooled, Perf=0.4126, seed=46
Client 0: avg epsilon = 0.2997
Client 1: avg epsilon = 0.4270
Client 2: avg epsilon = 0.2166
Client 3: avg epsilon = 0.3006
Client 4: avg epsilon = 0.3056
Client 5: avg epsilon = 0.5396
Client 6: avg epsilon = 0.3141
Client 7: avg epsilon = 0.4375
Client 8: avg epsilon = 0.6231
Client 9: avg epsilon = 0.8526
 We run FedAvg with rPDP (BoundedPareto-0) ...
max_epsilon :  10.0  noise_multiplier :  9.736328125
The R-Squared value of the best-fit curve : 0.999749898528281
learning rate =  0.001
sample_rate: (min) 0.03, (max) 0.11, expected_batch_size: 220
sample_rate: (min) 0.03, (max) 0.16, expected_batch_size: 295
sample_rate: (min) 0.03, (max) 0.07, expected_batch_size: 171
sample_rate: (min) 0.03, (max) 0.11, expected_batch_size: 221
sample_rate: (min) 0.03, (max) 0.09, expected_batch_size: 225
sample_rate: (min) 0.03, (max) 0.17, expected_batch_size: 361
sample_rate: (min) 0.04, (max) 0.1, expected_batch_size: 230
sample_rate: (min) 0.03, (max) 0.2, expected_batch_size: 298
sample_rate: (min) 0.04, (max) 0.26, expected_batch_size: 404
sample_rate: (min) 0.03, (max) 1.0, expected_batch_size: 510
initial privacy cost of all clients:  [0, 0, 0, 0, 0, 0, 0, 0, 0, 0]
Round=0
Round=1
Round=2
Round=3
Round=4
Round=5
Round=6
Round=7
Round=8
Round=9
Round=10
Round=11
Round=12
Round=13
Round=14
current privacy cost of all clients:  [0.4056289801187321, 0.7319920393872338, 0.2473803074046356, 0.46750893350076317, 0.33569399618441287, 0.7900858447690642, 0.4068716476024919, 1.1171184067423878, 1.4267495597205888, 6.803447050009791]
Round=14, per client global perf=[0.4657, 0.524, 0.3176, 0.3167, 0.1926, 0.5078, 0.4235, 0.3873, 0.5039, 0.5691], mean perf=8585/20400 (0.4208%)
Round=14, per client personal perf=[0.9216, 0.7725, 0.7191, 0.8701, 0.7407, 0.8716, 0.8172, 0.7961, 0.8593, 0.8377], mean perf=16740/20400 (0.8206%)
Round=14, per client personal pooled=[0.459, 0.388, 0.3631, 0.4344, 0.375, 0.4335, 0.4076, 0.4026, 0.431, 0.4188], mean perf=83907/204000 (0.4113%)
Mean performance of ditto rpdp global, Perf=0.4152, seed=46
Mean performance of ditto rpdp personal, Perf=0.8216, seed=46
Mean performance of ditto rpdp pooled, Perf=0.4123, seed=46
Client 0: avg epsilon = 0.4137
Client 1: avg epsilon = 1.0664
Client 2: avg epsilon = 0.1154
Client 3: avg epsilon = 0.2954
Client 4: avg epsilon = 0.2873
Client 5: avg epsilon = 1.3644
Client 6: avg epsilon = 0.2925
Client 7: avg epsilon = 1.0912
Client 8: avg epsilon = 1.3684
Client 9: avg epsilon = 1.4486
 We run FedAvg with rPDP (BoundedMixGauss-0) ...
max_epsilon :  10.0  noise_multiplier :  9.736328125
The R-Squared value of the best-fit curve : 0.999749898528281
learning rate =  0.001
sample_rate: (min) 0.03, (max) 0.16, expected_batch_size: 284
sample_rate: (min) 0.03, (max) 0.57, expected_batch_size: 589
sample_rate: (min) 0.03, (max) 0.04, expected_batch_size: 109
sample_rate: (min) 0.03, (max) 0.16, expected_batch_size: 214
sample_rate: (min) 0.03, (max) 0.15, expected_batch_size: 210
sample_rate: (min) 0.03, (max) 0.59, expected_batch_size: 743
sample_rate: (min) 0.03, (max) 0.16, expected_batch_size: 213
sample_rate: (min) 0.03, (max) 0.62, expected_batch_size: 568
sample_rate: (min) 0.03, (max) 0.64, expected_batch_size: 714
sample_rate: (min) 0.03, (max) 0.75, expected_batch_size: 742
initial privacy cost of all clients:  [0, 0, 0, 0, 0, 0, 0, 0, 0, 0]
Round=0
Round=1
Round=2
Round=3
Round=4
Round=5
Round=6
Round=7
Round=8
Round=9
Round=10
Round=11
Round=12
Round=13
Round=14
current privacy cost of all clients:  [0.6745013868945783, 3.4579329026515047, 0.11108162662117115, 0.7397035782890445, 0.6195423815417367, 3.4461753572954548, 0.7032755958236908, 4.415109595459327, 4.419900111170576, 4.699892211236226]
Round=14, per client global perf=[0.4431, 0.4324, 0.2181, 0.2426, 0.2044, 0.5157, 0.3078, 0.3691, 0.4157, 0.5436], mean perf=7533/20400 (0.3693%)
Round=14, per client personal perf=[0.925, 0.7657, 0.7206, 0.8686, 0.7956, 0.8745, 0.7534, 0.8078, 0.8657, 0.8245], mean perf=16731/20400 (0.8201%)
Round=14, per client personal pooled=[0.4613, 0.3847, 0.3686, 0.4336, 0.401, 0.4347, 0.3855, 0.4094, 0.431, 0.4134], mean perf=84115/204000 (0.4123%)
Mean performance of ditto rpdp global, Perf=0.3430, seed=46
Mean performance of ditto rpdp personal, Perf=0.8210, seed=46
Mean performance of ditto rpdp pooled, Perf=0.4116, seed=46
Finished seed 46
----------------------------------------
=== Running reg_param=1.0, num_steps=15 ===
Running seed 42
/Users/shegao_t1/DP_Research/Personal_DP_Personal_FL/rpdp_fl/experiments/datasets/fed_fashion_mnist/niid_10_5way_1200shot

Client 0 label distribution:
[(0, 791), (1, 786), (3, 784), (7, 808), (8, 791)]

Client 1 label distribution:
[(0, 790), (4, 779), (6, 781), (7, 795), (9, 815)]

Client 2 label distribution:
[(0, 786), (1, 780), (3, 822), (4, 782), (6, 790)]

Client 3 label distribution:
[(1, 794), (2, 811), (4, 779), (5, 788), (8, 788)]

Client 4 label distribution:
[(1, 790), (2, 786), (5, 798), (6, 792), (7, 794)]

Client 5 label distribution:
[(0, 806), (5, 785), (7, 797), (8, 810), (9, 762)]

Client 6 label distribution:
[(2, 773), (3, 805), (4, 791), (5, 788), (7, 803)]

Client 7 label distribution:
[(1, 792), (2, 792), (3, 791), (6, 795), (9, 790)]

Client 8 label distribution:
[(2, 800), (4, 779), (5, 789), (8, 782), (9, 810)]

Client 9 label distribution:
[(0, 819), (3, 779), (6, 796), (8, 778), (9, 788)]
Client 0: avg epsilon = 0.4564
Client 1: avg epsilon = 1.2841
Client 2: avg epsilon = 0.1000
Client 3: avg epsilon = 0.2791
Client 4: avg epsilon = 0.2805
Client 5: avg epsilon = 1.4081
Client 6: avg epsilon = 0.2825
Client 7: avg epsilon = 1.0775
Client 8: avg epsilon = 1.2800
Client 9: avg epsilon = 1.2519
 We run FedAvg with rPDP (ThreeLevels-0) ...
max_epsilon :  10.0  noise_multiplier :  9.736328125
The R-Squared value of the best-fit curve : 0.999749898528281
learning rate =  0.001
sample_rate: (min) 0.03, (max) 0.16, expected_batch_size: 308
sample_rate: (min) 0.03, (max) 0.61, expected_batch_size: 677
sample_rate: (min) 0.03, (max) 0.03, expected_batch_size: 99
sample_rate: (min) 0.03, (max) 0.16, expected_batch_size: 204
sample_rate: (min) 0.03, (max) 0.16, expected_batch_size: 205
sample_rate: (min) 0.03, (max) 0.61, expected_batch_size: 756
sample_rate: (min) 0.03, (max) 0.16, expected_batch_size: 206
sample_rate: (min) 0.03, (max) 0.61, expected_batch_size: 559
sample_rate: (min) 0.03, (max) 0.61, expected_batch_size: 674
sample_rate: (min) 0.03, (max) 0.61, expected_batch_size: 661
initial privacy cost of all clients:  [0, 0, 0, 0, 0, 0, 0, 0, 0, 0]
Round=0
Round=1
Round=2
Round=3
Round=4
Round=5
Round=6
Round=7
Round=8
Round=9
Round=10
Round=11
Round=12
Round=13
Round=14
current privacy cost of all clients:  [0.7046321452486275, 3.554611437795162, 0.05997229379927632, 0.6583580204409699, 0.7482516858029494, 3.554611437795162, 0.7482516858029494, 4.055063072201711, 4.305288889404985, 3.0541598033886133]
Round=14, per client global perf=[0.3515, 0.3402, 0.0324, 0.2059, 0.2029, 0.5196, 0.1755, 0.225, 0.3515, 0.3539], mean perf=5627/20400 (0.2758%)
Round=14, per client personal perf=[0.8284, 0.7338, 0.5407, 0.7667, 0.7363, 0.8304, 0.7088, 0.5706, 0.8152, 0.7652], mean perf=14884/20400 (0.7296%)
Round=14, per client personal pooled=[0.4189, 0.3709, 0.2731, 0.381, 0.3782, 0.4175, 0.365, 0.2965, 0.4081, 0.3814], mean perf=75289/204000 (0.3691%)
Mean performance of ditto rpdp global, Perf=0.3101, seed=42
Mean performance of ditto rpdp personal, Perf=0.7361, seed=42
Mean performance of ditto rpdp pooled, Perf=0.3706, seed=42
Client 0: avg epsilon = 0.3014
Client 1: avg epsilon = 0.4282
Client 2: avg epsilon = 0.2171
Client 3: avg epsilon = 0.3017
Client 4: avg epsilon = 0.3067
Client 5: avg epsilon = 0.5417
Client 6: avg epsilon = 0.3151
Client 7: avg epsilon = 0.4371
Client 8: avg epsilon = 0.6238
Client 9: avg epsilon = 0.8426
 We run FedAvg with rPDP (BoundedPareto-0) ...
max_epsilon :  10.0  noise_multiplier :  9.736328125
The R-Squared value of the best-fit curve : 0.999749898528281
learning rate =  0.001
sample_rate: (min) 0.03, (max) 0.11, expected_batch_size: 221
sample_rate: (min) 0.03, (max) 0.16, expected_batch_size: 296
sample_rate: (min) 0.03, (max) 0.07, expected_batch_size: 171
sample_rate: (min) 0.03, (max) 0.11, expected_batch_size: 222
sample_rate: (min) 0.03, (max) 0.09, expected_batch_size: 225
sample_rate: (min) 0.03, (max) 0.17, expected_batch_size: 362
sample_rate: (min) 0.04, (max) 0.1, expected_batch_size: 230
sample_rate: (min) 0.03, (max) 0.2, expected_batch_size: 298
sample_rate: (min) 0.04, (max) 0.26, expected_batch_size: 404
sample_rate: (min) 0.03, (max) 0.98, expected_batch_size: 506
initial privacy cost of all clients:  [0, 0, 0, 0, 0, 0, 0, 0, 0, 0]
Round=0
Round=1
Round=2
Round=3
Round=4
Round=5
Round=6
Round=7
Round=8
Round=9
Round=10
Round=11
Round=12
Round=13
Round=14
current privacy cost of all clients:  [0.43994099826958544, 0.6904736218181567, 0.20938176580093296, 0.4403200097582526, 0.38463693276986693, 0.7881371060761739, 0.4369892621197517, 1.0615945911346845, 1.4892497072651696, 5.563993025730616]
Round=14, per client global perf=[0.3819, 0.5206, 0.2069, 0.274, 0.2324, 0.5221, 0.3074, 0.3167, 0.4534, 0.4902], mean perf=7559/20400 (0.3705%)
Round=14, per client personal perf=[0.8471, 0.7299, 0.6608, 0.8314, 0.6956, 0.8304, 0.7603, 0.6926, 0.7544, 0.8167], mean perf=15543/20400 (0.7619%)
Round=14, per client personal pooled=[0.4334, 0.3785, 0.4183, 0.4352, 0.3999, 0.4133, 0.4248, 0.3866, 0.3783, 0.4097], mean perf=83190/204000 (0.4078%)
Mean performance of ditto rpdp global, Perf=0.4284, seed=42
Mean performance of ditto rpdp personal, Perf=0.7651, seed=42
Mean performance of ditto rpdp pooled, Perf=0.4061, seed=42
Client 0: avg epsilon = 0.4184
Client 1: avg epsilon = 1.0718
Client 2: avg epsilon = 0.1155
Client 3: avg epsilon = 0.2959
Client 4: avg epsilon = 0.2880
Client 5: avg epsilon = 1.3641
Client 6: avg epsilon = 0.2928
Client 7: avg epsilon = 1.0901
Client 8: avg epsilon = 1.3650
Client 9: avg epsilon = 1.4426
 We run FedAvg with rPDP (BoundedMixGauss-0) ...
max_epsilon :  10.0  noise_multiplier :  9.736328125
The R-Squared value of the best-fit curve : 0.999749898528281
learning rate =  0.001
sample_rate: (min) 0.03, (max) 0.16, expected_batch_size: 287
sample_rate: (min) 0.03, (max) 0.56, expected_batch_size: 592
sample_rate: (min) 0.03, (max) 0.04, expected_batch_size: 109
sample_rate: (min) 0.03, (max) 0.16, expected_batch_size: 214
sample_rate: (min) 0.03, (max) 0.15, expected_batch_size: 211
sample_rate: (min) 0.03, (max) 0.59, expected_batch_size: 743
sample_rate: (min) 0.03, (max) 0.16, expected_batch_size: 213
sample_rate: (min) 0.03, (max) 0.62, expected_batch_size: 568
sample_rate: (min) 0.03, (max) 0.64, expected_batch_size: 713
sample_rate: (min) 0.03, (max) 0.79, expected_batch_size: 740
initial privacy cost of all clients:  [0, 0, 0, 0, 0, 0, 0, 0, 0, 0]
Round=0
Round=1
Round=2
Round=3
Round=4
Round=5
Round=6
Round=7
Round=8
Round=9
Round=10
Round=11
Round=12
Round=13
Round=14
current privacy cost of all clients:  [0.7212538448439719, 3.242489391225517, 0.09289914324649612, 0.6918395589904925, 0.7057677970166251, 3.444062981944626, 0.7465223742431236, 4.148436890583617, 4.595004387966056, 4.36666609846329]
Round=14, per client global perf=[0.3725, 0.3515, 0.0711, 0.225, 0.2304, 0.5216, 0.173, 0.2583, 0.3534, 0.3662], mean perf=5963/20400 (0.2923%)
Round=14, per client personal perf=[0.8176, 0.724, 0.6103, 0.8294, 0.6814, 0.8211, 0.7559, 0.6853, 0.7892, 0.773], mean perf=15274/20400 (0.7487%)
Round=14, per client personal pooled=[0.4134, 0.3704, 0.3071, 0.4136, 0.3614, 0.4126, 0.3953, 0.36, 0.3941, 0.3853], mean perf=77790/204000 (0.3813%)
Mean performance of ditto rpdp global, Perf=0.3238, seed=42
Mean performance of ditto rpdp personal, Perf=0.7493, seed=42
Mean performance of ditto rpdp pooled, Perf=0.3797, seed=42
Finished seed 42
----------------------------------------
Running seed 43
/Users/shegao_t1/DP_Research/Personal_DP_Personal_FL/rpdp_fl/experiments/datasets/fed_fashion_mnist/niid_10_5way_1200shot

Client 0 label distribution:
[(0, 791), (1, 786), (3, 784), (7, 808), (8, 791)]

Client 1 label distribution:
[(0, 790), (4, 779), (6, 781), (7, 795), (9, 815)]

Client 2 label distribution:
[(0, 786), (1, 780), (3, 822), (4, 782), (6, 790)]

Client 3 label distribution:
[(1, 794), (2, 811), (4, 779), (5, 788), (8, 788)]

Client 4 label distribution:
[(1, 790), (2, 786), (5, 798), (6, 792), (7, 794)]

Client 5 label distribution:
[(0, 806), (5, 785), (7, 797), (8, 810), (9, 762)]

Client 6 label distribution:
[(2, 773), (3, 805), (4, 791), (5, 788), (7, 803)]

Client 7 label distribution:
[(1, 792), (2, 792), (3, 791), (6, 795), (9, 790)]

Client 8 label distribution:
[(2, 800), (4, 779), (5, 789), (8, 782), (9, 810)]

Client 9 label distribution:
[(0, 819), (3, 779), (6, 796), (8, 778), (9, 788)]
Client 0: avg epsilon = 0.4564
Client 1: avg epsilon = 1.2841
Client 2: avg epsilon = 0.1000
Client 3: avg epsilon = 0.2791
Client 4: avg epsilon = 0.2805
Client 5: avg epsilon = 1.4081
Client 6: avg epsilon = 0.2825
Client 7: avg epsilon = 1.0775
Client 8: avg epsilon = 1.2800
Client 9: avg epsilon = 1.2519
 We run FedAvg with rPDP (ThreeLevels-0) ...
max_epsilon :  10.0  noise_multiplier :  9.736328125
The R-Squared value of the best-fit curve : 0.999749898528281
learning rate =  0.001
sample_rate: (min) 0.03, (max) 0.16, expected_batch_size: 308
sample_rate: (min) 0.03, (max) 0.61, expected_batch_size: 677
sample_rate: (min) 0.03, (max) 0.03, expected_batch_size: 99
sample_rate: (min) 0.03, (max) 0.16, expected_batch_size: 204
sample_rate: (min) 0.03, (max) 0.16, expected_batch_size: 205
sample_rate: (min) 0.03, (max) 0.61, expected_batch_size: 756
sample_rate: (min) 0.03, (max) 0.16, expected_batch_size: 206
sample_rate: (min) 0.03, (max) 0.61, expected_batch_size: 559
sample_rate: (min) 0.03, (max) 0.61, expected_batch_size: 674
sample_rate: (min) 0.03, (max) 0.61, expected_batch_size: 661
initial privacy cost of all clients:  [0, 0, 0, 0, 0, 0, 0, 0, 0, 0]
Round=0
Round=1
Round=2
Round=3
Round=4
Round=5
Round=6
Round=7
Round=8
Round=9
Round=10
Round=11
Round=12
Round=13
Round=14
current privacy cost of all clients:  [0.7482516858029494, 3.554611437795162, 0.07214729257008984, 0.7482516858029494, 0.5558558712260362, 3.554611437795162, 0.6093162705378211, 2.1521425035466386, 3.0541598033886133, 4.055063072201711]
Round=14, per client global perf=[0.3221, 0.2966, 0.0353, 0.1975, 0.1049, 0.4951, 0.127, 0.2358, 0.3873, 0.4402], mean perf=5389/20400 (0.2642%)
Round=14, per client personal perf=[0.8775, 0.7353, 0.6873, 0.8309, 0.7123, 0.8446, 0.723, 0.7544, 0.7632, 0.823], mean perf=15813/20400 (0.7751%)
Round=14, per client personal pooled=[0.4571, 0.3719, 0.3642, 0.4161, 0.3638, 0.4217, 0.3677, 0.3794, 0.3842, 0.4063], mean perf=80220/204000 (0.3932%)
Mean performance of ditto rpdp global, Perf=0.2557, seed=43
Mean performance of ditto rpdp personal, Perf=0.7637, seed=43
Mean performance of ditto rpdp pooled, Perf=0.3853, seed=43
Client 0: avg epsilon = 0.3035
Client 1: avg epsilon = 0.4310
Client 2: avg epsilon = 0.2194
Client 3: avg epsilon = 0.3038
Client 4: avg epsilon = 0.3095
Client 5: avg epsilon = 0.5441
Client 6: avg epsilon = 0.3182
Client 7: avg epsilon = 0.4402
Client 8: avg epsilon = 0.6282
Client 9: avg epsilon = 0.8613
 We run FedAvg with rPDP (BoundedPareto-0) ...
max_epsilon :  10.0  noise_multiplier :  9.736328125
The R-Squared value of the best-fit curve : 0.999749898528281
learning rate =  0.001
sample_rate: (min) 0.03, (max) 0.11, expected_batch_size: 222
sample_rate: (min) 0.03, (max) 0.16, expected_batch_size: 297
sample_rate: (min) 0.03, (max) 0.07, expected_batch_size: 173
sample_rate: (min) 0.03, (max) 0.11, expected_batch_size: 223
sample_rate: (min) 0.03, (max) 0.09, expected_batch_size: 227
sample_rate: (min) 0.03, (max) 0.17, expected_batch_size: 363
sample_rate: (min) 0.04, (max) 0.1, expected_batch_size: 232
sample_rate: (min) 0.03, (max) 0.2, expected_batch_size: 300
sample_rate: (min) 0.04, (max) 0.26, expected_batch_size: 407
sample_rate: (min) 0.03, (max) 1.0, expected_batch_size: 514
initial privacy cost of all clients:  [0, 0, 0, 0, 0, 0, 0, 0, 0, 0]
Round=0
Round=1
Round=2
Round=3
Round=4
Round=5
Round=6
Round=7
Round=8
Round=9
Round=10
Round=11
Round=12
Round=13
Round=14
current privacy cost of all clients:  [0.4670392181817522, 0.6940404194588027, 0.2511556619693317, 0.5017481550831977, 0.2875999505800651, 0.7912230465157171, 0.35637464039278516, 0.5845921005119138, 1.1072956182922264, 7.879532215750026]
Round=14, per client global perf=[0.3657, 0.3564, 0.2446, 0.2814, 0.2348, 0.5074, 0.2618, 0.4559, 0.4716, 0.6603], mean perf=7833/20400 (0.3840%)
Round=14, per client personal perf=[0.8696, 0.749, 0.6373, 0.7373, 0.7118, 0.8392, 0.6676, 0.7147, 0.7328, 0.8059], mean perf=15229/20400 (0.7465%)
Round=14, per client personal pooled=[0.4582, 0.3758, 0.4093, 0.3901, 0.3742, 0.4152, 0.3688, 0.3586, 0.3709, 0.4046], mean perf=80085/204000 (0.3926%)
Mean performance of ditto rpdp global, Perf=0.3519, seed=43
Mean performance of ditto rpdp personal, Perf=0.7532, seed=43
Mean performance of ditto rpdp pooled, Perf=0.3905, seed=43
Client 0: avg epsilon = 0.4349
Client 1: avg epsilon = 1.1509
Client 2: avg epsilon = 0.1161
Client 3: avg epsilon = 0.2977
Client 4: avg epsilon = 0.2901
Client 5: avg epsilon = 1.3740
Client 6: avg epsilon = 0.2948
Client 7: avg epsilon = 1.0938
Client 8: avg epsilon = 1.3694
Client 9: avg epsilon = 1.5035
 We run FedAvg with rPDP (BoundedMixGauss-0) ...
max_epsilon :  10.0  noise_multiplier :  9.736328125
The R-Squared value of the best-fit curve : 0.999749898528281
learning rate =  0.001
sample_rate: (min) 0.03, (max) 0.16, expected_batch_size: 296
sample_rate: (min) 0.03, (max) 0.57, expected_batch_size: 627
sample_rate: (min) 0.03, (max) 0.04, expected_batch_size: 109
sample_rate: (min) 0.03, (max) 0.17, expected_batch_size: 215
sample_rate: (min) 0.03, (max) 0.15, expected_batch_size: 212
sample_rate: (min) 0.03, (max) 0.59, expected_batch_size: 747
sample_rate: (min) 0.03, (max) 0.16, expected_batch_size: 214
sample_rate: (min) 0.03, (max) 0.62, expected_batch_size: 569
sample_rate: (min) 0.03, (max) 0.64, expected_batch_size: 715
sample_rate: (min) 0.03, (max) 0.75, expected_batch_size: 771
initial privacy cost of all clients:  [0, 0, 0, 0, 0, 0, 0, 0, 0, 0]
Round=0
Round=1
Round=2
Round=3
Round=4
Round=5
Round=6
Round=7
Round=8
Round=9
Round=10
Round=11
Round=12
Round=13
Round=14
current privacy cost of all clients:  [0.7733283643560676, 3.2740156938258647, 0.1126171708092815, 0.7937347531499499, 0.5292765949735319, 3.4622202231592762, 0.6126867677676407, 2.1953366497455, 3.2843017028811055, 5.239405359423475]
Round=14, per client global perf=[0.2868, 0.3353, 0.0471, 0.199, 0.1348, 0.4892, 0.1039, 0.2426, 0.3902, 0.4471], mean perf=5459/20400 (0.2676%)
Round=14, per client personal perf=[0.8078, 0.7343, 0.6632, 0.8206, 0.7225, 0.8387, 0.7324, 0.7176, 0.8034, 0.8284], mean perf=15645/20400 (0.7669%)
Round=14, per client personal pooled=[0.4094, 0.3729, 0.3974, 0.432, 0.3671, 0.417, 0.3767, 0.3637, 0.4066, 0.4132], mean perf=80702/204000 (0.3956%)
Mean performance of ditto rpdp global, Perf=0.2644, seed=43
Mean performance of ditto rpdp personal, Perf=0.7685, seed=43
Mean performance of ditto rpdp pooled, Perf=0.3905, seed=43
Finished seed 43
----------------------------------------
Running seed 44
/Users/shegao_t1/DP_Research/Personal_DP_Personal_FL/rpdp_fl/experiments/datasets/fed_fashion_mnist/niid_10_5way_1200shot

Client 0 label distribution:
[(0, 791), (1, 786), (3, 784), (7, 808), (8, 791)]

Client 1 label distribution:
[(0, 790), (4, 779), (6, 781), (7, 795), (9, 815)]

Client 2 label distribution:
[(0, 786), (1, 780), (3, 822), (4, 782), (6, 790)]

Client 3 label distribution:
[(1, 794), (2, 811), (4, 779), (5, 788), (8, 788)]

Client 4 label distribution:
[(1, 790), (2, 786), (5, 798), (6, 792), (7, 794)]

Client 5 label distribution:
[(0, 806), (5, 785), (7, 797), (8, 810), (9, 762)]

Client 6 label distribution:
[(2, 773), (3, 805), (4, 791), (5, 788), (7, 803)]

Client 7 label distribution:
[(1, 792), (2, 792), (3, 791), (6, 795), (9, 790)]

Client 8 label distribution:
[(2, 800), (4, 779), (5, 789), (8, 782), (9, 810)]

Client 9 label distribution:
[(0, 819), (3, 779), (6, 796), (8, 778), (9, 788)]
Client 0: avg epsilon = 0.4564
Client 1: avg epsilon = 1.2841
Client 2: avg epsilon = 0.1000
Client 3: avg epsilon = 0.2791
Client 4: avg epsilon = 0.2805
Client 5: avg epsilon = 1.4081
Client 6: avg epsilon = 0.2825
Client 7: avg epsilon = 1.0775
Client 8: avg epsilon = 1.2800
Client 9: avg epsilon = 1.2519
 We run FedAvg with rPDP (ThreeLevels-0) ...
max_epsilon :  10.0  noise_multiplier :  9.736328125
The R-Squared value of the best-fit curve : 0.999749898528281
learning rate =  0.001
sample_rate: (min) 0.03, (max) 0.16, expected_batch_size: 308
sample_rate: (min) 0.03, (max) 0.61, expected_batch_size: 677
sample_rate: (min) 0.03, (max) 0.03, expected_batch_size: 99
sample_rate: (min) 0.03, (max) 0.16, expected_batch_size: 204
sample_rate: (min) 0.03, (max) 0.16, expected_batch_size: 205
sample_rate: (min) 0.03, (max) 0.61, expected_batch_size: 756
sample_rate: (min) 0.03, (max) 0.16, expected_batch_size: 206
sample_rate: (min) 0.03, (max) 0.61, expected_batch_size: 559
sample_rate: (min) 0.03, (max) 0.61, expected_batch_size: 674
sample_rate: (min) 0.03, (max) 0.61, expected_batch_size: 661
initial privacy cost of all clients:  [0, 0, 0, 0, 0, 0, 0, 0, 0, 0]
Round=0
Round=1
Round=2
Round=3
Round=4
Round=5
Round=6
Round=7
Round=8
Round=9
Round=10
Round=11
Round=12
Round=13
Round=14
current privacy cost of all clients:  [0.7482516858029494, 4.510367153745826, 0.08299634815037049, 0.4329280232702186, 0.8300921245073416, 3.0541598033886133, 0.5558558712260362, 3.0541598033886133, 2.8039339861853394, 3.554611437795162]
Round=14, per client global perf=[0.3912, 0.576, 0.2333, 0.2627, 0.2172, 0.5745, 0.2907, 0.2358, 0.4534, 0.4461], mean perf=7509/20400 (0.3681%)
Round=14, per client personal perf=[0.8794, 0.7108, 0.7005, 0.8054, 0.6936, 0.8505, 0.7583, 0.6711, 0.7809, 0.7505], mean perf=15506/20400 (0.7601%)
Round=14, per client personal pooled=[0.4736, 0.3695, 0.445, 0.427, 0.407, 0.4219, 0.42, 0.3401, 0.3937, 0.3753], mean perf=83091/204000 (0.4073%)
Mean performance of ditto rpdp global, Perf=0.3879, seed=44
Mean performance of ditto rpdp personal, Perf=0.7591, seed=44
Mean performance of ditto rpdp pooled, Perf=0.4039, seed=44
Client 0: avg epsilon = 0.3035
Client 1: avg epsilon = 0.4313
Client 2: avg epsilon = 0.2171
Client 3: avg epsilon = 0.3029
Client 4: avg epsilon = 0.3080
Client 5: avg epsilon = 0.5467
Client 6: avg epsilon = 0.3157
Client 7: avg epsilon = 0.4409
Client 8: avg epsilon = 0.6279
Client 9: avg epsilon = 0.8478
 We run FedAvg with rPDP (BoundedPareto-0) ...
max_epsilon :  10.0  noise_multiplier :  9.736328125
The R-Squared value of the best-fit curve : 0.999749898528281
learning rate =  0.001
sample_rate: (min) 0.03, (max) 0.11, expected_batch_size: 222
sample_rate: (min) 0.03, (max) 0.16, expected_batch_size: 297
sample_rate: (min) 0.03, (max) 0.07, expected_batch_size: 171
sample_rate: (min) 0.03, (max) 0.11, expected_batch_size: 222
sample_rate: (min) 0.03, (max) 0.09, expected_batch_size: 226
sample_rate: (min) 0.03, (max) 0.18, expected_batch_size: 365
sample_rate: (min) 0.04, (max) 0.1, expected_batch_size: 231
sample_rate: (min) 0.03, (max) 0.21, expected_batch_size: 300
sample_rate: (min) 0.04, (max) 0.26, expected_batch_size: 407
sample_rate: (min) 0.03, (max) 1.0, expected_batch_size: 508
initial privacy cost of all clients:  [0, 0, 0, 0, 0, 0, 0, 0, 0, 0]
Round=0
Round=1
Round=2
Round=3
Round=4
Round=5
Round=6
Round=7
Round=8
Round=9
Round=10
Round=11
Round=12
Round=13
Round=14
current privacy cost of all clients:  [0.472818141405037, 0.8605893164104541, 0.2850714641123102, 0.2915746673650539, 0.43237890879325525, 0.6923867806506973, 0.3262805541107679, 0.8286221422712667, 1.0074191475107563, 6.803447050009791]
Round=14, per client global perf=[0.3397, 0.5304, 0.2025, 0.1583, 0.3201, 0.5025, 0.2162, 0.3676, 0.326, 0.5118], mean perf=7089/20400 (0.3475%)
Round=14, per client personal perf=[0.8701, 0.7412, 0.6588, 0.8235, 0.7113, 0.8299, 0.7691, 0.6358, 0.7711, 0.827], mean perf=15581/20400 (0.7638%)
Round=14, per client personal pooled=[0.4559, 0.3967, 0.4408, 0.4253, 0.3999, 0.4194, 0.4238, 0.3224, 0.3895, 0.4107], mean perf=83321/204000 (0.4084%)
Mean performance of ditto rpdp global, Perf=0.3887, seed=44
Mean performance of ditto rpdp personal, Perf=0.7514, seed=44
Mean performance of ditto rpdp pooled, Perf=0.3990, seed=44
Client 0: avg epsilon = 0.4223
Client 1: avg epsilon = 1.1455
Client 2: avg epsilon = 0.1156
Client 3: avg epsilon = 0.2963
Client 4: avg epsilon = 0.2883
Client 5: avg epsilon = 1.3712
Client 6: avg epsilon = 0.2932
Client 7: avg epsilon = 1.0937
Client 8: avg epsilon = 1.3697
Client 9: avg epsilon = 1.4769
 We run FedAvg with rPDP (BoundedMixGauss-0) ...
max_epsilon :  10.0  noise_multiplier :  9.736328125
The R-Squared value of the best-fit curve : 0.999749898528281
learning rate =  0.001
sample_rate: (min) 0.03, (max) 0.16, expected_batch_size: 289
sample_rate: (min) 0.03, (max) 0.57, expected_batch_size: 625
sample_rate: (min) 0.03, (max) 0.04, expected_batch_size: 109
sample_rate: (min) 0.03, (max) 0.17, expected_batch_size: 214
sample_rate: (min) 0.03, (max) 0.15, expected_batch_size: 211
sample_rate: (min) 0.03, (max) 0.59, expected_batch_size: 746
sample_rate: (min) 0.03, (max) 0.16, expected_batch_size: 213
sample_rate: (min) 0.03, (max) 0.62, expected_batch_size: 569
sample_rate: (min) 0.03, (max) 0.64, expected_batch_size: 714
sample_rate: (min) 0.03, (max) 0.77, expected_batch_size: 756
initial privacy cost of all clients:  [0, 0, 0, 0, 0, 0, 0, 0, 0, 0]
Round=0
Round=1
Round=2
Round=3
Round=4
Round=5
Round=6
Round=7
Round=8
Round=9
Round=10
Round=11
Round=12
Round=13
Round=14
current privacy cost of all clients:  [0.7677834992106322, 4.122595981742123, 0.12764423903295052, 0.45634168403065334, 0.7856702095370495, 2.983818153591938, 0.5557480878423264, 3.116664947132279, 2.9994056552904107, 4.77719853540031]
Round=14, per client global perf=[0.3417, 0.5515, 0.1907, 0.2289, 0.2613, 0.5265, 0.2495, 0.2809, 0.4113, 0.4441], mean perf=7112/20400 (0.3486%)
Round=14, per client personal perf=[0.7858, 0.7338, 0.6368, 0.7882, 0.6809, 0.8098, 0.7559, 0.7, 0.8113, 0.7676], mean perf=15239/20400 (0.7470%)
Round=14, per client personal pooled=[0.4265, 0.3902, 0.4123, 0.42, 0.3933, 0.4068, 0.4169, 0.3571, 0.4077, 0.3867], mean perf=81956/204000 (0.4017%)
Mean performance of ditto rpdp global, Perf=0.3694, seed=44
Mean performance of ditto rpdp personal, Perf=0.7508, seed=44
Mean performance of ditto rpdp pooled, Perf=0.4007, seed=44
Finished seed 44
----------------------------------------
Running seed 45
/Users/shegao_t1/DP_Research/Personal_DP_Personal_FL/rpdp_fl/experiments/datasets/fed_fashion_mnist/niid_10_5way_1200shot

Client 0 label distribution:
[(0, 791), (1, 786), (3, 784), (7, 808), (8, 791)]

Client 1 label distribution:
[(0, 790), (4, 779), (6, 781), (7, 795), (9, 815)]

Client 2 label distribution:
[(0, 786), (1, 780), (3, 822), (4, 782), (6, 790)]

Client 3 label distribution:
[(1, 794), (2, 811), (4, 779), (5, 788), (8, 788)]

Client 4 label distribution:
[(1, 790), (2, 786), (5, 798), (6, 792), (7, 794)]

Client 5 label distribution:
[(0, 806), (5, 785), (7, 797), (8, 810), (9, 762)]

Client 6 label distribution:
[(2, 773), (3, 805), (4, 791), (5, 788), (7, 803)]

Client 7 label distribution:
[(1, 792), (2, 792), (3, 791), (6, 795), (9, 790)]

Client 8 label distribution:
[(2, 800), (4, 779), (5, 789), (8, 782), (9, 810)]

Client 9 label distribution:
[(0, 819), (3, 779), (6, 796), (8, 778), (9, 788)]
Client 0: avg epsilon = 0.4564
Client 1: avg epsilon = 1.2841
Client 2: avg epsilon = 0.1000
Client 3: avg epsilon = 0.2791
Client 4: avg epsilon = 0.2805
Client 5: avg epsilon = 1.4081
Client 6: avg epsilon = 0.2825
Client 7: avg epsilon = 1.0775
Client 8: avg epsilon = 1.2800
Client 9: avg epsilon = 1.2519
 We run FedAvg with rPDP (ThreeLevels-0) ...
max_epsilon :  10.0  noise_multiplier :  9.736328125
The R-Squared value of the best-fit curve : 0.999749898528281
learning rate =  0.001
sample_rate: (min) 0.03, (max) 0.16, expected_batch_size: 308
sample_rate: (min) 0.03, (max) 0.61, expected_batch_size: 677
sample_rate: (min) 0.03, (max) 0.03, expected_batch_size: 99
sample_rate: (min) 0.03, (max) 0.16, expected_batch_size: 204
sample_rate: (min) 0.03, (max) 0.16, expected_batch_size: 205
sample_rate: (min) 0.03, (max) 0.61, expected_batch_size: 756
sample_rate: (min) 0.03, (max) 0.16, expected_batch_size: 206
sample_rate: (min) 0.03, (max) 0.61, expected_batch_size: 559
sample_rate: (min) 0.03, (max) 0.61, expected_batch_size: 674
sample_rate: (min) 0.03, (max) 0.61, expected_batch_size: 661
initial privacy cost of all clients:  [0, 0, 0, 0, 0, 0, 0, 0, 0, 0]
Round=0
Round=1
Round=2
Round=3
Round=4
Round=5
Round=6
Round=7
Round=8
Round=9
Round=10
Round=11
Round=12
Round=13
Round=14
current privacy cost of all clients:  [0.7046321452486275, 3.554611437795162, 0.07214729257008984, 0.49782670836934756, 0.7046321452486275, 4.055063072201711, 0.7046321452486275, 2.8039339861853394, 3.8048372549984366, 4.055063072201711]
Round=14, per client global perf=[0.5343, 0.4588, 0.2422, 0.2118, 0.1652, 0.5931, 0.3221, 0.3412, 0.3995, 0.5627], mean perf=7815/20400 (0.3831%)
Round=14, per client personal perf=[0.8505, 0.7363, 0.6328, 0.7971, 0.6966, 0.825, 0.7691, 0.6691, 0.8034, 0.7907], mean perf=15444/20400 (0.7571%)
Round=14, per client personal pooled=[0.4224, 0.3926, 0.3601, 0.3962, 0.3972, 0.4126, 0.4309, 0.366, 0.4072, 0.3954], mean perf=81202/204000 (0.3980%)
Mean performance of ditto rpdp global, Perf=0.3508, seed=45
Mean performance of ditto rpdp personal, Perf=0.7535, seed=45
Mean performance of ditto rpdp pooled, Perf=0.3945, seed=45
Client 0: avg epsilon = 0.3034
Client 1: avg epsilon = 0.4297
Client 2: avg epsilon = 0.2176
Client 3: avg epsilon = 0.3025
Client 4: avg epsilon = 0.3089
Client 5: avg epsilon = 0.5424
Client 6: avg epsilon = 0.3163
Client 7: avg epsilon = 0.4373
Client 8: avg epsilon = 0.6263
Client 9: avg epsilon = 0.8519
 We run FedAvg with rPDP (BoundedPareto-0) ...
max_epsilon :  10.0  noise_multiplier :  9.736328125
The R-Squared value of the best-fit curve : 0.999749898528281
learning rate =  0.001
sample_rate: (min) 0.03, (max) 0.11, expected_batch_size: 222
sample_rate: (min) 0.03, (max) 0.15, expected_batch_size: 297
sample_rate: (min) 0.03, (max) 0.07, expected_batch_size: 172
sample_rate: (min) 0.03, (max) 0.11, expected_batch_size: 222
sample_rate: (min) 0.03, (max) 0.09, expected_batch_size: 227
sample_rate: (min) 0.03, (max) 0.17, expected_batch_size: 362
sample_rate: (min) 0.04, (max) 0.1, expected_batch_size: 231
sample_rate: (min) 0.03, (max) 0.2, expected_batch_size: 298
sample_rate: (min) 0.04, (max) 0.26, expected_batch_size: 406
sample_rate: (min) 0.03, (max) 1.0, expected_batch_size: 509
initial privacy cost of all clients:  [0, 0, 0, 0, 0, 0, 0, 0, 0, 0]
Round=0
Round=1
Round=2
Round=3
Round=4
Round=5
Round=6
Round=7
Round=8
Round=9
Round=10
Round=11
Round=12
Round=13
Round=14
current privacy cost of all clients:  [0.4425821626668991, 0.6884954165451199, 0.25132872661466316, 0.3346681815849944, 0.36640855871949035, 0.877256515897544, 0.41309044881143847, 0.7451813859939028, 1.354274879524409, 7.879532215750026]
Round=14, per client global perf=[0.4343, 0.5652, 0.3127, 0.3936, 0.2652, 0.5936, 0.452, 0.3549, 0.5765, 0.549], mean perf=9174/20400 (0.4497%)
Round=14, per client personal perf=[0.8466, 0.7348, 0.6206, 0.8078, 0.7147, 0.8299, 0.7598, 0.6931, 0.8049, 0.8118], mean perf=15553/20400 (0.7624%)
Round=14, per client personal pooled=[0.4449, 0.3882, 0.3956, 0.4158, 0.417, 0.4144, 0.4327, 0.3784, 0.4056, 0.4079], mean perf=83651/204000 (0.4101%)
Mean performance of ditto rpdp global, Perf=0.3973, seed=45
Mean performance of ditto rpdp personal, Perf=0.7569, seed=45
Mean performance of ditto rpdp pooled, Perf=0.4049, seed=45
Client 0: avg epsilon = 0.4344
Client 1: avg epsilon = 1.1544
Client 2: avg epsilon = 0.1159
Client 3: avg epsilon = 0.2975
Client 4: avg epsilon = 0.2898
Client 5: avg epsilon = 1.3752
Client 6: avg epsilon = 0.2943
Client 7: avg epsilon = 1.0952
Client 8: avg epsilon = 1.3713
Client 9: avg epsilon = 1.5112
 We run FedAvg with rPDP (BoundedMixGauss-0) ...
max_epsilon :  10.0  noise_multiplier :  9.736328125
The R-Squared value of the best-fit curve : 0.999749898528281
learning rate =  0.001
sample_rate: (min) 0.03, (max) 0.16, expected_batch_size: 296
sample_rate: (min) 0.03, (max) 0.57, expected_batch_size: 628
sample_rate: (min) 0.03, (max) 0.04, expected_batch_size: 109
sample_rate: (min) 0.03, (max) 0.17, expected_batch_size: 215
sample_rate: (min) 0.03, (max) 0.15, expected_batch_size: 212
sample_rate: (min) 0.03, (max) 0.59, expected_batch_size: 747
sample_rate: (min) 0.03, (max) 0.16, expected_batch_size: 214
sample_rate: (min) 0.03, (max) 0.62, expected_batch_size: 570
sample_rate: (min) 0.03, (max) 0.65, expected_batch_size: 715
sample_rate: (min) 0.03, (max) 0.77, expected_batch_size: 775
initial privacy cost of all clients:  [0, 0, 0, 0, 0, 0, 0, 0, 0, 0]
Round=0
Round=1
Round=2
Round=3
Round=4
Round=5
Round=6
Round=7
Round=8
Round=9
Round=10
Round=11
Round=12
Round=13
Round=14
current privacy cost of all clients:  [0.7253755840827084, 3.2766097212141574, 0.11207734670387905, 0.5285137731759944, 0.6694405199152075, 3.939046868497293, 0.7075749661251897, 2.859403242515003, 4.160788994825427, 5.387946020137831]
Round=14, per client global perf=[0.3799, 0.5015, 0.1853, 0.2167, 0.223, 0.5544, 0.226, 0.2814, 0.4074, 0.4941], mean perf=7078/20400 (0.3470%)
Round=14, per client personal perf=[0.8485, 0.7275, 0.6113, 0.7848, 0.7127, 0.8245, 0.6441, 0.6461, 0.7853, 0.8103], mean perf=15086/20400 (0.7395%)
Round=14, per client personal pooled=[0.4204, 0.387, 0.3459, 0.3892, 0.4006, 0.4144, 0.3877, 0.3512, 0.3955, 0.4067], mean perf=79534/204000 (0.3899%)
Mean performance of ditto rpdp global, Perf=0.3152, seed=45
Mean performance of ditto rpdp personal, Perf=0.7469, seed=45
Mean performance of ditto rpdp pooled, Perf=0.3931, seed=45
Finished seed 45
----------------------------------------
Running seed 46
/Users/shegao_t1/DP_Research/Personal_DP_Personal_FL/rpdp_fl/experiments/datasets/fed_fashion_mnist/niid_10_5way_1200shot

Client 0 label distribution:
[(0, 791), (1, 786), (3, 784), (7, 808), (8, 791)]

Client 1 label distribution:
[(0, 790), (4, 779), (6, 781), (7, 795), (9, 815)]

Client 2 label distribution:
[(0, 786), (1, 780), (3, 822), (4, 782), (6, 790)]

Client 3 label distribution:
[(1, 794), (2, 811), (4, 779), (5, 788), (8, 788)]

Client 4 label distribution:
[(1, 790), (2, 786), (5, 798), (6, 792), (7, 794)]

Client 5 label distribution:
[(0, 806), (5, 785), (7, 797), (8, 810), (9, 762)]

Client 6 label distribution:
[(2, 773), (3, 805), (4, 791), (5, 788), (7, 803)]

Client 7 label distribution:
[(1, 792), (2, 792), (3, 791), (6, 795), (9, 790)]

Client 8 label distribution:
[(2, 800), (4, 779), (5, 789), (8, 782), (9, 810)]

Client 9 label distribution:
[(0, 819), (3, 779), (6, 796), (8, 778), (9, 788)]
Client 0: avg epsilon = 0.4564
Client 1: avg epsilon = 1.2841
Client 2: avg epsilon = 0.1000
Client 3: avg epsilon = 0.2791
Client 4: avg epsilon = 0.2805
Client 5: avg epsilon = 1.4081
Client 6: avg epsilon = 0.2825
Client 7: avg epsilon = 1.0775
Client 8: avg epsilon = 1.2800
Client 9: avg epsilon = 1.2519
 We run FedAvg with rPDP (ThreeLevels-0) ...
max_epsilon :  10.0  noise_multiplier :  9.736328125
The R-Squared value of the best-fit curve : 0.999749898528281
learning rate =  0.001
sample_rate: (min) 0.03, (max) 0.16, expected_batch_size: 308
sample_rate: (min) 0.03, (max) 0.61, expected_batch_size: 677
sample_rate: (min) 0.03, (max) 0.03, expected_batch_size: 99
sample_rate: (min) 0.03, (max) 0.16, expected_batch_size: 204
sample_rate: (min) 0.03, (max) 0.16, expected_batch_size: 205
sample_rate: (min) 0.03, (max) 0.61, expected_batch_size: 756
sample_rate: (min) 0.03, (max) 0.16, expected_batch_size: 206
sample_rate: (min) 0.03, (max) 0.61, expected_batch_size: 559
sample_rate: (min) 0.03, (max) 0.61, expected_batch_size: 674
sample_rate: (min) 0.03, (max) 0.61, expected_batch_size: 661
initial privacy cost of all clients:  [0, 0, 0, 0, 0, 0, 0, 0, 0, 0]
Round=0
Round=1
Round=2
Round=3
Round=4
Round=5
Round=6
Round=7
Round=8
Round=9
Round=10
Round=11
Round=12
Round=13
Round=14
current privacy cost of all clients:  [0.6583580204409699, 3.8048372549984366, 0.07214729257008984, 0.7046321452486275, 0.6583580204409699, 3.554611437795162, 0.7046321452486275, 4.305288889404985, 4.055063072201711, 3.554611437795162]
Round=14, per client global perf=[0.5397, 0.3922, 0.2657, 0.2676, 0.2275, 0.5373, 0.3147, 0.4191, 0.3882, 0.5578], mean perf=7976/20400 (0.3910%)
Round=14, per client personal perf=[0.8681, 0.7152, 0.6211, 0.8309, 0.7206, 0.8475, 0.7711, 0.698, 0.8142, 0.7873], mean perf=15655/20400 (0.7674%)
Round=14, per client personal pooled=[0.4405, 0.3727, 0.3818, 0.4148, 0.379, 0.4213, 0.3952, 0.3857, 0.4075, 0.3923], mean perf=81411/204000 (0.3991%)
Mean performance of ditto rpdp global, Perf=0.3622, seed=46
Mean performance of ditto rpdp personal, Perf=0.7523, seed=46
Mean performance of ditto rpdp pooled, Perf=0.3915, seed=46
Client 0: avg epsilon = 0.2997
Client 1: avg epsilon = 0.4270
Client 2: avg epsilon = 0.2166
Client 3: avg epsilon = 0.3006
Client 4: avg epsilon = 0.3056
Client 5: avg epsilon = 0.5396
Client 6: avg epsilon = 0.3141
Client 7: avg epsilon = 0.4375
Client 8: avg epsilon = 0.6231
Client 9: avg epsilon = 0.8526
 We run FedAvg with rPDP (BoundedPareto-0) ...
max_epsilon :  10.0  noise_multiplier :  9.736328125
The R-Squared value of the best-fit curve : 0.999749898528281
learning rate =  0.001
sample_rate: (min) 0.03, (max) 0.11, expected_batch_size: 220
sample_rate: (min) 0.03, (max) 0.16, expected_batch_size: 295
sample_rate: (min) 0.03, (max) 0.07, expected_batch_size: 171
sample_rate: (min) 0.03, (max) 0.11, expected_batch_size: 221
sample_rate: (min) 0.03, (max) 0.09, expected_batch_size: 225
sample_rate: (min) 0.03, (max) 0.17, expected_batch_size: 361
sample_rate: (min) 0.04, (max) 0.1, expected_batch_size: 230
sample_rate: (min) 0.03, (max) 0.2, expected_batch_size: 298
sample_rate: (min) 0.04, (max) 0.26, expected_batch_size: 404
sample_rate: (min) 0.03, (max) 1.0, expected_batch_size: 510
initial privacy cost of all clients:  [0, 0, 0, 0, 0, 0, 0, 0, 0, 0]
Round=0
Round=1
Round=2
Round=3
Round=4
Round=5
Round=6
Round=7
Round=8
Round=9
Round=10
Round=11
Round=12
Round=13
Round=14
current privacy cost of all clients:  [0.4056289801187321, 0.7319920393872338, 0.2473803074046356, 0.46750893350076317, 0.33569399618441287, 0.7900858447690642, 0.4068716476024919, 1.1171184067423878, 1.4267495597205888, 6.803447050009791]
Round=14, per client global perf=[0.4657, 0.524, 0.3176, 0.3167, 0.1926, 0.5078, 0.4235, 0.3873, 0.5039, 0.5691], mean perf=8585/20400 (0.4208%)
Round=14, per client personal perf=[0.8529, 0.7368, 0.6564, 0.8176, 0.7225, 0.8402, 0.7613, 0.7284, 0.8108, 0.799], mean perf=15761/20400 (0.7726%)
Round=14, per client personal pooled=[0.4333, 0.3798, 0.4456, 0.4112, 0.3806, 0.4178, 0.4205, 0.4084, 0.4069, 0.4007], mean perf=83738/204000 (0.4105%)
Mean performance of ditto rpdp global, Perf=0.4152, seed=46
Mean performance of ditto rpdp personal, Perf=0.7666, seed=46
Mean performance of ditto rpdp pooled, Perf=0.4040, seed=46
Client 0: avg epsilon = 0.4137
Client 1: avg epsilon = 1.0664
Client 2: avg epsilon = 0.1154
Client 3: avg epsilon = 0.2954
Client 4: avg epsilon = 0.2873
Client 5: avg epsilon = 1.3644
Client 6: avg epsilon = 0.2925
Client 7: avg epsilon = 1.0912
Client 8: avg epsilon = 1.3684
Client 9: avg epsilon = 1.4486
 We run FedAvg with rPDP (BoundedMixGauss-0) ...
max_epsilon :  10.0  noise_multiplier :  9.736328125
The R-Squared value of the best-fit curve : 0.999749898528281
learning rate =  0.001
sample_rate: (min) 0.03, (max) 0.16, expected_batch_size: 284
sample_rate: (min) 0.03, (max) 0.57, expected_batch_size: 589
sample_rate: (min) 0.03, (max) 0.04, expected_batch_size: 109
sample_rate: (min) 0.03, (max) 0.16, expected_batch_size: 214
sample_rate: (min) 0.03, (max) 0.15, expected_batch_size: 210
sample_rate: (min) 0.03, (max) 0.59, expected_batch_size: 743
sample_rate: (min) 0.03, (max) 0.16, expected_batch_size: 213
sample_rate: (min) 0.03, (max) 0.62, expected_batch_size: 568
sample_rate: (min) 0.03, (max) 0.64, expected_batch_size: 714
sample_rate: (min) 0.03, (max) 0.75, expected_batch_size: 742
initial privacy cost of all clients:  [0, 0, 0, 0, 0, 0, 0, 0, 0, 0]
Round=0
Round=1
Round=2
Round=3
Round=4
Round=5
Round=6
Round=7
Round=8
Round=9
Round=10
Round=11
Round=12
Round=13
Round=14
current privacy cost of all clients:  [0.6745013868945783, 3.4579329026515047, 0.11108162662117115, 0.7397035782890445, 0.6195423815417367, 3.4461753572954548, 0.7032755958236908, 4.415109595459327, 4.419900111170576, 4.699892211236226]
Round=14, per client global perf=[0.4431, 0.4324, 0.2181, 0.2426, 0.2044, 0.5157, 0.3078, 0.3691, 0.4157, 0.5436], mean perf=7533/20400 (0.3693%)
Round=14, per client personal perf=[0.8314, 0.7441, 0.6255, 0.8299, 0.7279, 0.8186, 0.6623, 0.7059, 0.8015, 0.7966], mean perf=15389/20400 (0.7544%)
Round=14, per client personal pooled=[0.4458, 0.3827, 0.4127, 0.4133, 0.3811, 0.4098, 0.358, 0.4034, 0.3984, 0.398], mean perf=81667/204000 (0.4003%)
Mean performance of ditto rpdp global, Perf=0.3430, seed=46
Mean performance of ditto rpdp personal, Perf=0.7527, seed=46
Mean performance of ditto rpdp pooled, Perf=0.3951, seed=46
Finished seed 46
----------------------------------------
=== Running reg_param=10, num_steps=15 ===
Running seed 42
/Users/shegao_t1/DP_Research/Personal_DP_Personal_FL/rpdp_fl/experiments/datasets/fed_fashion_mnist/niid_10_5way_1200shot

Client 0 label distribution:
[(0, 791), (1, 786), (3, 784), (7, 808), (8, 791)]

Client 1 label distribution:
[(0, 790), (4, 779), (6, 781), (7, 795), (9, 815)]

Client 2 label distribution:
[(0, 786), (1, 780), (3, 822), (4, 782), (6, 790)]

Client 3 label distribution:
[(1, 794), (2, 811), (4, 779), (5, 788), (8, 788)]

Client 4 label distribution:
[(1, 790), (2, 786), (5, 798), (6, 792), (7, 794)]

Client 5 label distribution:
[(0, 806), (5, 785), (7, 797), (8, 810), (9, 762)]

Client 6 label distribution:
[(2, 773), (3, 805), (4, 791), (5, 788), (7, 803)]

Client 7 label distribution:
[(1, 792), (2, 792), (3, 791), (6, 795), (9, 790)]

Client 8 label distribution:
[(2, 800), (4, 779), (5, 789), (8, 782), (9, 810)]

Client 9 label distribution:
[(0, 819), (3, 779), (6, 796), (8, 778), (9, 788)]
Client 0: avg epsilon = 0.4564
Client 1: avg epsilon = 1.2841
Client 2: avg epsilon = 0.1000
Client 3: avg epsilon = 0.2791
Client 4: avg epsilon = 0.2805
Client 5: avg epsilon = 1.4081
Client 6: avg epsilon = 0.2825
Client 7: avg epsilon = 1.0775
Client 8: avg epsilon = 1.2800
Client 9: avg epsilon = 1.2519
 We run FedAvg with rPDP (ThreeLevels-0) ...
max_epsilon :  10.0  noise_multiplier :  9.736328125
The R-Squared value of the best-fit curve : 0.999749898528281
learning rate =  0.001
sample_rate: (min) 0.03, (max) 0.16, expected_batch_size: 308
sample_rate: (min) 0.03, (max) 0.61, expected_batch_size: 677
sample_rate: (min) 0.03, (max) 0.03, expected_batch_size: 99
sample_rate: (min) 0.03, (max) 0.16, expected_batch_size: 204
sample_rate: (min) 0.03, (max) 0.16, expected_batch_size: 205
sample_rate: (min) 0.03, (max) 0.61, expected_batch_size: 756
sample_rate: (min) 0.03, (max) 0.16, expected_batch_size: 206
sample_rate: (min) 0.03, (max) 0.61, expected_batch_size: 559
sample_rate: (min) 0.03, (max) 0.61, expected_batch_size: 674
sample_rate: (min) 0.03, (max) 0.61, expected_batch_size: 661
initial privacy cost of all clients:  [0, 0, 0, 0, 0, 0, 0, 0, 0, 0]
Round=0
Round=1
Round=2
Round=3
Round=4
Round=5
Round=6
Round=7
Round=8
Round=9
Round=10
Round=11
Round=12
Round=13
Round=14
current privacy cost of all clients:  [0.7046321452486275, 3.554611437795162, 0.05997229379927632, 0.6583580204409699, 0.7482516858029494, 3.554611437795162, 0.7482516858029494, 4.055063072201711, 4.305288889404985, 3.0541598033886133]
Round=14, per client global perf=[0.3515, 0.3402, 0.0324, 0.2059, 0.2029, 0.5196, 0.1755, 0.225, 0.3515, 0.3539], mean perf=5627/20400 (0.2758%)
Round=14, per client personal perf=[0.7083, 0.6907, 0.4147, 0.7113, 0.5941, 0.7578, 0.5951, 0.5015, 0.7172, 0.7186], mean perf=13075/20400 (0.6409%)
Round=14, per client personal pooled=[0.4206, 0.3993, 0.3375, 0.4217, 0.4276, 0.3798, 0.4193, 0.3093, 0.3605, 0.3641], mean perf=78330/204000 (0.3840%)
Mean performance of ditto rpdp global, Perf=0.3101, seed=42
Mean performance of ditto rpdp personal, Perf=0.6240, seed=42
Mean performance of ditto rpdp pooled, Perf=0.3687, seed=42
Client 0: avg epsilon = 0.3014
Client 1: avg epsilon = 0.4282
Client 2: avg epsilon = 0.2171
Client 3: avg epsilon = 0.3017
Client 4: avg epsilon = 0.3067
Client 5: avg epsilon = 0.5417
Client 6: avg epsilon = 0.3151
Client 7: avg epsilon = 0.4371
Client 8: avg epsilon = 0.6238
Client 9: avg epsilon = 0.8426
 We run FedAvg with rPDP (BoundedPareto-0) ...
max_epsilon :  10.0  noise_multiplier :  9.736328125
The R-Squared value of the best-fit curve : 0.999749898528281
learning rate =  0.001
sample_rate: (min) 0.03, (max) 0.11, expected_batch_size: 221
sample_rate: (min) 0.03, (max) 0.16, expected_batch_size: 296
sample_rate: (min) 0.03, (max) 0.07, expected_batch_size: 171
sample_rate: (min) 0.03, (max) 0.11, expected_batch_size: 222
sample_rate: (min) 0.03, (max) 0.09, expected_batch_size: 225
sample_rate: (min) 0.03, (max) 0.17, expected_batch_size: 362
sample_rate: (min) 0.04, (max) 0.1, expected_batch_size: 230
sample_rate: (min) 0.03, (max) 0.2, expected_batch_size: 298
sample_rate: (min) 0.04, (max) 0.26, expected_batch_size: 404
sample_rate: (min) 0.03, (max) 0.98, expected_batch_size: 506
initial privacy cost of all clients:  [0, 0, 0, 0, 0, 0, 0, 0, 0, 0]
Round=0
Round=1
Round=2
Round=3
Round=4
Round=5
Round=6
Round=7
Round=8
Round=9
Round=10
Round=11
Round=12
Round=13
Round=14
current privacy cost of all clients:  [0.43994099826958544, 0.6904736218181567, 0.20938176580093296, 0.4403200097582526, 0.38463693276986693, 0.7881371060761739, 0.4369892621197517, 1.0615945911346845, 1.4892497072651696, 5.563993025730616]
Round=14, per client global perf=[0.3819, 0.5206, 0.2069, 0.274, 0.2324, 0.5221, 0.3074, 0.3167, 0.4534, 0.4902], mean perf=7559/20400 (0.3705%)
Round=14, per client personal perf=[0.7794, 0.6941, 0.4642, 0.7588, 0.6627, 0.8093, 0.649, 0.6824, 0.7392, 0.7201], mean perf=14197/20400 (0.6959%)
Round=14, per client personal pooled=[0.4657, 0.4181, 0.3956, 0.4518, 0.474, 0.4228, 0.4738, 0.4182, 0.3685, 0.3607], mean perf=86685/204000 (0.4249%)
Mean performance of ditto rpdp global, Perf=0.4284, seed=42
Mean performance of ditto rpdp personal, Perf=0.6895, seed=42
Mean performance of ditto rpdp pooled, Perf=0.4193, seed=42
Client 0: avg epsilon = 0.4184
Client 1: avg epsilon = 1.0718
Client 2: avg epsilon = 0.1155
Client 3: avg epsilon = 0.2959
Client 4: avg epsilon = 0.2880
Client 5: avg epsilon = 1.3641
Client 6: avg epsilon = 0.2928
Client 7: avg epsilon = 1.0901
Client 8: avg epsilon = 1.3650
Client 9: avg epsilon = 1.4426
 We run FedAvg with rPDP (BoundedMixGauss-0) ...
max_epsilon :  10.0  noise_multiplier :  9.736328125
The R-Squared value of the best-fit curve : 0.999749898528281
learning rate =  0.001
sample_rate: (min) 0.03, (max) 0.16, expected_batch_size: 287
sample_rate: (min) 0.03, (max) 0.56, expected_batch_size: 592
sample_rate: (min) 0.03, (max) 0.04, expected_batch_size: 109
sample_rate: (min) 0.03, (max) 0.16, expected_batch_size: 214
sample_rate: (min) 0.03, (max) 0.15, expected_batch_size: 211
sample_rate: (min) 0.03, (max) 0.59, expected_batch_size: 743
sample_rate: (min) 0.03, (max) 0.16, expected_batch_size: 213
sample_rate: (min) 0.03, (max) 0.62, expected_batch_size: 568
sample_rate: (min) 0.03, (max) 0.64, expected_batch_size: 713
sample_rate: (min) 0.03, (max) 0.79, expected_batch_size: 740
initial privacy cost of all clients:  [0, 0, 0, 0, 0, 0, 0, 0, 0, 0]
Round=0
Round=1
Round=2
Round=3
Round=4
Round=5
Round=6
Round=7
Round=8
Round=9
Round=10
Round=11
Round=12
Round=13
Round=14
current privacy cost of all clients:  [0.7212538448439719, 3.242489391225517, 0.09289914324649612, 0.6918395589904925, 0.7057677970166251, 3.444062981944626, 0.7465223742431236, 4.148436890583617, 4.595004387966056, 4.36666609846329]
Round=14, per client global perf=[0.3725, 0.3515, 0.0711, 0.225, 0.2304, 0.5216, 0.173, 0.2583, 0.3534, 0.3662], mean perf=5963/20400 (0.2923%)
Round=14, per client personal perf=[0.6583, 0.6804, 0.4074, 0.726, 0.5221, 0.7005, 0.626, 0.5333, 0.6686, 0.6735], mean perf=12640/20400 (0.6196%)
Round=14, per client personal pooled=[0.3922, 0.3962, 0.3459, 0.4304, 0.4057, 0.3494, 0.4425, 0.3295, 0.3354, 0.3417], mean perf=76886/204000 (0.3769%)
Mean performance of ditto rpdp global, Perf=0.3238, seed=42
Mean performance of ditto rpdp personal, Perf=0.6289, seed=42
Mean performance of ditto rpdp pooled, Perf=0.3751, seed=42
Finished seed 42
----------------------------------------
Running seed 43
/Users/shegao_t1/DP_Research/Personal_DP_Personal_FL/rpdp_fl/experiments/datasets/fed_fashion_mnist/niid_10_5way_1200shot

Client 0 label distribution:
[(0, 791), (1, 786), (3, 784), (7, 808), (8, 791)]

Client 1 label distribution:
[(0, 790), (4, 779), (6, 781), (7, 795), (9, 815)]

Client 2 label distribution:
[(0, 786), (1, 780), (3, 822), (4, 782), (6, 790)]

Client 3 label distribution:
[(1, 794), (2, 811), (4, 779), (5, 788), (8, 788)]

Client 4 label distribution:
[(1, 790), (2, 786), (5, 798), (6, 792), (7, 794)]

Client 5 label distribution:
[(0, 806), (5, 785), (7, 797), (8, 810), (9, 762)]

Client 6 label distribution:
[(2, 773), (3, 805), (4, 791), (5, 788), (7, 803)]

Client 7 label distribution:
[(1, 792), (2, 792), (3, 791), (6, 795), (9, 790)]

Client 8 label distribution:
[(2, 800), (4, 779), (5, 789), (8, 782), (9, 810)]

Client 9 label distribution:
[(0, 819), (3, 779), (6, 796), (8, 778), (9, 788)]
Client 0: avg epsilon = 0.4564
Client 1: avg epsilon = 1.2841
Client 2: avg epsilon = 0.1000
Client 3: avg epsilon = 0.2791
Client 4: avg epsilon = 0.2805
Client 5: avg epsilon = 1.4081
Client 6: avg epsilon = 0.2825
Client 7: avg epsilon = 1.0775
Client 8: avg epsilon = 1.2800
Client 9: avg epsilon = 1.2519
 We run FedAvg with rPDP (ThreeLevels-0) ...
max_epsilon :  10.0  noise_multiplier :  9.736328125
The R-Squared value of the best-fit curve : 0.999749898528281
learning rate =  0.001
sample_rate: (min) 0.03, (max) 0.16, expected_batch_size: 308
sample_rate: (min) 0.03, (max) 0.61, expected_batch_size: 677
sample_rate: (min) 0.03, (max) 0.03, expected_batch_size: 99
sample_rate: (min) 0.03, (max) 0.16, expected_batch_size: 204
sample_rate: (min) 0.03, (max) 0.16, expected_batch_size: 205
sample_rate: (min) 0.03, (max) 0.61, expected_batch_size: 756
sample_rate: (min) 0.03, (max) 0.16, expected_batch_size: 206
sample_rate: (min) 0.03, (max) 0.61, expected_batch_size: 559
sample_rate: (min) 0.03, (max) 0.61, expected_batch_size: 674
sample_rate: (min) 0.03, (max) 0.61, expected_batch_size: 661
initial privacy cost of all clients:  [0, 0, 0, 0, 0, 0, 0, 0, 0, 0]
Round=0
Round=1
Round=2
Round=3
Round=4
Round=5
Round=6
Round=7
Round=8
Round=9
Round=10
Round=11
Round=12
Round=13
Round=14
current privacy cost of all clients:  [0.7482516858029494, 3.554611437795162, 0.07214729257008984, 0.7482516858029494, 0.5558558712260362, 3.554611437795162, 0.6093162705378211, 2.1521425035466386, 3.0541598033886133, 4.055063072201711]
Round=14, per client global perf=[0.3221, 0.2966, 0.0353, 0.1975, 0.1049, 0.4951, 0.127, 0.2358, 0.3873, 0.4402], mean perf=5389/20400 (0.2642%)
Round=14, per client personal perf=[0.6475, 0.5804, 0.4294, 0.6721, 0.5637, 0.7706, 0.5784, 0.4647, 0.6902, 0.6544], mean perf=12345/20400 (0.6051%)
Round=14, per client personal pooled=[0.4038, 0.31, 0.3802, 0.4083, 0.4014, 0.3823, 0.4145, 0.3028, 0.3489, 0.3399], mean perf=75320/204000 (0.3692%)
Mean performance of ditto rpdp global, Perf=0.2557, seed=43
Mean performance of ditto rpdp personal, Perf=0.5644, seed=43
Mean performance of ditto rpdp pooled, Perf=0.3419, seed=43
Client 0: avg epsilon = 0.3035
Client 1: avg epsilon = 0.4310
Client 2: avg epsilon = 0.2194
Client 3: avg epsilon = 0.3038
Client 4: avg epsilon = 0.3095
Client 5: avg epsilon = 0.5441
Client 6: avg epsilon = 0.3182
Client 7: avg epsilon = 0.4402
Client 8: avg epsilon = 0.6282
Client 9: avg epsilon = 0.8613
 We run FedAvg with rPDP (BoundedPareto-0) ...
max_epsilon :  10.0  noise_multiplier :  9.736328125
The R-Squared value of the best-fit curve : 0.999749898528281
learning rate =  0.001
sample_rate: (min) 0.03, (max) 0.11, expected_batch_size: 222
sample_rate: (min) 0.03, (max) 0.16, expected_batch_size: 297
sample_rate: (min) 0.03, (max) 0.07, expected_batch_size: 173
sample_rate: (min) 0.03, (max) 0.11, expected_batch_size: 223
sample_rate: (min) 0.03, (max) 0.09, expected_batch_size: 227
sample_rate: (min) 0.03, (max) 0.17, expected_batch_size: 363
sample_rate: (min) 0.04, (max) 0.1, expected_batch_size: 232
sample_rate: (min) 0.03, (max) 0.2, expected_batch_size: 300
sample_rate: (min) 0.04, (max) 0.26, expected_batch_size: 407
sample_rate: (min) 0.03, (max) 1.0, expected_batch_size: 514
initial privacy cost of all clients:  [0, 0, 0, 0, 0, 0, 0, 0, 0, 0]
Round=0
Round=1
Round=2
Round=3
Round=4
Round=5
Round=6
Round=7
Round=8
Round=9
Round=10
Round=11
Round=12
Round=13
Round=14
current privacy cost of all clients:  [0.4670392181817522, 0.6940404194588027, 0.2511556619693317, 0.5017481550831977, 0.2875999505800651, 0.7912230465157171, 0.35637464039278516, 0.5845921005119138, 1.1072956182922264, 7.879532215750026]
Round=14, per client global perf=[0.3657, 0.3564, 0.2446, 0.2814, 0.2348, 0.5074, 0.2618, 0.4559, 0.4716, 0.6603], mean perf=7833/20400 (0.3840%)
Round=14, per client personal perf=[0.5794, 0.6255, 0.4475, 0.7309, 0.5814, 0.7819, 0.6069, 0.5245, 0.7289, 0.6828], mean perf=12831/20400 (0.6290%)
Round=14, per client personal pooled=[0.3692, 0.3525, 0.4482, 0.4478, 0.4298, 0.3895, 0.4473, 0.3312, 0.3676, 0.3652], mean perf=80545/204000 (0.3948%)
Mean performance of ditto rpdp global, Perf=0.3519, seed=43
Mean performance of ditto rpdp personal, Perf=0.6137, seed=43
Mean performance of ditto rpdp pooled, Perf=0.3798, seed=43
Client 0: avg epsilon = 0.4349
Client 1: avg epsilon = 1.1509
Client 2: avg epsilon = 0.1161
Client 3: avg epsilon = 0.2977
Client 4: avg epsilon = 0.2901
Client 5: avg epsilon = 1.3740
Client 6: avg epsilon = 0.2948
Client 7: avg epsilon = 1.0938
Client 8: avg epsilon = 1.3694
Client 9: avg epsilon = 1.5035
 We run FedAvg with rPDP (BoundedMixGauss-0) ...
max_epsilon :  10.0  noise_multiplier :  9.736328125
The R-Squared value of the best-fit curve : 0.999749898528281
learning rate =  0.001
sample_rate: (min) 0.03, (max) 0.16, expected_batch_size: 296
sample_rate: (min) 0.03, (max) 0.57, expected_batch_size: 627
sample_rate: (min) 0.03, (max) 0.04, expected_batch_size: 109
sample_rate: (min) 0.03, (max) 0.17, expected_batch_size: 215
sample_rate: (min) 0.03, (max) 0.15, expected_batch_size: 212
sample_rate: (min) 0.03, (max) 0.59, expected_batch_size: 747
sample_rate: (min) 0.03, (max) 0.16, expected_batch_size: 214
sample_rate: (min) 0.03, (max) 0.62, expected_batch_size: 569
sample_rate: (min) 0.03, (max) 0.64, expected_batch_size: 715
sample_rate: (min) 0.03, (max) 0.75, expected_batch_size: 771
initial privacy cost of all clients:  [0, 0, 0, 0, 0, 0, 0, 0, 0, 0]
Round=0
Round=1
Round=2
Round=3
Round=4
Round=5
Round=6
Round=7
Round=8
Round=9
Round=10
Round=11
Round=12
Round=13
Round=14
current privacy cost of all clients:  [0.7733283643560676, 3.2740156938258647, 0.1126171708092815, 0.7937347531499499, 0.5292765949735319, 3.4622202231592762, 0.6126867677676407, 2.1953366497455, 3.2843017028811055, 5.239405359423475]
Round=14, per client global perf=[0.2868, 0.3353, 0.0471, 0.199, 0.1348, 0.4892, 0.1039, 0.2426, 0.3902, 0.4471], mean perf=5459/20400 (0.2676%)
Round=14, per client personal perf=[0.5868, 0.6588, 0.4025, 0.6858, 0.5373, 0.8025, 0.5863, 0.4912, 0.699, 0.7029], mean perf=12552/20400 (0.6153%)
Round=14, per client personal pooled=[0.3713, 0.368, 0.3756, 0.4242, 0.4005, 0.3991, 0.4151, 0.3189, 0.3569, 0.3482], mean perf=77067/204000 (0.3778%)
Mean performance of ditto rpdp global, Perf=0.2644, seed=43
Mean performance of ditto rpdp personal, Perf=0.5899, seed=43
Mean performance of ditto rpdp pooled, Perf=0.3602, seed=43
Finished seed 43
----------------------------------------
Running seed 44
/Users/shegao_t1/DP_Research/Personal_DP_Personal_FL/rpdp_fl/experiments/datasets/fed_fashion_mnist/niid_10_5way_1200shot

Client 0 label distribution:
[(0, 791), (1, 786), (3, 784), (7, 808), (8, 791)]

Client 1 label distribution:
[(0, 790), (4, 779), (6, 781), (7, 795), (9, 815)]

Client 2 label distribution:
[(0, 786), (1, 780), (3, 822), (4, 782), (6, 790)]

Client 3 label distribution:
[(1, 794), (2, 811), (4, 779), (5, 788), (8, 788)]

Client 4 label distribution:
[(1, 790), (2, 786), (5, 798), (6, 792), (7, 794)]

Client 5 label distribution:
[(0, 806), (5, 785), (7, 797), (8, 810), (9, 762)]

Client 6 label distribution:
[(2, 773), (3, 805), (4, 791), (5, 788), (7, 803)]

Client 7 label distribution:
[(1, 792), (2, 792), (3, 791), (6, 795), (9, 790)]

Client 8 label distribution:
[(2, 800), (4, 779), (5, 789), (8, 782), (9, 810)]

Client 9 label distribution:
[(0, 819), (3, 779), (6, 796), (8, 778), (9, 788)]
Client 0: avg epsilon = 0.4564
Client 1: avg epsilon = 1.2841
Client 2: avg epsilon = 0.1000
Client 3: avg epsilon = 0.2791
Client 4: avg epsilon = 0.2805
Client 5: avg epsilon = 1.4081
Client 6: avg epsilon = 0.2825
Client 7: avg epsilon = 1.0775
Client 8: avg epsilon = 1.2800
Client 9: avg epsilon = 1.2519
 We run FedAvg with rPDP (ThreeLevels-0) ...
max_epsilon :  10.0  noise_multiplier :  9.736328125
The R-Squared value of the best-fit curve : 0.999749898528281
learning rate =  0.001
sample_rate: (min) 0.03, (max) 0.16, expected_batch_size: 308
sample_rate: (min) 0.03, (max) 0.61, expected_batch_size: 677
sample_rate: (min) 0.03, (max) 0.03, expected_batch_size: 99
sample_rate: (min) 0.03, (max) 0.16, expected_batch_size: 204
sample_rate: (min) 0.03, (max) 0.16, expected_batch_size: 205
sample_rate: (min) 0.03, (max) 0.61, expected_batch_size: 756
sample_rate: (min) 0.03, (max) 0.16, expected_batch_size: 206
sample_rate: (min) 0.03, (max) 0.61, expected_batch_size: 559
sample_rate: (min) 0.03, (max) 0.61, expected_batch_size: 674
sample_rate: (min) 0.03, (max) 0.61, expected_batch_size: 661
initial privacy cost of all clients:  [0, 0, 0, 0, 0, 0, 0, 0, 0, 0]
Round=0
Round=1
Round=2
Round=3
Round=4
Round=5
Round=6
Round=7
Round=8
Round=9
Round=10
Round=11
Round=12
Round=13
Round=14
current privacy cost of all clients:  [0.7482516858029494, 4.510367153745826, 0.08299634815037049, 0.4329280232702186, 0.8300921245073416, 3.0541598033886133, 0.5558558712260362, 3.0541598033886133, 2.8039339861853394, 3.554611437795162]
Round=14, per client global perf=[0.3912, 0.576, 0.2333, 0.2627, 0.2172, 0.5745, 0.2907, 0.2358, 0.4534, 0.4461], mean perf=7509/20400 (0.3681%)
Round=14, per client personal perf=[0.6902, 0.6931, 0.5368, 0.7176, 0.673, 0.7015, 0.6054, 0.5333, 0.7569, 0.6328], mean perf=13343/20400 (0.6541%)
Round=14, per client personal pooled=[0.4259, 0.4159, 0.4598, 0.4406, 0.4661, 0.3511, 0.4352, 0.3117, 0.3819, 0.3221], mean perf=81808/204000 (0.4010%)
Mean performance of ditto rpdp global, Perf=0.3879, seed=44
Mean performance of ditto rpdp personal, Perf=0.6541, seed=44
Mean performance of ditto rpdp pooled, Perf=0.3988, seed=44
Client 0: avg epsilon = 0.3035
Client 1: avg epsilon = 0.4313
Client 2: avg epsilon = 0.2171
Client 3: avg epsilon = 0.3029
Client 4: avg epsilon = 0.3080
Client 5: avg epsilon = 0.5467
Client 6: avg epsilon = 0.3157
Client 7: avg epsilon = 0.4409
Client 8: avg epsilon = 0.6279
Client 9: avg epsilon = 0.8478
 We run FedAvg with rPDP (BoundedPareto-0) ...
max_epsilon :  10.0  noise_multiplier :  9.736328125
The R-Squared value of the best-fit curve : 0.999749898528281
learning rate =  0.001
sample_rate: (min) 0.03, (max) 0.11, expected_batch_size: 222
sample_rate: (min) 0.03, (max) 0.16, expected_batch_size: 297
sample_rate: (min) 0.03, (max) 0.07, expected_batch_size: 171
sample_rate: (min) 0.03, (max) 0.11, expected_batch_size: 222
sample_rate: (min) 0.03, (max) 0.09, expected_batch_size: 226
sample_rate: (min) 0.03, (max) 0.18, expected_batch_size: 365
sample_rate: (min) 0.04, (max) 0.1, expected_batch_size: 231
sample_rate: (min) 0.03, (max) 0.21, expected_batch_size: 300
sample_rate: (min) 0.04, (max) 0.26, expected_batch_size: 407
sample_rate: (min) 0.03, (max) 1.0, expected_batch_size: 508
initial privacy cost of all clients:  [0, 0, 0, 0, 0, 0, 0, 0, 0, 0]
Round=0
Round=1
Round=2
Round=3
Round=4
Round=5
Round=6
Round=7
Round=8
Round=9
Round=10
Round=11
Round=12
Round=13
Round=14
current privacy cost of all clients:  [0.472818141405037, 0.8605893164104541, 0.2850714641123102, 0.2915746673650539, 0.43237890879325525, 0.6923867806506973, 0.3262805541107679, 0.8286221422712667, 1.0074191475107563, 6.803447050009791]
Round=14, per client global perf=[0.3397, 0.5304, 0.2025, 0.1583, 0.3201, 0.5025, 0.2162, 0.3676, 0.326, 0.5118], mean perf=7089/20400 (0.3475%)
Round=14, per client personal perf=[0.673, 0.7142, 0.5328, 0.773, 0.6475, 0.8039, 0.6765, 0.4956, 0.7368, 0.7799], mean perf=13940/20400 (0.6833%)
Round=14, per client personal pooled=[0.4432, 0.421, 0.4608, 0.4561, 0.4441, 0.4101, 0.459, 0.2812, 0.3721, 0.3904], mean perf=84416/204000 (0.4138%)
Mean performance of ditto rpdp global, Perf=0.3887, seed=44
Mean performance of ditto rpdp personal, Perf=0.6639, seed=44
Mean performance of ditto rpdp pooled, Perf=0.4025, seed=44
Client 0: avg epsilon = 0.4223
Client 1: avg epsilon = 1.1455
Client 2: avg epsilon = 0.1156
Client 3: avg epsilon = 0.2963
Client 4: avg epsilon = 0.2883
Client 5: avg epsilon = 1.3712
Client 6: avg epsilon = 0.2932
Client 7: avg epsilon = 1.0937
Client 8: avg epsilon = 1.3697
Client 9: avg epsilon = 1.4769
 We run FedAvg with rPDP (BoundedMixGauss-0) ...
max_epsilon :  10.0  noise_multiplier :  9.736328125
The R-Squared value of the best-fit curve : 0.999749898528281
learning rate =  0.001
sample_rate: (min) 0.03, (max) 0.16, expected_batch_size: 289
sample_rate: (min) 0.03, (max) 0.57, expected_batch_size: 625
sample_rate: (min) 0.03, (max) 0.04, expected_batch_size: 109
sample_rate: (min) 0.03, (max) 0.17, expected_batch_size: 214
sample_rate: (min) 0.03, (max) 0.15, expected_batch_size: 211
sample_rate: (min) 0.03, (max) 0.59, expected_batch_size: 746
sample_rate: (min) 0.03, (max) 0.16, expected_batch_size: 213
sample_rate: (min) 0.03, (max) 0.62, expected_batch_size: 569
sample_rate: (min) 0.03, (max) 0.64, expected_batch_size: 714
sample_rate: (min) 0.03, (max) 0.77, expected_batch_size: 756
initial privacy cost of all clients:  [0, 0, 0, 0, 0, 0, 0, 0, 0, 0]
Round=0
Round=1
Round=2
Round=3
Round=4
Round=5
Round=6
Round=7
Round=8
Round=9
Round=10
Round=11
Round=12
Round=13
Round=14
current privacy cost of all clients:  [0.7677834992106322, 4.122595981742123, 0.12764423903295052, 0.45634168403065334, 0.7856702095370495, 2.983818153591938, 0.5557480878423264, 3.116664947132279, 2.9994056552904107, 4.77719853540031]
Round=14, per client global perf=[0.3417, 0.5515, 0.1907, 0.2289, 0.2613, 0.5265, 0.2495, 0.2809, 0.4113, 0.4441], mean perf=7112/20400 (0.3486%)
Round=14, per client personal perf=[0.6907, 0.7304, 0.5373, 0.7304, 0.6319, 0.7672, 0.6721, 0.5064, 0.725, 0.7324], mean perf=13716/20400 (0.6724%)
Round=14, per client personal pooled=[0.4173, 0.4276, 0.4607, 0.4435, 0.4345, 0.3886, 0.4723, 0.3016, 0.3645, 0.3694], mean perf=83230/204000 (0.4080%)
Mean performance of ditto rpdp global, Perf=0.3694, seed=44
Mean performance of ditto rpdp personal, Perf=0.6593, seed=44
Mean performance of ditto rpdp pooled, Perf=0.4011, seed=44
Finished seed 44
----------------------------------------
Running seed 45
/Users/shegao_t1/DP_Research/Personal_DP_Personal_FL/rpdp_fl/experiments/datasets/fed_fashion_mnist/niid_10_5way_1200shot

Client 0 label distribution:
[(0, 791), (1, 786), (3, 784), (7, 808), (8, 791)]

Client 1 label distribution:
[(0, 790), (4, 779), (6, 781), (7, 795), (9, 815)]

Client 2 label distribution:
[(0, 786), (1, 780), (3, 822), (4, 782), (6, 790)]

Client 3 label distribution:
[(1, 794), (2, 811), (4, 779), (5, 788), (8, 788)]

Client 4 label distribution:
[(1, 790), (2, 786), (5, 798), (6, 792), (7, 794)]

Client 5 label distribution:
[(0, 806), (5, 785), (7, 797), (8, 810), (9, 762)]

Client 6 label distribution:
[(2, 773), (3, 805), (4, 791), (5, 788), (7, 803)]

Client 7 label distribution:
[(1, 792), (2, 792), (3, 791), (6, 795), (9, 790)]

Client 8 label distribution:
[(2, 800), (4, 779), (5, 789), (8, 782), (9, 810)]

Client 9 label distribution:
[(0, 819), (3, 779), (6, 796), (8, 778), (9, 788)]
Client 0: avg epsilon = 0.4564
Client 1: avg epsilon = 1.2841
Client 2: avg epsilon = 0.1000
Client 3: avg epsilon = 0.2791
Client 4: avg epsilon = 0.2805
Client 5: avg epsilon = 1.4081
Client 6: avg epsilon = 0.2825
Client 7: avg epsilon = 1.0775
Client 8: avg epsilon = 1.2800
Client 9: avg epsilon = 1.2519
 We run FedAvg with rPDP (ThreeLevels-0) ...
max_epsilon :  10.0  noise_multiplier :  9.736328125
The R-Squared value of the best-fit curve : 0.999749898528281
learning rate =  0.001
sample_rate: (min) 0.03, (max) 0.16, expected_batch_size: 308
sample_rate: (min) 0.03, (max) 0.61, expected_batch_size: 677
sample_rate: (min) 0.03, (max) 0.03, expected_batch_size: 99
sample_rate: (min) 0.03, (max) 0.16, expected_batch_size: 204
sample_rate: (min) 0.03, (max) 0.16, expected_batch_size: 205
sample_rate: (min) 0.03, (max) 0.61, expected_batch_size: 756
sample_rate: (min) 0.03, (max) 0.16, expected_batch_size: 206
sample_rate: (min) 0.03, (max) 0.61, expected_batch_size: 559
sample_rate: (min) 0.03, (max) 0.61, expected_batch_size: 674
sample_rate: (min) 0.03, (max) 0.61, expected_batch_size: 661
initial privacy cost of all clients:  [0, 0, 0, 0, 0, 0, 0, 0, 0, 0]
Round=0
Round=1
Round=2
Round=3
Round=4
Round=5
Round=6
Round=7
Round=8
Round=9
Round=10
Round=11
Round=12
Round=13
Round=14
current privacy cost of all clients:  [0.7046321452486275, 3.554611437795162, 0.07214729257008984, 0.49782670836934756, 0.7046321452486275, 4.055063072201711, 0.7046321452486275, 2.8039339861853394, 3.8048372549984366, 4.055063072201711]
Round=14, per client global perf=[0.5343, 0.4588, 0.2422, 0.2118, 0.1652, 0.5931, 0.3221, 0.3412, 0.3995, 0.5627], mean perf=7815/20400 (0.3831%)
Round=14, per client personal perf=[0.6608, 0.6936, 0.4941, 0.673, 0.6, 0.7603, 0.6123, 0.5598, 0.6887, 0.7221], mean perf=13188/20400 (0.6465%)
Round=14, per client personal pooled=[0.3947, 0.3913, 0.481, 0.4106, 0.4283, 0.3788, 0.4347, 0.3534, 0.3442, 0.3876], mean perf=81694/204000 (0.4005%)
Mean performance of ditto rpdp global, Perf=0.3508, seed=45
Mean performance of ditto rpdp personal, Perf=0.6364, seed=45
Mean performance of ditto rpdp pooled, Perf=0.3905, seed=45
Client 0: avg epsilon = 0.3034
Client 1: avg epsilon = 0.4297
Client 2: avg epsilon = 0.2176
Client 3: avg epsilon = 0.3025
Client 4: avg epsilon = 0.3089
Client 5: avg epsilon = 0.5424
Client 6: avg epsilon = 0.3163
Client 7: avg epsilon = 0.4373
Client 8: avg epsilon = 0.6263
Client 9: avg epsilon = 0.8519
 We run FedAvg with rPDP (BoundedPareto-0) ...
max_epsilon :  10.0  noise_multiplier :  9.736328125
The R-Squared value of the best-fit curve : 0.999749898528281
learning rate =  0.001
sample_rate: (min) 0.03, (max) 0.11, expected_batch_size: 222
sample_rate: (min) 0.03, (max) 0.15, expected_batch_size: 297
sample_rate: (min) 0.03, (max) 0.07, expected_batch_size: 172
sample_rate: (min) 0.03, (max) 0.11, expected_batch_size: 222
sample_rate: (min) 0.03, (max) 0.09, expected_batch_size: 227
sample_rate: (min) 0.03, (max) 0.17, expected_batch_size: 362
sample_rate: (min) 0.04, (max) 0.1, expected_batch_size: 231
sample_rate: (min) 0.03, (max) 0.2, expected_batch_size: 298
sample_rate: (min) 0.04, (max) 0.26, expected_batch_size: 406
sample_rate: (min) 0.03, (max) 1.0, expected_batch_size: 509
initial privacy cost of all clients:  [0, 0, 0, 0, 0, 0, 0, 0, 0, 0]
Round=0
Round=1
Round=2
Round=3
Round=4
Round=5
Round=6
Round=7
Round=8
Round=9
Round=10
Round=11
Round=12
Round=13
Round=14
current privacy cost of all clients:  [0.4425821626668991, 0.6884954165451199, 0.25132872661466316, 0.3346681815849944, 0.36640855871949035, 0.877256515897544, 0.41309044881143847, 0.7451813859939028, 1.354274879524409, 7.879532215750026]
Round=14, per client global perf=[0.4343, 0.5652, 0.3127, 0.3936, 0.2652, 0.5936, 0.452, 0.3549, 0.5765, 0.549], mean perf=9174/20400 (0.4497%)
Round=14, per client personal perf=[0.7373, 0.7225, 0.5078, 0.7157, 0.626, 0.7799, 0.6539, 0.5368, 0.7324, 0.7657], mean perf=13827/20400 (0.6778%)
Round=14, per client personal pooled=[0.4361, 0.4058, 0.494, 0.4323, 0.4462, 0.4269, 0.4566, 0.3472, 0.3699, 0.3827], mean perf=85633/204000 (0.4198%)
Mean performance of ditto rpdp global, Perf=0.3973, seed=45
Mean performance of ditto rpdp personal, Perf=0.6636, seed=45
Mean performance of ditto rpdp pooled, Perf=0.4087, seed=45
Client 0: avg epsilon = 0.4344
Client 1: avg epsilon = 1.1544
Client 2: avg epsilon = 0.1159
Client 3: avg epsilon = 0.2975
Client 4: avg epsilon = 0.2898
Client 5: avg epsilon = 1.3752
Client 6: avg epsilon = 0.2943
Client 7: avg epsilon = 1.0952
Client 8: avg epsilon = 1.3713
Client 9: avg epsilon = 1.5112
 We run FedAvg with rPDP (BoundedMixGauss-0) ...
max_epsilon :  10.0  noise_multiplier :  9.736328125
The R-Squared value of the best-fit curve : 0.999749898528281
learning rate =  0.001
sample_rate: (min) 0.03, (max) 0.16, expected_batch_size: 296
sample_rate: (min) 0.03, (max) 0.57, expected_batch_size: 628
sample_rate: (min) 0.03, (max) 0.04, expected_batch_size: 109
sample_rate: (min) 0.03, (max) 0.17, expected_batch_size: 215
sample_rate: (min) 0.03, (max) 0.15, expected_batch_size: 212
sample_rate: (min) 0.03, (max) 0.59, expected_batch_size: 747
sample_rate: (min) 0.03, (max) 0.16, expected_batch_size: 214
sample_rate: (min) 0.03, (max) 0.62, expected_batch_size: 570
sample_rate: (min) 0.03, (max) 0.65, expected_batch_size: 715
sample_rate: (min) 0.03, (max) 0.77, expected_batch_size: 775
initial privacy cost of all clients:  [0, 0, 0, 0, 0, 0, 0, 0, 0, 0]
Round=0
Round=1
Round=2
Round=3
Round=4
Round=5
Round=6
Round=7
Round=8
Round=9
Round=10
Round=11
Round=12
Round=13
Round=14
current privacy cost of all clients:  [0.7253755840827084, 3.2766097212141574, 0.11207734670387905, 0.5285137731759944, 0.6694405199152075, 3.939046868497293, 0.7075749661251897, 2.859403242515003, 4.160788994825427, 5.387946020137831]
Round=14, per client global perf=[0.3799, 0.5015, 0.1853, 0.2167, 0.223, 0.5544, 0.226, 0.2814, 0.4074, 0.4941], mean perf=7078/20400 (0.3470%)
Round=14, per client personal perf=[0.6686, 0.6936, 0.476, 0.6819, 0.6201, 0.777, 0.5966, 0.5765, 0.6863, 0.7368], mean perf=13287/20400 (0.6513%)
Round=14, per client personal pooled=[0.4131, 0.387, 0.4627, 0.4121, 0.4396, 0.3888, 0.4404, 0.3623, 0.3441, 0.3961], mean perf=82543/204000 (0.4046%)
Mean performance of ditto rpdp global, Perf=0.3152, seed=45
Mean performance of ditto rpdp personal, Perf=0.6390, seed=45
Mean performance of ditto rpdp pooled, Perf=0.3930, seed=45
Finished seed 45
----------------------------------------
Running seed 46
/Users/shegao_t1/DP_Research/Personal_DP_Personal_FL/rpdp_fl/experiments/datasets/fed_fashion_mnist/niid_10_5way_1200shot

Client 0 label distribution:
[(0, 791), (1, 786), (3, 784), (7, 808), (8, 791)]

Client 1 label distribution:
[(0, 790), (4, 779), (6, 781), (7, 795), (9, 815)]

Client 2 label distribution:
[(0, 786), (1, 780), (3, 822), (4, 782), (6, 790)]

Client 3 label distribution:
[(1, 794), (2, 811), (4, 779), (5, 788), (8, 788)]

Client 4 label distribution:
[(1, 790), (2, 786), (5, 798), (6, 792), (7, 794)]

Client 5 label distribution:
[(0, 806), (5, 785), (7, 797), (8, 810), (9, 762)]

Client 6 label distribution:
[(2, 773), (3, 805), (4, 791), (5, 788), (7, 803)]

Client 7 label distribution:
[(1, 792), (2, 792), (3, 791), (6, 795), (9, 790)]

Client 8 label distribution:
[(2, 800), (4, 779), (5, 789), (8, 782), (9, 810)]

Client 9 label distribution:
[(0, 819), (3, 779), (6, 796), (8, 778), (9, 788)]
Client 0: avg epsilon = 0.4564
Client 1: avg epsilon = 1.2841
Client 2: avg epsilon = 0.1000
Client 3: avg epsilon = 0.2791
Client 4: avg epsilon = 0.2805
Client 5: avg epsilon = 1.4081
Client 6: avg epsilon = 0.2825
Client 7: avg epsilon = 1.0775
Client 8: avg epsilon = 1.2800
Client 9: avg epsilon = 1.2519
 We run FedAvg with rPDP (ThreeLevels-0) ...
max_epsilon :  10.0  noise_multiplier :  9.736328125
The R-Squared value of the best-fit curve : 0.999749898528281
learning rate =  0.001
sample_rate: (min) 0.03, (max) 0.16, expected_batch_size: 308
sample_rate: (min) 0.03, (max) 0.61, expected_batch_size: 677
sample_rate: (min) 0.03, (max) 0.03, expected_batch_size: 99
sample_rate: (min) 0.03, (max) 0.16, expected_batch_size: 204
sample_rate: (min) 0.03, (max) 0.16, expected_batch_size: 205
sample_rate: (min) 0.03, (max) 0.61, expected_batch_size: 756
sample_rate: (min) 0.03, (max) 0.16, expected_batch_size: 206
sample_rate: (min) 0.03, (max) 0.61, expected_batch_size: 559
sample_rate: (min) 0.03, (max) 0.61, expected_batch_size: 674
sample_rate: (min) 0.03, (max) 0.61, expected_batch_size: 661
initial privacy cost of all clients:  [0, 0, 0, 0, 0, 0, 0, 0, 0, 0]
Round=0
Round=1
Round=2
Round=3
Round=4
Round=5
Round=6
Round=7
Round=8
Round=9
Round=10
Round=11
Round=12
Round=13
Round=14
current privacy cost of all clients:  [0.6583580204409699, 3.8048372549984366, 0.07214729257008984, 0.7046321452486275, 0.6583580204409699, 3.554611437795162, 0.7046321452486275, 4.305288889404985, 4.055063072201711, 3.554611437795162]
Round=14, per client global perf=[0.5397, 0.3922, 0.2657, 0.2676, 0.2275, 0.5373, 0.3147, 0.4191, 0.3882, 0.5578], mean perf=7976/20400 (0.3910%)
Round=14, per client personal perf=[0.7172, 0.6868, 0.5319, 0.7093, 0.4789, 0.7814, 0.6657, 0.6069, 0.723, 0.7029], mean perf=13472/20400 (0.6604%)
Round=14, per client personal pooled=[0.4287, 0.3994, 0.444, 0.4135, 0.3583, 0.3866, 0.4324, 0.4048, 0.3614, 0.3474], mean perf=81123/204000 (0.3977%)
Mean performance of ditto rpdp global, Perf=0.3622, seed=46
Mean performance of ditto rpdp personal, Perf=0.6565, seed=46
Mean performance of ditto rpdp pooled, Perf=0.3965, seed=46
Client 0: avg epsilon = 0.2997
Client 1: avg epsilon = 0.4270
Client 2: avg epsilon = 0.2166
Client 3: avg epsilon = 0.3006
Client 4: avg epsilon = 0.3056
Client 5: avg epsilon = 0.5396
Client 6: avg epsilon = 0.3141
Client 7: avg epsilon = 0.4375
Client 8: avg epsilon = 0.6231
Client 9: avg epsilon = 0.8526
 We run FedAvg with rPDP (BoundedPareto-0) ...
max_epsilon :  10.0  noise_multiplier :  9.736328125
The R-Squared value of the best-fit curve : 0.999749898528281
learning rate =  0.001
sample_rate: (min) 0.03, (max) 0.11, expected_batch_size: 220
sample_rate: (min) 0.03, (max) 0.16, expected_batch_size: 295
sample_rate: (min) 0.03, (max) 0.07, expected_batch_size: 171
sample_rate: (min) 0.03, (max) 0.11, expected_batch_size: 221
sample_rate: (min) 0.03, (max) 0.09, expected_batch_size: 225
sample_rate: (min) 0.03, (max) 0.17, expected_batch_size: 361
sample_rate: (min) 0.04, (max) 0.1, expected_batch_size: 230
sample_rate: (min) 0.03, (max) 0.2, expected_batch_size: 298
sample_rate: (min) 0.04, (max) 0.26, expected_batch_size: 404
sample_rate: (min) 0.03, (max) 1.0, expected_batch_size: 510
initial privacy cost of all clients:  [0, 0, 0, 0, 0, 0, 0, 0, 0, 0]
Round=0
Round=1
Round=2
Round=3
Round=4
Round=5
Round=6
Round=7
Round=8
Round=9
Round=10
Round=11
Round=12
Round=13
Round=14
current privacy cost of all clients:  [0.4056289801187321, 0.7319920393872338, 0.2473803074046356, 0.46750893350076317, 0.33569399618441287, 0.7900858447690642, 0.4068716476024919, 1.1171184067423878, 1.4267495597205888, 6.803447050009791]
Round=14, per client global perf=[0.4657, 0.524, 0.3176, 0.3167, 0.1926, 0.5078, 0.4235, 0.3873, 0.5039, 0.5691], mean perf=8585/20400 (0.4208%)
Round=14, per client personal perf=[0.7348, 0.7162, 0.5436, 0.726, 0.6549, 0.824, 0.6907, 0.5426, 0.7348, 0.7319], mean perf=14075/20400 (0.6900%)
Round=14, per client personal pooled=[0.4308, 0.4135, 0.4737, 0.435, 0.4629, 0.4199, 0.4693, 0.3967, 0.369, 0.3672], mean perf=86452/204000 (0.4238%)
Mean performance of ditto rpdp global, Perf=0.4152, seed=46
Mean performance of ditto rpdp personal, Perf=0.6855, seed=46
Mean performance of ditto rpdp pooled, Perf=0.4183, seed=46
Client 0: avg epsilon = 0.4137
Client 1: avg epsilon = 1.0664
Client 2: avg epsilon = 0.1154
Client 3: avg epsilon = 0.2954
Client 4: avg epsilon = 0.2873
Client 5: avg epsilon = 1.3644
Client 6: avg epsilon = 0.2925
Client 7: avg epsilon = 1.0912
Client 8: avg epsilon = 1.3684
Client 9: avg epsilon = 1.4486
 We run FedAvg with rPDP (BoundedMixGauss-0) ...
max_epsilon :  10.0  noise_multiplier :  9.736328125
The R-Squared value of the best-fit curve : 0.999749898528281
learning rate =  0.001
sample_rate: (min) 0.03, (max) 0.16, expected_batch_size: 284
sample_rate: (min) 0.03, (max) 0.57, expected_batch_size: 589
sample_rate: (min) 0.03, (max) 0.04, expected_batch_size: 109
sample_rate: (min) 0.03, (max) 0.16, expected_batch_size: 214
sample_rate: (min) 0.03, (max) 0.15, expected_batch_size: 210
sample_rate: (min) 0.03, (max) 0.59, expected_batch_size: 743
sample_rate: (min) 0.03, (max) 0.16, expected_batch_size: 213
sample_rate: (min) 0.03, (max) 0.62, expected_batch_size: 568
sample_rate: (min) 0.03, (max) 0.64, expected_batch_size: 714
sample_rate: (min) 0.03, (max) 0.75, expected_batch_size: 742
initial privacy cost of all clients:  [0, 0, 0, 0, 0, 0, 0, 0, 0, 0]
Round=0
Round=1
Round=2
Round=3
Round=4
Round=5
Round=6
Round=7
Round=8
Round=9
Round=10
Round=11
Round=12
Round=13
Round=14
current privacy cost of all clients:  [0.6745013868945783, 3.4579329026515047, 0.11108162662117115, 0.7397035782890445, 0.6195423815417367, 3.4461753572954548, 0.7032755958236908, 4.415109595459327, 4.419900111170576, 4.699892211236226]
Round=14, per client global perf=[0.4431, 0.4324, 0.2181, 0.2426, 0.2044, 0.5157, 0.3078, 0.3691, 0.4157, 0.5436], mean perf=7533/20400 (0.3693%)
Round=14, per client personal perf=[0.701, 0.7132, 0.4407, 0.7245, 0.5172, 0.7828, 0.5618, 0.6059, 0.727, 0.6902], mean perf=13187/20400 (0.6464%)
Round=14, per client personal pooled=[0.418, 0.4081, 0.4093, 0.4278, 0.3759, 0.3873, 0.3973, 0.387, 0.3628, 0.3474], mean perf=79989/204000 (0.3921%)
Mean performance of ditto rpdp global, Perf=0.3430, seed=46
Mean performance of ditto rpdp personal, Perf=0.6422, seed=46
Mean performance of ditto rpdp pooled, Perf=0.3893, seed=46
Finished seed 46
----------------------------------------
=== Running reg_param=20, num_steps=15 ===
Running seed 42
/Users/shegao_t1/DP_Research/Personal_DP_Personal_FL/rpdp_fl/experiments/datasets/fed_fashion_mnist/niid_10_5way_1200shot

Client 0 label distribution:
[(0, 791), (1, 786), (3, 784), (7, 808), (8, 791)]

Client 1 label distribution:
[(0, 790), (4, 779), (6, 781), (7, 795), (9, 815)]

Client 2 label distribution:
[(0, 786), (1, 780), (3, 822), (4, 782), (6, 790)]

Client 3 label distribution:
[(1, 794), (2, 811), (4, 779), (5, 788), (8, 788)]

Client 4 label distribution:
[(1, 790), (2, 786), (5, 798), (6, 792), (7, 794)]

Client 5 label distribution:
[(0, 806), (5, 785), (7, 797), (8, 810), (9, 762)]

Client 6 label distribution:
[(2, 773), (3, 805), (4, 791), (5, 788), (7, 803)]

Client 7 label distribution:
[(1, 792), (2, 792), (3, 791), (6, 795), (9, 790)]

Client 8 label distribution:
[(2, 800), (4, 779), (5, 789), (8, 782), (9, 810)]

Client 9 label distribution:
[(0, 819), (3, 779), (6, 796), (8, 778), (9, 788)]
Client 0: avg epsilon = 0.4564
Client 1: avg epsilon = 1.2841
Client 2: avg epsilon = 0.1000
Client 3: avg epsilon = 0.2791
Client 4: avg epsilon = 0.2805
Client 5: avg epsilon = 1.4081
Client 6: avg epsilon = 0.2825
Client 7: avg epsilon = 1.0775
Client 8: avg epsilon = 1.2800
Client 9: avg epsilon = 1.2519
 We run FedAvg with rPDP (ThreeLevels-0) ...
max_epsilon :  10.0  noise_multiplier :  9.736328125
The R-Squared value of the best-fit curve : 0.999749898528281
learning rate =  0.001
sample_rate: (min) 0.03, (max) 0.16, expected_batch_size: 308
sample_rate: (min) 0.03, (max) 0.61, expected_batch_size: 677
sample_rate: (min) 0.03, (max) 0.03, expected_batch_size: 99
sample_rate: (min) 0.03, (max) 0.16, expected_batch_size: 204
sample_rate: (min) 0.03, (max) 0.16, expected_batch_size: 205
sample_rate: (min) 0.03, (max) 0.61, expected_batch_size: 756
sample_rate: (min) 0.03, (max) 0.16, expected_batch_size: 206
sample_rate: (min) 0.03, (max) 0.61, expected_batch_size: 559
sample_rate: (min) 0.03, (max) 0.61, expected_batch_size: 674
sample_rate: (min) 0.03, (max) 0.61, expected_batch_size: 661
initial privacy cost of all clients:  [0, 0, 0, 0, 0, 0, 0, 0, 0, 0]
Round=0
Round=1
Round=2
Round=3
Round=4
Round=5
Round=6
Round=7
Round=8
Round=9
Round=10
Round=11
Round=12
Round=13
Round=14
current privacy cost of all clients:  [0.7046321452486275, 3.554611437795162, 0.05997229379927632, 0.6583580204409699, 0.7482516858029494, 3.554611437795162, 0.7482516858029494, 4.055063072201711, 4.305288889404985, 3.0541598033886133]
Round=14, per client global perf=[0.3515, 0.3402, 0.0324, 0.2059, 0.2029, 0.5196, 0.1755, 0.225, 0.3515, 0.3539], mean perf=5627/20400 (0.2758%)
Round=14, per client personal perf=[0.652, 0.6059, 0.4103, 0.6564, 0.5475, 0.7343, 0.501, 0.6284, 0.6725, 0.6162], mean perf=12290/20400 (0.6025%)
Round=14, per client personal pooled=[0.4013, 0.3756, 0.3619, 0.4078, 0.4304, 0.3692, 0.4008, 0.3794, 0.3414, 0.3056], mean perf=76977/204000 (0.3773%)
Mean performance of ditto rpdp global, Perf=0.3101, seed=42
Mean performance of ditto rpdp personal, Perf=0.5894, seed=42
Mean performance of ditto rpdp pooled, Perf=0.3650, seed=42
Client 0: avg epsilon = 0.3014
Client 1: avg epsilon = 0.4282
Client 2: avg epsilon = 0.2171
Client 3: avg epsilon = 0.3017
Client 4: avg epsilon = 0.3067
Client 5: avg epsilon = 0.5417
Client 6: avg epsilon = 0.3151
Client 7: avg epsilon = 0.4371
Client 8: avg epsilon = 0.6238
Client 9: avg epsilon = 0.8426
 We run FedAvg with rPDP (BoundedPareto-0) ...
max_epsilon :  10.0  noise_multiplier :  9.736328125
The R-Squared value of the best-fit curve : 0.999749898528281
learning rate =  0.001
sample_rate: (min) 0.03, (max) 0.11, expected_batch_size: 221
sample_rate: (min) 0.03, (max) 0.16, expected_batch_size: 296
sample_rate: (min) 0.03, (max) 0.07, expected_batch_size: 171
sample_rate: (min) 0.03, (max) 0.11, expected_batch_size: 222
sample_rate: (min) 0.03, (max) 0.09, expected_batch_size: 225
sample_rate: (min) 0.03, (max) 0.17, expected_batch_size: 362
sample_rate: (min) 0.04, (max) 0.1, expected_batch_size: 230
sample_rate: (min) 0.03, (max) 0.2, expected_batch_size: 298
sample_rate: (min) 0.04, (max) 0.26, expected_batch_size: 404
sample_rate: (min) 0.03, (max) 0.98, expected_batch_size: 506
initial privacy cost of all clients:  [0, 0, 0, 0, 0, 0, 0, 0, 0, 0]
Round=0
Round=1
Round=2
Round=3
Round=4
Round=5
Round=6
Round=7
Round=8
Round=9
Round=10
Round=11
Round=12
Round=13
Round=14
current privacy cost of all clients:  [0.43994099826958544, 0.6904736218181567, 0.20938176580093296, 0.4403200097582526, 0.38463693276986693, 0.7881371060761739, 0.4369892621197517, 1.0615945911346845, 1.4892497072651696, 5.563993025730616]
Round=14, per client global perf=[0.3819, 0.5206, 0.2069, 0.274, 0.2324, 0.5221, 0.3074, 0.3167, 0.4534, 0.4902], mean perf=7559/20400 (0.3705%)
Round=14, per client personal perf=[0.7211, 0.6672, 0.4358, 0.7569, 0.6588, 0.8123, 0.6368, 0.6632, 0.7314, 0.7137], mean perf=13866/20400 (0.6797%)
Round=14, per client personal pooled=[0.4576, 0.4069, 0.4348, 0.4598, 0.4944, 0.4293, 0.4808, 0.4172, 0.3686, 0.3571], mean perf=87851/204000 (0.4306%)
Mean performance of ditto rpdp global, Perf=0.4284, seed=42
Mean performance of ditto rpdp personal, Perf=0.6660, seed=42
Mean performance of ditto rpdp pooled, Perf=0.4261, seed=42
Client 0: avg epsilon = 0.4184
Client 1: avg epsilon = 1.0718
Client 2: avg epsilon = 0.1155
Client 3: avg epsilon = 0.2959
Client 4: avg epsilon = 0.2880
Client 5: avg epsilon = 1.3641
Client 6: avg epsilon = 0.2928
Client 7: avg epsilon = 1.0901
Client 8: avg epsilon = 1.3650
Client 9: avg epsilon = 1.4426
 We run FedAvg with rPDP (BoundedMixGauss-0) ...
max_epsilon :  10.0  noise_multiplier :  9.736328125
The R-Squared value of the best-fit curve : 0.999749898528281
learning rate =  0.001
sample_rate: (min) 0.03, (max) 0.16, expected_batch_size: 287
sample_rate: (min) 0.03, (max) 0.56, expected_batch_size: 592
sample_rate: (min) 0.03, (max) 0.04, expected_batch_size: 109
sample_rate: (min) 0.03, (max) 0.16, expected_batch_size: 214
sample_rate: (min) 0.03, (max) 0.15, expected_batch_size: 211
sample_rate: (min) 0.03, (max) 0.59, expected_batch_size: 743
sample_rate: (min) 0.03, (max) 0.16, expected_batch_size: 213
sample_rate: (min) 0.03, (max) 0.62, expected_batch_size: 568
sample_rate: (min) 0.03, (max) 0.64, expected_batch_size: 713
sample_rate: (min) 0.03, (max) 0.79, expected_batch_size: 740
initial privacy cost of all clients:  [0, 0, 0, 0, 0, 0, 0, 0, 0, 0]
Round=0
Round=1
Round=2
Round=3
Round=4
Round=5
Round=6
Round=7
Round=8
Round=9
Round=10
Round=11
Round=12
Round=13
Round=14
current privacy cost of all clients:  [0.7212538448439719, 3.242489391225517, 0.09289914324649612, 0.6918395589904925, 0.7057677970166251, 3.444062981944626, 0.7465223742431236, 4.148436890583617, 4.595004387966056, 4.36666609846329]
Round=14, per client global perf=[0.3725, 0.3515, 0.0711, 0.225, 0.2304, 0.5216, 0.173, 0.2583, 0.3534, 0.3662], mean perf=5963/20400 (0.2923%)
Round=14, per client personal perf=[0.6441, 0.6186, 0.3784, 0.6824, 0.5632, 0.6877, 0.523, 0.6137, 0.6608, 0.6745], mean perf=12335/20400 (0.6047%)
Round=14, per client personal pooled=[0.3974, 0.3802, 0.3512, 0.4226, 0.4417, 0.3428, 0.4162, 0.3798, 0.3337, 0.3397], mean perf=77628/204000 (0.3805%)
Mean performance of ditto rpdp global, Perf=0.3238, seed=42
Mean performance of ditto rpdp personal, Perf=0.5994, seed=42
Mean performance of ditto rpdp pooled, Perf=0.3726, seed=42
Finished seed 42
----------------------------------------
Running seed 43
/Users/shegao_t1/DP_Research/Personal_DP_Personal_FL/rpdp_fl/experiments/datasets/fed_fashion_mnist/niid_10_5way_1200shot

Client 0 label distribution:
[(0, 791), (1, 786), (3, 784), (7, 808), (8, 791)]

Client 1 label distribution:
[(0, 790), (4, 779), (6, 781), (7, 795), (9, 815)]

Client 2 label distribution:
[(0, 786), (1, 780), (3, 822), (4, 782), (6, 790)]

Client 3 label distribution:
[(1, 794), (2, 811), (4, 779), (5, 788), (8, 788)]

Client 4 label distribution:
[(1, 790), (2, 786), (5, 798), (6, 792), (7, 794)]

Client 5 label distribution:
[(0, 806), (5, 785), (7, 797), (8, 810), (9, 762)]

Client 6 label distribution:
[(2, 773), (3, 805), (4, 791), (5, 788), (7, 803)]

Client 7 label distribution:
[(1, 792), (2, 792), (3, 791), (6, 795), (9, 790)]

Client 8 label distribution:
[(2, 800), (4, 779), (5, 789), (8, 782), (9, 810)]

Client 9 label distribution:
[(0, 819), (3, 779), (6, 796), (8, 778), (9, 788)]
Client 0: avg epsilon = 0.4564
Client 1: avg epsilon = 1.2841
Client 2: avg epsilon = 0.1000
Client 3: avg epsilon = 0.2791
Client 4: avg epsilon = 0.2805
Client 5: avg epsilon = 1.4081
Client 6: avg epsilon = 0.2825
Client 7: avg epsilon = 1.0775
Client 8: avg epsilon = 1.2800
Client 9: avg epsilon = 1.2519
 We run FedAvg with rPDP (ThreeLevels-0) ...
max_epsilon :  10.0  noise_multiplier :  9.736328125
The R-Squared value of the best-fit curve : 0.999749898528281
learning rate =  0.001
sample_rate: (min) 0.03, (max) 0.16, expected_batch_size: 308
sample_rate: (min) 0.03, (max) 0.61, expected_batch_size: 677
sample_rate: (min) 0.03, (max) 0.03, expected_batch_size: 99
sample_rate: (min) 0.03, (max) 0.16, expected_batch_size: 204
sample_rate: (min) 0.03, (max) 0.16, expected_batch_size: 205
sample_rate: (min) 0.03, (max) 0.61, expected_batch_size: 756
sample_rate: (min) 0.03, (max) 0.16, expected_batch_size: 206
sample_rate: (min) 0.03, (max) 0.61, expected_batch_size: 559
sample_rate: (min) 0.03, (max) 0.61, expected_batch_size: 674
sample_rate: (min) 0.03, (max) 0.61, expected_batch_size: 661
initial privacy cost of all clients:  [0, 0, 0, 0, 0, 0, 0, 0, 0, 0]
Round=0
Round=1
Round=2
Round=3
Round=4
Round=5
Round=6
Round=7
Round=8
Round=9
Round=10
Round=11
Round=12
Round=13
Round=14
current privacy cost of all clients:  [0.7482516858029494, 3.554611437795162, 0.07214729257008984, 0.7482516858029494, 0.5558558712260362, 3.554611437795162, 0.6093162705378211, 2.1521425035466386, 3.0541598033886133, 4.055063072201711]
Round=14, per client global perf=[0.3221, 0.2966, 0.0353, 0.1975, 0.1049, 0.4951, 0.127, 0.2358, 0.3873, 0.4402], mean perf=5389/20400 (0.2642%)
Round=14, per client personal perf=[0.598, 0.5392, 0.3015, 0.5642, 0.3588, 0.7431, 0.5005, 0.3559, 0.6034, 0.6255], mean perf=10588/20400 (0.5190%)
Round=14, per client personal pooled=[0.3821, 0.319, 0.3717, 0.3648, 0.3354, 0.369, 0.4027, 0.2903, 0.3079, 0.3617], mean perf=71497/204000 (0.3505%)
Mean performance of ditto rpdp global, Perf=0.2557, seed=43
Mean performance of ditto rpdp personal, Perf=0.4802, seed=43
Mean performance of ditto rpdp pooled, Perf=0.3244, seed=43
Client 0: avg epsilon = 0.3035
Client 1: avg epsilon = 0.4310
Client 2: avg epsilon = 0.2194
Client 3: avg epsilon = 0.3038
Client 4: avg epsilon = 0.3095
Client 5: avg epsilon = 0.5441
Client 6: avg epsilon = 0.3182
Client 7: avg epsilon = 0.4402
Client 8: avg epsilon = 0.6282
Client 9: avg epsilon = 0.8613
 We run FedAvg with rPDP (BoundedPareto-0) ...
max_epsilon :  10.0  noise_multiplier :  9.736328125
The R-Squared value of the best-fit curve : 0.999749898528281
learning rate =  0.001
sample_rate: (min) 0.03, (max) 0.11, expected_batch_size: 222
sample_rate: (min) 0.03, (max) 0.16, expected_batch_size: 297
sample_rate: (min) 0.03, (max) 0.07, expected_batch_size: 173
sample_rate: (min) 0.03, (max) 0.11, expected_batch_size: 223
sample_rate: (min) 0.03, (max) 0.09, expected_batch_size: 227
sample_rate: (min) 0.03, (max) 0.17, expected_batch_size: 363
sample_rate: (min) 0.04, (max) 0.1, expected_batch_size: 232
sample_rate: (min) 0.03, (max) 0.2, expected_batch_size: 300
sample_rate: (min) 0.04, (max) 0.26, expected_batch_size: 407
sample_rate: (min) 0.03, (max) 1.0, expected_batch_size: 514
initial privacy cost of all clients:  [0, 0, 0, 0, 0, 0, 0, 0, 0, 0]
Round=0
Round=1
Round=2
Round=3
Round=4
Round=5
Round=6
Round=7
Round=8
Round=9
Round=10
Round=11
Round=12
Round=13
Round=14
current privacy cost of all clients:  [0.4670392181817522, 0.6940404194588027, 0.2511556619693317, 0.5017481550831977, 0.2875999505800651, 0.7912230465157171, 0.35637464039278516, 0.5845921005119138, 1.1072956182922264, 7.879532215750026]
Round=14, per client global perf=[0.3657, 0.3564, 0.2446, 0.2814, 0.2348, 0.5074, 0.2618, 0.4559, 0.4716, 0.6603], mean perf=7833/20400 (0.3840%)
Round=14, per client personal perf=[0.5902, 0.5863, 0.3828, 0.6725, 0.4985, 0.7824, 0.5882, 0.4632, 0.6843, 0.6206], mean perf=11973/20400 (0.5869%)
Round=14, per client personal pooled=[0.3769, 0.3504, 0.4848, 0.4207, 0.4126, 0.3896, 0.4579, 0.4001, 0.3654, 0.3594], mean perf=81967/204000 (0.4018%)
Mean performance of ditto rpdp global, Perf=0.3519, seed=43
Mean performance of ditto rpdp personal, Perf=0.5683, seed=43
Mean performance of ditto rpdp pooled, Perf=0.3826, seed=43
Client 0: avg epsilon = 0.4349
Client 1: avg epsilon = 1.1509
Client 2: avg epsilon = 0.1161
Client 3: avg epsilon = 0.2977
Client 4: avg epsilon = 0.2901
Client 5: avg epsilon = 1.3740
Client 6: avg epsilon = 0.2948
Client 7: avg epsilon = 1.0938
Client 8: avg epsilon = 1.3694
Client 9: avg epsilon = 1.5035
 We run FedAvg with rPDP (BoundedMixGauss-0) ...
max_epsilon :  10.0  noise_multiplier :  9.736328125
The R-Squared value of the best-fit curve : 0.999749898528281
learning rate =  0.001
sample_rate: (min) 0.03, (max) 0.16, expected_batch_size: 296
sample_rate: (min) 0.03, (max) 0.57, expected_batch_size: 627
sample_rate: (min) 0.03, (max) 0.04, expected_batch_size: 109
sample_rate: (min) 0.03, (max) 0.17, expected_batch_size: 215
sample_rate: (min) 0.03, (max) 0.15, expected_batch_size: 212
sample_rate: (min) 0.03, (max) 0.59, expected_batch_size: 747
sample_rate: (min) 0.03, (max) 0.16, expected_batch_size: 214
sample_rate: (min) 0.03, (max) 0.62, expected_batch_size: 569
sample_rate: (min) 0.03, (max) 0.64, expected_batch_size: 715
sample_rate: (min) 0.03, (max) 0.75, expected_batch_size: 771
initial privacy cost of all clients:  [0, 0, 0, 0, 0, 0, 0, 0, 0, 0]
Round=0
Round=1
Round=2
Round=3
Round=4
Round=5
Round=6
Round=7
Round=8
Round=9
Round=10
Round=11
Round=12
Round=13
Round=14
current privacy cost of all clients:  [0.7733283643560676, 3.2740156938258647, 0.1126171708092815, 0.7937347531499499, 0.5292765949735319, 3.4622202231592762, 0.6126867677676407, 2.1953366497455, 3.2843017028811055, 5.239405359423475]
Round=14, per client global perf=[0.2868, 0.3353, 0.0471, 0.199, 0.1348, 0.4892, 0.1039, 0.2426, 0.3902, 0.4471], mean perf=5459/20400 (0.2676%)
Round=14, per client personal perf=[0.5784, 0.5539, 0.3304, 0.5848, 0.3799, 0.7632, 0.5368, 0.3549, 0.6137, 0.6779], mean perf=10963/20400 (0.5374%)
Round=14, per client personal pooled=[0.3716, 0.3348, 0.4013, 0.3845, 0.3533, 0.3775, 0.4223, 0.2869, 0.3116, 0.3808], mean perf=73940/204000 (0.3625%)
Mean performance of ditto rpdp global, Perf=0.2644, seed=43
Mean performance of ditto rpdp personal, Perf=0.4916, seed=43
Mean performance of ditto rpdp pooled, Perf=0.3342, seed=43
Finished seed 43
----------------------------------------
Running seed 44
/Users/shegao_t1/DP_Research/Personal_DP_Personal_FL/rpdp_fl/experiments/datasets/fed_fashion_mnist/niid_10_5way_1200shot

Client 0 label distribution:
[(0, 791), (1, 786), (3, 784), (7, 808), (8, 791)]

Client 1 label distribution:
[(0, 790), (4, 779), (6, 781), (7, 795), (9, 815)]

Client 2 label distribution:
[(0, 786), (1, 780), (3, 822), (4, 782), (6, 790)]

Client 3 label distribution:
[(1, 794), (2, 811), (4, 779), (5, 788), (8, 788)]

Client 4 label distribution:
[(1, 790), (2, 786), (5, 798), (6, 792), (7, 794)]

Client 5 label distribution:
[(0, 806), (5, 785), (7, 797), (8, 810), (9, 762)]

Client 6 label distribution:
[(2, 773), (3, 805), (4, 791), (5, 788), (7, 803)]

Client 7 label distribution:
[(1, 792), (2, 792), (3, 791), (6, 795), (9, 790)]

Client 8 label distribution:
[(2, 800), (4, 779), (5, 789), (8, 782), (9, 810)]

Client 9 label distribution:
[(0, 819), (3, 779), (6, 796), (8, 778), (9, 788)]
Client 0: avg epsilon = 0.4564
Client 1: avg epsilon = 1.2841
Client 2: avg epsilon = 0.1000
Client 3: avg epsilon = 0.2791
Client 4: avg epsilon = 0.2805
Client 5: avg epsilon = 1.4081
Client 6: avg epsilon = 0.2825
Client 7: avg epsilon = 1.0775
Client 8: avg epsilon = 1.2800
Client 9: avg epsilon = 1.2519
 We run FedAvg with rPDP (ThreeLevels-0) ...
max_epsilon :  10.0  noise_multiplier :  9.736328125
The R-Squared value of the best-fit curve : 0.999749898528281
learning rate =  0.001
sample_rate: (min) 0.03, (max) 0.16, expected_batch_size: 308
sample_rate: (min) 0.03, (max) 0.61, expected_batch_size: 677
sample_rate: (min) 0.03, (max) 0.03, expected_batch_size: 99
sample_rate: (min) 0.03, (max) 0.16, expected_batch_size: 204
sample_rate: (min) 0.03, (max) 0.16, expected_batch_size: 205
sample_rate: (min) 0.03, (max) 0.61, expected_batch_size: 756
sample_rate: (min) 0.03, (max) 0.16, expected_batch_size: 206
sample_rate: (min) 0.03, (max) 0.61, expected_batch_size: 559
sample_rate: (min) 0.03, (max) 0.61, expected_batch_size: 674
sample_rate: (min) 0.03, (max) 0.61, expected_batch_size: 661
initial privacy cost of all clients:  [0, 0, 0, 0, 0, 0, 0, 0, 0, 0]
Round=0
Round=1
Round=2
Round=3
Round=4
Round=5
Round=6
Round=7
Round=8
Round=9
Round=10
Round=11
Round=12
Round=13
Round=14
current privacy cost of all clients:  [0.7482516858029494, 4.510367153745826, 0.08299634815037049, 0.4329280232702186, 0.8300921245073416, 3.0541598033886133, 0.5558558712260362, 3.0541598033886133, 2.8039339861853394, 3.554611437795162]
Round=14, per client global perf=[0.3912, 0.576, 0.2333, 0.2627, 0.2172, 0.5745, 0.2907, 0.2358, 0.4534, 0.4461], mean perf=7509/20400 (0.3681%)
Round=14, per client personal perf=[0.6995, 0.6843, 0.3985, 0.6828, 0.6157, 0.6814, 0.6064, 0.5328, 0.7103, 0.6142], mean perf=12701/20400 (0.6226%)
Round=14, per client personal pooled=[0.4362, 0.4191, 0.4307, 0.4304, 0.4525, 0.3406, 0.4542, 0.3221, 0.3591, 0.3225], mean perf=80934/204000 (0.3967%)
Mean performance of ditto rpdp global, Perf=0.3879, seed=44
Mean performance of ditto rpdp personal, Perf=0.6160, seed=44
Mean performance of ditto rpdp pooled, Perf=0.3919, seed=44
Client 0: avg epsilon = 0.3035
Client 1: avg epsilon = 0.4313
Client 2: avg epsilon = 0.2171
Client 3: avg epsilon = 0.3029
Client 4: avg epsilon = 0.3080
Client 5: avg epsilon = 0.5467
Client 6: avg epsilon = 0.3157
Client 7: avg epsilon = 0.4409
Client 8: avg epsilon = 0.6279
Client 9: avg epsilon = 0.8478
 We run FedAvg with rPDP (BoundedPareto-0) ...
max_epsilon :  10.0  noise_multiplier :  9.736328125
The R-Squared value of the best-fit curve : 0.999749898528281
learning rate =  0.001
sample_rate: (min) 0.03, (max) 0.11, expected_batch_size: 222
sample_rate: (min) 0.03, (max) 0.16, expected_batch_size: 297
sample_rate: (min) 0.03, (max) 0.07, expected_batch_size: 171
sample_rate: (min) 0.03, (max) 0.11, expected_batch_size: 222
sample_rate: (min) 0.03, (max) 0.09, expected_batch_size: 226
sample_rate: (min) 0.03, (max) 0.18, expected_batch_size: 365
sample_rate: (min) 0.04, (max) 0.1, expected_batch_size: 231
sample_rate: (min) 0.03, (max) 0.21, expected_batch_size: 300
sample_rate: (min) 0.04, (max) 0.26, expected_batch_size: 407
sample_rate: (min) 0.03, (max) 1.0, expected_batch_size: 508
initial privacy cost of all clients:  [0, 0, 0, 0, 0, 0, 0, 0, 0, 0]
Round=0
Round=1
Round=2
Round=3
Round=4
Round=5
Round=6
Round=7
Round=8
Round=9
Round=10
Round=11
Round=12
Round=13
Round=14
current privacy cost of all clients:  [0.472818141405037, 0.8605893164104541, 0.2850714641123102, 0.2915746673650539, 0.43237890879325525, 0.6923867806506973, 0.3262805541107679, 0.8286221422712667, 1.0074191475107563, 6.803447050009791]
Round=14, per client global perf=[0.3397, 0.5304, 0.2025, 0.1583, 0.3201, 0.5025, 0.2162, 0.3676, 0.326, 0.5118], mean perf=7089/20400 (0.3475%)
Round=14, per client personal perf=[0.6279, 0.7127, 0.5088, 0.7466, 0.6221, 0.801, 0.6525, 0.4912, 0.7137, 0.698], mean perf=13412/20400 (0.6575%)
Round=14, per client personal pooled=[0.4473, 0.4244, 0.4759, 0.4494, 0.4486, 0.4459, 0.4695, 0.2911, 0.3616, 0.3506], mean perf=84953/204000 (0.4164%)
Mean performance of ditto rpdp global, Perf=0.3887, seed=44
Mean performance of ditto rpdp personal, Perf=0.6359, seed=44
Mean performance of ditto rpdp pooled, Perf=0.4053, seed=44
Client 0: avg epsilon = 0.4223
Client 1: avg epsilon = 1.1455
Client 2: avg epsilon = 0.1156
Client 3: avg epsilon = 0.2963
Client 4: avg epsilon = 0.2883
Client 5: avg epsilon = 1.3712
Client 6: avg epsilon = 0.2932
Client 7: avg epsilon = 1.0937
Client 8: avg epsilon = 1.3697
Client 9: avg epsilon = 1.4769
 We run FedAvg with rPDP (BoundedMixGauss-0) ...
max_epsilon :  10.0  noise_multiplier :  9.736328125
The R-Squared value of the best-fit curve : 0.999749898528281
learning rate =  0.001
sample_rate: (min) 0.03, (max) 0.16, expected_batch_size: 289
sample_rate: (min) 0.03, (max) 0.57, expected_batch_size: 625
sample_rate: (min) 0.03, (max) 0.04, expected_batch_size: 109
sample_rate: (min) 0.03, (max) 0.17, expected_batch_size: 214
sample_rate: (min) 0.03, (max) 0.15, expected_batch_size: 211
sample_rate: (min) 0.03, (max) 0.59, expected_batch_size: 746
sample_rate: (min) 0.03, (max) 0.16, expected_batch_size: 213
sample_rate: (min) 0.03, (max) 0.62, expected_batch_size: 569
sample_rate: (min) 0.03, (max) 0.64, expected_batch_size: 714
sample_rate: (min) 0.03, (max) 0.77, expected_batch_size: 756
initial privacy cost of all clients:  [0, 0, 0, 0, 0, 0, 0, 0, 0, 0]
Round=0
Round=1
Round=2
Round=3
Round=4
Round=5
Round=6
Round=7
Round=8
Round=9
Round=10
Round=11
Round=12
Round=13
Round=14
current privacy cost of all clients:  [0.7677834992106322, 4.122595981742123, 0.12764423903295052, 0.45634168403065334, 0.7856702095370495, 2.983818153591938, 0.5557480878423264, 3.116664947132279, 2.9994056552904107, 4.77719853540031]
Round=14, per client global perf=[0.3417, 0.5515, 0.1907, 0.2289, 0.2613, 0.5265, 0.2495, 0.2809, 0.4113, 0.4441], mean perf=7112/20400 (0.3486%)
Round=14, per client personal perf=[0.6755, 0.7059, 0.5044, 0.7186, 0.6147, 0.6897, 0.6471, 0.4789, 0.7206, 0.7172], mean perf=13204/20400 (0.6473%)
Round=14, per client personal pooled=[0.4216, 0.4262, 0.4601, 0.4442, 0.4476, 0.3433, 0.4774, 0.2954, 0.3605, 0.3756], mean perf=82661/204000 (0.4052%)
Mean performance of ditto rpdp global, Perf=0.3694, seed=44
Mean performance of ditto rpdp personal, Perf=0.6260, seed=44
Mean performance of ditto rpdp pooled, Perf=0.3972, seed=44
Finished seed 44
----------------------------------------
Running seed 45
/Users/shegao_t1/DP_Research/Personal_DP_Personal_FL/rpdp_fl/experiments/datasets/fed_fashion_mnist/niid_10_5way_1200shot

Client 0 label distribution:
[(0, 791), (1, 786), (3, 784), (7, 808), (8, 791)]

Client 1 label distribution:
[(0, 790), (4, 779), (6, 781), (7, 795), (9, 815)]

Client 2 label distribution:
[(0, 786), (1, 780), (3, 822), (4, 782), (6, 790)]

Client 3 label distribution:
[(1, 794), (2, 811), (4, 779), (5, 788), (8, 788)]

Client 4 label distribution:
[(1, 790), (2, 786), (5, 798), (6, 792), (7, 794)]

Client 5 label distribution:
[(0, 806), (5, 785), (7, 797), (8, 810), (9, 762)]

Client 6 label distribution:
[(2, 773), (3, 805), (4, 791), (5, 788), (7, 803)]

Client 7 label distribution:
[(1, 792), (2, 792), (3, 791), (6, 795), (9, 790)]

Client 8 label distribution:
[(2, 800), (4, 779), (5, 789), (8, 782), (9, 810)]

Client 9 label distribution:
[(0, 819), (3, 779), (6, 796), (8, 778), (9, 788)]
Client 0: avg epsilon = 0.4564
Client 1: avg epsilon = 1.2841
Client 2: avg epsilon = 0.1000
Client 3: avg epsilon = 0.2791
Client 4: avg epsilon = 0.2805
Client 5: avg epsilon = 1.4081
Client 6: avg epsilon = 0.2825
Client 7: avg epsilon = 1.0775
Client 8: avg epsilon = 1.2800
Client 9: avg epsilon = 1.2519
 We run FedAvg with rPDP (ThreeLevels-0) ...
max_epsilon :  10.0  noise_multiplier :  9.736328125
The R-Squared value of the best-fit curve : 0.999749898528281
learning rate =  0.001
sample_rate: (min) 0.03, (max) 0.16, expected_batch_size: 308
sample_rate: (min) 0.03, (max) 0.61, expected_batch_size: 677
sample_rate: (min) 0.03, (max) 0.03, expected_batch_size: 99
sample_rate: (min) 0.03, (max) 0.16, expected_batch_size: 204
sample_rate: (min) 0.03, (max) 0.16, expected_batch_size: 205
sample_rate: (min) 0.03, (max) 0.61, expected_batch_size: 756
sample_rate: (min) 0.03, (max) 0.16, expected_batch_size: 206
sample_rate: (min) 0.03, (max) 0.61, expected_batch_size: 559
sample_rate: (min) 0.03, (max) 0.61, expected_batch_size: 674
sample_rate: (min) 0.03, (max) 0.61, expected_batch_size: 661
initial privacy cost of all clients:  [0, 0, 0, 0, 0, 0, 0, 0, 0, 0]
Round=0
Round=1
Round=2
Round=3
Round=4
Round=5
Round=6
Round=7
Round=8
Round=9
Round=10
Round=11
Round=12
Round=13
Round=14
current privacy cost of all clients:  [0.7046321452486275, 3.554611437795162, 0.07214729257008984, 0.49782670836934756, 0.7046321452486275, 4.055063072201711, 0.7046321452486275, 2.8039339861853394, 3.8048372549984366, 4.055063072201711]
Round=14, per client global perf=[0.5343, 0.4588, 0.2422, 0.2118, 0.1652, 0.5931, 0.3221, 0.3412, 0.3995, 0.5627], mean perf=7815/20400 (0.3831%)
Round=14, per client personal perf=[0.6515, 0.6691, 0.402, 0.6176, 0.5814, 0.7461, 0.5451, 0.5505, 0.652, 0.648], mean perf=12369/20400 (0.6063%)
Round=14, per client personal pooled=[0.4081, 0.3846, 0.4616, 0.4077, 0.4397, 0.3724, 0.4219, 0.391, 0.3293, 0.3781], mean perf=81484/204000 (0.3994%)
Mean performance of ditto rpdp global, Perf=0.3508, seed=45
Mean performance of ditto rpdp personal, Perf=0.5876, seed=45
Mean performance of ditto rpdp pooled, Perf=0.3843, seed=45
Client 0: avg epsilon = 0.3034
Client 1: avg epsilon = 0.4297
Client 2: avg epsilon = 0.2176
Client 3: avg epsilon = 0.3025
Client 4: avg epsilon = 0.3089
Client 5: avg epsilon = 0.5424
Client 6: avg epsilon = 0.3163
Client 7: avg epsilon = 0.4373
Client 8: avg epsilon = 0.6263
Client 9: avg epsilon = 0.8519
 We run FedAvg with rPDP (BoundedPareto-0) ...
max_epsilon :  10.0  noise_multiplier :  9.736328125
The R-Squared value of the best-fit curve : 0.999749898528281
learning rate =  0.001
sample_rate: (min) 0.03, (max) 0.11, expected_batch_size: 222
sample_rate: (min) 0.03, (max) 0.15, expected_batch_size: 297
sample_rate: (min) 0.03, (max) 0.07, expected_batch_size: 172
sample_rate: (min) 0.03, (max) 0.11, expected_batch_size: 222
sample_rate: (min) 0.03, (max) 0.09, expected_batch_size: 227
sample_rate: (min) 0.03, (max) 0.17, expected_batch_size: 362
sample_rate: (min) 0.04, (max) 0.1, expected_batch_size: 231
sample_rate: (min) 0.03, (max) 0.2, expected_batch_size: 298
sample_rate: (min) 0.04, (max) 0.26, expected_batch_size: 406
sample_rate: (min) 0.03, (max) 1.0, expected_batch_size: 509
initial privacy cost of all clients:  [0, 0, 0, 0, 0, 0, 0, 0, 0, 0]
Round=0
Round=1
Round=2
Round=3
Round=4
Round=5
Round=6
Round=7
Round=8
Round=9
Round=10
Round=11
Round=12
Round=13
Round=14
current privacy cost of all clients:  [0.4425821626668991, 0.6884954165451199, 0.25132872661466316, 0.3346681815849944, 0.36640855871949035, 0.877256515897544, 0.41309044881143847, 0.7451813859939028, 1.354274879524409, 7.879532215750026]
Round=14, per client global perf=[0.4343, 0.5652, 0.3127, 0.3936, 0.2652, 0.5936, 0.452, 0.3549, 0.5765, 0.549], mean perf=9174/20400 (0.4497%)
Round=14, per client personal perf=[0.6848, 0.6814, 0.4279, 0.6966, 0.6186, 0.777, 0.6132, 0.5216, 0.7191, 0.6858], mean perf=13109/20400 (0.6426%)
Round=14, per client personal pooled=[0.4198, 0.393, 0.4739, 0.4355, 0.4603, 0.4445, 0.4484, 0.3436, 0.3636, 0.3516], mean perf=84343/204000 (0.4134%)
Mean performance of ditto rpdp global, Perf=0.3973, seed=45
Mean performance of ditto rpdp personal, Perf=0.6363, seed=45
Mean performance of ditto rpdp pooled, Perf=0.4053, seed=45
Client 0: avg epsilon = 0.4344
Client 1: avg epsilon = 1.1544
Client 2: avg epsilon = 0.1159
Client 3: avg epsilon = 0.2975
Client 4: avg epsilon = 0.2898
Client 5: avg epsilon = 1.3752
Client 6: avg epsilon = 0.2943
Client 7: avg epsilon = 1.0952
Client 8: avg epsilon = 1.3713
Client 9: avg epsilon = 1.5112
 We run FedAvg with rPDP (BoundedMixGauss-0) ...
max_epsilon :  10.0  noise_multiplier :  9.736328125
The R-Squared value of the best-fit curve : 0.999749898528281
learning rate =  0.001
sample_rate: (min) 0.03, (max) 0.16, expected_batch_size: 296
sample_rate: (min) 0.03, (max) 0.57, expected_batch_size: 628
sample_rate: (min) 0.03, (max) 0.04, expected_batch_size: 109
sample_rate: (min) 0.03, (max) 0.17, expected_batch_size: 215
sample_rate: (min) 0.03, (max) 0.15, expected_batch_size: 212
sample_rate: (min) 0.03, (max) 0.59, expected_batch_size: 747
sample_rate: (min) 0.03, (max) 0.16, expected_batch_size: 214
sample_rate: (min) 0.03, (max) 0.62, expected_batch_size: 570
sample_rate: (min) 0.03, (max) 0.65, expected_batch_size: 715
sample_rate: (min) 0.03, (max) 0.77, expected_batch_size: 775
initial privacy cost of all clients:  [0, 0, 0, 0, 0, 0, 0, 0, 0, 0]
Round=0
Round=1
Round=2
Round=3
Round=4
Round=5
Round=6
Round=7
Round=8
Round=9
Round=10
Round=11
Round=12
Round=13
Round=14
current privacy cost of all clients:  [0.7253755840827084, 3.2766097212141574, 0.11207734670387905, 0.5285137731759944, 0.6694405199152075, 3.939046868497293, 0.7075749661251897, 2.859403242515003, 4.160788994825427, 5.387946020137831]
Round=14, per client global perf=[0.3799, 0.5015, 0.1853, 0.2167, 0.223, 0.5544, 0.226, 0.2814, 0.4074, 0.4941], mean perf=7078/20400 (0.3470%)
Round=14, per client personal perf=[0.6564, 0.6863, 0.4495, 0.6451, 0.6025, 0.7456, 0.5603, 0.5471, 0.6755, 0.6721], mean perf=12730/20400 (0.6240%)
Round=14, per client personal pooled=[0.4106, 0.3887, 0.4705, 0.4184, 0.4515, 0.376, 0.4327, 0.3756, 0.3416, 0.3837], mean perf=82607/204000 (0.4049%)
Mean performance of ditto rpdp global, Perf=0.3152, seed=45
Mean performance of ditto rpdp personal, Perf=0.6103, seed=45
Mean performance of ditto rpdp pooled, Perf=0.3921, seed=45
Finished seed 45
----------------------------------------
Running seed 46
/Users/shegao_t1/DP_Research/Personal_DP_Personal_FL/rpdp_fl/experiments/datasets/fed_fashion_mnist/niid_10_5way_1200shot

Client 0 label distribution:
[(0, 791), (1, 786), (3, 784), (7, 808), (8, 791)]

Client 1 label distribution:
[(0, 790), (4, 779), (6, 781), (7, 795), (9, 815)]

Client 2 label distribution:
[(0, 786), (1, 780), (3, 822), (4, 782), (6, 790)]

Client 3 label distribution:
[(1, 794), (2, 811), (4, 779), (5, 788), (8, 788)]

Client 4 label distribution:
[(1, 790), (2, 786), (5, 798), (6, 792), (7, 794)]

Client 5 label distribution:
[(0, 806), (5, 785), (7, 797), (8, 810), (9, 762)]

Client 6 label distribution:
[(2, 773), (3, 805), (4, 791), (5, 788), (7, 803)]

Client 7 label distribution:
[(1, 792), (2, 792), (3, 791), (6, 795), (9, 790)]

Client 8 label distribution:
[(2, 800), (4, 779), (5, 789), (8, 782), (9, 810)]

Client 9 label distribution:
[(0, 819), (3, 779), (6, 796), (8, 778), (9, 788)]
Client 0: avg epsilon = 0.4564
Client 1: avg epsilon = 1.2841
Client 2: avg epsilon = 0.1000
Client 3: avg epsilon = 0.2791
Client 4: avg epsilon = 0.2805
Client 5: avg epsilon = 1.4081
Client 6: avg epsilon = 0.2825
Client 7: avg epsilon = 1.0775
Client 8: avg epsilon = 1.2800
Client 9: avg epsilon = 1.2519
 We run FedAvg with rPDP (ThreeLevels-0) ...
max_epsilon :  10.0  noise_multiplier :  9.736328125
The R-Squared value of the best-fit curve : 0.999749898528281
learning rate =  0.001
sample_rate: (min) 0.03, (max) 0.16, expected_batch_size: 308
sample_rate: (min) 0.03, (max) 0.61, expected_batch_size: 677
sample_rate: (min) 0.03, (max) 0.03, expected_batch_size: 99
sample_rate: (min) 0.03, (max) 0.16, expected_batch_size: 204
sample_rate: (min) 0.03, (max) 0.16, expected_batch_size: 205
sample_rate: (min) 0.03, (max) 0.61, expected_batch_size: 756
sample_rate: (min) 0.03, (max) 0.16, expected_batch_size: 206
sample_rate: (min) 0.03, (max) 0.61, expected_batch_size: 559
sample_rate: (min) 0.03, (max) 0.61, expected_batch_size: 674
sample_rate: (min) 0.03, (max) 0.61, expected_batch_size: 661
initial privacy cost of all clients:  [0, 0, 0, 0, 0, 0, 0, 0, 0, 0]
Round=0
Round=1
Round=2
Round=3
Round=4
Round=5
Round=6
Round=7
Round=8
Round=9
Round=10
Round=11
Round=12
Round=13
Round=14
current privacy cost of all clients:  [0.6583580204409699, 3.8048372549984366, 0.07214729257008984, 0.7046321452486275, 0.6583580204409699, 3.554611437795162, 0.7046321452486275, 4.305288889404985, 4.055063072201711, 3.554611437795162]
Round=14, per client global perf=[0.5397, 0.3922, 0.2657, 0.2676, 0.2275, 0.5373, 0.3147, 0.4191, 0.3882, 0.5578], mean perf=7976/20400 (0.3910%)
Round=14, per client personal perf=[0.7343, 0.6113, 0.5015, 0.6892, 0.5054, 0.7814, 0.5941, 0.6279, 0.702, 0.5794], mean perf=12906/20400 (0.6326%)
Round=14, per client personal pooled=[0.4498, 0.3717, 0.483, 0.4183, 0.3992, 0.39, 0.4252, 0.4464, 0.3528, 0.3304], mean perf=82965/204000 (0.4067%)
Mean performance of ditto rpdp global, Perf=0.3622, seed=46
Mean performance of ditto rpdp personal, Perf=0.6137, seed=46
Mean performance of ditto rpdp pooled, Perf=0.3945, seed=46
Client 0: avg epsilon = 0.2997
Client 1: avg epsilon = 0.4270
Client 2: avg epsilon = 0.2166
Client 3: avg epsilon = 0.3006
Client 4: avg epsilon = 0.3056
Client 5: avg epsilon = 0.5396
Client 6: avg epsilon = 0.3141
Client 7: avg epsilon = 0.4375
Client 8: avg epsilon = 0.6231
Client 9: avg epsilon = 0.8526
 We run FedAvg with rPDP (BoundedPareto-0) ...
max_epsilon :  10.0  noise_multiplier :  9.736328125
The R-Squared value of the best-fit curve : 0.999749898528281
learning rate =  0.001
sample_rate: (min) 0.03, (max) 0.11, expected_batch_size: 220
sample_rate: (min) 0.03, (max) 0.16, expected_batch_size: 295
sample_rate: (min) 0.03, (max) 0.07, expected_batch_size: 171
sample_rate: (min) 0.03, (max) 0.11, expected_batch_size: 221
sample_rate: (min) 0.03, (max) 0.09, expected_batch_size: 225
sample_rate: (min) 0.03, (max) 0.17, expected_batch_size: 361
sample_rate: (min) 0.04, (max) 0.1, expected_batch_size: 230
sample_rate: (min) 0.03, (max) 0.2, expected_batch_size: 298
sample_rate: (min) 0.04, (max) 0.26, expected_batch_size: 404
sample_rate: (min) 0.03, (max) 1.0, expected_batch_size: 510
initial privacy cost of all clients:  [0, 0, 0, 0, 0, 0, 0, 0, 0, 0]
Round=0
Round=1
Round=2
Round=3
Round=4
Round=5
Round=6
Round=7
Round=8
Round=9
Round=10
Round=11
Round=12
Round=13
Round=14
current privacy cost of all clients:  [0.4056289801187321, 0.7319920393872338, 0.2473803074046356, 0.46750893350076317, 0.33569399618441287, 0.7900858447690642, 0.4068716476024919, 1.1171184067423878, 1.4267495597205888, 6.803447050009791]
Round=14, per client global perf=[0.4657, 0.524, 0.3176, 0.3167, 0.1926, 0.5078, 0.4235, 0.3873, 0.5039, 0.5691], mean perf=8585/20400 (0.4208%)
Round=14, per client personal perf=[0.7172, 0.6348, 0.4608, 0.7211, 0.6485, 0.8225, 0.6618, 0.5314, 0.7328, 0.7167], mean perf=13561/20400 (0.6648%)
Round=14, per client personal pooled=[0.4529, 0.3797, 0.4828, 0.4397, 0.4758, 0.4445, 0.4749, 0.405, 0.3697, 0.3798], mean perf=87818/204000 (0.4305%)
Mean performance of ditto rpdp global, Perf=0.4152, seed=46
Mean performance of ditto rpdp personal, Perf=0.6449, seed=46
Mean performance of ditto rpdp pooled, Perf=0.4140, seed=46
Client 0: avg epsilon = 0.4137
Client 1: avg epsilon = 1.0664
Client 2: avg epsilon = 0.1154
Client 3: avg epsilon = 0.2954
Client 4: avg epsilon = 0.2873
Client 5: avg epsilon = 1.3644
Client 6: avg epsilon = 0.2925
Client 7: avg epsilon = 1.0912
Client 8: avg epsilon = 1.3684
Client 9: avg epsilon = 1.4486
 We run FedAvg with rPDP (BoundedMixGauss-0) ...
max_epsilon :  10.0  noise_multiplier :  9.736328125
The R-Squared value of the best-fit curve : 0.999749898528281
learning rate =  0.001
sample_rate: (min) 0.03, (max) 0.16, expected_batch_size: 284
sample_rate: (min) 0.03, (max) 0.57, expected_batch_size: 589
sample_rate: (min) 0.03, (max) 0.04, expected_batch_size: 109
sample_rate: (min) 0.03, (max) 0.16, expected_batch_size: 214
sample_rate: (min) 0.03, (max) 0.15, expected_batch_size: 210
sample_rate: (min) 0.03, (max) 0.59, expected_batch_size: 743
sample_rate: (min) 0.03, (max) 0.16, expected_batch_size: 213
sample_rate: (min) 0.03, (max) 0.62, expected_batch_size: 568
sample_rate: (min) 0.03, (max) 0.64, expected_batch_size: 714
sample_rate: (min) 0.03, (max) 0.75, expected_batch_size: 742
initial privacy cost of all clients:  [0, 0, 0, 0, 0, 0, 0, 0, 0, 0]
Round=0
Round=1
Round=2
Round=3
Round=4
Round=5
Round=6
Round=7
Round=8
Round=9
Round=10
Round=11
Round=12
Round=13
Round=14
current privacy cost of all clients:  [0.6745013868945783, 3.4579329026515047, 0.11108162662117115, 0.7397035782890445, 0.6195423815417367, 3.4461753572954548, 0.7032755958236908, 4.415109595459327, 4.419900111170576, 4.699892211236226]
Round=14, per client global perf=[0.4431, 0.4324, 0.2181, 0.2426, 0.2044, 0.5157, 0.3078, 0.3691, 0.4157, 0.5436], mean perf=7533/20400 (0.3693%)
Round=14, per client personal perf=[0.7044, 0.675, 0.4191, 0.7044, 0.4824, 0.7569, 0.5882, 0.5887, 0.7172, 0.6784], mean perf=12882/20400 (0.6315%)
Round=14, per client personal pooled=[0.4215, 0.3959, 0.4349, 0.4319, 0.3877, 0.3759, 0.4349, 0.4216, 0.3585, 0.3676], mean perf=82223/204000 (0.4031%)
Mean performance of ditto rpdp global, Perf=0.3430, seed=46
Mean performance of ditto rpdp personal, Perf=0.6197, seed=46
Mean performance of ditto rpdp pooled, Perf=0.3983, seed=46
Finished seed 46
----------------------------------------
