PARAMS: dataset=mnist, gpu=0, data_type=niid_10_5
=== Running reg_param=0, num_steps=15 ===
Running seed 42
/Users/shegao_t1/DP_Research/Personal_DP_Personal_FL/rpdp_fl/experiments/datasets/fed_mnist/niid_10_5way_1200shot

Client 0 label distribution:
[(3, 772), (4, 812), (5, 794), (6, 792), (9, 790)]

Client 1 label distribution:
[(2, 769), (3, 793), (4, 782), (5, 804), (8, 812)]

Client 2 label distribution:
[(0, 808), (2, 768), (3, 803), (7, 802), (9, 779)]

Client 3 label distribution:
[(2, 794), (3, 797), (5, 767), (7, 799), (9, 803)]

Client 4 label distribution:
[(0, 771), (1, 805), (3, 818), (4, 803), (5, 763)]

Client 5 label distribution:
[(0, 811), (2, 791), (4, 778), (6, 803), (7, 777)]

Client 6 label distribution:
[(0, 784), (1, 798), (2, 784), (4, 656), (8, 806)]

Client 7 label distribution:
[(1, 797), (6, 779), (7, 779), (8, 796), (9, 809)]

Client 8 label distribution:
[(0, 803), (1, 772), (6, 802), (8, 801), (9, 697)]

Client 9 label distribution:
[(1, 810), (5, 788), (6, 259), (7, 759), (8, 809)]
Client 0: avg epsilon = 1.0775
Client 1: avg epsilon = 0.2845
Client 2: avg epsilon = 1.2091
Client 3: avg epsilon = 1.2752
Client 4: avg epsilon = 0.1000
Client 5: avg epsilon = 0.2766
Client 6: avg epsilon = 0.2895
Client 7: avg epsilon = 1.4590
Client 8: avg epsilon = 1.1674
Client 9: avg epsilon = 0.5214
 We run FedAvg with rPDP (ThreeLevels-0) ...
max_epsilon :  10.0  noise_multiplier :  9.736328125
The R-Squared value of the best-fit curve : 0.999749898528281
learning rate =  0.01
sample_rate: (min) 0.03, (max) 0.61, expected_batch_size: 559
sample_rate: (min) 0.03, (max) 0.16, expected_batch_size: 207
sample_rate: (min) 0.03, (max) 0.61, expected_batch_size: 637
sample_rate: (min) 0.03, (max) 0.61, expected_batch_size: 673
sample_rate: (min) 0.03, (max) 0.03, expected_batch_size: 99
sample_rate: (min) 0.03, (max) 0.16, expected_batch_size: 203
sample_rate: (min) 0.03, (max) 0.16, expected_batch_size: 203
sample_rate: (min) 0.03, (max) 0.61, expected_batch_size: 779
sample_rate: (min) 0.03, (max) 0.61, expected_batch_size: 609
sample_rate: (min) 0.03, (max) 0.61, expected_batch_size: 298
initial privacy cost of all clients:  [0, 0, 0, 0, 0, 0, 0, 0, 0, 0]
Round=0
Round=1
Round=2
Round=3
Round=4
Round=5
Round=6
Round=7
Round=8
Round=9
Round=10
Round=11
Round=12
Round=13
Round=14
current privacy cost of all clients:  [3.554611437795162, 0.7046321452486275, 2.8039339861853394, 3.3043856205918876, 0.08299634815037049, 0.7046321452486275, 0.7482516858029494, 4.055063072201711, 4.305288889404985, 3.0541598033886133]
Round=14, per client global perf=[0.6172, 0.674, 0.6211, 0.5564, 0.7279, 0.8299, 0.8489, 0.7873, 0.7576, 0.7144], mean perf=14268/20014 (0.7129%)
Round=14, per client personal perf=[0.9755, 0.9676, 0.9632, 0.974, 0.9814, 0.9804, 0.9691, 0.9828, 0.9399, 0.8374], mean perf=19189/20014 (0.9588%)
Round=14, per client personal pooled=[0.4662, 0.4784, 0.4892, 0.4887, 0.4855, 0.4859, 0.4889, 0.4787, 0.4727, 0.372], mean perf=94188/200140 (0.4706%)
Mean performance of ditto rpdp global, Perf=0.6568, seed=42
Mean performance of ditto rpdp personal, Perf=0.9596, seed=42
Mean performance of ditto rpdp pooled, Perf=0.4719, seed=42
Client 0: avg epsilon = 0.4077
Client 1: avg epsilon = 0.3113
Client 2: avg epsilon = 0.3959
Client 3: avg epsilon = 0.4892
Client 4: avg epsilon = 0.2155
Client 5: avg epsilon = 0.2926
Client 6: avg epsilon = 0.2781
Client 7: avg epsilon = 0.6722
Client 8: avg epsilon = 0.7871
Client 9: avg epsilon = 0.4750
 We run FedAvg with rPDP (BoundedPareto-0) ...
max_epsilon :  10.0  noise_multiplier :  9.736328125
The R-Squared value of the best-fit curve : 0.999749898528281
learning rate =  0.01
sample_rate: (min) 0.04, (max) 0.16, expected_batch_size: 284
sample_rate: (min) 0.03, (max) 0.11, expected_batch_size: 228
sample_rate: (min) 0.03, (max) 0.18, expected_batch_size: 275
sample_rate: (min) 0.04, (max) 0.21, expected_batch_size: 329
sample_rate: (min) 0.03, (max) 0.06, expected_batch_size: 170
sample_rate: (min) 0.03, (max) 0.09, expected_batch_size: 217
sample_rate: (min) 0.03, (max) 0.11, expected_batch_size: 200
sample_rate: (min) 0.03, (max) 0.27, expected_batch_size: 433
sample_rate: (min) 0.03, (max) 0.98, expected_batch_size: 464
sample_rate: (min) 0.03, (max) 0.14, expected_batch_size: 280
initial privacy cost of all clients:  [0, 0, 0, 0, 0, 0, 0, 0, 0, 0]
Round=0
Round=1
Round=2
Round=3
Round=4
Round=5
Round=6
Round=7
Round=8
Round=9
Round=10
Round=11
Round=12
Round=13
Round=14
current privacy cost of all clients:  [0.6900338711482631, 0.4364746534737748, 0.6276822004231332, 0.9020013923888056, 0.2537990314133135, 0.3590420911812761, 0.496521478756058, 1.4795995824414296, 8.118065224632089, 0.5308278278358338]
Round=14, per client global perf=[0.7225, 0.7907, 0.6515, 0.6549, 0.8461, 0.8338, 0.8205, 0.7471, 0.7106, 0.7348], mean perf=15037/20014 (0.7513%)
Round=14, per client personal perf=[0.9838, 0.9819, 0.9706, 0.9706, 0.9897, 0.9681, 0.9696, 0.9799, 0.9434, 0.8748], mean perf=19303/20014 (0.9645%)
Round=14, per client personal pooled=[0.4685, 0.4814, 0.4935, 0.4909, 0.4865, 0.4796, 0.4878, 0.4786, 0.4731, 0.3755], mean perf=94372/200140 (0.4715%)
Mean performance of ditto rpdp global, Perf=0.7193, seed=42
Mean performance of ditto rpdp personal, Perf=0.9636, seed=42
Mean performance of ditto rpdp pooled, Perf=0.4714, seed=42
Client 0: avg epsilon = 0.9013
Client 1: avg epsilon = 0.2965
Client 2: avg epsilon = 1.1218
Client 3: avg epsilon = 1.2589
Client 4: avg epsilon = 0.1149
Client 5: avg epsilon = 0.2804
Client 6: avg epsilon = 0.3012
Client 7: avg epsilon = 1.5331
Client 8: avg epsilon = 1.3353
Client 9: avg epsilon = 0.5659
 We run FedAvg with rPDP (BoundedMixGauss-0) ...
max_epsilon :  10.0  noise_multiplier :  9.736328125
The R-Squared value of the best-fit curve : 0.999749898528281
learning rate =  0.01
sample_rate: (min) 0.03, (max) 0.56, expected_batch_size: 493
sample_rate: (min) 0.03, (max) 0.16, expected_batch_size: 215
sample_rate: (min) 0.03, (max) 0.59, expected_batch_size: 600
sample_rate: (min) 0.03, (max) 0.62, expected_batch_size: 664
sample_rate: (min) 0.03, (max) 0.03, expected_batch_size: 109
sample_rate: (min) 0.03, (max) 0.15, expected_batch_size: 206
sample_rate: (min) 0.03, (max) 0.16, expected_batch_size: 210
sample_rate: (min) 0.03, (max) 0.65, expected_batch_size: 810
sample_rate: (min) 0.03, (max) 0.79, expected_batch_size: 676
sample_rate: (min) 0.03, (max) 0.19, expected_batch_size: 321
initial privacy cost of all clients:  [0, 0, 0, 0, 0, 0, 0, 0, 0, 0]
Round=0
Round=1
Round=2
Round=3
Round=4
Round=5
Round=6
Round=7
Round=8
Round=9
Round=10
Round=11
Round=12
Round=13
Round=14
current privacy cost of all clients:  [3.239357095723892, 0.7183551116823591, 2.738589241019812, 3.383455485794296, 0.11540859791906656, 0.6613141025505981, 0.7853311326325294, 4.430527245721282, 5.922965857975325, 0.7615408867744656]
Round=14, per client global perf=[0.6368, 0.7162, 0.6191, 0.5642, 0.7877, 0.8387, 0.8626, 0.7794, 0.7561, 0.736], mean perf=14592/20014 (0.7291%)
Round=14, per client personal perf=[0.9784, 0.9721, 0.9657, 0.9784, 0.9828, 0.9716, 0.9716, 0.9691, 0.9459, 0.881], mean perf=19269/20014 (0.9628%)
Round=14, per client personal pooled=[0.4662, 0.4844, 0.4896, 0.4954, 0.4851, 0.4823, 0.4892, 0.4751, 0.4748, 0.3808], mean perf=94522/200140 (0.4723%)
Mean performance of ditto rpdp global, Perf=0.6736, seed=42
Mean performance of ditto rpdp personal, Perf=0.9613, seed=42
Mean performance of ditto rpdp pooled, Perf=0.4717, seed=42
Finished seed 42
----------------------------------------
Running seed 43
/Users/shegao_t1/DP_Research/Personal_DP_Personal_FL/rpdp_fl/experiments/datasets/fed_mnist/niid_10_5way_1200shot

Client 0 label distribution:
[(3, 772), (4, 812), (5, 794), (6, 792), (9, 790)]

Client 1 label distribution:
[(2, 769), (3, 793), (4, 782), (5, 804), (8, 812)]

Client 2 label distribution:
[(0, 808), (2, 768), (3, 803), (7, 802), (9, 779)]

Client 3 label distribution:
[(2, 794), (3, 797), (5, 767), (7, 799), (9, 803)]

Client 4 label distribution:
[(0, 771), (1, 805), (3, 818), (4, 803), (5, 763)]

Client 5 label distribution:
[(0, 811), (2, 791), (4, 778), (6, 803), (7, 777)]

Client 6 label distribution:
[(0, 784), (1, 798), (2, 784), (4, 656), (8, 806)]

Client 7 label distribution:
[(1, 797), (6, 779), (7, 779), (8, 796), (9, 809)]

Client 8 label distribution:
[(0, 803), (1, 772), (6, 802), (8, 801), (9, 697)]

Client 9 label distribution:
[(1, 810), (5, 788), (6, 259), (7, 759), (8, 809)]
Client 0: avg epsilon = 1.0775
Client 1: avg epsilon = 0.2845
Client 2: avg epsilon = 1.2091
Client 3: avg epsilon = 1.2752
Client 4: avg epsilon = 0.1000
Client 5: avg epsilon = 0.2766
Client 6: avg epsilon = 0.2895
Client 7: avg epsilon = 1.4590
Client 8: avg epsilon = 1.1674
Client 9: avg epsilon = 0.5214
 We run FedAvg with rPDP (ThreeLevels-0) ...
max_epsilon :  10.0  noise_multiplier :  9.736328125
The R-Squared value of the best-fit curve : 0.999749898528281
learning rate =  0.01
sample_rate: (min) 0.03, (max) 0.61, expected_batch_size: 559
sample_rate: (min) 0.03, (max) 0.16, expected_batch_size: 207
sample_rate: (min) 0.03, (max) 0.61, expected_batch_size: 637
sample_rate: (min) 0.03, (max) 0.61, expected_batch_size: 673
sample_rate: (min) 0.03, (max) 0.03, expected_batch_size: 99
sample_rate: (min) 0.03, (max) 0.16, expected_batch_size: 203
sample_rate: (min) 0.03, (max) 0.16, expected_batch_size: 203
sample_rate: (min) 0.03, (max) 0.61, expected_batch_size: 779
sample_rate: (min) 0.03, (max) 0.61, expected_batch_size: 609
sample_rate: (min) 0.03, (max) 0.61, expected_batch_size: 298
initial privacy cost of all clients:  [0, 0, 0, 0, 0, 0, 0, 0, 0, 0]
Round=0
Round=1
Round=2
Round=3
Round=4
Round=5
Round=6
Round=7
Round=8
Round=9
Round=10
Round=11
Round=12
Round=13
Round=14
current privacy cost of all clients:  [3.8048372549984366, 0.7046321452486275, 3.3043856205918876, 3.8048372549984366, 0.05997229379927632, 0.7046321452486275, 0.6093162705378211, 2.1521425035466386, 3.0541598033886133, 4.055063072201711]
Round=14, per client global perf=[0.4054, 0.2652, 0.5279, 0.523, 0.2338, 0.3853, 0.3387, 0.7127, 0.5468, 0.5473], mean perf=8955/20014 (0.4474%)
Round=14, per client personal perf=[0.9721, 0.9672, 0.9667, 0.976, 0.9863, 0.9789, 0.9757, 0.9559, 0.9329, 0.885], mean perf=19227/20014 (0.9607%)
Round=14, per client personal pooled=[0.4633, 0.4749, 0.4899, 0.4921, 0.4882, 0.4847, 0.4899, 0.4693, 0.4663, 0.3861], mean perf=94158/200140 (0.4705%)
Mean performance of ditto rpdp global, Perf=0.4653, seed=43
Mean performance of ditto rpdp personal, Perf=0.9566, seed=43
Mean performance of ditto rpdp pooled, Perf=0.4713, seed=43
Client 0: avg epsilon = 0.4112
Client 1: avg epsilon = 0.3142
Client 2: avg epsilon = 0.3983
Client 3: avg epsilon = 0.4927
Client 4: avg epsilon = 0.2171
Client 5: avg epsilon = 0.2951
Client 6: avg epsilon = 0.2799
Client 7: avg epsilon = 0.6772
Client 8: avg epsilon = 0.8044
Client 9: avg epsilon = 0.4780
 We run FedAvg with rPDP (BoundedPareto-0) ...
max_epsilon :  10.0  noise_multiplier :  9.736328125
The R-Squared value of the best-fit curve : 0.999749898528281
learning rate =  0.01
sample_rate: (min) 0.04, (max) 0.16, expected_batch_size: 286
sample_rate: (min) 0.03, (max) 0.11, expected_batch_size: 230
sample_rate: (min) 0.03, (max) 0.18, expected_batch_size: 276
sample_rate: (min) 0.04, (max) 0.21, expected_batch_size: 331
sample_rate: (min) 0.03, (max) 0.06, expected_batch_size: 171
sample_rate: (min) 0.03, (max) 0.09, expected_batch_size: 218
sample_rate: (min) 0.03, (max) 0.11, expected_batch_size: 201
sample_rate: (min) 0.03, (max) 0.27, expected_batch_size: 435
sample_rate: (min) 0.03, (max) 1.0, expected_batch_size: 471
sample_rate: (min) 0.03, (max) 0.14, expected_batch_size: 282
initial privacy cost of all clients:  [0, 0, 0, 0, 0, 0, 0, 0, 0, 0]
Round=0
Round=1
Round=2
Round=3
Round=4
Round=5
Round=6
Round=7
Round=8
Round=9
Round=10
Round=11
Round=12
Round=13
Round=14
current privacy cost of all clients:  [0.7373337984015426, 0.4379227448896392, 0.7432715464651029, 1.0289056818910758, 0.18818817298350093, 0.3625272812125309, 0.40478381847721895, 0.8256683992939291, 5.727361884269555, 0.6958934765955246]
Round=14, per client global perf=[0.6422, 0.3569, 0.5515, 0.6358, 0.4353, 0.4221, 0.3063, 0.7407, 0.5884, 0.5751], mean perf=10514/20014 (0.5253%)
Round=14, per client personal perf=[0.974, 0.9725, 0.973, 0.9755, 0.9858, 0.9632, 0.9645, 0.9314, 0.9369, 0.8844], mean perf=19156/20014 (0.9571%)
Round=14, per client personal pooled=[0.4646, 0.4787, 0.4937, 0.4959, 0.487, 0.4792, 0.4845, 0.4558, 0.4709, 0.3797], mean perf=93865/200140 (0.4690%)
Mean performance of ditto rpdp global, Perf=0.5427, seed=43
Mean performance of ditto rpdp personal, Perf=0.9553, seed=43
Mean performance of ditto rpdp pooled, Perf=0.4684, seed=43
Client 0: avg epsilon = 0.9717
Client 1: avg epsilon = 0.2984
Client 2: avg epsilon = 1.1612
Client 3: avg epsilon = 1.2646
Client 4: avg epsilon = 0.1153
Client 5: avg epsilon = 0.2826
Client 6: avg epsilon = 0.3031
Client 7: avg epsilon = 1.5395
Client 8: avg epsilon = 1.3422
Client 9: avg epsilon = 0.6197
 We run FedAvg with rPDP (BoundedMixGauss-0) ...
max_epsilon :  10.0  noise_multiplier :  9.736328125
The R-Squared value of the best-fit curve : 0.999749898528281
learning rate =  0.01
sample_rate: (min) 0.03, (max) 0.57, expected_batch_size: 524
sample_rate: (min) 0.03, (max) 0.16, expected_batch_size: 216
sample_rate: (min) 0.03, (max) 0.6, expected_batch_size: 621
sample_rate: (min) 0.03, (max) 0.62, expected_batch_size: 667
sample_rate: (min) 0.03, (max) 0.03, expected_batch_size: 109
sample_rate: (min) 0.03, (max) 0.15, expected_batch_size: 207
sample_rate: (min) 0.03, (max) 0.17, expected_batch_size: 211
sample_rate: (min) 0.03, (max) 0.65, expected_batch_size: 813
sample_rate: (min) 0.03, (max) 0.75, expected_batch_size: 679
sample_rate: (min) 0.03, (max) 0.5, expected_batch_size: 344
initial privacy cost of all clients:  [0, 0, 0, 0, 0, 0, 0, 0, 0, 0]
Round=0
Round=1
Round=2
Round=3
Round=4
Round=5
Round=6
Round=7
Round=8
Round=9
Round=10
Round=11
Round=12
Round=13
Round=14
current privacy cost of all clients:  [3.4898902059364203, 0.7247376726181795, 3.228910041910707, 3.9150741574125867, 0.08442481810711515, 0.6677009275053235, 0.6438493598468139, 2.33482116763611, 4.078778062978832, 3.1675097545911566]
Round=14, per client global perf=[0.452, 0.2696, 0.4951, 0.5211, 0.2456, 0.373, 0.3053, 0.7441, 0.5628, 0.5671], mean perf=9052/20014 (0.4523%)
Round=14, per client personal perf=[0.975, 0.9613, 0.9696, 0.9721, 0.9853, 0.973, 0.9518, 0.9343, 0.9324, 0.8822], mean perf=19108/20014 (0.9547%)
Round=14, per client personal pooled=[0.4654, 0.4732, 0.4929, 0.4968, 0.486, 0.4843, 0.4799, 0.4527, 0.4668, 0.3801], mean perf=93628/200140 (0.4678%)
Mean performance of ditto rpdp global, Perf=0.4718, seed=43
Mean performance of ditto rpdp personal, Perf=0.9513, seed=43
Mean performance of ditto rpdp pooled, Perf=0.4668, seed=43
Finished seed 43
----------------------------------------
Running seed 44
/Users/shegao_t1/DP_Research/Personal_DP_Personal_FL/rpdp_fl/experiments/datasets/fed_mnist/niid_10_5way_1200shot

Client 0 label distribution:
[(3, 772), (4, 812), (5, 794), (6, 792), (9, 790)]

Client 1 label distribution:
[(2, 769), (3, 793), (4, 782), (5, 804), (8, 812)]

Client 2 label distribution:
[(0, 808), (2, 768), (3, 803), (7, 802), (9, 779)]

Client 3 label distribution:
[(2, 794), (3, 797), (5, 767), (7, 799), (9, 803)]

Client 4 label distribution:
[(0, 771), (1, 805), (3, 818), (4, 803), (5, 763)]

Client 5 label distribution:
[(0, 811), (2, 791), (4, 778), (6, 803), (7, 777)]

Client 6 label distribution:
[(0, 784), (1, 798), (2, 784), (4, 656), (8, 806)]

Client 7 label distribution:
[(1, 797), (6, 779), (7, 779), (8, 796), (9, 809)]

Client 8 label distribution:
[(0, 803), (1, 772), (6, 802), (8, 801), (9, 697)]

Client 9 label distribution:
[(1, 810), (5, 788), (6, 259), (7, 759), (8, 809)]
Client 0: avg epsilon = 1.0775
Client 1: avg epsilon = 0.2845
Client 2: avg epsilon = 1.2091
Client 3: avg epsilon = 1.2752
Client 4: avg epsilon = 0.1000
Client 5: avg epsilon = 0.2766
Client 6: avg epsilon = 0.2895
Client 7: avg epsilon = 1.4590
Client 8: avg epsilon = 1.1674
Client 9: avg epsilon = 0.5214
 We run FedAvg with rPDP (ThreeLevels-0) ...
max_epsilon :  10.0  noise_multiplier :  9.736328125
The R-Squared value of the best-fit curve : 0.999749898528281
learning rate =  0.01
sample_rate: (min) 0.03, (max) 0.61, expected_batch_size: 559
sample_rate: (min) 0.03, (max) 0.16, expected_batch_size: 207
sample_rate: (min) 0.03, (max) 0.61, expected_batch_size: 637
sample_rate: (min) 0.03, (max) 0.61, expected_batch_size: 673
sample_rate: (min) 0.03, (max) 0.03, expected_batch_size: 99
sample_rate: (min) 0.03, (max) 0.16, expected_batch_size: 203
sample_rate: (min) 0.03, (max) 0.16, expected_batch_size: 203
sample_rate: (min) 0.03, (max) 0.61, expected_batch_size: 779
sample_rate: (min) 0.03, (max) 0.61, expected_batch_size: 609
sample_rate: (min) 0.03, (max) 0.61, expected_batch_size: 298
initial privacy cost of all clients:  [0, 0, 0, 0, 0, 0, 0, 0, 0, 0]
Round=0
Round=1
Round=2
Round=3
Round=4
Round=5
Round=6
Round=7
Round=8
Round=9
Round=10
Round=11
Round=12
Round=13
Round=14
current privacy cost of all clients:  [3.8048372549984366, 0.8686164030477299, 3.8048372549984366, 2.1521425035466386, 0.09280122601357536, 0.6093162705378211, 0.5558558712260362, 3.0541598033886133, 2.8039339861853394, 3.554611437795162]
Round=14, per client global perf=[0.4907, 0.724, 0.6662, 0.6152, 0.7623, 0.6833, 0.8529, 0.6363, 0.5869, 0.6816], mean perf=13396/20014 (0.6693%)
Round=14, per client personal perf=[0.9603, 0.9824, 0.974, 0.9426, 0.9843, 0.9711, 0.9691, 0.974, 0.9259, 0.834], mean perf=19081/20014 (0.9534%)
Round=14, per client personal pooled=[0.4583, 0.4788, 0.496, 0.4708, 0.4838, 0.4811, 0.4873, 0.4761, 0.4656, 0.3916], mean perf=93851/200140 (0.4689%)
Mean performance of ditto rpdp global, Perf=0.6535, seed=44
Mean performance of ditto rpdp personal, Perf=0.9527, seed=44
Mean performance of ditto rpdp pooled, Perf=0.4685, seed=44
Client 0: avg epsilon = 0.4096
Client 1: avg epsilon = 0.3121
Client 2: avg epsilon = 0.3992
Client 3: avg epsilon = 0.4931
Client 4: avg epsilon = 0.2149
Client 5: avg epsilon = 0.2939
Client 6: avg epsilon = 0.2797
Client 7: avg epsilon = 0.6783
Client 8: avg epsilon = 0.7919
Client 9: avg epsilon = 0.4782
 We run FedAvg with rPDP (BoundedPareto-0) ...
max_epsilon :  10.0  noise_multiplier :  9.736328125
The R-Squared value of the best-fit curve : 0.999749898528281
learning rate =  0.01
sample_rate: (min) 0.04, (max) 0.16, expected_batch_size: 285
sample_rate: (min) 0.03, (max) 0.11, expected_batch_size: 228
sample_rate: (min) 0.03, (max) 0.18, expected_batch_size: 277
sample_rate: (min) 0.04, (max) 0.21, expected_batch_size: 331
sample_rate: (min) 0.03, (max) 0.06, expected_batch_size: 170
sample_rate: (min) 0.03, (max) 0.09, expected_batch_size: 218
sample_rate: (min) 0.03, (max) 0.11, expected_batch_size: 201
sample_rate: (min) 0.03, (max) 0.27, expected_batch_size: 436
sample_rate: (min) 0.03, (max) 1.0, expected_batch_size: 466
sample_rate: (min) 0.03, (max) 0.14, expected_batch_size: 282
initial privacy cost of all clients:  [0, 0, 0, 0, 0, 0, 0, 0, 0, 0]
Round=0
Round=1
Round=2
Round=3
Round=4
Round=5
Round=6
Round=7
Round=8
Round=9
Round=10
Round=11
Round=12
Round=13
Round=14
current privacy cost of all clients:  [0.7421538563352587, 0.5432249402373304, 0.8558535483596938, 0.5992389894760695, 0.280968063236125, 0.3133027676317989, 0.37346799019303517, 1.1428677350263499, 5.189319301399437, 0.6219971774080287]
Round=14, per client global perf=[0.6176, 0.7676, 0.6426, 0.6529, 0.8765, 0.724, 0.8134, 0.6637, 0.6289, 0.7394], mean perf=14253/20014 (0.7122%)
Round=14, per client personal perf=[0.9863, 0.977, 0.9794, 0.952, 0.9863, 0.9711, 0.967, 0.9735, 0.9364, 0.8799], mean perf=19254/20014 (0.9620%)
Round=14, per client personal pooled=[0.4702, 0.4803, 0.4954, 0.4821, 0.4871, 0.4836, 0.488, 0.4761, 0.4717, 0.386], mean perf=94475/200140 (0.4720%)
Mean performance of ditto rpdp global, Perf=0.6940, seed=44
Mean performance of ditto rpdp personal, Perf=0.9585, seed=44
Mean performance of ditto rpdp pooled, Perf=0.4709, seed=44
Client 0: avg epsilon = 0.9690
Client 1: avg epsilon = 0.2967
Client 2: avg epsilon = 1.1296
Client 3: avg epsilon = 1.2625
Client 4: avg epsilon = 0.1148
Client 5: avg epsilon = 0.2806
Client 6: avg epsilon = 0.3016
Client 7: avg epsilon = 1.5377
Client 8: avg epsilon = 1.3388
Client 9: avg epsilon = 0.6141
 We run FedAvg with rPDP (BoundedMixGauss-0) ...
max_epsilon :  10.0  noise_multiplier :  9.736328125
The R-Squared value of the best-fit curve : 0.999749898528281
learning rate =  0.01
sample_rate: (min) 0.03, (max) 0.57, expected_batch_size: 523
sample_rate: (min) 0.03, (max) 0.16, expected_batch_size: 215
sample_rate: (min) 0.03, (max) 0.6, expected_batch_size: 603
sample_rate: (min) 0.03, (max) 0.62, expected_batch_size: 666
sample_rate: (min) 0.03, (max) 0.03, expected_batch_size: 109
sample_rate: (min) 0.03, (max) 0.15, expected_batch_size: 206
sample_rate: (min) 0.03, (max) 0.16, expected_batch_size: 210
sample_rate: (min) 0.03, (max) 0.65, expected_batch_size: 812
sample_rate: (min) 0.03, (max) 0.77, expected_batch_size: 677
sample_rate: (min) 0.03, (max) 0.5, expected_batch_size: 341
initial privacy cost of all clients:  [0, 0, 0, 0, 0, 0, 0, 0, 0, 0]
Round=0
Round=1
Round=2
Round=3
Round=4
Round=5
Round=6
Round=7
Round=8
Round=9
Round=10
Round=11
Round=12
Round=13
Round=14
current privacy cost of all clients:  [3.4804731187448077, 0.8878437167879509, 3.7075250470586214, 2.2061265325045243, 0.12858210849485086, 0.5725215842944407, 0.5847452197808856, 3.306785397967515, 3.744154547986864, 2.8380525151047395]
Round=14, per client global perf=[0.5632, 0.752, 0.6632, 0.6417, 0.7985, 0.7181, 0.8387, 0.6745, 0.6219, 0.711], mean perf=13966/20014 (0.6978%)
Round=14, per client personal perf=[0.9828, 0.9554, 0.9725, 0.9461, 0.9897, 0.9686, 0.9675, 0.9745, 0.9349, 0.8499], mean perf=19126/20014 (0.9556%)
Round=14, per client personal pooled=[0.4687, 0.4693, 0.492, 0.4762, 0.486, 0.4794, 0.4872, 0.475, 0.4713, 0.4143], mean perf=94453/200140 (0.4719%)
Mean performance of ditto rpdp global, Perf=0.6765, seed=44
Mean performance of ditto rpdp personal, Perf=0.9574, seed=44
Mean performance of ditto rpdp pooled, Perf=0.4699, seed=44
Finished seed 44
----------------------------------------
Running seed 45
/Users/shegao_t1/DP_Research/Personal_DP_Personal_FL/rpdp_fl/experiments/datasets/fed_mnist/niid_10_5way_1200shot

Client 0 label distribution:
[(3, 772), (4, 812), (5, 794), (6, 792), (9, 790)]

Client 1 label distribution:
[(2, 769), (3, 793), (4, 782), (5, 804), (8, 812)]

Client 2 label distribution:
[(0, 808), (2, 768), (3, 803), (7, 802), (9, 779)]

Client 3 label distribution:
[(2, 794), (3, 797), (5, 767), (7, 799), (9, 803)]

Client 4 label distribution:
[(0, 771), (1, 805), (3, 818), (4, 803), (5, 763)]

Client 5 label distribution:
[(0, 811), (2, 791), (4, 778), (6, 803), (7, 777)]

Client 6 label distribution:
[(0, 784), (1, 798), (2, 784), (4, 656), (8, 806)]

Client 7 label distribution:
[(1, 797), (6, 779), (7, 779), (8, 796), (9, 809)]

Client 8 label distribution:
[(0, 803), (1, 772), (6, 802), (8, 801), (9, 697)]

Client 9 label distribution:
[(1, 810), (5, 788), (6, 259), (7, 759), (8, 809)]
Client 0: avg epsilon = 1.0775
Client 1: avg epsilon = 0.2845
Client 2: avg epsilon = 1.2091
Client 3: avg epsilon = 1.2752
Client 4: avg epsilon = 0.1000
Client 5: avg epsilon = 0.2766
Client 6: avg epsilon = 0.2895
Client 7: avg epsilon = 1.4590
Client 8: avg epsilon = 1.1674
Client 9: avg epsilon = 0.5214
 We run FedAvg with rPDP (ThreeLevels-0) ...
max_epsilon :  10.0  noise_multiplier :  9.736328125
The R-Squared value of the best-fit curve : 0.999749898528281
learning rate =  0.01
sample_rate: (min) 0.03, (max) 0.61, expected_batch_size: 559
sample_rate: (min) 0.03, (max) 0.16, expected_batch_size: 207
sample_rate: (min) 0.03, (max) 0.61, expected_batch_size: 637
sample_rate: (min) 0.03, (max) 0.61, expected_batch_size: 673
sample_rate: (min) 0.03, (max) 0.03, expected_batch_size: 99
sample_rate: (min) 0.03, (max) 0.16, expected_batch_size: 203
sample_rate: (min) 0.03, (max) 0.16, expected_batch_size: 203
sample_rate: (min) 0.03, (max) 0.61, expected_batch_size: 779
sample_rate: (min) 0.03, (max) 0.61, expected_batch_size: 609
sample_rate: (min) 0.03, (max) 0.61, expected_batch_size: 298
initial privacy cost of all clients:  [0, 0, 0, 0, 0, 0, 0, 0, 0, 0]
Round=0
Round=1
Round=2
Round=3
Round=4
Round=5
Round=6
Round=7
Round=8
Round=9
Round=10
Round=11
Round=12
Round=13
Round=14
current privacy cost of all clients:  [3.554611437795162, 0.7046321452486275, 3.3043856205918876, 2.502378074621252, 0.0777036851988212, 0.7915678459669535, 0.7046321452486275, 2.8039339861853394, 3.8048372549984366, 4.055063072201711]
Round=14, per client global perf=[0.4338, 0.3181, 0.7402, 0.5515, 0.4578, 0.674, 0.642, 0.8637, 0.8428, 0.6618], mean perf=12357/20014 (0.6174%)
Round=14, per client personal perf=[0.9642, 0.9784, 0.974, 0.9588, 0.9877, 0.9745, 0.9731, 0.9735, 0.9354, 0.8884], mean perf=19250/20014 (0.9618%)
Round=14, per client personal pooled=[0.4599, 0.4792, 0.4954, 0.482, 0.4867, 0.484, 0.4883, 0.4743, 0.4719, 0.3865], mean perf=94226/200140 (0.4708%)
Mean performance of ditto rpdp global, Perf=0.6393, seed=45
Mean performance of ditto rpdp personal, Perf=0.9591, seed=45
Mean performance of ditto rpdp pooled, Perf=0.4714, seed=45
Client 0: avg epsilon = 0.4082
Client 1: avg epsilon = 0.3123
Client 2: avg epsilon = 0.3959
Client 3: avg epsilon = 0.4899
Client 4: avg epsilon = 0.2158
Client 5: avg epsilon = 0.2945
Client 6: avg epsilon = 0.2792
Client 7: avg epsilon = 0.6768
Client 8: avg epsilon = 0.7948
Client 9: avg epsilon = 0.4770
 We run FedAvg with rPDP (BoundedPareto-0) ...
max_epsilon :  10.0  noise_multiplier :  9.736328125
The R-Squared value of the best-fit curve : 0.999749898528281
learning rate =  0.01
sample_rate: (min) 0.04, (max) 0.15, expected_batch_size: 284
sample_rate: (min) 0.03, (max) 0.11, expected_batch_size: 228
sample_rate: (min) 0.03, (max) 0.17, expected_batch_size: 275
sample_rate: (min) 0.04, (max) 0.21, expected_batch_size: 330
sample_rate: (min) 0.03, (max) 0.06, expected_batch_size: 171
sample_rate: (min) 0.03, (max) 0.09, expected_batch_size: 218
sample_rate: (min) 0.03, (max) 0.11, expected_batch_size: 201
sample_rate: (min) 0.03, (max) 0.27, expected_batch_size: 435
sample_rate: (min) 0.03, (max) 1.0, expected_batch_size: 467
sample_rate: (min) 0.03, (max) 0.14, expected_batch_size: 281
initial privacy cost of all clients:  [0, 0, 0, 0, 0, 0, 0, 0, 0, 0]
Round=0
Round=1
Round=2
Round=3
Round=4
Round=5
Round=6
Round=7
Round=8
Round=9
Round=10
Round=11
Round=12
Round=13
Round=14
current privacy cost of all clients:  [0.6885393526224254, 0.4389064957968366, 0.737287783279604, 0.6801454108049917, 0.23940251650636465, 0.40860585771208774, 0.47155104811049564, 1.0536496151827546, 7.341489632879909, 0.6904435819574529]
Round=14, per client global perf=[0.6691, 0.6005, 0.7578, 0.7152, 0.7025, 0.7716, 0.7703, 0.8471, 0.8403, 0.7167], mean perf=14792/20014 (0.7391%)
Round=14, per client personal perf=[0.9819, 0.9755, 0.9691, 0.9686, 0.9882, 0.9779, 0.9716, 0.977, 0.9369, 0.8714], mean perf=19275/20014 (0.9631%)
Round=14, per client personal pooled=[0.4691, 0.4794, 0.4927, 0.4909, 0.4873, 0.4843, 0.4889, 0.4765, 0.47, 0.3685], mean perf=94216/200140 (0.4708%)
Mean performance of ditto rpdp global, Perf=0.7274, seed=45
Mean performance of ditto rpdp personal, Perf=0.9640, seed=45
Mean performance of ditto rpdp pooled, Perf=0.4720, seed=45
Client 0: avg epsilon = 0.9777
Client 1: avg epsilon = 0.2979
Client 2: avg epsilon = 1.1623
Client 3: avg epsilon = 1.2664
Client 4: avg epsilon = 0.1152
Client 5: avg epsilon = 0.2823
Client 6: avg epsilon = 0.3029
Client 7: avg epsilon = 1.5416
Client 8: avg epsilon = 1.3410
Client 9: avg epsilon = 0.6458
 We run FedAvg with rPDP (BoundedMixGauss-0) ...
max_epsilon :  10.0  noise_multiplier :  9.736328125
The R-Squared value of the best-fit curve : 0.999749898528281
learning rate =  0.01
sample_rate: (min) 0.03, (max) 0.57, expected_batch_size: 527
sample_rate: (min) 0.03, (max) 0.16, expected_batch_size: 215
sample_rate: (min) 0.03, (max) 0.6, expected_batch_size: 621
sample_rate: (min) 0.03, (max) 0.62, expected_batch_size: 668
sample_rate: (min) 0.03, (max) 0.03, expected_batch_size: 109
sample_rate: (min) 0.03, (max) 0.15, expected_batch_size: 207
sample_rate: (min) 0.03, (max) 0.17, expected_batch_size: 211
sample_rate: (min) 0.03, (max) 0.65, expected_batch_size: 814
sample_rate: (min) 0.03, (max) 0.77, expected_batch_size: 678
sample_rate: (min) 0.03, (max) 0.51, expected_batch_size: 354
initial privacy cost of all clients:  [0, 0, 0, 0, 0, 0, 0, 0, 0, 0]
Round=0
Round=1
Round=2
Round=3
Round=4
Round=5
Round=6
Round=7
Round=8
Round=9
Round=10
Round=11
Round=12
Round=13
Round=14
current privacy cost of all clients:  [3.281140044471556, 0.7230627453849724, 3.2297684796546315, 2.577615543249246, 0.10877741890352152, 0.7472346093847001, 0.7453992738681744, 3.018353676476364, 5.099062056828933, 3.2317615453075352]
Round=14, per client global perf=[0.4804, 0.3397, 0.7309, 0.576, 0.4853, 0.6887, 0.6552, 0.8838, 0.8553, 0.6765], mean perf=12731/20014 (0.6361%)
Round=14, per client personal perf=[0.9799, 0.974, 0.9725, 0.9657, 0.9853, 0.9721, 0.9635, 0.9662, 0.9314, 0.8754], mean perf=19209/20014 (0.9598%)
Round=14, per client personal pooled=[0.4683, 0.4763, 0.493, 0.4848, 0.487, 0.4836, 0.4874, 0.4735, 0.4687, 0.3874], mean perf=94263/200140 (0.4710%)
Mean performance of ditto rpdp global, Perf=0.6708, seed=45
Mean performance of ditto rpdp personal, Perf=0.9592, seed=45
Mean performance of ditto rpdp pooled, Perf=0.4699, seed=45
Finished seed 45
----------------------------------------
Running seed 46
/Users/shegao_t1/DP_Research/Personal_DP_Personal_FL/rpdp_fl/experiments/datasets/fed_mnist/niid_10_5way_1200shot

Client 0 label distribution:
[(3, 772), (4, 812), (5, 794), (6, 792), (9, 790)]

Client 1 label distribution:
[(2, 769), (3, 793), (4, 782), (5, 804), (8, 812)]

Client 2 label distribution:
[(0, 808), (2, 768), (3, 803), (7, 802), (9, 779)]

Client 3 label distribution:
[(2, 794), (3, 797), (5, 767), (7, 799), (9, 803)]

Client 4 label distribution:
[(0, 771), (1, 805), (3, 818), (4, 803), (5, 763)]

Client 5 label distribution:
[(0, 811), (2, 791), (4, 778), (6, 803), (7, 777)]

Client 6 label distribution:
[(0, 784), (1, 798), (2, 784), (4, 656), (8, 806)]

Client 7 label distribution:
[(1, 797), (6, 779), (7, 779), (8, 796), (9, 809)]

Client 8 label distribution:
[(0, 803), (1, 772), (6, 802), (8, 801), (9, 697)]

Client 9 label distribution:
[(1, 810), (5, 788), (6, 259), (7, 759), (8, 809)]
Client 0: avg epsilon = 1.0775
Client 1: avg epsilon = 0.2845
Client 2: avg epsilon = 1.2091
Client 3: avg epsilon = 1.2752
Client 4: avg epsilon = 0.1000
Client 5: avg epsilon = 0.2766
Client 6: avg epsilon = 0.2895
Client 7: avg epsilon = 1.4590
Client 8: avg epsilon = 1.1674
Client 9: avg epsilon = 0.5214
 We run FedAvg with rPDP (ThreeLevels-0) ...
max_epsilon :  10.0  noise_multiplier :  9.736328125
The R-Squared value of the best-fit curve : 0.999749898528281
learning rate =  0.01
sample_rate: (min) 0.03, (max) 0.61, expected_batch_size: 559
sample_rate: (min) 0.03, (max) 0.16, expected_batch_size: 207
sample_rate: (min) 0.03, (max) 0.61, expected_batch_size: 637
sample_rate: (min) 0.03, (max) 0.61, expected_batch_size: 673
sample_rate: (min) 0.03, (max) 0.03, expected_batch_size: 99
sample_rate: (min) 0.03, (max) 0.16, expected_batch_size: 203
sample_rate: (min) 0.03, (max) 0.16, expected_batch_size: 203
sample_rate: (min) 0.03, (max) 0.61, expected_batch_size: 779
sample_rate: (min) 0.03, (max) 0.61, expected_batch_size: 609
sample_rate: (min) 0.03, (max) 0.61, expected_batch_size: 298
initial privacy cost of all clients:  [0, 0, 0, 0, 0, 0, 0, 0, 0, 0]
Round=0
Round=1
Round=2
Round=3
Round=4
Round=5
Round=6
Round=7
Round=8
Round=9
Round=10
Round=11
Round=12
Round=13
Round=14
current privacy cost of all clients:  [3.3043856205918876, 0.7482516858029494, 3.3043856205918876, 3.554611437795162, 0.07214729257008984, 0.7046321452486275, 0.7046321452486275, 4.305288889404985, 4.055063072201711, 3.554611437795162]
Round=14, per client global perf=[0.6814, 0.6569, 0.8319, 0.8191, 0.6711, 0.7098, 0.7262, 0.8691, 0.8127, 0.7286], mean perf=15029/20014 (0.7509%)
Round=14, per client personal perf=[0.9716, 0.9632, 0.9578, 0.9755, 0.9887, 0.9833, 0.9645, 0.9745, 0.9364, 0.8799], mean perf=19227/20014 (0.9607%)
Round=14, per client personal pooled=[0.4644, 0.4749, 0.4896, 0.489, 0.4848, 0.4855, 0.4871, 0.4747, 0.4717, 0.3879], mean perf=94257/200140 (0.4710%)
Mean performance of ditto rpdp global, Perf=0.7292, seed=46
Mean performance of ditto rpdp personal, Perf=0.9604, seed=46
Mean performance of ditto rpdp pooled, Perf=0.4724, seed=46
Client 0: avg epsilon = 0.4068
Client 1: avg epsilon = 0.3100
Client 2: avg epsilon = 0.3946
Client 3: avg epsilon = 0.4892
Client 4: avg epsilon = 0.2153
Client 5: avg epsilon = 0.2914
Client 6: avg epsilon = 0.2770
Client 7: avg epsilon = 0.6709
Client 8: avg epsilon = 0.7968
Client 9: avg epsilon = 0.4730
 We run FedAvg with rPDP (BoundedPareto-0) ...
max_epsilon :  10.0  noise_multiplier :  9.736328125
The R-Squared value of the best-fit curve : 0.999749898528281
learning rate =  0.01
sample_rate: (min) 0.04, (max) 0.16, expected_batch_size: 283
sample_rate: (min) 0.03, (max) 0.1, expected_batch_size: 227
sample_rate: (min) 0.03, (max) 0.17, expected_batch_size: 274
sample_rate: (min) 0.04, (max) 0.21, expected_batch_size: 329
sample_rate: (min) 0.03, (max) 0.06, expected_batch_size: 170
sample_rate: (min) 0.03, (max) 0.09, expected_batch_size: 216
sample_rate: (min) 0.03, (max) 0.11, expected_batch_size: 200
sample_rate: (min) 0.03, (max) 0.27, expected_batch_size: 432
sample_rate: (min) 0.03, (max) 1.0, expected_batch_size: 468
sample_rate: (min) 0.03, (max) 0.14, expected_batch_size: 279
initial privacy cost of all clients:  [0, 0, 0, 0, 0, 0, 0, 0, 0, 0]
Round=0
Round=1
Round=2
Round=3
Round=4
Round=5
Round=6
Round=7
Round=8
Round=9
Round=10
Round=11
Round=12
Round=13
Round=14
current privacy cost of all clients:  [0.6438092609216902, 0.4572521652430379, 0.7413945202453217, 0.962070027753649, 0.22162381889959434, 0.35721990258347414, 0.4642028669509737, 1.5774690487650924, 7.879532215750026, 0.6137692703532428]
Round=14, per client global perf=[0.8137, 0.825, 0.7701, 0.8412, 0.7863, 0.8078, 0.7723, 0.8225, 0.7186, 0.7263], mean perf=15800/20014 (0.7894%)
Round=14, per client personal perf=[0.974, 0.9613, 0.9686, 0.9583, 0.9824, 0.976, 0.966, 0.9848, 0.9324, 0.8674], mean perf=19181/20014 (0.9584%)
Round=14, per client personal pooled=[0.4653, 0.4754, 0.4936, 0.4856, 0.483, 0.4849, 0.4852, 0.4779, 0.4726, 0.363], mean perf=93795/200140 (0.4686%)
Mean performance of ditto rpdp global, Perf=0.7632, seed=46
Mean performance of ditto rpdp personal, Perf=0.9577, seed=46
Mean performance of ditto rpdp pooled, Perf=0.4712, seed=46
Client 0: avg epsilon = 0.8994
Client 1: avg epsilon = 0.2962
Client 2: avg epsilon = 1.1182
Client 3: avg epsilon = 1.2598
Client 4: avg epsilon = 0.1144
Client 5: avg epsilon = 0.2797
Client 6: avg epsilon = 0.3009
Client 7: avg epsilon = 1.5364
Client 8: avg epsilon = 1.3403
Client 9: avg epsilon = 0.5667
 We run FedAvg with rPDP (BoundedMixGauss-0) ...
max_epsilon :  10.0  noise_multiplier :  9.736328125
The R-Squared value of the best-fit curve : 0.999749898528281
learning rate =  0.01
sample_rate: (min) 0.03, (max) 0.57, expected_batch_size: 493
sample_rate: (min) 0.03, (max) 0.16, expected_batch_size: 214
sample_rate: (min) 0.03, (max) 0.59, expected_batch_size: 597
sample_rate: (min) 0.03, (max) 0.62, expected_batch_size: 665
sample_rate: (min) 0.03, (max) 0.03, expected_batch_size: 108
sample_rate: (min) 0.03, (max) 0.15, expected_batch_size: 206
sample_rate: (min) 0.03, (max) 0.16, expected_batch_size: 210
sample_rate: (min) 0.03, (max) 0.65, expected_batch_size: 811
sample_rate: (min) 0.03, (max) 0.75, expected_batch_size: 677
sample_rate: (min) 0.03, (max) 0.19, expected_batch_size: 321
initial privacy cost of all clients:  [0, 0, 0, 0, 0, 0, 0, 0, 0, 0]
Round=0
Round=1
Round=2
Round=3
Round=4
Round=5
Round=6
Round=7
Round=8
Round=9
Round=10
Round=11
Round=12
Round=13
Round=14
current privacy cost of all clients:  [3.0335448814981376, 0.7634142321108327, 3.213026835304431, 3.654578881499142, 0.10031808520917192, 0.65991324230072, 0.7375647430033326, 4.637740505719468, 5.25008866728307, 0.8845506999063875]
Round=14, per client global perf=[0.7446, 0.6961, 0.8255, 0.8289, 0.7304, 0.752, 0.7495, 0.8691, 0.8127, 0.7292], mean perf=15499/20014 (0.7744%)
Round=14, per client personal perf=[0.9554, 0.9701, 0.9686, 0.9828, 0.9887, 0.9745, 0.9615, 0.9789, 0.9394, 0.8669], mean perf=19213/20014 (0.9600%)
Round=14, per client personal pooled=[0.4576, 0.4787, 0.4917, 0.4918, 0.4886, 0.484, 0.4834, 0.4771, 0.4727, 0.3728], mean perf=94033/200140 (0.4698%)
Mean performance of ditto rpdp global, Perf=0.7509, seed=46
Mean performance of ditto rpdp personal, Perf=0.9615, seed=46
Mean performance of ditto rpdp pooled, Perf=0.4719, seed=46
Finished seed 46
----------------------------------------
=== Running reg_param=0.001, num_steps=15 ===
Running seed 42
/Users/shegao_t1/DP_Research/Personal_DP_Personal_FL/rpdp_fl/experiments/datasets/fed_mnist/niid_10_5way_1200shot

Client 0 label distribution:
[(3, 772), (4, 812), (5, 794), (6, 792), (9, 790)]

Client 1 label distribution:
[(2, 769), (3, 793), (4, 782), (5, 804), (8, 812)]

Client 2 label distribution:
[(0, 808), (2, 768), (3, 803), (7, 802), (9, 779)]

Client 3 label distribution:
[(2, 794), (3, 797), (5, 767), (7, 799), (9, 803)]

Client 4 label distribution:
[(0, 771), (1, 805), (3, 818), (4, 803), (5, 763)]

Client 5 label distribution:
[(0, 811), (2, 791), (4, 778), (6, 803), (7, 777)]

Client 6 label distribution:
[(0, 784), (1, 798), (2, 784), (4, 656), (8, 806)]

Client 7 label distribution:
[(1, 797), (6, 779), (7, 779), (8, 796), (9, 809)]

Client 8 label distribution:
[(0, 803), (1, 772), (6, 802), (8, 801), (9, 697)]

Client 9 label distribution:
[(1, 810), (5, 788), (6, 259), (7, 759), (8, 809)]
Client 0: avg epsilon = 1.0775
Client 1: avg epsilon = 0.2845
Client 2: avg epsilon = 1.2091
Client 3: avg epsilon = 1.2752
Client 4: avg epsilon = 0.1000
Client 5: avg epsilon = 0.2766
Client 6: avg epsilon = 0.2895
Client 7: avg epsilon = 1.4590
Client 8: avg epsilon = 1.1674
Client 9: avg epsilon = 0.5214
 We run FedAvg with rPDP (ThreeLevels-0) ...
max_epsilon :  10.0  noise_multiplier :  9.736328125
The R-Squared value of the best-fit curve : 0.999749898528281
learning rate =  0.01
sample_rate: (min) 0.03, (max) 0.61, expected_batch_size: 559
sample_rate: (min) 0.03, (max) 0.16, expected_batch_size: 207
sample_rate: (min) 0.03, (max) 0.61, expected_batch_size: 637
sample_rate: (min) 0.03, (max) 0.61, expected_batch_size: 673
sample_rate: (min) 0.03, (max) 0.03, expected_batch_size: 99
sample_rate: (min) 0.03, (max) 0.16, expected_batch_size: 203
sample_rate: (min) 0.03, (max) 0.16, expected_batch_size: 203
sample_rate: (min) 0.03, (max) 0.61, expected_batch_size: 779
sample_rate: (min) 0.03, (max) 0.61, expected_batch_size: 609
sample_rate: (min) 0.03, (max) 0.61, expected_batch_size: 298
initial privacy cost of all clients:  [0, 0, 0, 0, 0, 0, 0, 0, 0, 0]
Round=0
Round=1
Round=2
Round=3
Round=4
Round=5
Round=6
Round=7
Round=8
Round=9
Round=10
Round=11
Round=12
Round=13
Round=14
current privacy cost of all clients:  [3.554611437795162, 0.7046321452486275, 2.8039339861853394, 3.3043856205918876, 0.08299634815037049, 0.7046321452486275, 0.7482516858029494, 4.055063072201711, 4.305288889404985, 3.0541598033886133]
Round=14, per client global perf=[0.6172, 0.674, 0.6211, 0.5564, 0.7279, 0.8299, 0.8489, 0.7873, 0.7576, 0.7144], mean perf=14268/20014 (0.7129%)
Round=14, per client personal perf=[0.9828, 0.9686, 0.9627, 0.9775, 0.9779, 0.9838, 0.9584, 0.9745, 0.9409, 0.8221], mean perf=19149/20014 (0.9568%)
Round=14, per client personal pooled=[0.4684, 0.4773, 0.4895, 0.4911, 0.4866, 0.4876, 0.484, 0.4746, 0.4726, 0.3715], mean perf=94127/200140 (0.4703%)
Mean performance of ditto rpdp global, Perf=0.6568, seed=42
Mean performance of ditto rpdp personal, Perf=0.9591, seed=42
Mean performance of ditto rpdp pooled, Perf=0.4713, seed=42
Client 0: avg epsilon = 0.4077
Client 1: avg epsilon = 0.3113
Client 2: avg epsilon = 0.3959
Client 3: avg epsilon = 0.4892
Client 4: avg epsilon = 0.2155
Client 5: avg epsilon = 0.2926
Client 6: avg epsilon = 0.2781
Client 7: avg epsilon = 0.6722
Client 8: avg epsilon = 0.7871
Client 9: avg epsilon = 0.4750
 We run FedAvg with rPDP (BoundedPareto-0) ...
max_epsilon :  10.0  noise_multiplier :  9.736328125
The R-Squared value of the best-fit curve : 0.999749898528281
learning rate =  0.01
sample_rate: (min) 0.04, (max) 0.16, expected_batch_size: 284
sample_rate: (min) 0.03, (max) 0.11, expected_batch_size: 228
sample_rate: (min) 0.03, (max) 0.18, expected_batch_size: 275
sample_rate: (min) 0.04, (max) 0.21, expected_batch_size: 329
sample_rate: (min) 0.03, (max) 0.06, expected_batch_size: 170
sample_rate: (min) 0.03, (max) 0.09, expected_batch_size: 217
sample_rate: (min) 0.03, (max) 0.11, expected_batch_size: 200
sample_rate: (min) 0.03, (max) 0.27, expected_batch_size: 433
sample_rate: (min) 0.03, (max) 0.98, expected_batch_size: 464
sample_rate: (min) 0.03, (max) 0.14, expected_batch_size: 280
initial privacy cost of all clients:  [0, 0, 0, 0, 0, 0, 0, 0, 0, 0]
Round=0
Round=1
Round=2
Round=3
Round=4
Round=5
Round=6
Round=7
Round=8
Round=9
Round=10
Round=11
Round=12
Round=13
Round=14
current privacy cost of all clients:  [0.6900338711482631, 0.4364746534737748, 0.6276822004231332, 0.9020013923888056, 0.2537990314133135, 0.3590420911812761, 0.496521478756058, 1.4795995824414296, 8.118065224632089, 0.5308278278358338]
Round=14, per client global perf=[0.7225, 0.7907, 0.6515, 0.6549, 0.8461, 0.8338, 0.8205, 0.7471, 0.7106, 0.7348], mean perf=15037/20014 (0.7513%)
Round=14, per client personal perf=[0.9824, 0.9799, 0.9745, 0.9637, 0.9877, 0.9784, 0.9726, 0.9843, 0.9429, 0.8737], mean perf=19319/20014 (0.9653%)
Round=14, per client personal pooled=[0.4682, 0.4806, 0.4937, 0.484, 0.4871, 0.4846, 0.4883, 0.4783, 0.4725, 0.3799], mean perf=94409/200140 (0.4717%)
Mean performance of ditto rpdp global, Perf=0.7193, seed=42
Mean performance of ditto rpdp personal, Perf=0.9630, seed=42
Mean performance of ditto rpdp pooled, Perf=0.4709, seed=42
Client 0: avg epsilon = 0.9013
Client 1: avg epsilon = 0.2965
Client 2: avg epsilon = 1.1218
Client 3: avg epsilon = 1.2589
Client 4: avg epsilon = 0.1149
Client 5: avg epsilon = 0.2804
Client 6: avg epsilon = 0.3012
Client 7: avg epsilon = 1.5331
Client 8: avg epsilon = 1.3353
Client 9: avg epsilon = 0.5659
 We run FedAvg with rPDP (BoundedMixGauss-0) ...
max_epsilon :  10.0  noise_multiplier :  9.736328125
The R-Squared value of the best-fit curve : 0.999749898528281
learning rate =  0.01
sample_rate: (min) 0.03, (max) 0.56, expected_batch_size: 493
sample_rate: (min) 0.03, (max) 0.16, expected_batch_size: 215
sample_rate: (min) 0.03, (max) 0.59, expected_batch_size: 600
sample_rate: (min) 0.03, (max) 0.62, expected_batch_size: 664
sample_rate: (min) 0.03, (max) 0.03, expected_batch_size: 109
sample_rate: (min) 0.03, (max) 0.15, expected_batch_size: 206
sample_rate: (min) 0.03, (max) 0.16, expected_batch_size: 210
sample_rate: (min) 0.03, (max) 0.65, expected_batch_size: 810
sample_rate: (min) 0.03, (max) 0.79, expected_batch_size: 676
sample_rate: (min) 0.03, (max) 0.19, expected_batch_size: 321
initial privacy cost of all clients:  [0, 0, 0, 0, 0, 0, 0, 0, 0, 0]
Round=0
Round=1
Round=2
Round=3
Round=4
Round=5
Round=6
Round=7
Round=8
Round=9
Round=10
Round=11
Round=12
Round=13
Round=14
current privacy cost of all clients:  [3.239357095723892, 0.7183551116823591, 2.738589241019812, 3.383455485794296, 0.11540859791906656, 0.6613141025505981, 0.7853311326325294, 4.430527245721282, 5.922965857975325, 0.7615408867744656]
Round=14, per client global perf=[0.6368, 0.7162, 0.6191, 0.5642, 0.7877, 0.8387, 0.8626, 0.7794, 0.7561, 0.736], mean perf=14592/20014 (0.7291%)
Round=14, per client personal perf=[0.9647, 0.976, 0.9672, 0.974, 0.9892, 0.9828, 0.9731, 0.9828, 0.9384, 0.8822], mean perf=19297/20014 (0.9642%)
Round=14, per client personal pooled=[0.462, 0.4808, 0.489, 0.4926, 0.489, 0.4869, 0.4903, 0.4792, 0.473, 0.3777], mean perf=94474/200140 (0.4720%)
Mean performance of ditto rpdp global, Perf=0.6736, seed=42
Mean performance of ditto rpdp personal, Perf=0.9612, seed=42
Mean performance of ditto rpdp pooled, Perf=0.4726, seed=42
Finished seed 42
----------------------------------------
Running seed 43
/Users/shegao_t1/DP_Research/Personal_DP_Personal_FL/rpdp_fl/experiments/datasets/fed_mnist/niid_10_5way_1200shot

Client 0 label distribution:
[(3, 772), (4, 812), (5, 794), (6, 792), (9, 790)]

Client 1 label distribution:
[(2, 769), (3, 793), (4, 782), (5, 804), (8, 812)]

Client 2 label distribution:
[(0, 808), (2, 768), (3, 803), (7, 802), (9, 779)]

Client 3 label distribution:
[(2, 794), (3, 797), (5, 767), (7, 799), (9, 803)]

Client 4 label distribution:
[(0, 771), (1, 805), (3, 818), (4, 803), (5, 763)]

Client 5 label distribution:
[(0, 811), (2, 791), (4, 778), (6, 803), (7, 777)]

Client 6 label distribution:
[(0, 784), (1, 798), (2, 784), (4, 656), (8, 806)]

Client 7 label distribution:
[(1, 797), (6, 779), (7, 779), (8, 796), (9, 809)]

Client 8 label distribution:
[(0, 803), (1, 772), (6, 802), (8, 801), (9, 697)]

Client 9 label distribution:
[(1, 810), (5, 788), (6, 259), (7, 759), (8, 809)]
Client 0: avg epsilon = 1.0775
Client 1: avg epsilon = 0.2845
Client 2: avg epsilon = 1.2091
Client 3: avg epsilon = 1.2752
Client 4: avg epsilon = 0.1000
Client 5: avg epsilon = 0.2766
Client 6: avg epsilon = 0.2895
Client 7: avg epsilon = 1.4590
Client 8: avg epsilon = 1.1674
Client 9: avg epsilon = 0.5214
 We run FedAvg with rPDP (ThreeLevels-0) ...
max_epsilon :  10.0  noise_multiplier :  9.736328125
The R-Squared value of the best-fit curve : 0.999749898528281
learning rate =  0.01
sample_rate: (min) 0.03, (max) 0.61, expected_batch_size: 559
sample_rate: (min) 0.03, (max) 0.16, expected_batch_size: 207
sample_rate: (min) 0.03, (max) 0.61, expected_batch_size: 637
sample_rate: (min) 0.03, (max) 0.61, expected_batch_size: 673
sample_rate: (min) 0.03, (max) 0.03, expected_batch_size: 99
sample_rate: (min) 0.03, (max) 0.16, expected_batch_size: 203
sample_rate: (min) 0.03, (max) 0.16, expected_batch_size: 203
sample_rate: (min) 0.03, (max) 0.61, expected_batch_size: 779
sample_rate: (min) 0.03, (max) 0.61, expected_batch_size: 609
sample_rate: (min) 0.03, (max) 0.61, expected_batch_size: 298
initial privacy cost of all clients:  [0, 0, 0, 0, 0, 0, 0, 0, 0, 0]
Round=0
Round=1
Round=2
Round=3
Round=4
Round=5
Round=6
Round=7
Round=8
Round=9
Round=10
Round=11
Round=12
Round=13
Round=14
current privacy cost of all clients:  [3.8048372549984366, 0.7046321452486275, 3.3043856205918876, 3.8048372549984366, 0.05997229379927632, 0.7046321452486275, 0.6093162705378211, 2.1521425035466386, 3.0541598033886133, 4.055063072201711]
Round=14, per client global perf=[0.4054, 0.2652, 0.5279, 0.523, 0.2338, 0.3853, 0.3387, 0.7127, 0.5468, 0.5473], mean perf=8955/20014 (0.4474%)
Round=14, per client personal perf=[0.9848, 0.9647, 0.9716, 0.975, 0.9877, 0.8971, 0.9741, 0.95, 0.9259, 0.8776], mean perf=19050/20014 (0.9518%)
Round=14, per client personal pooled=[0.4687, 0.4722, 0.4937, 0.4925, 0.487, 0.4428, 0.4912, 0.4645, 0.4648, 0.3803], mean perf=93217/200140 (0.4658%)
Mean performance of ditto rpdp global, Perf=0.4653, seed=43
Mean performance of ditto rpdp personal, Perf=0.9492, seed=43
Mean performance of ditto rpdp pooled, Perf=0.4665, seed=43
Client 0: avg epsilon = 0.4112
Client 1: avg epsilon = 0.3142
Client 2: avg epsilon = 0.3983
Client 3: avg epsilon = 0.4927
Client 4: avg epsilon = 0.2171
Client 5: avg epsilon = 0.2951
Client 6: avg epsilon = 0.2799
Client 7: avg epsilon = 0.6772
Client 8: avg epsilon = 0.8044
Client 9: avg epsilon = 0.4780
 We run FedAvg with rPDP (BoundedPareto-0) ...
max_epsilon :  10.0  noise_multiplier :  9.736328125
The R-Squared value of the best-fit curve : 0.999749898528281
learning rate =  0.01
sample_rate: (min) 0.04, (max) 0.16, expected_batch_size: 286
sample_rate: (min) 0.03, (max) 0.11, expected_batch_size: 230
sample_rate: (min) 0.03, (max) 0.18, expected_batch_size: 276
sample_rate: (min) 0.04, (max) 0.21, expected_batch_size: 331
sample_rate: (min) 0.03, (max) 0.06, expected_batch_size: 171
sample_rate: (min) 0.03, (max) 0.09, expected_batch_size: 218
sample_rate: (min) 0.03, (max) 0.11, expected_batch_size: 201
sample_rate: (min) 0.03, (max) 0.27, expected_batch_size: 435
sample_rate: (min) 0.03, (max) 1.0, expected_batch_size: 471
sample_rate: (min) 0.03, (max) 0.14, expected_batch_size: 282
initial privacy cost of all clients:  [0, 0, 0, 0, 0, 0, 0, 0, 0, 0]
Round=0
Round=1
Round=2
Round=3
Round=4
Round=5
Round=6
Round=7
Round=8
Round=9
Round=10
Round=11
Round=12
Round=13
Round=14
current privacy cost of all clients:  [0.7373337984015426, 0.4379227448896392, 0.7432715464651029, 1.0289056818910758, 0.18818817298350093, 0.3625272812125309, 0.40478381847721895, 0.8256683992939291, 5.727361884269555, 0.6958934765955246]
Round=14, per client global perf=[0.6422, 0.3569, 0.5515, 0.6358, 0.4353, 0.4221, 0.3063, 0.7407, 0.5884, 0.5751], mean perf=10514/20014 (0.5253%)
Round=14, per client personal perf=[0.9833, 0.9554, 0.9755, 0.976, 0.9907, 0.9696, 0.9665, 0.9299, 0.9434, 0.8742], mean perf=19165/20014 (0.9576%)
Round=14, per client personal pooled=[0.4682, 0.4706, 0.4955, 0.4941, 0.4873, 0.4814, 0.4882, 0.4566, 0.4714, 0.3736], mean perf=93802/200140 (0.4687%)
Mean performance of ditto rpdp global, Perf=0.5427, seed=43
Mean performance of ditto rpdp personal, Perf=0.9554, seed=43
Mean performance of ditto rpdp pooled, Perf=0.4683, seed=43
Client 0: avg epsilon = 0.9717
Client 1: avg epsilon = 0.2984
Client 2: avg epsilon = 1.1612
Client 3: avg epsilon = 1.2646
Client 4: avg epsilon = 0.1153
Client 5: avg epsilon = 0.2826
Client 6: avg epsilon = 0.3031
Client 7: avg epsilon = 1.5395
Client 8: avg epsilon = 1.3422
Client 9: avg epsilon = 0.6197
 We run FedAvg with rPDP (BoundedMixGauss-0) ...
max_epsilon :  10.0  noise_multiplier :  9.736328125
The R-Squared value of the best-fit curve : 0.999749898528281
learning rate =  0.01
sample_rate: (min) 0.03, (max) 0.57, expected_batch_size: 524
sample_rate: (min) 0.03, (max) 0.16, expected_batch_size: 216
sample_rate: (min) 0.03, (max) 0.6, expected_batch_size: 621
sample_rate: (min) 0.03, (max) 0.62, expected_batch_size: 667
sample_rate: (min) 0.03, (max) 0.03, expected_batch_size: 109
sample_rate: (min) 0.03, (max) 0.15, expected_batch_size: 207
sample_rate: (min) 0.03, (max) 0.17, expected_batch_size: 211
sample_rate: (min) 0.03, (max) 0.65, expected_batch_size: 813
sample_rate: (min) 0.03, (max) 0.75, expected_batch_size: 679
sample_rate: (min) 0.03, (max) 0.5, expected_batch_size: 344
initial privacy cost of all clients:  [0, 0, 0, 0, 0, 0, 0, 0, 0, 0]
Round=0
Round=1
Round=2
Round=3
Round=4
Round=5
Round=6
Round=7
Round=8
Round=9
Round=10
Round=11
Round=12
Round=13
Round=14
current privacy cost of all clients:  [3.4898902059364203, 0.7247376726181795, 3.228910041910707, 3.9150741574125867, 0.08442481810711515, 0.6677009275053235, 0.6438493598468139, 2.33482116763611, 4.078778062978832, 3.1675097545911566]
Round=14, per client global perf=[0.452, 0.2696, 0.4951, 0.5211, 0.2456, 0.373, 0.3053, 0.7441, 0.5628, 0.5671], mean perf=9052/20014 (0.4523%)
Round=14, per client personal perf=[0.9799, 0.9775, 0.9745, 0.9824, 0.9819, 0.9765, 0.9604, 0.9431, 0.9334, 0.8805], mean perf=19216/20014 (0.9601%)
Round=14, per client personal pooled=[0.4666, 0.4787, 0.4947, 0.496, 0.4852, 0.4867, 0.484, 0.4564, 0.4706, 0.3852], mean perf=94146/200140 (0.4704%)
Mean performance of ditto rpdp global, Perf=0.4718, seed=43
Mean performance of ditto rpdp personal, Perf=0.9557, seed=43
Mean performance of ditto rpdp pooled, Perf=0.4692, seed=43
Finished seed 43
----------------------------------------
Running seed 44
/Users/shegao_t1/DP_Research/Personal_DP_Personal_FL/rpdp_fl/experiments/datasets/fed_mnist/niid_10_5way_1200shot

Client 0 label distribution:
[(3, 772), (4, 812), (5, 794), (6, 792), (9, 790)]

Client 1 label distribution:
[(2, 769), (3, 793), (4, 782), (5, 804), (8, 812)]

Client 2 label distribution:
[(0, 808), (2, 768), (3, 803), (7, 802), (9, 779)]

Client 3 label distribution:
[(2, 794), (3, 797), (5, 767), (7, 799), (9, 803)]

Client 4 label distribution:
[(0, 771), (1, 805), (3, 818), (4, 803), (5, 763)]

Client 5 label distribution:
[(0, 811), (2, 791), (4, 778), (6, 803), (7, 777)]

Client 6 label distribution:
[(0, 784), (1, 798), (2, 784), (4, 656), (8, 806)]

Client 7 label distribution:
[(1, 797), (6, 779), (7, 779), (8, 796), (9, 809)]

Client 8 label distribution:
[(0, 803), (1, 772), (6, 802), (8, 801), (9, 697)]

Client 9 label distribution:
[(1, 810), (5, 788), (6, 259), (7, 759), (8, 809)]
Client 0: avg epsilon = 1.0775
Client 1: avg epsilon = 0.2845
Client 2: avg epsilon = 1.2091
Client 3: avg epsilon = 1.2752
Client 4: avg epsilon = 0.1000
Client 5: avg epsilon = 0.2766
Client 6: avg epsilon = 0.2895
Client 7: avg epsilon = 1.4590
Client 8: avg epsilon = 1.1674
Client 9: avg epsilon = 0.5214
 We run FedAvg with rPDP (ThreeLevels-0) ...
max_epsilon :  10.0  noise_multiplier :  9.736328125
The R-Squared value of the best-fit curve : 0.999749898528281
learning rate =  0.01
sample_rate: (min) 0.03, (max) 0.61, expected_batch_size: 559
sample_rate: (min) 0.03, (max) 0.16, expected_batch_size: 207
sample_rate: (min) 0.03, (max) 0.61, expected_batch_size: 637
sample_rate: (min) 0.03, (max) 0.61, expected_batch_size: 673
sample_rate: (min) 0.03, (max) 0.03, expected_batch_size: 99
sample_rate: (min) 0.03, (max) 0.16, expected_batch_size: 203
sample_rate: (min) 0.03, (max) 0.16, expected_batch_size: 203
sample_rate: (min) 0.03, (max) 0.61, expected_batch_size: 779
sample_rate: (min) 0.03, (max) 0.61, expected_batch_size: 609
sample_rate: (min) 0.03, (max) 0.61, expected_batch_size: 298
initial privacy cost of all clients:  [0, 0, 0, 0, 0, 0, 0, 0, 0, 0]
Round=0
Round=1
Round=2
Round=3
Round=4
Round=5
Round=6
Round=7
Round=8
Round=9
Round=10
Round=11
Round=12
Round=13
Round=14
current privacy cost of all clients:  [3.8048372549984366, 0.8686164030477299, 3.8048372549984366, 2.1521425035466386, 0.09280122601357536, 0.6093162705378211, 0.5558558712260362, 3.0541598033886133, 2.8039339861853394, 3.554611437795162]
Round=14, per client global perf=[0.4907, 0.724, 0.6662, 0.6152, 0.7623, 0.6833, 0.8529, 0.6363, 0.5869, 0.6816], mean perf=13396/20014 (0.6693%)
Round=14, per client personal perf=[0.9799, 0.9711, 0.9711, 0.9422, 0.9902, 0.9721, 0.9711, 0.9745, 0.9324, 0.8765], mean perf=19198/20014 (0.9592%)
Round=14, per client personal pooled=[0.4663, 0.4759, 0.4925, 0.473, 0.4857, 0.482, 0.4897, 0.4761, 0.4698, 0.3733], mean perf=93750/200140 (0.4684%)
Mean performance of ditto rpdp global, Perf=0.6535, seed=44
Mean performance of ditto rpdp personal, Perf=0.9571, seed=44
Mean performance of ditto rpdp pooled, Perf=0.4698, seed=44
Client 0: avg epsilon = 0.4096
Client 1: avg epsilon = 0.3121
Client 2: avg epsilon = 0.3992
Client 3: avg epsilon = 0.4931
Client 4: avg epsilon = 0.2149
Client 5: avg epsilon = 0.2939
Client 6: avg epsilon = 0.2797
Client 7: avg epsilon = 0.6783
Client 8: avg epsilon = 0.7919
Client 9: avg epsilon = 0.4782
 We run FedAvg with rPDP (BoundedPareto-0) ...
max_epsilon :  10.0  noise_multiplier :  9.736328125
The R-Squared value of the best-fit curve : 0.999749898528281
learning rate =  0.01
sample_rate: (min) 0.04, (max) 0.16, expected_batch_size: 285
sample_rate: (min) 0.03, (max) 0.11, expected_batch_size: 228
sample_rate: (min) 0.03, (max) 0.18, expected_batch_size: 277
sample_rate: (min) 0.04, (max) 0.21, expected_batch_size: 331
sample_rate: (min) 0.03, (max) 0.06, expected_batch_size: 170
sample_rate: (min) 0.03, (max) 0.09, expected_batch_size: 218
sample_rate: (min) 0.03, (max) 0.11, expected_batch_size: 201
sample_rate: (min) 0.03, (max) 0.27, expected_batch_size: 436
sample_rate: (min) 0.03, (max) 1.0, expected_batch_size: 466
sample_rate: (min) 0.03, (max) 0.14, expected_batch_size: 282
initial privacy cost of all clients:  [0, 0, 0, 0, 0, 0, 0, 0, 0, 0]
Round=0
Round=1
Round=2
Round=3
Round=4
Round=5
Round=6
Round=7
Round=8
Round=9
Round=10
Round=11
Round=12
Round=13
Round=14
current privacy cost of all clients:  [0.7421538563352587, 0.5432249402373304, 0.8558535483596938, 0.5992389894760695, 0.280968063236125, 0.3133027676317989, 0.37346799019303517, 1.1428677350263499, 5.189319301399437, 0.6219971774080287]
Round=14, per client global perf=[0.6176, 0.7676, 0.6426, 0.6529, 0.8765, 0.724, 0.8134, 0.6637, 0.6289, 0.7394], mean perf=14253/20014 (0.7122%)
Round=14, per client personal perf=[0.9701, 0.9765, 0.977, 0.9623, 0.9863, 0.974, 0.9594, 0.9804, 0.9344, 0.881], mean perf=19239/20014 (0.9613%)
Round=14, per client personal pooled=[0.4632, 0.4789, 0.4959, 0.4846, 0.4841, 0.4828, 0.4832, 0.4778, 0.4699, 0.3866], mean perf=94205/200140 (0.4707%)
Mean performance of ditto rpdp global, Perf=0.6940, seed=44
Mean performance of ditto rpdp personal, Perf=0.9602, seed=44
Mean performance of ditto rpdp pooled, Perf=0.4703, seed=44
Client 0: avg epsilon = 0.9690
Client 1: avg epsilon = 0.2967
Client 2: avg epsilon = 1.1296
Client 3: avg epsilon = 1.2625
Client 4: avg epsilon = 0.1148
Client 5: avg epsilon = 0.2806
Client 6: avg epsilon = 0.3016
Client 7: avg epsilon = 1.5377
Client 8: avg epsilon = 1.3388
Client 9: avg epsilon = 0.6141
 We run FedAvg with rPDP (BoundedMixGauss-0) ...
max_epsilon :  10.0  noise_multiplier :  9.736328125
The R-Squared value of the best-fit curve : 0.999749898528281
learning rate =  0.01
sample_rate: (min) 0.03, (max) 0.57, expected_batch_size: 523
sample_rate: (min) 0.03, (max) 0.16, expected_batch_size: 215
sample_rate: (min) 0.03, (max) 0.6, expected_batch_size: 603
sample_rate: (min) 0.03, (max) 0.62, expected_batch_size: 666
sample_rate: (min) 0.03, (max) 0.03, expected_batch_size: 109
sample_rate: (min) 0.03, (max) 0.15, expected_batch_size: 206
sample_rate: (min) 0.03, (max) 0.16, expected_batch_size: 210
sample_rate: (min) 0.03, (max) 0.65, expected_batch_size: 812
sample_rate: (min) 0.03, (max) 0.77, expected_batch_size: 677
sample_rate: (min) 0.03, (max) 0.5, expected_batch_size: 341
initial privacy cost of all clients:  [0, 0, 0, 0, 0, 0, 0, 0, 0, 0]
Round=0
Round=1
Round=2
Round=3
Round=4
Round=5
Round=6
Round=7
Round=8
Round=9
Round=10
Round=11
Round=12
Round=13
Round=14
current privacy cost of all clients:  [3.4804731187448077, 0.8878437167879509, 3.7075250470586214, 2.2061265325045243, 0.12858210849485086, 0.5725215842944407, 0.5847452197808856, 3.306785397967515, 3.744154547986864, 2.8380525151047395]
Round=14, per client global perf=[0.5632, 0.752, 0.6632, 0.6417, 0.7985, 0.7181, 0.8387, 0.6745, 0.6219, 0.711], mean perf=13966/20014 (0.6978%)
Round=14, per client personal perf=[0.9838, 0.9691, 0.9735, 0.9525, 0.9838, 0.9681, 0.9681, 0.9789, 0.9369, 0.868], mean perf=19204/20014 (0.9595%)
Round=14, per client personal pooled=[0.4687, 0.476, 0.4943, 0.4797, 0.4862, 0.481, 0.488, 0.4765, 0.4732, 0.3927], mean perf=94389/200140 (0.4716%)
Mean performance of ditto rpdp global, Perf=0.6765, seed=44
Mean performance of ditto rpdp personal, Perf=0.9590, seed=44
Mean performance of ditto rpdp pooled, Perf=0.4708, seed=44
Finished seed 44
----------------------------------------
Running seed 45
/Users/shegao_t1/DP_Research/Personal_DP_Personal_FL/rpdp_fl/experiments/datasets/fed_mnist/niid_10_5way_1200shot

Client 0 label distribution:
[(3, 772), (4, 812), (5, 794), (6, 792), (9, 790)]

Client 1 label distribution:
[(2, 769), (3, 793), (4, 782), (5, 804), (8, 812)]

Client 2 label distribution:
[(0, 808), (2, 768), (3, 803), (7, 802), (9, 779)]

Client 3 label distribution:
[(2, 794), (3, 797), (5, 767), (7, 799), (9, 803)]

Client 4 label distribution:
[(0, 771), (1, 805), (3, 818), (4, 803), (5, 763)]

Client 5 label distribution:
[(0, 811), (2, 791), (4, 778), (6, 803), (7, 777)]

Client 6 label distribution:
[(0, 784), (1, 798), (2, 784), (4, 656), (8, 806)]

Client 7 label distribution:
[(1, 797), (6, 779), (7, 779), (8, 796), (9, 809)]

Client 8 label distribution:
[(0, 803), (1, 772), (6, 802), (8, 801), (9, 697)]

Client 9 label distribution:
[(1, 810), (5, 788), (6, 259), (7, 759), (8, 809)]
Client 0: avg epsilon = 1.0775
Client 1: avg epsilon = 0.2845
Client 2: avg epsilon = 1.2091
Client 3: avg epsilon = 1.2752
Client 4: avg epsilon = 0.1000
Client 5: avg epsilon = 0.2766
Client 6: avg epsilon = 0.2895
Client 7: avg epsilon = 1.4590
Client 8: avg epsilon = 1.1674
Client 9: avg epsilon = 0.5214
 We run FedAvg with rPDP (ThreeLevels-0) ...
max_epsilon :  10.0  noise_multiplier :  9.736328125
The R-Squared value of the best-fit curve : 0.999749898528281
learning rate =  0.01
sample_rate: (min) 0.03, (max) 0.61, expected_batch_size: 559
sample_rate: (min) 0.03, (max) 0.16, expected_batch_size: 207
sample_rate: (min) 0.03, (max) 0.61, expected_batch_size: 637
sample_rate: (min) 0.03, (max) 0.61, expected_batch_size: 673
sample_rate: (min) 0.03, (max) 0.03, expected_batch_size: 99
sample_rate: (min) 0.03, (max) 0.16, expected_batch_size: 203
sample_rate: (min) 0.03, (max) 0.16, expected_batch_size: 203
sample_rate: (min) 0.03, (max) 0.61, expected_batch_size: 779
sample_rate: (min) 0.03, (max) 0.61, expected_batch_size: 609
sample_rate: (min) 0.03, (max) 0.61, expected_batch_size: 298
initial privacy cost of all clients:  [0, 0, 0, 0, 0, 0, 0, 0, 0, 0]
Round=0
Round=1
Round=2
Round=3
Round=4
Round=5
Round=6
Round=7
Round=8
Round=9
Round=10
Round=11
Round=12
Round=13
Round=14
current privacy cost of all clients:  [3.554611437795162, 0.7046321452486275, 3.3043856205918876, 2.502378074621252, 0.0777036851988212, 0.7915678459669535, 0.7046321452486275, 2.8039339861853394, 3.8048372549984366, 4.055063072201711]
Round=14, per client global perf=[0.4338, 0.3181, 0.7402, 0.5515, 0.4578, 0.674, 0.642, 0.8637, 0.8428, 0.6618], mean perf=12357/20014 (0.6174%)
Round=14, per client personal perf=[0.9765, 0.9662, 0.9725, 0.9632, 0.9794, 0.9721, 0.9635, 0.976, 0.9399, 0.8878], mean perf=19228/20014 (0.9607%)
Round=14, per client personal pooled=[0.4665, 0.4726, 0.4923, 0.4884, 0.4836, 0.4806, 0.483, 0.4756, 0.4738, 0.3897], mean perf=94186/200140 (0.4706%)
Mean performance of ditto rpdp global, Perf=0.6393, seed=45
Mean performance of ditto rpdp personal, Perf=0.9610, seed=45
Mean performance of ditto rpdp pooled, Perf=0.4730, seed=45
Client 0: avg epsilon = 0.4082
Client 1: avg epsilon = 0.3123
Client 2: avg epsilon = 0.3959
Client 3: avg epsilon = 0.4899
Client 4: avg epsilon = 0.2158
Client 5: avg epsilon = 0.2945
Client 6: avg epsilon = 0.2792
Client 7: avg epsilon = 0.6768
Client 8: avg epsilon = 0.7948
Client 9: avg epsilon = 0.4770
 We run FedAvg with rPDP (BoundedPareto-0) ...
max_epsilon :  10.0  noise_multiplier :  9.736328125
The R-Squared value of the best-fit curve : 0.999749898528281
learning rate =  0.01
sample_rate: (min) 0.04, (max) 0.15, expected_batch_size: 284
sample_rate: (min) 0.03, (max) 0.11, expected_batch_size: 228
sample_rate: (min) 0.03, (max) 0.17, expected_batch_size: 275
sample_rate: (min) 0.04, (max) 0.21, expected_batch_size: 330
sample_rate: (min) 0.03, (max) 0.06, expected_batch_size: 171
sample_rate: (min) 0.03, (max) 0.09, expected_batch_size: 218
sample_rate: (min) 0.03, (max) 0.11, expected_batch_size: 201
sample_rate: (min) 0.03, (max) 0.27, expected_batch_size: 435
sample_rate: (min) 0.03, (max) 1.0, expected_batch_size: 467
sample_rate: (min) 0.03, (max) 0.14, expected_batch_size: 281
initial privacy cost of all clients:  [0, 0, 0, 0, 0, 0, 0, 0, 0, 0]
Round=0
Round=1
Round=2
Round=3
Round=4
Round=5
Round=6
Round=7
Round=8
Round=9
Round=10
Round=11
Round=12
Round=13
Round=14
current privacy cost of all clients:  [0.6885393526224254, 0.4389064957968366, 0.737287783279604, 0.6801454108049917, 0.23940251650636465, 0.40860585771208774, 0.47155104811049564, 1.0536496151827546, 7.341489632879909, 0.6904435819574529]
Round=14, per client global perf=[0.6691, 0.6005, 0.7578, 0.7152, 0.7025, 0.7716, 0.7703, 0.8471, 0.8403, 0.7167], mean perf=14792/20014 (0.7391%)
Round=14, per client personal perf=[0.9701, 0.9725, 0.9706, 0.9681, 0.9853, 0.9833, 0.9711, 0.9721, 0.9329, 0.8771], mean perf=19243/20014 (0.9615%)
Round=14, per client personal pooled=[0.4634, 0.4759, 0.4924, 0.489, 0.484, 0.4859, 0.4885, 0.475, 0.4665, 0.3799], mean perf=94073/200140 (0.4700%)
Mean performance of ditto rpdp global, Perf=0.7274, seed=45
Mean performance of ditto rpdp personal, Perf=0.9606, seed=45
Mean performance of ditto rpdp pooled, Perf=0.4705, seed=45
Client 0: avg epsilon = 0.9777
Client 1: avg epsilon = 0.2979
Client 2: avg epsilon = 1.1623
Client 3: avg epsilon = 1.2664
Client 4: avg epsilon = 0.1152
Client 5: avg epsilon = 0.2823
Client 6: avg epsilon = 0.3029
Client 7: avg epsilon = 1.5416
Client 8: avg epsilon = 1.3410
Client 9: avg epsilon = 0.6458
 We run FedAvg with rPDP (BoundedMixGauss-0) ...
max_epsilon :  10.0  noise_multiplier :  9.736328125
The R-Squared value of the best-fit curve : 0.999749898528281
learning rate =  0.01
sample_rate: (min) 0.03, (max) 0.57, expected_batch_size: 527
sample_rate: (min) 0.03, (max) 0.16, expected_batch_size: 215
sample_rate: (min) 0.03, (max) 0.6, expected_batch_size: 621
sample_rate: (min) 0.03, (max) 0.62, expected_batch_size: 668
sample_rate: (min) 0.03, (max) 0.03, expected_batch_size: 109
sample_rate: (min) 0.03, (max) 0.15, expected_batch_size: 207
sample_rate: (min) 0.03, (max) 0.17, expected_batch_size: 211
sample_rate: (min) 0.03, (max) 0.65, expected_batch_size: 814
sample_rate: (min) 0.03, (max) 0.77, expected_batch_size: 678
sample_rate: (min) 0.03, (max) 0.51, expected_batch_size: 354
initial privacy cost of all clients:  [0, 0, 0, 0, 0, 0, 0, 0, 0, 0]
Round=0
Round=1
Round=2
Round=3
Round=4
Round=5
Round=6
Round=7
Round=8
Round=9
Round=10
Round=11
Round=12
Round=13
Round=14
current privacy cost of all clients:  [3.281140044471556, 0.7230627453849724, 3.2297684796546315, 2.577615543249246, 0.10877741890352152, 0.7472346093847001, 0.7453992738681744, 3.018353676476364, 5.099062056828933, 3.2317615453075352]
Round=14, per client global perf=[0.4804, 0.3397, 0.7309, 0.576, 0.4853, 0.6887, 0.6552, 0.8838, 0.8553, 0.6765], mean perf=12731/20014 (0.6361%)
Round=14, per client personal perf=[0.974, 0.9745, 0.9652, 0.9618, 0.9873, 0.9627, 0.9772, 0.977, 0.9419, 0.8878], mean perf=19252/20014 (0.9619%)
Round=14, per client personal pooled=[0.4629, 0.4778, 0.4924, 0.4789, 0.4871, 0.4791, 0.4917, 0.476, 0.474, 0.3964], mean perf=94390/200140 (0.4716%)
Mean performance of ditto rpdp global, Perf=0.6708, seed=45
Mean performance of ditto rpdp personal, Perf=0.9598, seed=45
Mean performance of ditto rpdp pooled, Perf=0.4699, seed=45
Finished seed 45
----------------------------------------
Running seed 46
/Users/shegao_t1/DP_Research/Personal_DP_Personal_FL/rpdp_fl/experiments/datasets/fed_mnist/niid_10_5way_1200shot

Client 0 label distribution:
[(3, 772), (4, 812), (5, 794), (6, 792), (9, 790)]

Client 1 label distribution:
[(2, 769), (3, 793), (4, 782), (5, 804), (8, 812)]

Client 2 label distribution:
[(0, 808), (2, 768), (3, 803), (7, 802), (9, 779)]

Client 3 label distribution:
[(2, 794), (3, 797), (5, 767), (7, 799), (9, 803)]

Client 4 label distribution:
[(0, 771), (1, 805), (3, 818), (4, 803), (5, 763)]

Client 5 label distribution:
[(0, 811), (2, 791), (4, 778), (6, 803), (7, 777)]

Client 6 label distribution:
[(0, 784), (1, 798), (2, 784), (4, 656), (8, 806)]

Client 7 label distribution:
[(1, 797), (6, 779), (7, 779), (8, 796), (9, 809)]

Client 8 label distribution:
[(0, 803), (1, 772), (6, 802), (8, 801), (9, 697)]

Client 9 label distribution:
[(1, 810), (5, 788), (6, 259), (7, 759), (8, 809)]
Client 0: avg epsilon = 1.0775
Client 1: avg epsilon = 0.2845
Client 2: avg epsilon = 1.2091
Client 3: avg epsilon = 1.2752
Client 4: avg epsilon = 0.1000
Client 5: avg epsilon = 0.2766
Client 6: avg epsilon = 0.2895
Client 7: avg epsilon = 1.4590
Client 8: avg epsilon = 1.1674
Client 9: avg epsilon = 0.5214
 We run FedAvg with rPDP (ThreeLevels-0) ...
max_epsilon :  10.0  noise_multiplier :  9.736328125
The R-Squared value of the best-fit curve : 0.999749898528281
learning rate =  0.01
sample_rate: (min) 0.03, (max) 0.61, expected_batch_size: 559
sample_rate: (min) 0.03, (max) 0.16, expected_batch_size: 207
sample_rate: (min) 0.03, (max) 0.61, expected_batch_size: 637
sample_rate: (min) 0.03, (max) 0.61, expected_batch_size: 673
sample_rate: (min) 0.03, (max) 0.03, expected_batch_size: 99
sample_rate: (min) 0.03, (max) 0.16, expected_batch_size: 203
sample_rate: (min) 0.03, (max) 0.16, expected_batch_size: 203
sample_rate: (min) 0.03, (max) 0.61, expected_batch_size: 779
sample_rate: (min) 0.03, (max) 0.61, expected_batch_size: 609
sample_rate: (min) 0.03, (max) 0.61, expected_batch_size: 298
initial privacy cost of all clients:  [0, 0, 0, 0, 0, 0, 0, 0, 0, 0]
Round=0
Round=1
Round=2
Round=3
Round=4
Round=5
Round=6
Round=7
Round=8
Round=9
Round=10
Round=11
Round=12
Round=13
Round=14
current privacy cost of all clients:  [3.3043856205918876, 0.7482516858029494, 3.3043856205918876, 3.554611437795162, 0.07214729257008984, 0.7046321452486275, 0.7046321452486275, 4.305288889404985, 4.055063072201711, 3.554611437795162]
Round=14, per client global perf=[0.6814, 0.6569, 0.8319, 0.8191, 0.6711, 0.7098, 0.7262, 0.8691, 0.8127, 0.7286], mean perf=15029/20014 (0.7509%)
Round=14, per client personal perf=[0.9789, 0.9627, 0.9652, 0.976, 0.9863, 0.9838, 0.964, 0.9804, 0.9414, 0.8799], mean perf=19274/20014 (0.9630%)
Round=14, per client personal pooled=[0.4671, 0.4751, 0.4907, 0.4891, 0.4824, 0.4862, 0.4865, 0.4767, 0.4737, 0.394], mean perf=94497/200140 (0.4722%)
Mean performance of ditto rpdp global, Perf=0.7292, seed=46
Mean performance of ditto rpdp personal, Perf=0.9614, seed=46
Mean performance of ditto rpdp pooled, Perf=0.4703, seed=46
Client 0: avg epsilon = 0.4068
Client 1: avg epsilon = 0.3100
Client 2: avg epsilon = 0.3946
Client 3: avg epsilon = 0.4892
Client 4: avg epsilon = 0.2153
Client 5: avg epsilon = 0.2914
Client 6: avg epsilon = 0.2770
Client 7: avg epsilon = 0.6709
Client 8: avg epsilon = 0.7968
Client 9: avg epsilon = 0.4730
 We run FedAvg with rPDP (BoundedPareto-0) ...
max_epsilon :  10.0  noise_multiplier :  9.736328125
The R-Squared value of the best-fit curve : 0.999749898528281
learning rate =  0.01
sample_rate: (min) 0.04, (max) 0.16, expected_batch_size: 283
sample_rate: (min) 0.03, (max) 0.1, expected_batch_size: 227
sample_rate: (min) 0.03, (max) 0.17, expected_batch_size: 274
sample_rate: (min) 0.04, (max) 0.21, expected_batch_size: 329
sample_rate: (min) 0.03, (max) 0.06, expected_batch_size: 170
sample_rate: (min) 0.03, (max) 0.09, expected_batch_size: 216
sample_rate: (min) 0.03, (max) 0.11, expected_batch_size: 200
sample_rate: (min) 0.03, (max) 0.27, expected_batch_size: 432
sample_rate: (min) 0.03, (max) 1.0, expected_batch_size: 468
sample_rate: (min) 0.03, (max) 0.14, expected_batch_size: 279
initial privacy cost of all clients:  [0, 0, 0, 0, 0, 0, 0, 0, 0, 0]
Round=0
Round=1
Round=2
Round=3
Round=4
Round=5
Round=6
Round=7
Round=8
Round=9
Round=10
Round=11
Round=12
Round=13
Round=14
current privacy cost of all clients:  [0.6438092609216902, 0.4572521652430379, 0.7413945202453217, 0.962070027753649, 0.22162381889959434, 0.35721990258347414, 0.4642028669509737, 1.5774690487650924, 7.879532215750026, 0.6137692703532428]
Round=14, per client global perf=[0.8137, 0.825, 0.7701, 0.8412, 0.7863, 0.8078, 0.7723, 0.8225, 0.7186, 0.7263], mean perf=15800/20014 (0.7894%)
Round=14, per client personal perf=[0.9853, 0.9676, 0.9632, 0.9779, 0.9838, 0.975, 0.9701, 0.9725, 0.9384, 0.8799], mean perf=19264/20014 (0.9625%)
Round=14, per client personal pooled=[0.4677, 0.4766, 0.4927, 0.4941, 0.484, 0.4833, 0.4888, 0.4728, 0.4726, 0.3854], mean perf=94427/200140 (0.4718%)
Mean performance of ditto rpdp global, Perf=0.7632, seed=46
Mean performance of ditto rpdp personal, Perf=0.9616, seed=46
Mean performance of ditto rpdp pooled, Perf=0.4729, seed=46
Client 0: avg epsilon = 0.8994
Client 1: avg epsilon = 0.2962
Client 2: avg epsilon = 1.1182
Client 3: avg epsilon = 1.2598
Client 4: avg epsilon = 0.1144
Client 5: avg epsilon = 0.2797
Client 6: avg epsilon = 0.3009
Client 7: avg epsilon = 1.5364
Client 8: avg epsilon = 1.3403
Client 9: avg epsilon = 0.5667
 We run FedAvg with rPDP (BoundedMixGauss-0) ...
max_epsilon :  10.0  noise_multiplier :  9.736328125
The R-Squared value of the best-fit curve : 0.999749898528281
learning rate =  0.01
sample_rate: (min) 0.03, (max) 0.57, expected_batch_size: 493
sample_rate: (min) 0.03, (max) 0.16, expected_batch_size: 214
sample_rate: (min) 0.03, (max) 0.59, expected_batch_size: 597
sample_rate: (min) 0.03, (max) 0.62, expected_batch_size: 665
sample_rate: (min) 0.03, (max) 0.03, expected_batch_size: 108
sample_rate: (min) 0.03, (max) 0.15, expected_batch_size: 206
sample_rate: (min) 0.03, (max) 0.16, expected_batch_size: 210
sample_rate: (min) 0.03, (max) 0.65, expected_batch_size: 811
sample_rate: (min) 0.03, (max) 0.75, expected_batch_size: 677
sample_rate: (min) 0.03, (max) 0.19, expected_batch_size: 321
initial privacy cost of all clients:  [0, 0, 0, 0, 0, 0, 0, 0, 0, 0]
Round=0
Round=1
Round=2
Round=3
Round=4
Round=5
Round=6
Round=7
Round=8
Round=9
Round=10
Round=11
Round=12
Round=13
Round=14
current privacy cost of all clients:  [3.0335448814981376, 0.7634142321108327, 3.213026835304431, 3.654578881499142, 0.10031808520917192, 0.65991324230072, 0.7375647430033326, 4.637740505719468, 5.25008866728307, 0.8845506999063875]
Round=14, per client global perf=[0.7446, 0.6961, 0.8255, 0.8289, 0.7304, 0.752, 0.7495, 0.8691, 0.8127, 0.7292], mean perf=15499/20014 (0.7744%)
Round=14, per client personal perf=[0.9804, 0.9779, 0.9652, 0.9809, 0.9877, 0.974, 0.965, 0.9711, 0.9349, 0.8748], mean perf=19262/20014 (0.9624%)
Round=14, per client personal pooled=[0.4662, 0.4795, 0.4913, 0.4928, 0.486, 0.4832, 0.4873, 0.4734, 0.4696, 0.3712], mean perf=94073/200140 (0.4700%)
Mean performance of ditto rpdp global, Perf=0.7509, seed=46
Mean performance of ditto rpdp personal, Perf=0.9600, seed=46
Mean performance of ditto rpdp pooled, Perf=0.4700, seed=46
Finished seed 46
----------------------------------------
=== Running reg_param=0.01, num_steps=15 ===
Running seed 42
/Users/shegao_t1/DP_Research/Personal_DP_Personal_FL/rpdp_fl/experiments/datasets/fed_mnist/niid_10_5way_1200shot

Client 0 label distribution:
[(3, 772), (4, 812), (5, 794), (6, 792), (9, 790)]

Client 1 label distribution:
[(2, 769), (3, 793), (4, 782), (5, 804), (8, 812)]

Client 2 label distribution:
[(0, 808), (2, 768), (3, 803), (7, 802), (9, 779)]

Client 3 label distribution:
[(2, 794), (3, 797), (5, 767), (7, 799), (9, 803)]

Client 4 label distribution:
[(0, 771), (1, 805), (3, 818), (4, 803), (5, 763)]

Client 5 label distribution:
[(0, 811), (2, 791), (4, 778), (6, 803), (7, 777)]

Client 6 label distribution:
[(0, 784), (1, 798), (2, 784), (4, 656), (8, 806)]

Client 7 label distribution:
[(1, 797), (6, 779), (7, 779), (8, 796), (9, 809)]

Client 8 label distribution:
[(0, 803), (1, 772), (6, 802), (8, 801), (9, 697)]

Client 9 label distribution:
[(1, 810), (5, 788), (6, 259), (7, 759), (8, 809)]
Client 0: avg epsilon = 1.0775
Client 1: avg epsilon = 0.2845
Client 2: avg epsilon = 1.2091
Client 3: avg epsilon = 1.2752
Client 4: avg epsilon = 0.1000
Client 5: avg epsilon = 0.2766
Client 6: avg epsilon = 0.2895
Client 7: avg epsilon = 1.4590
Client 8: avg epsilon = 1.1674
Client 9: avg epsilon = 0.5214
 We run FedAvg with rPDP (ThreeLevels-0) ...
max_epsilon :  10.0  noise_multiplier :  9.736328125
The R-Squared value of the best-fit curve : 0.999749898528281
learning rate =  0.01
sample_rate: (min) 0.03, (max) 0.61, expected_batch_size: 559
sample_rate: (min) 0.03, (max) 0.16, expected_batch_size: 207
sample_rate: (min) 0.03, (max) 0.61, expected_batch_size: 637
sample_rate: (min) 0.03, (max) 0.61, expected_batch_size: 673
sample_rate: (min) 0.03, (max) 0.03, expected_batch_size: 99
sample_rate: (min) 0.03, (max) 0.16, expected_batch_size: 203
sample_rate: (min) 0.03, (max) 0.16, expected_batch_size: 203
sample_rate: (min) 0.03, (max) 0.61, expected_batch_size: 779
sample_rate: (min) 0.03, (max) 0.61, expected_batch_size: 609
sample_rate: (min) 0.03, (max) 0.61, expected_batch_size: 298
initial privacy cost of all clients:  [0, 0, 0, 0, 0, 0, 0, 0, 0, 0]
Round=0
Round=1
Round=2
Round=3
Round=4
Round=5
Round=6
Round=7
Round=8
Round=9
Round=10
Round=11
Round=12
Round=13
Round=14
current privacy cost of all clients:  [3.554611437795162, 0.7046321452486275, 2.8039339861853394, 3.3043856205918876, 0.08299634815037049, 0.7046321452486275, 0.7482516858029494, 4.055063072201711, 4.305288889404985, 3.0541598033886133]
Round=14, per client global perf=[0.6172, 0.674, 0.6211, 0.5564, 0.7279, 0.8299, 0.8489, 0.7873, 0.7576, 0.7144], mean perf=14268/20014 (0.7129%)
Round=14, per client personal perf=[0.9721, 0.975, 0.9603, 0.9725, 0.9838, 0.976, 0.9635, 0.9775, 0.9414, 0.8606], mean perf=19206/20014 (0.9596%)
Round=14, per client personal pooled=[0.4637, 0.4791, 0.4866, 0.4924, 0.4858, 0.4842, 0.4869, 0.4766, 0.4729, 0.3796], mean perf=94220/200140 (0.4708%)
Mean performance of ditto rpdp global, Perf=0.6568, seed=42
Mean performance of ditto rpdp personal, Perf=0.9581, seed=42
Mean performance of ditto rpdp pooled, Perf=0.4688, seed=42
Client 0: avg epsilon = 0.4077
Client 1: avg epsilon = 0.3113
Client 2: avg epsilon = 0.3959
Client 3: avg epsilon = 0.4892
Client 4: avg epsilon = 0.2155
Client 5: avg epsilon = 0.2926
Client 6: avg epsilon = 0.2781
Client 7: avg epsilon = 0.6722
Client 8: avg epsilon = 0.7871
Client 9: avg epsilon = 0.4750
 We run FedAvg with rPDP (BoundedPareto-0) ...
max_epsilon :  10.0  noise_multiplier :  9.736328125
The R-Squared value of the best-fit curve : 0.999749898528281
learning rate =  0.01
sample_rate: (min) 0.04, (max) 0.16, expected_batch_size: 284
sample_rate: (min) 0.03, (max) 0.11, expected_batch_size: 228
sample_rate: (min) 0.03, (max) 0.18, expected_batch_size: 275
sample_rate: (min) 0.04, (max) 0.21, expected_batch_size: 329
sample_rate: (min) 0.03, (max) 0.06, expected_batch_size: 170
sample_rate: (min) 0.03, (max) 0.09, expected_batch_size: 217
sample_rate: (min) 0.03, (max) 0.11, expected_batch_size: 200
sample_rate: (min) 0.03, (max) 0.27, expected_batch_size: 433
sample_rate: (min) 0.03, (max) 0.98, expected_batch_size: 464
sample_rate: (min) 0.03, (max) 0.14, expected_batch_size: 280
initial privacy cost of all clients:  [0, 0, 0, 0, 0, 0, 0, 0, 0, 0]
Round=0
Round=1
Round=2
Round=3
Round=4
Round=5
Round=6
Round=7
Round=8
Round=9
Round=10
Round=11
Round=12
Round=13
Round=14
current privacy cost of all clients:  [0.6900338711482631, 0.4364746534737748, 0.6276822004231332, 0.9020013923888056, 0.2537990314133135, 0.3590420911812761, 0.496521478756058, 1.4795995824414296, 8.118065224632089, 0.5308278278358338]
Round=14, per client global perf=[0.7225, 0.7907, 0.6515, 0.6549, 0.8461, 0.8338, 0.8205, 0.7471, 0.7106, 0.7348], mean perf=15037/20014 (0.7513%)
Round=14, per client personal perf=[0.9696, 0.9637, 0.976, 0.9412, 0.9868, 0.9784, 0.9569, 0.9784, 0.9409, 0.8776], mean perf=19175/20014 (0.9581%)
Round=14, per client personal pooled=[0.4634, 0.4722, 0.4948, 0.4732, 0.484, 0.484, 0.4813, 0.4758, 0.4722, 0.3871], mean perf=93821/200140 (0.4688%)
Mean performance of ditto rpdp global, Perf=0.7193, seed=42
Mean performance of ditto rpdp personal, Perf=0.9576, seed=42
Mean performance of ditto rpdp pooled, Perf=0.4690, seed=42
Client 0: avg epsilon = 0.9013
Client 1: avg epsilon = 0.2965
Client 2: avg epsilon = 1.1218
Client 3: avg epsilon = 1.2589
Client 4: avg epsilon = 0.1149
Client 5: avg epsilon = 0.2804
Client 6: avg epsilon = 0.3012
Client 7: avg epsilon = 1.5331
Client 8: avg epsilon = 1.3353
Client 9: avg epsilon = 0.5659
 We run FedAvg with rPDP (BoundedMixGauss-0) ...
max_epsilon :  10.0  noise_multiplier :  9.736328125
The R-Squared value of the best-fit curve : 0.999749898528281
learning rate =  0.01
sample_rate: (min) 0.03, (max) 0.56, expected_batch_size: 493
sample_rate: (min) 0.03, (max) 0.16, expected_batch_size: 215
sample_rate: (min) 0.03, (max) 0.59, expected_batch_size: 600
sample_rate: (min) 0.03, (max) 0.62, expected_batch_size: 664
sample_rate: (min) 0.03, (max) 0.03, expected_batch_size: 109
sample_rate: (min) 0.03, (max) 0.15, expected_batch_size: 206
sample_rate: (min) 0.03, (max) 0.16, expected_batch_size: 210
sample_rate: (min) 0.03, (max) 0.65, expected_batch_size: 810
sample_rate: (min) 0.03, (max) 0.79, expected_batch_size: 676
sample_rate: (min) 0.03, (max) 0.19, expected_batch_size: 321
initial privacy cost of all clients:  [0, 0, 0, 0, 0, 0, 0, 0, 0, 0]
Round=0
Round=1
Round=2
Round=3
Round=4
Round=5
Round=6
Round=7
Round=8
Round=9
Round=10
Round=11
Round=12
Round=13
Round=14
current privacy cost of all clients:  [3.239357095723892, 0.7183551116823591, 2.738589241019812, 3.383455485794296, 0.11540859791906656, 0.6613141025505981, 0.7853311326325294, 4.430527245721282, 5.922965857975325, 0.7615408867744656]
Round=14, per client global perf=[0.6368, 0.7162, 0.6191, 0.5642, 0.7877, 0.8387, 0.8626, 0.7794, 0.7561, 0.736], mean perf=14592/20014 (0.7291%)
Round=14, per client personal perf=[0.9735, 0.9701, 0.9711, 0.9735, 0.9799, 0.9799, 0.965, 0.9784, 0.9379, 0.8742], mean perf=19245/20014 (0.9616%)
Round=14, per client personal pooled=[0.4656, 0.4795, 0.4904, 0.4911, 0.4845, 0.485, 0.4929, 0.4762, 0.4719, 0.3793], mean perf=94391/200140 (0.4716%)
Mean performance of ditto rpdp global, Perf=0.6736, seed=42
Mean performance of ditto rpdp personal, Perf=0.9577, seed=42
Mean performance of ditto rpdp pooled, Perf=0.4712, seed=42
Finished seed 42
----------------------------------------
Running seed 43
/Users/shegao_t1/DP_Research/Personal_DP_Personal_FL/rpdp_fl/experiments/datasets/fed_mnist/niid_10_5way_1200shot

Client 0 label distribution:
[(3, 772), (4, 812), (5, 794), (6, 792), (9, 790)]

Client 1 label distribution:
[(2, 769), (3, 793), (4, 782), (5, 804), (8, 812)]

Client 2 label distribution:
[(0, 808), (2, 768), (3, 803), (7, 802), (9, 779)]

Client 3 label distribution:
[(2, 794), (3, 797), (5, 767), (7, 799), (9, 803)]

Client 4 label distribution:
[(0, 771), (1, 805), (3, 818), (4, 803), (5, 763)]

Client 5 label distribution:
[(0, 811), (2, 791), (4, 778), (6, 803), (7, 777)]

Client 6 label distribution:
[(0, 784), (1, 798), (2, 784), (4, 656), (8, 806)]

Client 7 label distribution:
[(1, 797), (6, 779), (7, 779), (8, 796), (9, 809)]

Client 8 label distribution:
[(0, 803), (1, 772), (6, 802), (8, 801), (9, 697)]

Client 9 label distribution:
[(1, 810), (5, 788), (6, 259), (7, 759), (8, 809)]
Client 0: avg epsilon = 1.0775
Client 1: avg epsilon = 0.2845
Client 2: avg epsilon = 1.2091
Client 3: avg epsilon = 1.2752
Client 4: avg epsilon = 0.1000
Client 5: avg epsilon = 0.2766
Client 6: avg epsilon = 0.2895
Client 7: avg epsilon = 1.4590
Client 8: avg epsilon = 1.1674
Client 9: avg epsilon = 0.5214
 We run FedAvg with rPDP (ThreeLevels-0) ...
max_epsilon :  10.0  noise_multiplier :  9.736328125
The R-Squared value of the best-fit curve : 0.999749898528281
learning rate =  0.01
sample_rate: (min) 0.03, (max) 0.61, expected_batch_size: 559
sample_rate: (min) 0.03, (max) 0.16, expected_batch_size: 207
sample_rate: (min) 0.03, (max) 0.61, expected_batch_size: 637
sample_rate: (min) 0.03, (max) 0.61, expected_batch_size: 673
sample_rate: (min) 0.03, (max) 0.03, expected_batch_size: 99
sample_rate: (min) 0.03, (max) 0.16, expected_batch_size: 203
sample_rate: (min) 0.03, (max) 0.16, expected_batch_size: 203
sample_rate: (min) 0.03, (max) 0.61, expected_batch_size: 779
sample_rate: (min) 0.03, (max) 0.61, expected_batch_size: 609
sample_rate: (min) 0.03, (max) 0.61, expected_batch_size: 298
initial privacy cost of all clients:  [0, 0, 0, 0, 0, 0, 0, 0, 0, 0]
Round=0
Round=1
Round=2
Round=3
Round=4
Round=5
Round=6
Round=7
Round=8
Round=9
Round=10
Round=11
Round=12
Round=13
Round=14
current privacy cost of all clients:  [3.8048372549984366, 0.7046321452486275, 3.3043856205918876, 3.8048372549984366, 0.05997229379927632, 0.7046321452486275, 0.6093162705378211, 2.1521425035466386, 3.0541598033886133, 4.055063072201711]
Round=14, per client global perf=[0.4054, 0.2652, 0.5279, 0.523, 0.2338, 0.3853, 0.3387, 0.7127, 0.5468, 0.5473], mean perf=8955/20014 (0.4474%)
Round=14, per client personal perf=[0.9765, 0.9627, 0.9534, 0.9706, 0.9799, 0.9574, 0.9675, 0.9529, 0.9259, 0.8839], mean perf=19094/20014 (0.9540%)
Round=14, per client personal pooled=[0.4668, 0.4699, 0.4852, 0.493, 0.4853, 0.4751, 0.4877, 0.4639, 0.4634, 0.388], mean perf=93630/200140 (0.4678%)
Mean performance of ditto rpdp global, Perf=0.4653, seed=43
Mean performance of ditto rpdp personal, Perf=0.9527, seed=43
Mean performance of ditto rpdp pooled, Perf=0.4684, seed=43
Client 0: avg epsilon = 0.4112
Client 1: avg epsilon = 0.3142
Client 2: avg epsilon = 0.3983
Client 3: avg epsilon = 0.4927
Client 4: avg epsilon = 0.2171
Client 5: avg epsilon = 0.2951
Client 6: avg epsilon = 0.2799
Client 7: avg epsilon = 0.6772
Client 8: avg epsilon = 0.8044
Client 9: avg epsilon = 0.4780
 We run FedAvg with rPDP (BoundedPareto-0) ...
max_epsilon :  10.0  noise_multiplier :  9.736328125
The R-Squared value of the best-fit curve : 0.999749898528281
learning rate =  0.01
sample_rate: (min) 0.04, (max) 0.16, expected_batch_size: 286
sample_rate: (min) 0.03, (max) 0.11, expected_batch_size: 230
sample_rate: (min) 0.03, (max) 0.18, expected_batch_size: 276
sample_rate: (min) 0.04, (max) 0.21, expected_batch_size: 331
sample_rate: (min) 0.03, (max) 0.06, expected_batch_size: 171
sample_rate: (min) 0.03, (max) 0.09, expected_batch_size: 218
sample_rate: (min) 0.03, (max) 0.11, expected_batch_size: 201
sample_rate: (min) 0.03, (max) 0.27, expected_batch_size: 435
sample_rate: (min) 0.03, (max) 1.0, expected_batch_size: 471
sample_rate: (min) 0.03, (max) 0.14, expected_batch_size: 282
initial privacy cost of all clients:  [0, 0, 0, 0, 0, 0, 0, 0, 0, 0]
Round=0
Round=1
Round=2
Round=3
Round=4
Round=5
Round=6
Round=7
Round=8
Round=9
Round=10
Round=11
Round=12
Round=13
Round=14
current privacy cost of all clients:  [0.7373337984015426, 0.4379227448896392, 0.7432715464651029, 1.0289056818910758, 0.18818817298350093, 0.3625272812125309, 0.40478381847721895, 0.8256683992939291, 5.727361884269555, 0.6958934765955246]
Round=14, per client global perf=[0.6422, 0.3569, 0.5515, 0.6358, 0.4353, 0.4221, 0.3063, 0.7407, 0.5884, 0.5751], mean perf=10514/20014 (0.5253%)
Round=14, per client personal perf=[0.9716, 0.9647, 0.9686, 0.9623, 0.9863, 0.9652, 0.9655, 0.9466, 0.9354, 0.8674], mean perf=19104/20014 (0.9545%)
Round=14, per client personal pooled=[0.4644, 0.4732, 0.4924, 0.4835, 0.4841, 0.4785, 0.4858, 0.4632, 0.4693, 0.3904], mean perf=93759/200140 (0.4685%)
Mean performance of ditto rpdp global, Perf=0.5427, seed=43
Mean performance of ditto rpdp personal, Perf=0.9498, seed=43
Mean performance of ditto rpdp pooled, Perf=0.4651, seed=43
Client 0: avg epsilon = 0.9717
Client 1: avg epsilon = 0.2984
Client 2: avg epsilon = 1.1612
Client 3: avg epsilon = 1.2646
Client 4: avg epsilon = 0.1153
Client 5: avg epsilon = 0.2826
Client 6: avg epsilon = 0.3031
Client 7: avg epsilon = 1.5395
Client 8: avg epsilon = 1.3422
Client 9: avg epsilon = 0.6197
 We run FedAvg with rPDP (BoundedMixGauss-0) ...
max_epsilon :  10.0  noise_multiplier :  9.736328125
The R-Squared value of the best-fit curve : 0.999749898528281
learning rate =  0.01
sample_rate: (min) 0.03, (max) 0.57, expected_batch_size: 524
sample_rate: (min) 0.03, (max) 0.16, expected_batch_size: 216
sample_rate: (min) 0.03, (max) 0.6, expected_batch_size: 621
sample_rate: (min) 0.03, (max) 0.62, expected_batch_size: 667
sample_rate: (min) 0.03, (max) 0.03, expected_batch_size: 109
sample_rate: (min) 0.03, (max) 0.15, expected_batch_size: 207
sample_rate: (min) 0.03, (max) 0.17, expected_batch_size: 211
sample_rate: (min) 0.03, (max) 0.65, expected_batch_size: 813
sample_rate: (min) 0.03, (max) 0.75, expected_batch_size: 679
sample_rate: (min) 0.03, (max) 0.5, expected_batch_size: 344
initial privacy cost of all clients:  [0, 0, 0, 0, 0, 0, 0, 0, 0, 0]
Round=0
Round=1
Round=2
Round=3
Round=4
Round=5
Round=6
Round=7
Round=8
Round=9
Round=10
Round=11
Round=12
Round=13
Round=14
current privacy cost of all clients:  [3.4898902059364203, 0.7247376726181795, 3.228910041910707, 3.9150741574125867, 0.08442481810711515, 0.6677009275053235, 0.6438493598468139, 2.33482116763611, 4.078778062978832, 3.1675097545911566]
Round=14, per client global perf=[0.452, 0.2696, 0.4951, 0.5211, 0.2456, 0.373, 0.3053, 0.7441, 0.5628, 0.5671], mean perf=9052/20014 (0.4523%)
Round=14, per client personal perf=[0.9775, 0.901, 0.9603, 0.9804, 0.9814, 0.9691, 0.9675, 0.9348, 0.9334, 0.8884], mean perf=19017/20014 (0.9502%)
Round=14, per client personal pooled=[0.4676, 0.4416, 0.49, 0.4939, 0.4809, 0.4793, 0.4888, 0.4588, 0.4688, 0.3945], mean perf=93349/200140 (0.4664%)
Mean performance of ditto rpdp global, Perf=0.4718, seed=43
Mean performance of ditto rpdp personal, Perf=0.9477, seed=43
Mean performance of ditto rpdp pooled, Perf=0.4651, seed=43
Finished seed 43
----------------------------------------
Running seed 44
/Users/shegao_t1/DP_Research/Personal_DP_Personal_FL/rpdp_fl/experiments/datasets/fed_mnist/niid_10_5way_1200shot

Client 0 label distribution:
[(3, 772), (4, 812), (5, 794), (6, 792), (9, 790)]

Client 1 label distribution:
[(2, 769), (3, 793), (4, 782), (5, 804), (8, 812)]

Client 2 label distribution:
[(0, 808), (2, 768), (3, 803), (7, 802), (9, 779)]

Client 3 label distribution:
[(2, 794), (3, 797), (5, 767), (7, 799), (9, 803)]

Client 4 label distribution:
[(0, 771), (1, 805), (3, 818), (4, 803), (5, 763)]

Client 5 label distribution:
[(0, 811), (2, 791), (4, 778), (6, 803), (7, 777)]

Client 6 label distribution:
[(0, 784), (1, 798), (2, 784), (4, 656), (8, 806)]

Client 7 label distribution:
[(1, 797), (6, 779), (7, 779), (8, 796), (9, 809)]

Client 8 label distribution:
[(0, 803), (1, 772), (6, 802), (8, 801), (9, 697)]

Client 9 label distribution:
[(1, 810), (5, 788), (6, 259), (7, 759), (8, 809)]
Client 0: avg epsilon = 1.0775
Client 1: avg epsilon = 0.2845
Client 2: avg epsilon = 1.2091
Client 3: avg epsilon = 1.2752
Client 4: avg epsilon = 0.1000
Client 5: avg epsilon = 0.2766
Client 6: avg epsilon = 0.2895
Client 7: avg epsilon = 1.4590
Client 8: avg epsilon = 1.1674
Client 9: avg epsilon = 0.5214
 We run FedAvg with rPDP (ThreeLevels-0) ...
max_epsilon :  10.0  noise_multiplier :  9.736328125
The R-Squared value of the best-fit curve : 0.999749898528281
learning rate =  0.01
sample_rate: (min) 0.03, (max) 0.61, expected_batch_size: 559
sample_rate: (min) 0.03, (max) 0.16, expected_batch_size: 207
sample_rate: (min) 0.03, (max) 0.61, expected_batch_size: 637
sample_rate: (min) 0.03, (max) 0.61, expected_batch_size: 673
sample_rate: (min) 0.03, (max) 0.03, expected_batch_size: 99
sample_rate: (min) 0.03, (max) 0.16, expected_batch_size: 203
sample_rate: (min) 0.03, (max) 0.16, expected_batch_size: 203
sample_rate: (min) 0.03, (max) 0.61, expected_batch_size: 779
sample_rate: (min) 0.03, (max) 0.61, expected_batch_size: 609
sample_rate: (min) 0.03, (max) 0.61, expected_batch_size: 298
initial privacy cost of all clients:  [0, 0, 0, 0, 0, 0, 0, 0, 0, 0]
Round=0
Round=1
Round=2
Round=3
Round=4
Round=5
Round=6
Round=7
Round=8
Round=9
Round=10
Round=11
Round=12
Round=13
Round=14
current privacy cost of all clients:  [3.8048372549984366, 0.8686164030477299, 3.8048372549984366, 2.1521425035466386, 0.09280122601357536, 0.6093162705378211, 0.5558558712260362, 3.0541598033886133, 2.8039339861853394, 3.554611437795162]
Round=14, per client global perf=[0.4907, 0.724, 0.6662, 0.6152, 0.7623, 0.6833, 0.8529, 0.6363, 0.5869, 0.6816], mean perf=13396/20014 (0.6693%)
Round=14, per client personal perf=[0.9779, 0.9495, 0.9667, 0.9466, 0.9824, 0.9627, 0.9655, 0.9701, 0.9224, 0.8788], mean perf=19079/20014 (0.9533%)
Round=14, per client personal pooled=[0.4657, 0.4631, 0.4904, 0.4749, 0.4821, 0.4782, 0.4868, 0.4743, 0.4632, 0.3797], mean perf=93232/200140 (0.4658%)
Mean performance of ditto rpdp global, Perf=0.6535, seed=44
Mean performance of ditto rpdp personal, Perf=0.9489, seed=44
Mean performance of ditto rpdp pooled, Perf=0.4682, seed=44
Client 0: avg epsilon = 0.4096
Client 1: avg epsilon = 0.3121
Client 2: avg epsilon = 0.3992
Client 3: avg epsilon = 0.4931
Client 4: avg epsilon = 0.2149
Client 5: avg epsilon = 0.2939
Client 6: avg epsilon = 0.2797
Client 7: avg epsilon = 0.6783
Client 8: avg epsilon = 0.7919
Client 9: avg epsilon = 0.4782
 We run FedAvg with rPDP (BoundedPareto-0) ...
max_epsilon :  10.0  noise_multiplier :  9.736328125
The R-Squared value of the best-fit curve : 0.999749898528281
learning rate =  0.01
sample_rate: (min) 0.04, (max) 0.16, expected_batch_size: 285
sample_rate: (min) 0.03, (max) 0.11, expected_batch_size: 228
sample_rate: (min) 0.03, (max) 0.18, expected_batch_size: 277
sample_rate: (min) 0.04, (max) 0.21, expected_batch_size: 331
sample_rate: (min) 0.03, (max) 0.06, expected_batch_size: 170
sample_rate: (min) 0.03, (max) 0.09, expected_batch_size: 218
sample_rate: (min) 0.03, (max) 0.11, expected_batch_size: 201
sample_rate: (min) 0.03, (max) 0.27, expected_batch_size: 436
sample_rate: (min) 0.03, (max) 1.0, expected_batch_size: 466
sample_rate: (min) 0.03, (max) 0.14, expected_batch_size: 282
initial privacy cost of all clients:  [0, 0, 0, 0, 0, 0, 0, 0, 0, 0]
Round=0
Round=1
Round=2
Round=3
Round=4
Round=5
Round=6
Round=7
Round=8
Round=9
Round=10
Round=11
Round=12
Round=13
Round=14
current privacy cost of all clients:  [0.7421538563352587, 0.5432249402373304, 0.8558535483596938, 0.5992389894760695, 0.280968063236125, 0.3133027676317989, 0.37346799019303517, 1.1428677350263499, 5.189319301399437, 0.6219971774080287]
Round=14, per client global perf=[0.6176, 0.7676, 0.6426, 0.6529, 0.8765, 0.724, 0.8134, 0.6637, 0.6289, 0.7394], mean perf=14253/20014 (0.7122%)
Round=14, per client personal perf=[0.9794, 0.9299, 0.9711, 0.9529, 0.976, 0.9755, 0.963, 0.9701, 0.9369, 0.8793], mean perf=19102/20014 (0.9544%)
Round=14, per client personal pooled=[0.4666, 0.456, 0.4924, 0.4805, 0.4825, 0.4826, 0.4872, 0.4729, 0.4707, 0.3898], mean perf=93689/200140 (0.4681%)
Mean performance of ditto rpdp global, Perf=0.6940, seed=44
Mean performance of ditto rpdp personal, Perf=0.9529, seed=44
Mean performance of ditto rpdp pooled, Perf=0.4703, seed=44
Client 0: avg epsilon = 0.9690
Client 1: avg epsilon = 0.2967
Client 2: avg epsilon = 1.1296
Client 3: avg epsilon = 1.2625
Client 4: avg epsilon = 0.1148
Client 5: avg epsilon = 0.2806
Client 6: avg epsilon = 0.3016
Client 7: avg epsilon = 1.5377
Client 8: avg epsilon = 1.3388
Client 9: avg epsilon = 0.6141
 We run FedAvg with rPDP (BoundedMixGauss-0) ...
max_epsilon :  10.0  noise_multiplier :  9.736328125
The R-Squared value of the best-fit curve : 0.999749898528281
learning rate =  0.01
sample_rate: (min) 0.03, (max) 0.57, expected_batch_size: 523
sample_rate: (min) 0.03, (max) 0.16, expected_batch_size: 215
sample_rate: (min) 0.03, (max) 0.6, expected_batch_size: 603
sample_rate: (min) 0.03, (max) 0.62, expected_batch_size: 666
sample_rate: (min) 0.03, (max) 0.03, expected_batch_size: 109
sample_rate: (min) 0.03, (max) 0.15, expected_batch_size: 206
sample_rate: (min) 0.03, (max) 0.16, expected_batch_size: 210
sample_rate: (min) 0.03, (max) 0.65, expected_batch_size: 812
sample_rate: (min) 0.03, (max) 0.77, expected_batch_size: 677
sample_rate: (min) 0.03, (max) 0.5, expected_batch_size: 341
initial privacy cost of all clients:  [0, 0, 0, 0, 0, 0, 0, 0, 0, 0]
Round=0
Round=1
Round=2
Round=3
Round=4
Round=5
Round=6
Round=7
Round=8
Round=9
Round=10
Round=11
Round=12
Round=13
Round=14
current privacy cost of all clients:  [3.4804731187448077, 0.8878437167879509, 3.7075250470586214, 2.2061265325045243, 0.12858210849485086, 0.5725215842944407, 0.5847452197808856, 3.306785397967515, 3.744154547986864, 2.8380525151047395]
Round=14, per client global perf=[0.5632, 0.752, 0.6632, 0.6417, 0.7985, 0.7181, 0.8387, 0.6745, 0.6219, 0.711], mean perf=13966/20014 (0.6978%)
Round=14, per client personal perf=[0.9735, 0.9554, 0.976, 0.9544, 0.9819, 0.9735, 0.9635, 0.9632, 0.9274, 0.8742], mean perf=19122/20014 (0.9554%)
Round=14, per client personal pooled=[0.4654, 0.4681, 0.4952, 0.4775, 0.4839, 0.4821, 0.4859, 0.4689, 0.4652, 0.3863], mean perf=93636/200140 (0.4679%)
Mean performance of ditto rpdp global, Perf=0.6765, seed=44
Mean performance of ditto rpdp personal, Perf=0.9515, seed=44
Mean performance of ditto rpdp pooled, Perf=0.4657, seed=44
Finished seed 44
----------------------------------------
Running seed 45
/Users/shegao_t1/DP_Research/Personal_DP_Personal_FL/rpdp_fl/experiments/datasets/fed_mnist/niid_10_5way_1200shot

Client 0 label distribution:
[(3, 772), (4, 812), (5, 794), (6, 792), (9, 790)]

Client 1 label distribution:
[(2, 769), (3, 793), (4, 782), (5, 804), (8, 812)]

Client 2 label distribution:
[(0, 808), (2, 768), (3, 803), (7, 802), (9, 779)]

Client 3 label distribution:
[(2, 794), (3, 797), (5, 767), (7, 799), (9, 803)]

Client 4 label distribution:
[(0, 771), (1, 805), (3, 818), (4, 803), (5, 763)]

Client 5 label distribution:
[(0, 811), (2, 791), (4, 778), (6, 803), (7, 777)]

Client 6 label distribution:
[(0, 784), (1, 798), (2, 784), (4, 656), (8, 806)]

Client 7 label distribution:
[(1, 797), (6, 779), (7, 779), (8, 796), (9, 809)]

Client 8 label distribution:
[(0, 803), (1, 772), (6, 802), (8, 801), (9, 697)]

Client 9 label distribution:
[(1, 810), (5, 788), (6, 259), (7, 759), (8, 809)]
Client 0: avg epsilon = 1.0775
Client 1: avg epsilon = 0.2845
Client 2: avg epsilon = 1.2091
Client 3: avg epsilon = 1.2752
Client 4: avg epsilon = 0.1000
Client 5: avg epsilon = 0.2766
Client 6: avg epsilon = 0.2895
Client 7: avg epsilon = 1.4590
Client 8: avg epsilon = 1.1674
Client 9: avg epsilon = 0.5214
 We run FedAvg with rPDP (ThreeLevels-0) ...
max_epsilon :  10.0  noise_multiplier :  9.736328125
The R-Squared value of the best-fit curve : 0.999749898528281
learning rate =  0.01
sample_rate: (min) 0.03, (max) 0.61, expected_batch_size: 559
sample_rate: (min) 0.03, (max) 0.16, expected_batch_size: 207
sample_rate: (min) 0.03, (max) 0.61, expected_batch_size: 637
sample_rate: (min) 0.03, (max) 0.61, expected_batch_size: 673
sample_rate: (min) 0.03, (max) 0.03, expected_batch_size: 99
sample_rate: (min) 0.03, (max) 0.16, expected_batch_size: 203
sample_rate: (min) 0.03, (max) 0.16, expected_batch_size: 203
sample_rate: (min) 0.03, (max) 0.61, expected_batch_size: 779
sample_rate: (min) 0.03, (max) 0.61, expected_batch_size: 609
sample_rate: (min) 0.03, (max) 0.61, expected_batch_size: 298
initial privacy cost of all clients:  [0, 0, 0, 0, 0, 0, 0, 0, 0, 0]
Round=0
Round=1
Round=2
Round=3
Round=4
Round=5
Round=6
Round=7
Round=8
Round=9
Round=10
Round=11
Round=12
Round=13
Round=14
current privacy cost of all clients:  [3.554611437795162, 0.7046321452486275, 3.3043856205918876, 2.502378074621252, 0.0777036851988212, 0.7915678459669535, 0.7046321452486275, 2.8039339861853394, 3.8048372549984366, 4.055063072201711]
Round=14, per client global perf=[0.4338, 0.3181, 0.7402, 0.5515, 0.4578, 0.674, 0.642, 0.8637, 0.8428, 0.6618], mean perf=12357/20014 (0.6174%)
Round=14, per client personal perf=[0.9804, 0.9652, 0.9662, 0.9559, 0.9809, 0.973, 0.961, 0.9637, 0.9334, 0.8822], mean perf=19158/20014 (0.9572%)
Round=14, per client personal pooled=[0.4653, 0.4729, 0.4922, 0.479, 0.4792, 0.4831, 0.4822, 0.47, 0.4705, 0.3862], mean perf=93676/200140 (0.4681%)
Mean performance of ditto rpdp global, Perf=0.6393, seed=45
Mean performance of ditto rpdp personal, Perf=0.9559, seed=45
Mean performance of ditto rpdp pooled, Perf=0.4686, seed=45
Client 0: avg epsilon = 0.4082
Client 1: avg epsilon = 0.3123
Client 2: avg epsilon = 0.3959
Client 3: avg epsilon = 0.4899
Client 4: avg epsilon = 0.2158
Client 5: avg epsilon = 0.2945
Client 6: avg epsilon = 0.2792
Client 7: avg epsilon = 0.6768
Client 8: avg epsilon = 0.7948
Client 9: avg epsilon = 0.4770
 We run FedAvg with rPDP (BoundedPareto-0) ...
max_epsilon :  10.0  noise_multiplier :  9.736328125
The R-Squared value of the best-fit curve : 0.999749898528281
learning rate =  0.01
sample_rate: (min) 0.04, (max) 0.15, expected_batch_size: 284
sample_rate: (min) 0.03, (max) 0.11, expected_batch_size: 228
sample_rate: (min) 0.03, (max) 0.17, expected_batch_size: 275
sample_rate: (min) 0.04, (max) 0.21, expected_batch_size: 330
sample_rate: (min) 0.03, (max) 0.06, expected_batch_size: 171
sample_rate: (min) 0.03, (max) 0.09, expected_batch_size: 218
sample_rate: (min) 0.03, (max) 0.11, expected_batch_size: 201
sample_rate: (min) 0.03, (max) 0.27, expected_batch_size: 435
sample_rate: (min) 0.03, (max) 1.0, expected_batch_size: 467
sample_rate: (min) 0.03, (max) 0.14, expected_batch_size: 281
initial privacy cost of all clients:  [0, 0, 0, 0, 0, 0, 0, 0, 0, 0]
Round=0
Round=1
Round=2
Round=3
Round=4
Round=5
Round=6
Round=7
Round=8
Round=9
Round=10
Round=11
Round=12
Round=13
Round=14
current privacy cost of all clients:  [0.6885393526224254, 0.4389064957968366, 0.737287783279604, 0.6801454108049917, 0.23940251650636465, 0.40860585771208774, 0.47155104811049564, 1.0536496151827546, 7.341489632879909, 0.6904435819574529]
Round=14, per client global perf=[0.6691, 0.6005, 0.7578, 0.7152, 0.7025, 0.7716, 0.7703, 0.8471, 0.8403, 0.7167], mean perf=14792/20014 (0.7391%)
Round=14, per client personal perf=[0.9721, 0.9657, 0.9662, 0.9529, 0.9755, 0.9814, 0.9716, 0.9593, 0.9394, 0.8788], mean perf=19160/20014 (0.9573%)
Round=14, per client personal pooled=[0.4639, 0.4751, 0.4908, 0.4734, 0.4831, 0.4858, 0.4897, 0.4675, 0.4723, 0.3773], mean perf=93642/200140 (0.4679%)
Mean performance of ditto rpdp global, Perf=0.7274, seed=45
Mean performance of ditto rpdp personal, Perf=0.9534, seed=45
Mean performance of ditto rpdp pooled, Perf=0.4664, seed=45
Client 0: avg epsilon = 0.9777
Client 1: avg epsilon = 0.2979
Client 2: avg epsilon = 1.1623
Client 3: avg epsilon = 1.2664
Client 4: avg epsilon = 0.1152
Client 5: avg epsilon = 0.2823
Client 6: avg epsilon = 0.3029
Client 7: avg epsilon = 1.5416
Client 8: avg epsilon = 1.3410
Client 9: avg epsilon = 0.6458
 We run FedAvg with rPDP (BoundedMixGauss-0) ...
max_epsilon :  10.0  noise_multiplier :  9.736328125
The R-Squared value of the best-fit curve : 0.999749898528281
learning rate =  0.01
sample_rate: (min) 0.03, (max) 0.57, expected_batch_size: 527
sample_rate: (min) 0.03, (max) 0.16, expected_batch_size: 215
sample_rate: (min) 0.03, (max) 0.6, expected_batch_size: 621
sample_rate: (min) 0.03, (max) 0.62, expected_batch_size: 668
sample_rate: (min) 0.03, (max) 0.03, expected_batch_size: 109
sample_rate: (min) 0.03, (max) 0.15, expected_batch_size: 207
sample_rate: (min) 0.03, (max) 0.17, expected_batch_size: 211
sample_rate: (min) 0.03, (max) 0.65, expected_batch_size: 814
sample_rate: (min) 0.03, (max) 0.77, expected_batch_size: 678
sample_rate: (min) 0.03, (max) 0.51, expected_batch_size: 354
initial privacy cost of all clients:  [0, 0, 0, 0, 0, 0, 0, 0, 0, 0]
Round=0
Round=1
Round=2
Round=3
Round=4
Round=5
Round=6
Round=7
Round=8
Round=9
Round=10
Round=11
Round=12
Round=13
Round=14
current privacy cost of all clients:  [3.281140044471556, 0.7230627453849724, 3.2297684796546315, 2.577615543249246, 0.10877741890352152, 0.7472346093847001, 0.7453992738681744, 3.018353676476364, 5.099062056828933, 3.2317615453075352]
Round=14, per client global perf=[0.4804, 0.3397, 0.7309, 0.576, 0.4853, 0.6887, 0.6552, 0.8838, 0.8553, 0.6765], mean perf=12731/20014 (0.6361%)
Round=14, per client personal perf=[0.9608, 0.9118, 0.9711, 0.9623, 0.9779, 0.9451, 0.9726, 0.976, 0.8998, 0.8816], mean perf=18949/20014 (0.9468%)
Round=14, per client personal pooled=[0.459, 0.4508, 0.492, 0.4815, 0.4811, 0.4707, 0.488, 0.4754, 0.4529, 0.3871], mean perf=92831/200140 (0.4638%)
Mean performance of ditto rpdp global, Perf=0.6708, seed=45
Mean performance of ditto rpdp personal, Perf=0.9518, seed=45
Mean performance of ditto rpdp pooled, Perf=0.4654, seed=45
Finished seed 45
----------------------------------------
Running seed 46
/Users/shegao_t1/DP_Research/Personal_DP_Personal_FL/rpdp_fl/experiments/datasets/fed_mnist/niid_10_5way_1200shot

Client 0 label distribution:
[(3, 772), (4, 812), (5, 794), (6, 792), (9, 790)]

Client 1 label distribution:
[(2, 769), (3, 793), (4, 782), (5, 804), (8, 812)]

Client 2 label distribution:
[(0, 808), (2, 768), (3, 803), (7, 802), (9, 779)]

Client 3 label distribution:
[(2, 794), (3, 797), (5, 767), (7, 799), (9, 803)]

Client 4 label distribution:
[(0, 771), (1, 805), (3, 818), (4, 803), (5, 763)]

Client 5 label distribution:
[(0, 811), (2, 791), (4, 778), (6, 803), (7, 777)]

Client 6 label distribution:
[(0, 784), (1, 798), (2, 784), (4, 656), (8, 806)]

Client 7 label distribution:
[(1, 797), (6, 779), (7, 779), (8, 796), (9, 809)]

Client 8 label distribution:
[(0, 803), (1, 772), (6, 802), (8, 801), (9, 697)]

Client 9 label distribution:
[(1, 810), (5, 788), (6, 259), (7, 759), (8, 809)]
Client 0: avg epsilon = 1.0775
Client 1: avg epsilon = 0.2845
Client 2: avg epsilon = 1.2091
Client 3: avg epsilon = 1.2752
Client 4: avg epsilon = 0.1000
Client 5: avg epsilon = 0.2766
Client 6: avg epsilon = 0.2895
Client 7: avg epsilon = 1.4590
Client 8: avg epsilon = 1.1674
Client 9: avg epsilon = 0.5214
 We run FedAvg with rPDP (ThreeLevels-0) ...
max_epsilon :  10.0  noise_multiplier :  9.736328125
The R-Squared value of the best-fit curve : 0.999749898528281
learning rate =  0.01
sample_rate: (min) 0.03, (max) 0.61, expected_batch_size: 559
sample_rate: (min) 0.03, (max) 0.16, expected_batch_size: 207
sample_rate: (min) 0.03, (max) 0.61, expected_batch_size: 637
sample_rate: (min) 0.03, (max) 0.61, expected_batch_size: 673
sample_rate: (min) 0.03, (max) 0.03, expected_batch_size: 99
sample_rate: (min) 0.03, (max) 0.16, expected_batch_size: 203
sample_rate: (min) 0.03, (max) 0.16, expected_batch_size: 203
sample_rate: (min) 0.03, (max) 0.61, expected_batch_size: 779
sample_rate: (min) 0.03, (max) 0.61, expected_batch_size: 609
sample_rate: (min) 0.03, (max) 0.61, expected_batch_size: 298
initial privacy cost of all clients:  [0, 0, 0, 0, 0, 0, 0, 0, 0, 0]
Round=0
Round=1
Round=2
Round=3
Round=4
Round=5
Round=6
Round=7
Round=8
Round=9
Round=10
Round=11
Round=12
Round=13
Round=14
current privacy cost of all clients:  [3.3043856205918876, 0.7482516858029494, 3.3043856205918876, 3.554611437795162, 0.07214729257008984, 0.7046321452486275, 0.7046321452486275, 4.305288889404985, 4.055063072201711, 3.554611437795162]
Round=14, per client global perf=[0.6814, 0.6569, 0.8319, 0.8191, 0.6711, 0.7098, 0.7262, 0.8691, 0.8127, 0.7286], mean perf=15029/20014 (0.7509%)
Round=14, per client personal perf=[0.9652, 0.9583, 0.9642, 0.9662, 0.9799, 0.9598, 0.9452, 0.9495, 0.9364, 0.8686], mean perf=19023/20014 (0.9505%)
Round=14, per client personal pooled=[0.4612, 0.4735, 0.4908, 0.486, 0.4847, 0.4775, 0.4731, 0.4619, 0.4711, 0.3584], mean perf=92827/200140 (0.4638%)
Mean performance of ditto rpdp global, Perf=0.7292, seed=46
Mean performance of ditto rpdp personal, Perf=0.9528, seed=46
Mean performance of ditto rpdp pooled, Perf=0.4704, seed=46
Client 0: avg epsilon = 0.4068
Client 1: avg epsilon = 0.3100
Client 2: avg epsilon = 0.3946
Client 3: avg epsilon = 0.4892
Client 4: avg epsilon = 0.2153
Client 5: avg epsilon = 0.2914
Client 6: avg epsilon = 0.2770
Client 7: avg epsilon = 0.6709
Client 8: avg epsilon = 0.7968
Client 9: avg epsilon = 0.4730
 We run FedAvg with rPDP (BoundedPareto-0) ...
max_epsilon :  10.0  noise_multiplier :  9.736328125
The R-Squared value of the best-fit curve : 0.999749898528281
learning rate =  0.01
sample_rate: (min) 0.04, (max) 0.16, expected_batch_size: 283
sample_rate: (min) 0.03, (max) 0.1, expected_batch_size: 227
sample_rate: (min) 0.03, (max) 0.17, expected_batch_size: 274
sample_rate: (min) 0.04, (max) 0.21, expected_batch_size: 329
sample_rate: (min) 0.03, (max) 0.06, expected_batch_size: 170
sample_rate: (min) 0.03, (max) 0.09, expected_batch_size: 216
sample_rate: (min) 0.03, (max) 0.11, expected_batch_size: 200
sample_rate: (min) 0.03, (max) 0.27, expected_batch_size: 432
sample_rate: (min) 0.03, (max) 1.0, expected_batch_size: 468
sample_rate: (min) 0.03, (max) 0.14, expected_batch_size: 279
initial privacy cost of all clients:  [0, 0, 0, 0, 0, 0, 0, 0, 0, 0]
Round=0
Round=1
Round=2
Round=3
Round=4
Round=5
Round=6
Round=7
Round=8
Round=9
Round=10
Round=11
Round=12
Round=13
Round=14
current privacy cost of all clients:  [0.6438092609216902, 0.4572521652430379, 0.7413945202453217, 0.962070027753649, 0.22162381889959434, 0.35721990258347414, 0.4642028669509737, 1.5774690487650924, 7.879532215750026, 0.6137692703532428]
Round=14, per client global perf=[0.8137, 0.825, 0.7701, 0.8412, 0.7863, 0.8078, 0.7723, 0.8225, 0.7186, 0.7263], mean perf=15800/20014 (0.7894%)
Round=14, per client personal perf=[0.9775, 0.9588, 0.9559, 0.9667, 0.9858, 0.9794, 0.9726, 0.9642, 0.9329, 0.8363], mean perf=19105/20014 (0.9546%)
Round=14, per client personal pooled=[0.465, 0.4683, 0.4891, 0.493, 0.4903, 0.4851, 0.4894, 0.4708, 0.464, 0.3805], mean perf=93972/200140 (0.4695%)
Mean performance of ditto rpdp global, Perf=0.7632, seed=46
Mean performance of ditto rpdp personal, Perf=0.9533, seed=46
Mean performance of ditto rpdp pooled, Perf=0.4677, seed=46
Client 0: avg epsilon = 0.8994
Client 1: avg epsilon = 0.2962
Client 2: avg epsilon = 1.1182
Client 3: avg epsilon = 1.2598
Client 4: avg epsilon = 0.1144
Client 5: avg epsilon = 0.2797
Client 6: avg epsilon = 0.3009
Client 7: avg epsilon = 1.5364
Client 8: avg epsilon = 1.3403
Client 9: avg epsilon = 0.5667
 We run FedAvg with rPDP (BoundedMixGauss-0) ...
max_epsilon :  10.0  noise_multiplier :  9.736328125
The R-Squared value of the best-fit curve : 0.999749898528281
learning rate =  0.01
sample_rate: (min) 0.03, (max) 0.57, expected_batch_size: 493
sample_rate: (min) 0.03, (max) 0.16, expected_batch_size: 214
sample_rate: (min) 0.03, (max) 0.59, expected_batch_size: 597
sample_rate: (min) 0.03, (max) 0.62, expected_batch_size: 665
sample_rate: (min) 0.03, (max) 0.03, expected_batch_size: 108
sample_rate: (min) 0.03, (max) 0.15, expected_batch_size: 206
sample_rate: (min) 0.03, (max) 0.16, expected_batch_size: 210
sample_rate: (min) 0.03, (max) 0.65, expected_batch_size: 811
sample_rate: (min) 0.03, (max) 0.75, expected_batch_size: 677
sample_rate: (min) 0.03, (max) 0.19, expected_batch_size: 321
initial privacy cost of all clients:  [0, 0, 0, 0, 0, 0, 0, 0, 0, 0]
Round=0
Round=1
Round=2
Round=3
Round=4
Round=5
Round=6
Round=7
Round=8
Round=9
Round=10
Round=11
Round=12
Round=13
Round=14
current privacy cost of all clients:  [3.0335448814981376, 0.7634142321108327, 3.213026835304431, 3.654578881499142, 0.10031808520917192, 0.65991324230072, 0.7375647430033326, 4.637740505719468, 5.25008866728307, 0.8845506999063875]
Round=14, per client global perf=[0.7446, 0.6961, 0.8255, 0.8289, 0.7304, 0.752, 0.7495, 0.8691, 0.8127, 0.7292], mean perf=15499/20014 (0.7744%)
Round=14, per client personal perf=[0.9711, 0.9784, 0.9681, 0.975, 0.9843, 0.9784, 0.9701, 0.9721, 0.9399, 0.8816], mean perf=19274/20014 (0.9630%)
Round=14, per client personal pooled=[0.4645, 0.4803, 0.4911, 0.4885, 0.4852, 0.4845, 0.4894, 0.4723, 0.4702, 0.3786], mean perf=94155/200140 (0.4704%)
Mean performance of ditto rpdp global, Perf=0.7509, seed=46
Mean performance of ditto rpdp personal, Perf=0.9602, seed=46
Mean performance of ditto rpdp pooled, Perf=0.4698, seed=46
Finished seed 46
----------------------------------------
=== Running reg_param=0.1, num_steps=15 ===
Running seed 42
/Users/shegao_t1/DP_Research/Personal_DP_Personal_FL/rpdp_fl/experiments/datasets/fed_mnist/niid_10_5way_1200shot

Client 0 label distribution:
[(3, 772), (4, 812), (5, 794), (6, 792), (9, 790)]

Client 1 label distribution:
[(2, 769), (3, 793), (4, 782), (5, 804), (8, 812)]

Client 2 label distribution:
[(0, 808), (2, 768), (3, 803), (7, 802), (9, 779)]

Client 3 label distribution:
[(2, 794), (3, 797), (5, 767), (7, 799), (9, 803)]

Client 4 label distribution:
[(0, 771), (1, 805), (3, 818), (4, 803), (5, 763)]

Client 5 label distribution:
[(0, 811), (2, 791), (4, 778), (6, 803), (7, 777)]

Client 6 label distribution:
[(0, 784), (1, 798), (2, 784), (4, 656), (8, 806)]

Client 7 label distribution:
[(1, 797), (6, 779), (7, 779), (8, 796), (9, 809)]

Client 8 label distribution:
[(0, 803), (1, 772), (6, 802), (8, 801), (9, 697)]

Client 9 label distribution:
[(1, 810), (5, 788), (6, 259), (7, 759), (8, 809)]
Client 0: avg epsilon = 1.0775
Client 1: avg epsilon = 0.2845
Client 2: avg epsilon = 1.2091
Client 3: avg epsilon = 1.2752
Client 4: avg epsilon = 0.1000
Client 5: avg epsilon = 0.2766
Client 6: avg epsilon = 0.2895
Client 7: avg epsilon = 1.4590
Client 8: avg epsilon = 1.1674
Client 9: avg epsilon = 0.5214
 We run FedAvg with rPDP (ThreeLevels-0) ...
max_epsilon :  10.0  noise_multiplier :  9.736328125
The R-Squared value of the best-fit curve : 0.999749898528281
learning rate =  0.01
sample_rate: (min) 0.03, (max) 0.61, expected_batch_size: 559
sample_rate: (min) 0.03, (max) 0.16, expected_batch_size: 207
sample_rate: (min) 0.03, (max) 0.61, expected_batch_size: 637
sample_rate: (min) 0.03, (max) 0.61, expected_batch_size: 673
sample_rate: (min) 0.03, (max) 0.03, expected_batch_size: 99
sample_rate: (min) 0.03, (max) 0.16, expected_batch_size: 203
sample_rate: (min) 0.03, (max) 0.16, expected_batch_size: 203
sample_rate: (min) 0.03, (max) 0.61, expected_batch_size: 779
sample_rate: (min) 0.03, (max) 0.61, expected_batch_size: 609
sample_rate: (min) 0.03, (max) 0.61, expected_batch_size: 298
initial privacy cost of all clients:  [0, 0, 0, 0, 0, 0, 0, 0, 0, 0]
Round=0
Round=1
Round=2
Round=3
Round=4
Round=5
Round=6
Round=7
Round=8
Round=9
Round=10
Round=11
Round=12
Round=13
Round=14
current privacy cost of all clients:  [3.554611437795162, 0.7046321452486275, 2.8039339861853394, 3.3043856205918876, 0.08299634815037049, 0.7046321452486275, 0.7482516858029494, 4.055063072201711, 4.305288889404985, 3.0541598033886133]
Round=14, per client global perf=[0.6172, 0.674, 0.6211, 0.5564, 0.7279, 0.8299, 0.8489, 0.7873, 0.7576, 0.7144], mean perf=14268/20014 (0.7129%)
Round=14, per client personal perf=[0.8892, 0.9431, 0.9064, 0.901, 0.974, 0.9456, 0.9138, 0.9382, 0.8953, 0.868], mean perf=18377/20014 (0.9182%)
Round=14, per client personal pooled=[0.4571, 0.4664, 0.4801, 0.461, 0.4783, 0.5072, 0.5213, 0.4718, 0.4578, 0.3847], mean perf=93780/200140 (0.4686%)
Mean performance of ditto rpdp global, Perf=0.6568, seed=42
Mean performance of ditto rpdp personal, Perf=0.9178, seed=42
Mean performance of ditto rpdp pooled, Perf=0.4611, seed=42
Client 0: avg epsilon = 0.4077
Client 1: avg epsilon = 0.3113
Client 2: avg epsilon = 0.3959
Client 3: avg epsilon = 0.4892
Client 4: avg epsilon = 0.2155
Client 5: avg epsilon = 0.2926
Client 6: avg epsilon = 0.2781
Client 7: avg epsilon = 0.6722
Client 8: avg epsilon = 0.7871
Client 9: avg epsilon = 0.4750
 We run FedAvg with rPDP (BoundedPareto-0) ...
max_epsilon :  10.0  noise_multiplier :  9.736328125
The R-Squared value of the best-fit curve : 0.999749898528281
learning rate =  0.01
sample_rate: (min) 0.04, (max) 0.16, expected_batch_size: 284
sample_rate: (min) 0.03, (max) 0.11, expected_batch_size: 228
sample_rate: (min) 0.03, (max) 0.18, expected_batch_size: 275
sample_rate: (min) 0.04, (max) 0.21, expected_batch_size: 329
sample_rate: (min) 0.03, (max) 0.06, expected_batch_size: 170
sample_rate: (min) 0.03, (max) 0.09, expected_batch_size: 217
sample_rate: (min) 0.03, (max) 0.11, expected_batch_size: 200
sample_rate: (min) 0.03, (max) 0.27, expected_batch_size: 433
sample_rate: (min) 0.03, (max) 0.98, expected_batch_size: 464
sample_rate: (min) 0.03, (max) 0.14, expected_batch_size: 280
initial privacy cost of all clients:  [0, 0, 0, 0, 0, 0, 0, 0, 0, 0]
Round=0
Round=1
Round=2
Round=3
Round=4
Round=5
Round=6
Round=7
Round=8
Round=9
Round=10
Round=11
Round=12
Round=13
Round=14
current privacy cost of all clients:  [0.6900338711482631, 0.4364746534737748, 0.6276822004231332, 0.9020013923888056, 0.2537990314133135, 0.3590420911812761, 0.496521478756058, 1.4795995824414296, 8.118065224632089, 0.5308278278358338]
Round=14, per client global perf=[0.7225, 0.7907, 0.6515, 0.6549, 0.8461, 0.8338, 0.8205, 0.7471, 0.7106, 0.7348], mean perf=15037/20014 (0.7513%)
Round=14, per client personal perf=[0.9387, 0.9471, 0.9279, 0.9324, 0.9554, 0.952, 0.9579, 0.9593, 0.8963, 0.8572], mean perf=18682/20014 (0.9334%)
Round=14, per client personal pooled=[0.4922, 0.4636, 0.4766, 0.4682, 0.5025, 0.4763, 0.5382, 0.5244, 0.4787, 0.4326], mean perf=97134/200140 (0.4853%)
Mean performance of ditto rpdp global, Perf=0.7193, seed=42
Mean performance of ditto rpdp personal, Perf=0.9251, seed=42
Mean performance of ditto rpdp pooled, Perf=0.4795, seed=42
Client 0: avg epsilon = 0.9013
Client 1: avg epsilon = 0.2965
Client 2: avg epsilon = 1.1218
Client 3: avg epsilon = 1.2589
Client 4: avg epsilon = 0.1149
Client 5: avg epsilon = 0.2804
Client 6: avg epsilon = 0.3012
Client 7: avg epsilon = 1.5331
Client 8: avg epsilon = 1.3353
Client 9: avg epsilon = 0.5659
 We run FedAvg with rPDP (BoundedMixGauss-0) ...
max_epsilon :  10.0  noise_multiplier :  9.736328125
The R-Squared value of the best-fit curve : 0.999749898528281
learning rate =  0.01
sample_rate: (min) 0.03, (max) 0.56, expected_batch_size: 493
sample_rate: (min) 0.03, (max) 0.16, expected_batch_size: 215
sample_rate: (min) 0.03, (max) 0.59, expected_batch_size: 600
sample_rate: (min) 0.03, (max) 0.62, expected_batch_size: 664
sample_rate: (min) 0.03, (max) 0.03, expected_batch_size: 109
sample_rate: (min) 0.03, (max) 0.15, expected_batch_size: 206
sample_rate: (min) 0.03, (max) 0.16, expected_batch_size: 210
sample_rate: (min) 0.03, (max) 0.65, expected_batch_size: 810
sample_rate: (min) 0.03, (max) 0.79, expected_batch_size: 676
sample_rate: (min) 0.03, (max) 0.19, expected_batch_size: 321
initial privacy cost of all clients:  [0, 0, 0, 0, 0, 0, 0, 0, 0, 0]
Round=0
Round=1
Round=2
Round=3
Round=4
Round=5
Round=6
Round=7
Round=8
Round=9
Round=10
Round=11
Round=12
Round=13
Round=14
current privacy cost of all clients:  [3.239357095723892, 0.7183551116823591, 2.738589241019812, 3.383455485794296, 0.11540859791906656, 0.6613141025505981, 0.7853311326325294, 4.430527245721282, 5.922965857975325, 0.7615408867744656]
Round=14, per client global perf=[0.6368, 0.7162, 0.6191, 0.5642, 0.7877, 0.8387, 0.8626, 0.7794, 0.7561, 0.736], mean perf=14592/20014 (0.7291%)
Round=14, per client personal perf=[0.9206, 0.9407, 0.9451, 0.9328, 0.973, 0.9686, 0.9229, 0.9377, 0.9119, 0.8119], mean perf=18576/20014 (0.9282%)
Round=14, per client personal pooled=[0.4636, 0.4643, 0.5451, 0.4669, 0.4801, 0.5034, 0.485, 0.4577, 0.4613, 0.345], mean perf=93512/200140 (0.4672%)
Mean performance of ditto rpdp global, Perf=0.6736, seed=42
Mean performance of ditto rpdp personal, Perf=0.9160, seed=42
Mean performance of ditto rpdp pooled, Perf=0.4668, seed=42
Finished seed 42
----------------------------------------
Running seed 43
/Users/shegao_t1/DP_Research/Personal_DP_Personal_FL/rpdp_fl/experiments/datasets/fed_mnist/niid_10_5way_1200shot

Client 0 label distribution:
[(3, 772), (4, 812), (5, 794), (6, 792), (9, 790)]

Client 1 label distribution:
[(2, 769), (3, 793), (4, 782), (5, 804), (8, 812)]

Client 2 label distribution:
[(0, 808), (2, 768), (3, 803), (7, 802), (9, 779)]

Client 3 label distribution:
[(2, 794), (3, 797), (5, 767), (7, 799), (9, 803)]

Client 4 label distribution:
[(0, 771), (1, 805), (3, 818), (4, 803), (5, 763)]

Client 5 label distribution:
[(0, 811), (2, 791), (4, 778), (6, 803), (7, 777)]

Client 6 label distribution:
[(0, 784), (1, 798), (2, 784), (4, 656), (8, 806)]

Client 7 label distribution:
[(1, 797), (6, 779), (7, 779), (8, 796), (9, 809)]

Client 8 label distribution:
[(0, 803), (1, 772), (6, 802), (8, 801), (9, 697)]

Client 9 label distribution:
[(1, 810), (5, 788), (6, 259), (7, 759), (8, 809)]
Client 0: avg epsilon = 1.0775
Client 1: avg epsilon = 0.2845
Client 2: avg epsilon = 1.2091
Client 3: avg epsilon = 1.2752
Client 4: avg epsilon = 0.1000
Client 5: avg epsilon = 0.2766
Client 6: avg epsilon = 0.2895
Client 7: avg epsilon = 1.4590
Client 8: avg epsilon = 1.1674
Client 9: avg epsilon = 0.5214
 We run FedAvg with rPDP (ThreeLevels-0) ...
max_epsilon :  10.0  noise_multiplier :  9.736328125
The R-Squared value of the best-fit curve : 0.999749898528281
learning rate =  0.01
sample_rate: (min) 0.03, (max) 0.61, expected_batch_size: 559
sample_rate: (min) 0.03, (max) 0.16, expected_batch_size: 207
sample_rate: (min) 0.03, (max) 0.61, expected_batch_size: 637
sample_rate: (min) 0.03, (max) 0.61, expected_batch_size: 673
sample_rate: (min) 0.03, (max) 0.03, expected_batch_size: 99
sample_rate: (min) 0.03, (max) 0.16, expected_batch_size: 203
sample_rate: (min) 0.03, (max) 0.16, expected_batch_size: 203
sample_rate: (min) 0.03, (max) 0.61, expected_batch_size: 779
sample_rate: (min) 0.03, (max) 0.61, expected_batch_size: 609
sample_rate: (min) 0.03, (max) 0.61, expected_batch_size: 298
initial privacy cost of all clients:  [0, 0, 0, 0, 0, 0, 0, 0, 0, 0]
Round=0
Round=1
Round=2
Round=3
Round=4
Round=5
Round=6
Round=7
Round=8
Round=9
Round=10
Round=11
Round=12
Round=13
Round=14
current privacy cost of all clients:  [3.8048372549984366, 0.7046321452486275, 3.3043856205918876, 3.8048372549984366, 0.05997229379927632, 0.7046321452486275, 0.6093162705378211, 2.1521425035466386, 3.0541598033886133, 4.055063072201711]
Round=14, per client global perf=[0.4054, 0.2652, 0.5279, 0.523, 0.2338, 0.3853, 0.3387, 0.7127, 0.5468, 0.5473], mean perf=8955/20014 (0.4474%)
Round=14, per client personal perf=[0.9211, 0.9235, 0.9191, 0.9328, 0.9657, 0.951, 0.9386, 0.9402, 0.9069, 0.8499], mean perf=18531/20014 (0.9259%)
Round=14, per client personal pooled=[0.4378, 0.456, 0.4733, 0.4665, 0.4985, 0.4686, 0.5056, 0.4583, 0.4837, 0.3756], mean perf=92545/200140 (0.4624%)
Mean performance of ditto rpdp global, Perf=0.4653, seed=43
Mean performance of ditto rpdp personal, Perf=0.9174, seed=43
Mean performance of ditto rpdp pooled, Perf=0.4607, seed=43
Client 0: avg epsilon = 0.4112
Client 1: avg epsilon = 0.3142
Client 2: avg epsilon = 0.3983
Client 3: avg epsilon = 0.4927
Client 4: avg epsilon = 0.2171
Client 5: avg epsilon = 0.2951
Client 6: avg epsilon = 0.2799
Client 7: avg epsilon = 0.6772
Client 8: avg epsilon = 0.8044
Client 9: avg epsilon = 0.4780
 We run FedAvg with rPDP (BoundedPareto-0) ...
max_epsilon :  10.0  noise_multiplier :  9.736328125
The R-Squared value of the best-fit curve : 0.999749898528281
learning rate =  0.01
sample_rate: (min) 0.04, (max) 0.16, expected_batch_size: 286
sample_rate: (min) 0.03, (max) 0.11, expected_batch_size: 230
sample_rate: (min) 0.03, (max) 0.18, expected_batch_size: 276
sample_rate: (min) 0.04, (max) 0.21, expected_batch_size: 331
sample_rate: (min) 0.03, (max) 0.06, expected_batch_size: 171
sample_rate: (min) 0.03, (max) 0.09, expected_batch_size: 218
sample_rate: (min) 0.03, (max) 0.11, expected_batch_size: 201
sample_rate: (min) 0.03, (max) 0.27, expected_batch_size: 435
sample_rate: (min) 0.03, (max) 1.0, expected_batch_size: 471
sample_rate: (min) 0.03, (max) 0.14, expected_batch_size: 282
initial privacy cost of all clients:  [0, 0, 0, 0, 0, 0, 0, 0, 0, 0]
Round=0
Round=1
Round=2
Round=3
Round=4
Round=5
Round=6
Round=7
Round=8
Round=9
Round=10
Round=11
Round=12
Round=13
Round=14
current privacy cost of all clients:  [0.7373337984015426, 0.4379227448896392, 0.7432715464651029, 1.0289056818910758, 0.18818817298350093, 0.3625272812125309, 0.40478381847721895, 0.8256683992939291, 5.727361884269555, 0.6958934765955246]
Round=14, per client global perf=[0.6422, 0.3569, 0.5515, 0.6358, 0.4353, 0.4221, 0.3063, 0.7407, 0.5884, 0.5751], mean perf=10514/20014 (0.5253%)
Round=14, per client personal perf=[0.9471, 0.9358, 0.9417, 0.8985, 0.9696, 0.9147, 0.9249, 0.9549, 0.8468, 0.8317], mean perf=18370/20014 (0.9179%)
Round=14, per client personal pooled=[0.5252, 0.491, 0.493, 0.4735, 0.5011, 0.4582, 0.4865, 0.4673, 0.4215, 0.3771], mean perf=93952/200140 (0.4694%)
Mean performance of ditto rpdp global, Perf=0.5427, seed=43
Mean performance of ditto rpdp personal, Perf=0.9097, seed=43
Mean performance of ditto rpdp pooled, Perf=0.4630, seed=43
Client 0: avg epsilon = 0.9717
Client 1: avg epsilon = 0.2984
Client 2: avg epsilon = 1.1612
Client 3: avg epsilon = 1.2646
Client 4: avg epsilon = 0.1153
Client 5: avg epsilon = 0.2826
Client 6: avg epsilon = 0.3031
Client 7: avg epsilon = 1.5395
Client 8: avg epsilon = 1.3422
Client 9: avg epsilon = 0.6197
 We run FedAvg with rPDP (BoundedMixGauss-0) ...
max_epsilon :  10.0  noise_multiplier :  9.736328125
The R-Squared value of the best-fit curve : 0.999749898528281
learning rate =  0.01
sample_rate: (min) 0.03, (max) 0.57, expected_batch_size: 524
sample_rate: (min) 0.03, (max) 0.16, expected_batch_size: 216
sample_rate: (min) 0.03, (max) 0.6, expected_batch_size: 621
sample_rate: (min) 0.03, (max) 0.62, expected_batch_size: 667
sample_rate: (min) 0.03, (max) 0.03, expected_batch_size: 109
sample_rate: (min) 0.03, (max) 0.15, expected_batch_size: 207
sample_rate: (min) 0.03, (max) 0.17, expected_batch_size: 211
sample_rate: (min) 0.03, (max) 0.65, expected_batch_size: 813
sample_rate: (min) 0.03, (max) 0.75, expected_batch_size: 679
sample_rate: (min) 0.03, (max) 0.5, expected_batch_size: 344
initial privacy cost of all clients:  [0, 0, 0, 0, 0, 0, 0, 0, 0, 0]
Round=0
Round=1
Round=2
Round=3
Round=4
Round=5
Round=6
Round=7
Round=8
Round=9
Round=10
Round=11
Round=12
Round=13
Round=14
current privacy cost of all clients:  [3.4898902059364203, 0.7247376726181795, 3.228910041910707, 3.9150741574125867, 0.08442481810711515, 0.6677009275053235, 0.6438493598468139, 2.33482116763611, 4.078778062978832, 3.1675097545911566]
Round=14, per client global perf=[0.452, 0.2696, 0.4951, 0.5211, 0.2456, 0.373, 0.3053, 0.7441, 0.5628, 0.5671], mean perf=9052/20014 (0.4523%)
Round=14, per client personal perf=[0.8926, 0.7289, 0.9235, 0.9377, 0.9196, 0.925, 0.8915, 0.9392, 0.8408, 0.8425], mean perf=17708/20014 (0.8848%)
Round=14, per client personal pooled=[0.4862, 0.3562, 0.4737, 0.4729, 0.4576, 0.4575, 0.4412, 0.4587, 0.4299, 0.3855], mean perf=88452/200140 (0.4420%)
Mean performance of ditto rpdp global, Perf=0.4718, seed=43
Mean performance of ditto rpdp personal, Perf=0.8871, seed=43
Mean performance of ditto rpdp pooled, Perf=0.4419, seed=43
Finished seed 43
----------------------------------------
Running seed 44
/Users/shegao_t1/DP_Research/Personal_DP_Personal_FL/rpdp_fl/experiments/datasets/fed_mnist/niid_10_5way_1200shot

Client 0 label distribution:
[(3, 772), (4, 812), (5, 794), (6, 792), (9, 790)]

Client 1 label distribution:
[(2, 769), (3, 793), (4, 782), (5, 804), (8, 812)]

Client 2 label distribution:
[(0, 808), (2, 768), (3, 803), (7, 802), (9, 779)]

Client 3 label distribution:
[(2, 794), (3, 797), (5, 767), (7, 799), (9, 803)]

Client 4 label distribution:
[(0, 771), (1, 805), (3, 818), (4, 803), (5, 763)]

Client 5 label distribution:
[(0, 811), (2, 791), (4, 778), (6, 803), (7, 777)]

Client 6 label distribution:
[(0, 784), (1, 798), (2, 784), (4, 656), (8, 806)]

Client 7 label distribution:
[(1, 797), (6, 779), (7, 779), (8, 796), (9, 809)]

Client 8 label distribution:
[(0, 803), (1, 772), (6, 802), (8, 801), (9, 697)]

Client 9 label distribution:
[(1, 810), (5, 788), (6, 259), (7, 759), (8, 809)]
Client 0: avg epsilon = 1.0775
Client 1: avg epsilon = 0.2845
Client 2: avg epsilon = 1.2091
Client 3: avg epsilon = 1.2752
Client 4: avg epsilon = 0.1000
Client 5: avg epsilon = 0.2766
Client 6: avg epsilon = 0.2895
Client 7: avg epsilon = 1.4590
Client 8: avg epsilon = 1.1674
Client 9: avg epsilon = 0.5214
 We run FedAvg with rPDP (ThreeLevels-0) ...
max_epsilon :  10.0  noise_multiplier :  9.736328125
The R-Squared value of the best-fit curve : 0.999749898528281
learning rate =  0.01
sample_rate: (min) 0.03, (max) 0.61, expected_batch_size: 559
sample_rate: (min) 0.03, (max) 0.16, expected_batch_size: 207
sample_rate: (min) 0.03, (max) 0.61, expected_batch_size: 637
sample_rate: (min) 0.03, (max) 0.61, expected_batch_size: 673
sample_rate: (min) 0.03, (max) 0.03, expected_batch_size: 99
sample_rate: (min) 0.03, (max) 0.16, expected_batch_size: 203
sample_rate: (min) 0.03, (max) 0.16, expected_batch_size: 203
sample_rate: (min) 0.03, (max) 0.61, expected_batch_size: 779
sample_rate: (min) 0.03, (max) 0.61, expected_batch_size: 609
sample_rate: (min) 0.03, (max) 0.61, expected_batch_size: 298
initial privacy cost of all clients:  [0, 0, 0, 0, 0, 0, 0, 0, 0, 0]
Round=0
Round=1
Round=2
Round=3
Round=4
Round=5
Round=6
Round=7
Round=8
Round=9
Round=10
Round=11
Round=12
Round=13
Round=14
current privacy cost of all clients:  [3.8048372549984366, 0.8686164030477299, 3.8048372549984366, 2.1521425035466386, 0.09280122601357536, 0.6093162705378211, 0.5558558712260362, 3.0541598033886133, 2.8039339861853394, 3.554611437795162]
Round=14, per client global perf=[0.4907, 0.724, 0.6662, 0.6152, 0.7623, 0.6833, 0.8529, 0.6363, 0.5869, 0.6816], mean perf=13396/20014 (0.6693%)
Round=14, per client personal perf=[0.9583, 0.9431, 0.9255, 0.9069, 0.9652, 0.9466, 0.9503, 0.9569, 0.9114, 0.8142], mean perf=18600/20014 (0.9293%)
Round=14, per client personal pooled=[0.4564, 0.4982, 0.4718, 0.46, 0.5096, 0.4692, 0.4832, 0.4653, 0.4931, 0.3486], mean perf=93172/200140 (0.4655%)
Mean performance of ditto rpdp global, Perf=0.6535, seed=44
Mean performance of ditto rpdp personal, Perf=0.9226, seed=44
Mean performance of ditto rpdp pooled, Perf=0.4619, seed=44
Client 0: avg epsilon = 0.4096
Client 1: avg epsilon = 0.3121
Client 2: avg epsilon = 0.3992
Client 3: avg epsilon = 0.4931
Client 4: avg epsilon = 0.2149
Client 5: avg epsilon = 0.2939
Client 6: avg epsilon = 0.2797
Client 7: avg epsilon = 0.6783
Client 8: avg epsilon = 0.7919
Client 9: avg epsilon = 0.4782
 We run FedAvg with rPDP (BoundedPareto-0) ...
max_epsilon :  10.0  noise_multiplier :  9.736328125
The R-Squared value of the best-fit curve : 0.999749898528281
learning rate =  0.01
sample_rate: (min) 0.04, (max) 0.16, expected_batch_size: 285
sample_rate: (min) 0.03, (max) 0.11, expected_batch_size: 228
sample_rate: (min) 0.03, (max) 0.18, expected_batch_size: 277
sample_rate: (min) 0.04, (max) 0.21, expected_batch_size: 331
sample_rate: (min) 0.03, (max) 0.06, expected_batch_size: 170
sample_rate: (min) 0.03, (max) 0.09, expected_batch_size: 218
sample_rate: (min) 0.03, (max) 0.11, expected_batch_size: 201
sample_rate: (min) 0.03, (max) 0.27, expected_batch_size: 436
sample_rate: (min) 0.03, (max) 1.0, expected_batch_size: 466
sample_rate: (min) 0.03, (max) 0.14, expected_batch_size: 282
initial privacy cost of all clients:  [0, 0, 0, 0, 0, 0, 0, 0, 0, 0]
Round=0
Round=1
Round=2
Round=3
Round=4
Round=5
Round=6
Round=7
Round=8
Round=9
Round=10
Round=11
Round=12
Round=13
Round=14
current privacy cost of all clients:  [0.7421538563352587, 0.5432249402373304, 0.8558535483596938, 0.5992389894760695, 0.280968063236125, 0.3133027676317989, 0.37346799019303517, 1.1428677350263499, 5.189319301399437, 0.6219971774080287]
Round=14, per client global perf=[0.6176, 0.7676, 0.6426, 0.6529, 0.8765, 0.724, 0.8134, 0.6637, 0.6289, 0.7394], mean perf=14253/20014 (0.7122%)
Round=14, per client personal perf=[0.948, 0.9441, 0.948, 0.8716, 0.9735, 0.9426, 0.9503, 0.9368, 0.8538, 0.7921], mean perf=18369/20014 (0.9178%)
Round=14, per client personal pooled=[0.4756, 0.4669, 0.4903, 0.4425, 0.4819, 0.4663, 0.539, 0.4568, 0.4735, 0.3573], mean perf=93066/200140 (0.4650%)
Mean performance of ditto rpdp global, Perf=0.6940, seed=44
Mean performance of ditto rpdp personal, Perf=0.9153, seed=44
Mean performance of ditto rpdp pooled, Perf=0.4724, seed=44
Client 0: avg epsilon = 0.9690
Client 1: avg epsilon = 0.2967
Client 2: avg epsilon = 1.1296
Client 3: avg epsilon = 1.2625
Client 4: avg epsilon = 0.1148
Client 5: avg epsilon = 0.2806
Client 6: avg epsilon = 0.3016
Client 7: avg epsilon = 1.5377
Client 8: avg epsilon = 1.3388
Client 9: avg epsilon = 0.6141
 We run FedAvg with rPDP (BoundedMixGauss-0) ...
max_epsilon :  10.0  noise_multiplier :  9.736328125
The R-Squared value of the best-fit curve : 0.999749898528281
learning rate =  0.01
sample_rate: (min) 0.03, (max) 0.57, expected_batch_size: 523
sample_rate: (min) 0.03, (max) 0.16, expected_batch_size: 215
sample_rate: (min) 0.03, (max) 0.6, expected_batch_size: 603
sample_rate: (min) 0.03, (max) 0.62, expected_batch_size: 666
sample_rate: (min) 0.03, (max) 0.03, expected_batch_size: 109
sample_rate: (min) 0.03, (max) 0.15, expected_batch_size: 206
sample_rate: (min) 0.03, (max) 0.16, expected_batch_size: 210
sample_rate: (min) 0.03, (max) 0.65, expected_batch_size: 812
sample_rate: (min) 0.03, (max) 0.77, expected_batch_size: 677
sample_rate: (min) 0.03, (max) 0.5, expected_batch_size: 341
initial privacy cost of all clients:  [0, 0, 0, 0, 0, 0, 0, 0, 0, 0]
Round=0
Round=1
Round=2
Round=3
Round=4
Round=5
Round=6
Round=7
Round=8
Round=9
Round=10
Round=11
Round=12
Round=13
Round=14
current privacy cost of all clients:  [3.4804731187448077, 0.8878437167879509, 3.7075250470586214, 2.2061265325045243, 0.12858210849485086, 0.5725215842944407, 0.5847452197808856, 3.306785397967515, 3.744154547986864, 2.8380525151047395]
Round=14, per client global perf=[0.5632, 0.752, 0.6632, 0.6417, 0.7985, 0.7181, 0.8387, 0.6745, 0.6219, 0.711], mean perf=13966/20014 (0.6978%)
Round=14, per client personal perf=[0.9583, 0.9353, 0.9015, 0.9441, 0.9657, 0.9324, 0.9564, 0.9417, 0.8983, 0.8176], mean perf=18544/20014 (0.9266%)
Round=14, per client personal pooled=[0.4769, 0.4754, 0.4705, 0.4801, 0.4974, 0.4626, 0.5134, 0.4601, 0.4481, 0.3613], mean perf=92981/200140 (0.4646%)
Mean performance of ditto rpdp global, Perf=0.6765, seed=44
Mean performance of ditto rpdp personal, Perf=0.9259, seed=44
Mean performance of ditto rpdp pooled, Perf=0.4618, seed=44
Finished seed 44
----------------------------------------
Running seed 45
/Users/shegao_t1/DP_Research/Personal_DP_Personal_FL/rpdp_fl/experiments/datasets/fed_mnist/niid_10_5way_1200shot

Client 0 label distribution:
[(3, 772), (4, 812), (5, 794), (6, 792), (9, 790)]

Client 1 label distribution:
[(2, 769), (3, 793), (4, 782), (5, 804), (8, 812)]

Client 2 label distribution:
[(0, 808), (2, 768), (3, 803), (7, 802), (9, 779)]

Client 3 label distribution:
[(2, 794), (3, 797), (5, 767), (7, 799), (9, 803)]

Client 4 label distribution:
[(0, 771), (1, 805), (3, 818), (4, 803), (5, 763)]

Client 5 label distribution:
[(0, 811), (2, 791), (4, 778), (6, 803), (7, 777)]

Client 6 label distribution:
[(0, 784), (1, 798), (2, 784), (4, 656), (8, 806)]

Client 7 label distribution:
[(1, 797), (6, 779), (7, 779), (8, 796), (9, 809)]

Client 8 label distribution:
[(0, 803), (1, 772), (6, 802), (8, 801), (9, 697)]

Client 9 label distribution:
[(1, 810), (5, 788), (6, 259), (7, 759), (8, 809)]
Client 0: avg epsilon = 1.0775
Client 1: avg epsilon = 0.2845
Client 2: avg epsilon = 1.2091
Client 3: avg epsilon = 1.2752
Client 4: avg epsilon = 0.1000
Client 5: avg epsilon = 0.2766
Client 6: avg epsilon = 0.2895
Client 7: avg epsilon = 1.4590
Client 8: avg epsilon = 1.1674
Client 9: avg epsilon = 0.5214
 We run FedAvg with rPDP (ThreeLevels-0) ...
max_epsilon :  10.0  noise_multiplier :  9.736328125
The R-Squared value of the best-fit curve : 0.999749898528281
learning rate =  0.01
sample_rate: (min) 0.03, (max) 0.61, expected_batch_size: 559
sample_rate: (min) 0.03, (max) 0.16, expected_batch_size: 207
sample_rate: (min) 0.03, (max) 0.61, expected_batch_size: 637
sample_rate: (min) 0.03, (max) 0.61, expected_batch_size: 673
sample_rate: (min) 0.03, (max) 0.03, expected_batch_size: 99
sample_rate: (min) 0.03, (max) 0.16, expected_batch_size: 203
sample_rate: (min) 0.03, (max) 0.16, expected_batch_size: 203
sample_rate: (min) 0.03, (max) 0.61, expected_batch_size: 779
sample_rate: (min) 0.03, (max) 0.61, expected_batch_size: 609
sample_rate: (min) 0.03, (max) 0.61, expected_batch_size: 298
initial privacy cost of all clients:  [0, 0, 0, 0, 0, 0, 0, 0, 0, 0]
Round=0
Round=1
Round=2
Round=3
Round=4
Round=5
Round=6
Round=7
Round=8
Round=9
Round=10
Round=11
Round=12
Round=13
Round=14
current privacy cost of all clients:  [3.554611437795162, 0.7046321452486275, 3.3043856205918876, 2.502378074621252, 0.0777036851988212, 0.7915678459669535, 0.7046321452486275, 2.8039339861853394, 3.8048372549984366, 4.055063072201711]
Round=14, per client global perf=[0.4338, 0.3181, 0.7402, 0.5515, 0.4578, 0.674, 0.642, 0.8637, 0.8428, 0.6618], mean perf=12357/20014 (0.6174%)
Round=14, per client personal perf=[0.951, 0.951, 0.95, 0.949, 0.9471, 0.9544, 0.9564, 0.9358, 0.9084, 0.8652], mean perf=18769/20014 (0.9378%)
Round=14, per client personal pooled=[0.4571, 0.5001, 0.4825, 0.4784, 0.4628, 0.5, 0.5546, 0.458, 0.5243, 0.3645], mean perf=95713/200140 (0.4782%)
Mean performance of ditto rpdp global, Perf=0.6393, seed=45
Mean performance of ditto rpdp personal, Perf=0.9339, seed=45
Mean performance of ditto rpdp pooled, Perf=0.4807, seed=45
Client 0: avg epsilon = 0.4082
Client 1: avg epsilon = 0.3123
Client 2: avg epsilon = 0.3959
Client 3: avg epsilon = 0.4899
Client 4: avg epsilon = 0.2158
Client 5: avg epsilon = 0.2945
Client 6: avg epsilon = 0.2792
Client 7: avg epsilon = 0.6768
Client 8: avg epsilon = 0.7948
Client 9: avg epsilon = 0.4770
 We run FedAvg with rPDP (BoundedPareto-0) ...
max_epsilon :  10.0  noise_multiplier :  9.736328125
The R-Squared value of the best-fit curve : 0.999749898528281
learning rate =  0.01
sample_rate: (min) 0.04, (max) 0.15, expected_batch_size: 284
sample_rate: (min) 0.03, (max) 0.11, expected_batch_size: 228
sample_rate: (min) 0.03, (max) 0.17, expected_batch_size: 275
sample_rate: (min) 0.04, (max) 0.21, expected_batch_size: 330
sample_rate: (min) 0.03, (max) 0.06, expected_batch_size: 171
sample_rate: (min) 0.03, (max) 0.09, expected_batch_size: 218
sample_rate: (min) 0.03, (max) 0.11, expected_batch_size: 201
sample_rate: (min) 0.03, (max) 0.27, expected_batch_size: 435
sample_rate: (min) 0.03, (max) 1.0, expected_batch_size: 467
sample_rate: (min) 0.03, (max) 0.14, expected_batch_size: 281
initial privacy cost of all clients:  [0, 0, 0, 0, 0, 0, 0, 0, 0, 0]
Round=0
Round=1
Round=2
Round=3
Round=4
Round=5
Round=6
Round=7
Round=8
Round=9
Round=10
Round=11
Round=12
Round=13
Round=14
current privacy cost of all clients:  [0.6885393526224254, 0.4389064957968366, 0.737287783279604, 0.6801454108049917, 0.23940251650636465, 0.40860585771208774, 0.47155104811049564, 1.0536496151827546, 7.341489632879909, 0.6904435819574529]
Round=14, per client global perf=[0.6691, 0.6005, 0.7578, 0.7152, 0.7025, 0.7716, 0.7703, 0.8471, 0.8403, 0.7167], mean perf=14792/20014 (0.7391%)
Round=14, per client personal perf=[0.9529, 0.9142, 0.9221, 0.9441, 0.9627, 0.9554, 0.9437, 0.9289, 0.9184, 0.8521], mean perf=18623/20014 (0.9305%)
Round=14, per client personal pooled=[0.5105, 0.5185, 0.512, 0.5134, 0.506, 0.4813, 0.4975, 0.4503, 0.5017, 0.376], mean perf=97415/200140 (0.4867%)
Mean performance of ditto rpdp global, Perf=0.7274, seed=45
Mean performance of ditto rpdp personal, Perf=0.9255, seed=45
Mean performance of ditto rpdp pooled, Perf=0.4882, seed=45
Client 0: avg epsilon = 0.9777
Client 1: avg epsilon = 0.2979
Client 2: avg epsilon = 1.1623
Client 3: avg epsilon = 1.2664
Client 4: avg epsilon = 0.1152
Client 5: avg epsilon = 0.2823
Client 6: avg epsilon = 0.3029
Client 7: avg epsilon = 1.5416
Client 8: avg epsilon = 1.3410
Client 9: avg epsilon = 0.6458
 We run FedAvg with rPDP (BoundedMixGauss-0) ...
max_epsilon :  10.0  noise_multiplier :  9.736328125
The R-Squared value of the best-fit curve : 0.999749898528281
learning rate =  0.01
sample_rate: (min) 0.03, (max) 0.57, expected_batch_size: 527
sample_rate: (min) 0.03, (max) 0.16, expected_batch_size: 215
sample_rate: (min) 0.03, (max) 0.6, expected_batch_size: 621
sample_rate: (min) 0.03, (max) 0.62, expected_batch_size: 668
sample_rate: (min) 0.03, (max) 0.03, expected_batch_size: 109
sample_rate: (min) 0.03, (max) 0.15, expected_batch_size: 207
sample_rate: (min) 0.03, (max) 0.17, expected_batch_size: 211
sample_rate: (min) 0.03, (max) 0.65, expected_batch_size: 814
sample_rate: (min) 0.03, (max) 0.77, expected_batch_size: 678
sample_rate: (min) 0.03, (max) 0.51, expected_batch_size: 354
initial privacy cost of all clients:  [0, 0, 0, 0, 0, 0, 0, 0, 0, 0]
Round=0
Round=1
Round=2
Round=3
Round=4
Round=5
Round=6
Round=7
Round=8
Round=9
Round=10
Round=11
Round=12
Round=13
Round=14
current privacy cost of all clients:  [3.281140044471556, 0.7230627453849724, 3.2297684796546315, 2.577615543249246, 0.10877741890352152, 0.7472346093847001, 0.7453992738681744, 3.018353676476364, 5.099062056828933, 3.2317615453075352]
Round=14, per client global perf=[0.4804, 0.3397, 0.7309, 0.576, 0.4853, 0.6887, 0.6552, 0.8838, 0.8553, 0.6765], mean perf=12731/20014 (0.6361%)
Round=14, per client personal perf=[0.9569, 0.8828, 0.9324, 0.9186, 0.9529, 0.9505, 0.9315, 0.948, 0.9114, 0.8606], mean perf=18522/20014 (0.9255%)
Round=14, per client personal pooled=[0.5142, 0.4536, 0.4799, 0.456, 0.5084, 0.5454, 0.5374, 0.4638, 0.4822, 0.3698], mean perf=96285/200140 (0.4811%)
Mean performance of ditto rpdp global, Perf=0.6708, seed=45
Mean performance of ditto rpdp personal, Perf=0.9265, seed=45
Mean performance of ditto rpdp pooled, Perf=0.4877, seed=45
Finished seed 45
----------------------------------------
Running seed 46
/Users/shegao_t1/DP_Research/Personal_DP_Personal_FL/rpdp_fl/experiments/datasets/fed_mnist/niid_10_5way_1200shot

Client 0 label distribution:
[(3, 772), (4, 812), (5, 794), (6, 792), (9, 790)]

Client 1 label distribution:
[(2, 769), (3, 793), (4, 782), (5, 804), (8, 812)]

Client 2 label distribution:
[(0, 808), (2, 768), (3, 803), (7, 802), (9, 779)]

Client 3 label distribution:
[(2, 794), (3, 797), (5, 767), (7, 799), (9, 803)]

Client 4 label distribution:
[(0, 771), (1, 805), (3, 818), (4, 803), (5, 763)]

Client 5 label distribution:
[(0, 811), (2, 791), (4, 778), (6, 803), (7, 777)]

Client 6 label distribution:
[(0, 784), (1, 798), (2, 784), (4, 656), (8, 806)]

Client 7 label distribution:
[(1, 797), (6, 779), (7, 779), (8, 796), (9, 809)]

Client 8 label distribution:
[(0, 803), (1, 772), (6, 802), (8, 801), (9, 697)]

Client 9 label distribution:
[(1, 810), (5, 788), (6, 259), (7, 759), (8, 809)]
Client 0: avg epsilon = 1.0775
Client 1: avg epsilon = 0.2845
Client 2: avg epsilon = 1.2091
Client 3: avg epsilon = 1.2752
Client 4: avg epsilon = 0.1000
Client 5: avg epsilon = 0.2766
Client 6: avg epsilon = 0.2895
Client 7: avg epsilon = 1.4590
Client 8: avg epsilon = 1.1674
Client 9: avg epsilon = 0.5214
 We run FedAvg with rPDP (ThreeLevels-0) ...
max_epsilon :  10.0  noise_multiplier :  9.736328125
The R-Squared value of the best-fit curve : 0.999749898528281
learning rate =  0.01
sample_rate: (min) 0.03, (max) 0.61, expected_batch_size: 559
sample_rate: (min) 0.03, (max) 0.16, expected_batch_size: 207
sample_rate: (min) 0.03, (max) 0.61, expected_batch_size: 637
sample_rate: (min) 0.03, (max) 0.61, expected_batch_size: 673
sample_rate: (min) 0.03, (max) 0.03, expected_batch_size: 99
sample_rate: (min) 0.03, (max) 0.16, expected_batch_size: 203
sample_rate: (min) 0.03, (max) 0.16, expected_batch_size: 203
sample_rate: (min) 0.03, (max) 0.61, expected_batch_size: 779
sample_rate: (min) 0.03, (max) 0.61, expected_batch_size: 609
sample_rate: (min) 0.03, (max) 0.61, expected_batch_size: 298
initial privacy cost of all clients:  [0, 0, 0, 0, 0, 0, 0, 0, 0, 0]
Round=0
Round=1
Round=2
Round=3
Round=4
Round=5
Round=6
Round=7
Round=8
Round=9
Round=10
Round=11
Round=12
Round=13
Round=14
current privacy cost of all clients:  [3.3043856205918876, 0.7482516858029494, 3.3043856205918876, 3.554611437795162, 0.07214729257008984, 0.7046321452486275, 0.7046321452486275, 4.305288889404985, 4.055063072201711, 3.554611437795162]
Round=14, per client global perf=[0.6814, 0.6569, 0.8319, 0.8191, 0.6711, 0.7098, 0.7262, 0.8691, 0.8127, 0.7286], mean perf=15029/20014 (0.7509%)
Round=14, per client personal perf=[0.924, 0.9196, 0.8931, 0.9152, 0.9583, 0.923, 0.9153, 0.9627, 0.8262, 0.8612], mean perf=18227/20014 (0.9107%)
Round=14, per client personal pooled=[0.4729, 0.511, 0.5499, 0.469, 0.5102, 0.4976, 0.4722, 0.5211, 0.4311, 0.4034], mean perf=96834/200140 (0.4838%)
Mean performance of ditto rpdp global, Perf=0.7292, seed=46
Mean performance of ditto rpdp personal, Perf=0.9150, seed=46
Mean performance of ditto rpdp pooled, Perf=0.4733, seed=46
Client 0: avg epsilon = 0.4068
Client 1: avg epsilon = 0.3100
Client 2: avg epsilon = 0.3946
Client 3: avg epsilon = 0.4892
Client 4: avg epsilon = 0.2153
Client 5: avg epsilon = 0.2914
Client 6: avg epsilon = 0.2770
Client 7: avg epsilon = 0.6709
Client 8: avg epsilon = 0.7968
Client 9: avg epsilon = 0.4730
 We run FedAvg with rPDP (BoundedPareto-0) ...
max_epsilon :  10.0  noise_multiplier :  9.736328125
The R-Squared value of the best-fit curve : 0.999749898528281
learning rate =  0.01
sample_rate: (min) 0.04, (max) 0.16, expected_batch_size: 283
sample_rate: (min) 0.03, (max) 0.1, expected_batch_size: 227
sample_rate: (min) 0.03, (max) 0.17, expected_batch_size: 274
sample_rate: (min) 0.04, (max) 0.21, expected_batch_size: 329
sample_rate: (min) 0.03, (max) 0.06, expected_batch_size: 170
sample_rate: (min) 0.03, (max) 0.09, expected_batch_size: 216
sample_rate: (min) 0.03, (max) 0.11, expected_batch_size: 200
sample_rate: (min) 0.03, (max) 0.27, expected_batch_size: 432
sample_rate: (min) 0.03, (max) 1.0, expected_batch_size: 468
sample_rate: (min) 0.03, (max) 0.14, expected_batch_size: 279
initial privacy cost of all clients:  [0, 0, 0, 0, 0, 0, 0, 0, 0, 0]
Round=0
Round=1
Round=2
Round=3
Round=4
Round=5
Round=6
Round=7
Round=8
Round=9
Round=10
Round=11
Round=12
Round=13
Round=14
current privacy cost of all clients:  [0.6438092609216902, 0.4572521652430379, 0.7413945202453217, 0.962070027753649, 0.22162381889959434, 0.35721990258347414, 0.4642028669509737, 1.5774690487650924, 7.879532215750026, 0.6137692703532428]
Round=14, per client global perf=[0.8137, 0.825, 0.7701, 0.8412, 0.7863, 0.8078, 0.7723, 0.8225, 0.7186, 0.7263], mean perf=15800/20014 (0.7894%)
Round=14, per client personal perf=[0.8338, 0.9412, 0.926, 0.9436, 0.9118, 0.9554, 0.9417, 0.9681, 0.8908, 0.8555], mean perf=18365/20014 (0.9176%)
Round=14, per client personal pooled=[0.4139, 0.4644, 0.4692, 0.5269, 0.471, 0.4923, 0.5603, 0.4788, 0.4558, 0.4376], mean perf=95471/200140 (0.4770%)
Mean performance of ditto rpdp global, Perf=0.7632, seed=46
Mean performance of ditto rpdp personal, Perf=0.9031, seed=46
Mean performance of ditto rpdp pooled, Perf=0.4640, seed=46
Client 0: avg epsilon = 0.8994
Client 1: avg epsilon = 0.2962
Client 2: avg epsilon = 1.1182
Client 3: avg epsilon = 1.2598
Client 4: avg epsilon = 0.1144
Client 5: avg epsilon = 0.2797
Client 6: avg epsilon = 0.3009
Client 7: avg epsilon = 1.5364
Client 8: avg epsilon = 1.3403
Client 9: avg epsilon = 0.5667
 We run FedAvg with rPDP (BoundedMixGauss-0) ...
max_epsilon :  10.0  noise_multiplier :  9.736328125
The R-Squared value of the best-fit curve : 0.999749898528281
learning rate =  0.01
sample_rate: (min) 0.03, (max) 0.57, expected_batch_size: 493
sample_rate: (min) 0.03, (max) 0.16, expected_batch_size: 214
sample_rate: (min) 0.03, (max) 0.59, expected_batch_size: 597
sample_rate: (min) 0.03, (max) 0.62, expected_batch_size: 665
sample_rate: (min) 0.03, (max) 0.03, expected_batch_size: 108
sample_rate: (min) 0.03, (max) 0.15, expected_batch_size: 206
sample_rate: (min) 0.03, (max) 0.16, expected_batch_size: 210
sample_rate: (min) 0.03, (max) 0.65, expected_batch_size: 811
sample_rate: (min) 0.03, (max) 0.75, expected_batch_size: 677
sample_rate: (min) 0.03, (max) 0.19, expected_batch_size: 321
initial privacy cost of all clients:  [0, 0, 0, 0, 0, 0, 0, 0, 0, 0]
Round=0
Round=1
Round=2
Round=3
Round=4
Round=5
Round=6
Round=7
Round=8
Round=9
Round=10
Round=11
Round=12
Round=13
Round=14
current privacy cost of all clients:  [3.0335448814981376, 0.7634142321108327, 3.213026835304431, 3.654578881499142, 0.10031808520917192, 0.65991324230072, 0.7375647430033326, 4.637740505719468, 5.25008866728307, 0.8845506999063875]
Round=14, per client global perf=[0.7446, 0.6961, 0.8255, 0.8289, 0.7304, 0.752, 0.7495, 0.8691, 0.8127, 0.7292], mean perf=15499/20014 (0.7744%)
Round=14, per client personal perf=[0.9294, 0.9069, 0.9412, 0.9564, 0.9623, 0.9613, 0.9488, 0.9632, 0.9209, 0.8629], mean perf=18739/20014 (0.9363%)
Round=14, per client personal pooled=[0.4458, 0.4825, 0.5104, 0.5389, 0.5756, 0.5025, 0.5055, 0.516, 0.5099, 0.4036], mean perf=99884/200140 (0.4991%)
Mean performance of ditto rpdp global, Perf=0.7509, seed=46
Mean performance of ditto rpdp personal, Perf=0.9336, seed=46
Mean performance of ditto rpdp pooled, Perf=0.4830, seed=46
Finished seed 46
----------------------------------------
=== Running reg_param=1.0, num_steps=15 ===
Running seed 42
/Users/shegao_t1/DP_Research/Personal_DP_Personal_FL/rpdp_fl/experiments/datasets/fed_mnist/niid_10_5way_1200shot

Client 0 label distribution:
[(3, 772), (4, 812), (5, 794), (6, 792), (9, 790)]

Client 1 label distribution:
[(2, 769), (3, 793), (4, 782), (5, 804), (8, 812)]

Client 2 label distribution:
[(0, 808), (2, 768), (3, 803), (7, 802), (9, 779)]

Client 3 label distribution:
[(2, 794), (3, 797), (5, 767), (7, 799), (9, 803)]

Client 4 label distribution:
[(0, 771), (1, 805), (3, 818), (4, 803), (5, 763)]

Client 5 label distribution:
[(0, 811), (2, 791), (4, 778), (6, 803), (7, 777)]

Client 6 label distribution:
[(0, 784), (1, 798), (2, 784), (4, 656), (8, 806)]

Client 7 label distribution:
[(1, 797), (6, 779), (7, 779), (8, 796), (9, 809)]

Client 8 label distribution:
[(0, 803), (1, 772), (6, 802), (8, 801), (9, 697)]

Client 9 label distribution:
[(1, 810), (5, 788), (6, 259), (7, 759), (8, 809)]
Client 0: avg epsilon = 1.0775
Client 1: avg epsilon = 0.2845
Client 2: avg epsilon = 1.2091
Client 3: avg epsilon = 1.2752
Client 4: avg epsilon = 0.1000
Client 5: avg epsilon = 0.2766
Client 6: avg epsilon = 0.2895
Client 7: avg epsilon = 1.4590
Client 8: avg epsilon = 1.1674
Client 9: avg epsilon = 0.5214
 We run FedAvg with rPDP (ThreeLevels-0) ...
max_epsilon :  10.0  noise_multiplier :  9.736328125
The R-Squared value of the best-fit curve : 0.999749898528281
learning rate =  0.01
sample_rate: (min) 0.03, (max) 0.61, expected_batch_size: 559
sample_rate: (min) 0.03, (max) 0.16, expected_batch_size: 207
sample_rate: (min) 0.03, (max) 0.61, expected_batch_size: 637
sample_rate: (min) 0.03, (max) 0.61, expected_batch_size: 673
sample_rate: (min) 0.03, (max) 0.03, expected_batch_size: 99
sample_rate: (min) 0.03, (max) 0.16, expected_batch_size: 203
sample_rate: (min) 0.03, (max) 0.16, expected_batch_size: 203
sample_rate: (min) 0.03, (max) 0.61, expected_batch_size: 779
sample_rate: (min) 0.03, (max) 0.61, expected_batch_size: 609
sample_rate: (min) 0.03, (max) 0.61, expected_batch_size: 298
initial privacy cost of all clients:  [0, 0, 0, 0, 0, 0, 0, 0, 0, 0]
Round=0
Round=1
Round=2
Round=3
Round=4
Round=5
Round=6
Round=7
Round=8
Round=9
Round=10
Round=11
Round=12
Round=13
Round=14
current privacy cost of all clients:  [3.554611437795162, 0.7046321452486275, 2.8039339861853394, 3.3043856205918876, 0.08299634815037049, 0.7046321452486275, 0.7482516858029494, 4.055063072201711, 4.305288889404985, 3.0541598033886133]
Round=14, per client global perf=[0.6172, 0.674, 0.6211, 0.5564, 0.7279, 0.8299, 0.8489, 0.7873, 0.7576, 0.7144], mean perf=14268/20014 (0.7129%)
Round=14, per client personal perf=[0.7529, 0.8368, 0.8868, 0.8436, 0.9279, 0.8608, 0.8322, 0.9059, 0.9069, 0.8431], mean perf=17210/20014 (0.8599%)
Round=14, per client personal pooled=[0.4563, 0.4744, 0.5682, 0.5339, 0.565, 0.4992, 0.4949, 0.5212, 0.5081, 0.414], mean perf=100773/200140 (0.5035%)
Mean performance of ditto rpdp global, Perf=0.6568, seed=42
Mean performance of ditto rpdp personal, Perf=0.8593, seed=42
Mean performance of ditto rpdp pooled, Perf=0.5143, seed=42
Client 0: avg epsilon = 0.4077
Client 1: avg epsilon = 0.3113
Client 2: avg epsilon = 0.3959
Client 3: avg epsilon = 0.4892
Client 4: avg epsilon = 0.2155
Client 5: avg epsilon = 0.2926
Client 6: avg epsilon = 0.2781
Client 7: avg epsilon = 0.6722
Client 8: avg epsilon = 0.7871
Client 9: avg epsilon = 0.4750
 We run FedAvg with rPDP (BoundedPareto-0) ...
max_epsilon :  10.0  noise_multiplier :  9.736328125
The R-Squared value of the best-fit curve : 0.999749898528281
learning rate =  0.01
sample_rate: (min) 0.04, (max) 0.16, expected_batch_size: 284
sample_rate: (min) 0.03, (max) 0.11, expected_batch_size: 228
sample_rate: (min) 0.03, (max) 0.18, expected_batch_size: 275
sample_rate: (min) 0.04, (max) 0.21, expected_batch_size: 329
sample_rate: (min) 0.03, (max) 0.06, expected_batch_size: 170
sample_rate: (min) 0.03, (max) 0.09, expected_batch_size: 217
sample_rate: (min) 0.03, (max) 0.11, expected_batch_size: 200
sample_rate: (min) 0.03, (max) 0.27, expected_batch_size: 433
sample_rate: (min) 0.03, (max) 0.98, expected_batch_size: 464
sample_rate: (min) 0.03, (max) 0.14, expected_batch_size: 280
initial privacy cost of all clients:  [0, 0, 0, 0, 0, 0, 0, 0, 0, 0]
Round=0
Round=1
Round=2
Round=3
Round=4
Round=5
Round=6
Round=7
Round=8
Round=9
Round=10
Round=11
Round=12
Round=13
Round=14
current privacy cost of all clients:  [0.6900338711482631, 0.4364746534737748, 0.6276822004231332, 0.9020013923888056, 0.2537990314133135, 0.3590420911812761, 0.496521478756058, 1.4795995824414296, 8.118065224632089, 0.5308278278358338]
Round=14, per client global perf=[0.7225, 0.7907, 0.6515, 0.6549, 0.8461, 0.8338, 0.8205, 0.7471, 0.7106, 0.7348], mean perf=15037/20014 (0.7513%)
Round=14, per client personal perf=[0.8426, 0.7338, 0.8642, 0.8922, 0.8819, 0.8485, 0.8773, 0.9392, 0.8848, 0.7411], mean perf=17050/20014 (0.8519%)
Round=14, per client personal pooled=[0.5758, 0.5072, 0.457, 0.5588, 0.5894, 0.4248, 0.5181, 0.5459, 0.4731, 0.4815], mean perf=102705/200140 (0.5132%)
Mean performance of ditto rpdp global, Perf=0.7193, seed=42
Mean performance of ditto rpdp personal, Perf=0.8528, seed=42
Mean performance of ditto rpdp pooled, Perf=0.4976, seed=42
Client 0: avg epsilon = 0.9013
Client 1: avg epsilon = 0.2965
Client 2: avg epsilon = 1.1218
Client 3: avg epsilon = 1.2589
Client 4: avg epsilon = 0.1149
Client 5: avg epsilon = 0.2804
Client 6: avg epsilon = 0.3012
Client 7: avg epsilon = 1.5331
Client 8: avg epsilon = 1.3353
Client 9: avg epsilon = 0.5659
 We run FedAvg with rPDP (BoundedMixGauss-0) ...
max_epsilon :  10.0  noise_multiplier :  9.736328125
The R-Squared value of the best-fit curve : 0.999749898528281
learning rate =  0.01
sample_rate: (min) 0.03, (max) 0.56, expected_batch_size: 493
sample_rate: (min) 0.03, (max) 0.16, expected_batch_size: 215
sample_rate: (min) 0.03, (max) 0.59, expected_batch_size: 600
sample_rate: (min) 0.03, (max) 0.62, expected_batch_size: 664
sample_rate: (min) 0.03, (max) 0.03, expected_batch_size: 109
sample_rate: (min) 0.03, (max) 0.15, expected_batch_size: 206
sample_rate: (min) 0.03, (max) 0.16, expected_batch_size: 210
sample_rate: (min) 0.03, (max) 0.65, expected_batch_size: 810
sample_rate: (min) 0.03, (max) 0.79, expected_batch_size: 676
sample_rate: (min) 0.03, (max) 0.19, expected_batch_size: 321
initial privacy cost of all clients:  [0, 0, 0, 0, 0, 0, 0, 0, 0, 0]
Round=0
Round=1
Round=2
Round=3
Round=4
Round=5
Round=6
Round=7
Round=8
Round=9
Round=10
Round=11
Round=12
Round=13
Round=14
current privacy cost of all clients:  [3.239357095723892, 0.7183551116823591, 2.738589241019812, 3.383455485794296, 0.11540859791906656, 0.6613141025505981, 0.7853311326325294, 4.430527245721282, 5.922965857975325, 0.7615408867744656]
Round=14, per client global perf=[0.6368, 0.7162, 0.6191, 0.5642, 0.7877, 0.8387, 0.8626, 0.7794, 0.7561, 0.736], mean perf=14592/20014 (0.7291%)
Round=14, per client personal perf=[0.8549, 0.8025, 0.9118, 0.7765, 0.8147, 0.9265, 0.8626, 0.8966, 0.8853, 0.813], mean perf=17110/20014 (0.8549%)
Round=14, per client personal pooled=[0.4994, 0.4896, 0.6276, 0.5523, 0.4656, 0.5082, 0.5136, 0.452, 0.4709, 0.3713], mean perf=99081/200140 (0.4951%)
Mean performance of ditto rpdp global, Perf=0.6736, seed=42
Mean performance of ditto rpdp personal, Perf=0.8646, seed=42
Mean performance of ditto rpdp pooled, Perf=0.5211, seed=42
Finished seed 42
----------------------------------------
Running seed 43
/Users/shegao_t1/DP_Research/Personal_DP_Personal_FL/rpdp_fl/experiments/datasets/fed_mnist/niid_10_5way_1200shot

Client 0 label distribution:
[(3, 772), (4, 812), (5, 794), (6, 792), (9, 790)]

Client 1 label distribution:
[(2, 769), (3, 793), (4, 782), (5, 804), (8, 812)]

Client 2 label distribution:
[(0, 808), (2, 768), (3, 803), (7, 802), (9, 779)]

Client 3 label distribution:
[(2, 794), (3, 797), (5, 767), (7, 799), (9, 803)]

Client 4 label distribution:
[(0, 771), (1, 805), (3, 818), (4, 803), (5, 763)]

Client 5 label distribution:
[(0, 811), (2, 791), (4, 778), (6, 803), (7, 777)]

Client 6 label distribution:
[(0, 784), (1, 798), (2, 784), (4, 656), (8, 806)]

Client 7 label distribution:
[(1, 797), (6, 779), (7, 779), (8, 796), (9, 809)]

Client 8 label distribution:
[(0, 803), (1, 772), (6, 802), (8, 801), (9, 697)]

Client 9 label distribution:
[(1, 810), (5, 788), (6, 259), (7, 759), (8, 809)]
Client 0: avg epsilon = 1.0775
Client 1: avg epsilon = 0.2845
Client 2: avg epsilon = 1.2091
Client 3: avg epsilon = 1.2752
Client 4: avg epsilon = 0.1000
Client 5: avg epsilon = 0.2766
Client 6: avg epsilon = 0.2895
Client 7: avg epsilon = 1.4590
Client 8: avg epsilon = 1.1674
Client 9: avg epsilon = 0.5214
 We run FedAvg with rPDP (ThreeLevels-0) ...
max_epsilon :  10.0  noise_multiplier :  9.736328125
The R-Squared value of the best-fit curve : 0.999749898528281
learning rate =  0.01
sample_rate: (min) 0.03, (max) 0.61, expected_batch_size: 559
sample_rate: (min) 0.03, (max) 0.16, expected_batch_size: 207
sample_rate: (min) 0.03, (max) 0.61, expected_batch_size: 637
sample_rate: (min) 0.03, (max) 0.61, expected_batch_size: 673
sample_rate: (min) 0.03, (max) 0.03, expected_batch_size: 99
sample_rate: (min) 0.03, (max) 0.16, expected_batch_size: 203
sample_rate: (min) 0.03, (max) 0.16, expected_batch_size: 203
sample_rate: (min) 0.03, (max) 0.61, expected_batch_size: 779
sample_rate: (min) 0.03, (max) 0.61, expected_batch_size: 609
sample_rate: (min) 0.03, (max) 0.61, expected_batch_size: 298
initial privacy cost of all clients:  [0, 0, 0, 0, 0, 0, 0, 0, 0, 0]
Round=0
Round=1
Round=2
Round=3
Round=4
Round=5
Round=6
Round=7
Round=8
Round=9
Round=10
Round=11
Round=12
Round=13
Round=14
current privacy cost of all clients:  [3.8048372549984366, 0.7046321452486275, 3.3043856205918876, 3.8048372549984366, 0.05997229379927632, 0.7046321452486275, 0.6093162705378211, 2.1521425035466386, 3.0541598033886133, 4.055063072201711]
Round=14, per client global perf=[0.4054, 0.2652, 0.5279, 0.523, 0.2338, 0.3853, 0.3387, 0.7127, 0.5468, 0.5473], mean perf=8955/20014 (0.4474%)
Round=14, per client personal perf=[0.8613, 0.8701, 0.8672, 0.8397, 0.8299, 0.9093, 0.9052, 0.8956, 0.8768, 0.8295], mean perf=17389/20014 (0.8688%)
Round=14, per client personal pooled=[0.4952, 0.4816, 0.4943, 0.4925, 0.4951, 0.4716, 0.5367, 0.4968, 0.5148, 0.4037], mean perf=97711/200140 (0.4882%)
Mean performance of ditto rpdp global, Perf=0.4653, seed=43
Mean performance of ditto rpdp personal, Perf=0.8523, seed=43
Mean performance of ditto rpdp pooled, Perf=0.4709, seed=43
Client 0: avg epsilon = 0.4112
Client 1: avg epsilon = 0.3142
Client 2: avg epsilon = 0.3983
Client 3: avg epsilon = 0.4927
Client 4: avg epsilon = 0.2171
Client 5: avg epsilon = 0.2951
Client 6: avg epsilon = 0.2799
Client 7: avg epsilon = 0.6772
Client 8: avg epsilon = 0.8044
Client 9: avg epsilon = 0.4780
 We run FedAvg with rPDP (BoundedPareto-0) ...
max_epsilon :  10.0  noise_multiplier :  9.736328125
The R-Squared value of the best-fit curve : 0.999749898528281
learning rate =  0.01
sample_rate: (min) 0.04, (max) 0.16, expected_batch_size: 286
sample_rate: (min) 0.03, (max) 0.11, expected_batch_size: 230
sample_rate: (min) 0.03, (max) 0.18, expected_batch_size: 276
sample_rate: (min) 0.04, (max) 0.21, expected_batch_size: 331
sample_rate: (min) 0.03, (max) 0.06, expected_batch_size: 171
sample_rate: (min) 0.03, (max) 0.09, expected_batch_size: 218
sample_rate: (min) 0.03, (max) 0.11, expected_batch_size: 201
sample_rate: (min) 0.03, (max) 0.27, expected_batch_size: 435
sample_rate: (min) 0.03, (max) 1.0, expected_batch_size: 471
sample_rate: (min) 0.03, (max) 0.14, expected_batch_size: 282
initial privacy cost of all clients:  [0, 0, 0, 0, 0, 0, 0, 0, 0, 0]
Round=0
Round=1
Round=2
Round=3
Round=4
Round=5
Round=6
Round=7
Round=8
Round=9
Round=10
Round=11
Round=12
Round=13
Round=14
current privacy cost of all clients:  [0.7373337984015426, 0.4379227448896392, 0.7432715464651029, 1.0289056818910758, 0.18818817298350093, 0.3625272812125309, 0.40478381847721895, 0.8256683992939291, 5.727361884269555, 0.6958934765955246]
Round=14, per client global perf=[0.6422, 0.3569, 0.5515, 0.6358, 0.4353, 0.4221, 0.3063, 0.7407, 0.5884, 0.5751], mean perf=10514/20014 (0.5253%)
Round=14, per client personal perf=[0.7525, 0.8794, 0.8157, 0.8108, 0.8667, 0.8574, 0.8768, 0.8157, 0.8418, 0.7887], mean perf=16630/20014 (0.8309%)
Round=14, per client personal pooled=[0.4721, 0.4659, 0.4399, 0.4545, 0.4729, 0.4434, 0.4873, 0.4476, 0.4947, 0.3326], mean perf=90280/200140 (0.4511%)
Mean performance of ditto rpdp global, Perf=0.5427, seed=43
Mean performance of ditto rpdp personal, Perf=0.8376, seed=43
Mean performance of ditto rpdp pooled, Perf=0.4601, seed=43
Client 0: avg epsilon = 0.9717
Client 1: avg epsilon = 0.2984
Client 2: avg epsilon = 1.1612
Client 3: avg epsilon = 1.2646
Client 4: avg epsilon = 0.1153
Client 5: avg epsilon = 0.2826
Client 6: avg epsilon = 0.3031
Client 7: avg epsilon = 1.5395
Client 8: avg epsilon = 1.3422
Client 9: avg epsilon = 0.6197
 We run FedAvg with rPDP (BoundedMixGauss-0) ...
max_epsilon :  10.0  noise_multiplier :  9.736328125
The R-Squared value of the best-fit curve : 0.999749898528281
learning rate =  0.01
sample_rate: (min) 0.03, (max) 0.57, expected_batch_size: 524
sample_rate: (min) 0.03, (max) 0.16, expected_batch_size: 216
sample_rate: (min) 0.03, (max) 0.6, expected_batch_size: 621
sample_rate: (min) 0.03, (max) 0.62, expected_batch_size: 667
sample_rate: (min) 0.03, (max) 0.03, expected_batch_size: 109
sample_rate: (min) 0.03, (max) 0.15, expected_batch_size: 207
sample_rate: (min) 0.03, (max) 0.17, expected_batch_size: 211
sample_rate: (min) 0.03, (max) 0.65, expected_batch_size: 813
sample_rate: (min) 0.03, (max) 0.75, expected_batch_size: 679
sample_rate: (min) 0.03, (max) 0.5, expected_batch_size: 344
initial privacy cost of all clients:  [0, 0, 0, 0, 0, 0, 0, 0, 0, 0]
Round=0
Round=1
Round=2
Round=3
Round=4
Round=5
Round=6
Round=7
Round=8
Round=9
Round=10
Round=11
Round=12
Round=13
Round=14
current privacy cost of all clients:  [3.4898902059364203, 0.7247376726181795, 3.228910041910707, 3.9150741574125867, 0.08442481810711515, 0.6677009275053235, 0.6438493598468139, 2.33482116763611, 4.078778062978832, 3.1675097545911566]
Round=14, per client global perf=[0.452, 0.2696, 0.4951, 0.5211, 0.2456, 0.373, 0.3053, 0.7441, 0.5628, 0.5671], mean perf=9052/20014 (0.4523%)
Round=14, per client personal perf=[0.8603, 0.8475, 0.8809, 0.8554, 0.8804, 0.8975, 0.8372, 0.9, 0.7246, 0.8034], mean perf=17005/20014 (0.8497%)
Round=14, per client personal pooled=[0.5169, 0.5324, 0.4854, 0.4998, 0.536, 0.4542, 0.5039, 0.4744, 0.4418, 0.3734], mean perf=96433/200140 (0.4818%)
Mean performance of ditto rpdp global, Perf=0.4718, seed=43
Mean performance of ditto rpdp personal, Perf=0.8521, seed=43
Mean performance of ditto rpdp pooled, Perf=0.4750, seed=43
Finished seed 43
----------------------------------------
Running seed 44
/Users/shegao_t1/DP_Research/Personal_DP_Personal_FL/rpdp_fl/experiments/datasets/fed_mnist/niid_10_5way_1200shot

Client 0 label distribution:
[(3, 772), (4, 812), (5, 794), (6, 792), (9, 790)]

Client 1 label distribution:
[(2, 769), (3, 793), (4, 782), (5, 804), (8, 812)]

Client 2 label distribution:
[(0, 808), (2, 768), (3, 803), (7, 802), (9, 779)]

Client 3 label distribution:
[(2, 794), (3, 797), (5, 767), (7, 799), (9, 803)]

Client 4 label distribution:
[(0, 771), (1, 805), (3, 818), (4, 803), (5, 763)]

Client 5 label distribution:
[(0, 811), (2, 791), (4, 778), (6, 803), (7, 777)]

Client 6 label distribution:
[(0, 784), (1, 798), (2, 784), (4, 656), (8, 806)]

Client 7 label distribution:
[(1, 797), (6, 779), (7, 779), (8, 796), (9, 809)]

Client 8 label distribution:
[(0, 803), (1, 772), (6, 802), (8, 801), (9, 697)]

Client 9 label distribution:
[(1, 810), (5, 788), (6, 259), (7, 759), (8, 809)]
Client 0: avg epsilon = 1.0775
Client 1: avg epsilon = 0.2845
Client 2: avg epsilon = 1.2091
Client 3: avg epsilon = 1.2752
Client 4: avg epsilon = 0.1000
Client 5: avg epsilon = 0.2766
Client 6: avg epsilon = 0.2895
Client 7: avg epsilon = 1.4590
Client 8: avg epsilon = 1.1674
Client 9: avg epsilon = 0.5214
 We run FedAvg with rPDP (ThreeLevels-0) ...
max_epsilon :  10.0  noise_multiplier :  9.736328125
The R-Squared value of the best-fit curve : 0.999749898528281
learning rate =  0.01
sample_rate: (min) 0.03, (max) 0.61, expected_batch_size: 559
sample_rate: (min) 0.03, (max) 0.16, expected_batch_size: 207
sample_rate: (min) 0.03, (max) 0.61, expected_batch_size: 637
sample_rate: (min) 0.03, (max) 0.61, expected_batch_size: 673
sample_rate: (min) 0.03, (max) 0.03, expected_batch_size: 99
sample_rate: (min) 0.03, (max) 0.16, expected_batch_size: 203
sample_rate: (min) 0.03, (max) 0.16, expected_batch_size: 203
sample_rate: (min) 0.03, (max) 0.61, expected_batch_size: 779
sample_rate: (min) 0.03, (max) 0.61, expected_batch_size: 609
sample_rate: (min) 0.03, (max) 0.61, expected_batch_size: 298
initial privacy cost of all clients:  [0, 0, 0, 0, 0, 0, 0, 0, 0, 0]
Round=0
Round=1
Round=2
Round=3
Round=4
Round=5
Round=6
Round=7
Round=8
Round=9
Round=10
Round=11
Round=12
Round=13
Round=14
current privacy cost of all clients:  [3.8048372549984366, 0.8686164030477299, 3.8048372549984366, 2.1521425035466386, 0.09280122601357536, 0.6093162705378211, 0.5558558712260362, 3.0541598033886133, 2.8039339861853394, 3.554611437795162]
Round=14, per client global perf=[0.4907, 0.724, 0.6662, 0.6152, 0.7623, 0.6833, 0.8529, 0.6363, 0.5869, 0.6816], mean perf=13396/20014 (0.6693%)
Round=14, per client personal perf=[0.8667, 0.8363, 0.899, 0.8603, 0.9284, 0.8755, 0.8966, 0.9049, 0.8458, 0.7858], mean perf=17433/20014 (0.8710%)
Round=14, per client personal pooled=[0.5514, 0.5424, 0.5629, 0.5854, 0.6311, 0.4488, 0.55, 0.4632, 0.5036, 0.5031], mean perf=106915/200140 (0.5342%)
Mean performance of ditto rpdp global, Perf=0.6535, seed=44
Mean performance of ditto rpdp personal, Perf=0.8575, seed=44
Mean performance of ditto rpdp pooled, Perf=0.5101, seed=44
Client 0: avg epsilon = 0.4096
Client 1: avg epsilon = 0.3121
Client 2: avg epsilon = 0.3992
Client 3: avg epsilon = 0.4931
Client 4: avg epsilon = 0.2149
Client 5: avg epsilon = 0.2939
Client 6: avg epsilon = 0.2797
Client 7: avg epsilon = 0.6783
Client 8: avg epsilon = 0.7919
Client 9: avg epsilon = 0.4782
 We run FedAvg with rPDP (BoundedPareto-0) ...
max_epsilon :  10.0  noise_multiplier :  9.736328125
The R-Squared value of the best-fit curve : 0.999749898528281
learning rate =  0.01
sample_rate: (min) 0.04, (max) 0.16, expected_batch_size: 285
sample_rate: (min) 0.03, (max) 0.11, expected_batch_size: 228
sample_rate: (min) 0.03, (max) 0.18, expected_batch_size: 277
sample_rate: (min) 0.04, (max) 0.21, expected_batch_size: 331
sample_rate: (min) 0.03, (max) 0.06, expected_batch_size: 170
sample_rate: (min) 0.03, (max) 0.09, expected_batch_size: 218
sample_rate: (min) 0.03, (max) 0.11, expected_batch_size: 201
sample_rate: (min) 0.03, (max) 0.27, expected_batch_size: 436
sample_rate: (min) 0.03, (max) 1.0, expected_batch_size: 466
sample_rate: (min) 0.03, (max) 0.14, expected_batch_size: 282
initial privacy cost of all clients:  [0, 0, 0, 0, 0, 0, 0, 0, 0, 0]
Round=0
Round=1
Round=2
Round=3
Round=4
Round=5
Round=6
Round=7
Round=8
Round=9
Round=10
Round=11
Round=12
Round=13
Round=14
current privacy cost of all clients:  [0.7421538563352587, 0.5432249402373304, 0.8558535483596938, 0.5992389894760695, 0.280968063236125, 0.3133027676317989, 0.37346799019303517, 1.1428677350263499, 5.189319301399437, 0.6219971774080287]
Round=14, per client global perf=[0.6176, 0.7676, 0.6426, 0.6529, 0.8765, 0.724, 0.8134, 0.6637, 0.6289, 0.7394], mean perf=14253/20014 (0.7122%)
Round=14, per client personal perf=[0.8397, 0.8789, 0.851, 0.873, 0.8985, 0.9289, 0.894, 0.9103, 0.8588, 0.8368], mean perf=17563/20014 (0.8775%)
Round=14, per client personal pooled=[0.6395, 0.5184, 0.497, 0.5271, 0.61, 0.5109, 0.5644, 0.53, 0.5794, 0.508], mean perf=109772/200140 (0.5485%)
Mean performance of ditto rpdp global, Perf=0.6940, seed=44
Mean performance of ditto rpdp personal, Perf=0.8679, seed=44
Mean performance of ditto rpdp pooled, Perf=0.5248, seed=44
Client 0: avg epsilon = 0.9690
Client 1: avg epsilon = 0.2967
Client 2: avg epsilon = 1.1296
Client 3: avg epsilon = 1.2625
Client 4: avg epsilon = 0.1148
Client 5: avg epsilon = 0.2806
Client 6: avg epsilon = 0.3016
Client 7: avg epsilon = 1.5377
Client 8: avg epsilon = 1.3388
Client 9: avg epsilon = 0.6141
 We run FedAvg with rPDP (BoundedMixGauss-0) ...
max_epsilon :  10.0  noise_multiplier :  9.736328125
The R-Squared value of the best-fit curve : 0.999749898528281
learning rate =  0.01
sample_rate: (min) 0.03, (max) 0.57, expected_batch_size: 523
sample_rate: (min) 0.03, (max) 0.16, expected_batch_size: 215
sample_rate: (min) 0.03, (max) 0.6, expected_batch_size: 603
sample_rate: (min) 0.03, (max) 0.62, expected_batch_size: 666
sample_rate: (min) 0.03, (max) 0.03, expected_batch_size: 109
sample_rate: (min) 0.03, (max) 0.15, expected_batch_size: 206
sample_rate: (min) 0.03, (max) 0.16, expected_batch_size: 210
sample_rate: (min) 0.03, (max) 0.65, expected_batch_size: 812
sample_rate: (min) 0.03, (max) 0.77, expected_batch_size: 677
sample_rate: (min) 0.03, (max) 0.5, expected_batch_size: 341
initial privacy cost of all clients:  [0, 0, 0, 0, 0, 0, 0, 0, 0, 0]
Round=0
Round=1
Round=2
Round=3
Round=4
Round=5
Round=6
Round=7
Round=8
Round=9
Round=10
Round=11
Round=12
Round=13
Round=14
current privacy cost of all clients:  [3.4804731187448077, 0.8878437167879509, 3.7075250470586214, 2.2061265325045243, 0.12858210849485086, 0.5725215842944407, 0.5847452197808856, 3.306785397967515, 3.744154547986864, 2.8380525151047395]
Round=14, per client global perf=[0.5632, 0.752, 0.6632, 0.6417, 0.7985, 0.7181, 0.8387, 0.6745, 0.6219, 0.711], mean perf=13966/20014 (0.6978%)
Round=14, per client personal perf=[0.9127, 0.8387, 0.8961, 0.8235, 0.8975, 0.9118, 0.895, 0.9304, 0.8953, 0.8278], mean perf=17684/20014 (0.8836%)
Round=14, per client personal pooled=[0.5944, 0.6071, 0.5894, 0.5834, 0.5334, 0.4631, 0.5906, 0.4747, 0.5339, 0.4193], mean perf=107862/200140 (0.5389%)
Mean performance of ditto rpdp global, Perf=0.6765, seed=44
Mean performance of ditto rpdp personal, Perf=0.8807, seed=44
Mean performance of ditto rpdp pooled, Perf=0.5306, seed=44
Finished seed 44
----------------------------------------
Running seed 45
/Users/shegao_t1/DP_Research/Personal_DP_Personal_FL/rpdp_fl/experiments/datasets/fed_mnist/niid_10_5way_1200shot

Client 0 label distribution:
[(3, 772), (4, 812), (5, 794), (6, 792), (9, 790)]

Client 1 label distribution:
[(2, 769), (3, 793), (4, 782), (5, 804), (8, 812)]

Client 2 label distribution:
[(0, 808), (2, 768), (3, 803), (7, 802), (9, 779)]

Client 3 label distribution:
[(2, 794), (3, 797), (5, 767), (7, 799), (9, 803)]

Client 4 label distribution:
[(0, 771), (1, 805), (3, 818), (4, 803), (5, 763)]

Client 5 label distribution:
[(0, 811), (2, 791), (4, 778), (6, 803), (7, 777)]

Client 6 label distribution:
[(0, 784), (1, 798), (2, 784), (4, 656), (8, 806)]

Client 7 label distribution:
[(1, 797), (6, 779), (7, 779), (8, 796), (9, 809)]

Client 8 label distribution:
[(0, 803), (1, 772), (6, 802), (8, 801), (9, 697)]

Client 9 label distribution:
[(1, 810), (5, 788), (6, 259), (7, 759), (8, 809)]
Client 0: avg epsilon = 1.0775
Client 1: avg epsilon = 0.2845
Client 2: avg epsilon = 1.2091
Client 3: avg epsilon = 1.2752
Client 4: avg epsilon = 0.1000
Client 5: avg epsilon = 0.2766
Client 6: avg epsilon = 0.2895
Client 7: avg epsilon = 1.4590
Client 8: avg epsilon = 1.1674
Client 9: avg epsilon = 0.5214
 We run FedAvg with rPDP (ThreeLevels-0) ...
max_epsilon :  10.0  noise_multiplier :  9.736328125
The R-Squared value of the best-fit curve : 0.999749898528281
learning rate =  0.01
sample_rate: (min) 0.03, (max) 0.61, expected_batch_size: 559
sample_rate: (min) 0.03, (max) 0.16, expected_batch_size: 207
sample_rate: (min) 0.03, (max) 0.61, expected_batch_size: 637
sample_rate: (min) 0.03, (max) 0.61, expected_batch_size: 673
sample_rate: (min) 0.03, (max) 0.03, expected_batch_size: 99
sample_rate: (min) 0.03, (max) 0.16, expected_batch_size: 203
sample_rate: (min) 0.03, (max) 0.16, expected_batch_size: 203
sample_rate: (min) 0.03, (max) 0.61, expected_batch_size: 779
sample_rate: (min) 0.03, (max) 0.61, expected_batch_size: 609
sample_rate: (min) 0.03, (max) 0.61, expected_batch_size: 298
initial privacy cost of all clients:  [0, 0, 0, 0, 0, 0, 0, 0, 0, 0]
Round=0
Round=1
Round=2
Round=3
Round=4
Round=5
Round=6
Round=7
Round=8
Round=9
Round=10
Round=11
Round=12
Round=13
Round=14
current privacy cost of all clients:  [3.554611437795162, 0.7046321452486275, 3.3043856205918876, 2.502378074621252, 0.0777036851988212, 0.7915678459669535, 0.7046321452486275, 2.8039339861853394, 3.8048372549984366, 4.055063072201711]
Round=14, per client global perf=[0.4338, 0.3181, 0.7402, 0.5515, 0.4578, 0.674, 0.642, 0.8637, 0.8428, 0.6618], mean perf=12357/20014 (0.6174%)
Round=14, per client personal perf=[0.8912, 0.8868, 0.877, 0.8049, 0.9113, 0.9279, 0.9229, 0.9368, 0.8878, 0.8567], mean perf=17826/20014 (0.8907%)
Round=14, per client personal pooled=[0.6216, 0.5941, 0.5883, 0.5501, 0.5879, 0.6023, 0.5569, 0.5128, 0.5516, 0.5138], mean perf=113669/200140 (0.5679%)
Mean performance of ditto rpdp global, Perf=0.6393, seed=45
Mean performance of ditto rpdp personal, Perf=0.8836, seed=45
Mean performance of ditto rpdp pooled, Perf=0.5519, seed=45
Client 0: avg epsilon = 0.4082
Client 1: avg epsilon = 0.3123
Client 2: avg epsilon = 0.3959
Client 3: avg epsilon = 0.4899
Client 4: avg epsilon = 0.2158
Client 5: avg epsilon = 0.2945
Client 6: avg epsilon = 0.2792
Client 7: avg epsilon = 0.6768
Client 8: avg epsilon = 0.7948
Client 9: avg epsilon = 0.4770
 We run FedAvg with rPDP (BoundedPareto-0) ...
max_epsilon :  10.0  noise_multiplier :  9.736328125
The R-Squared value of the best-fit curve : 0.999749898528281
learning rate =  0.01
sample_rate: (min) 0.04, (max) 0.15, expected_batch_size: 284
sample_rate: (min) 0.03, (max) 0.11, expected_batch_size: 228
sample_rate: (min) 0.03, (max) 0.17, expected_batch_size: 275
sample_rate: (min) 0.04, (max) 0.21, expected_batch_size: 330
sample_rate: (min) 0.03, (max) 0.06, expected_batch_size: 171
sample_rate: (min) 0.03, (max) 0.09, expected_batch_size: 218
sample_rate: (min) 0.03, (max) 0.11, expected_batch_size: 201
sample_rate: (min) 0.03, (max) 0.27, expected_batch_size: 435
sample_rate: (min) 0.03, (max) 1.0, expected_batch_size: 467
sample_rate: (min) 0.03, (max) 0.14, expected_batch_size: 281
initial privacy cost of all clients:  [0, 0, 0, 0, 0, 0, 0, 0, 0, 0]
Round=0
Round=1
Round=2
Round=3
Round=4
Round=5
Round=6
Round=7
Round=8
Round=9
Round=10
Round=11
Round=12
Round=13
Round=14
current privacy cost of all clients:  [0.6885393526224254, 0.4389064957968366, 0.737287783279604, 0.6801454108049917, 0.23940251650636465, 0.40860585771208774, 0.47155104811049564, 1.0536496151827546, 7.341489632879909, 0.6904435819574529]
Round=14, per client global perf=[0.6691, 0.6005, 0.7578, 0.7152, 0.7025, 0.7716, 0.7703, 0.8471, 0.8403, 0.7167], mean perf=14792/20014 (0.7391%)
Round=14, per client personal perf=[0.8824, 0.8907, 0.8422, 0.8755, 0.9015, 0.9373, 0.9184, 0.8941, 0.8888, 0.7643], mean perf=17631/20014 (0.8809%)
Round=14, per client personal pooled=[0.556, 0.6401, 0.4672, 0.6054, 0.5227, 0.6016, 0.6388, 0.4758, 0.5367, 0.3611], mean perf=108182/200140 (0.5405%)
Mean performance of ditto rpdp global, Perf=0.7274, seed=45
Mean performance of ditto rpdp personal, Perf=0.8778, seed=45
Mean performance of ditto rpdp pooled, Perf=0.5429, seed=45
Client 0: avg epsilon = 0.9777
Client 1: avg epsilon = 0.2979
Client 2: avg epsilon = 1.1623
Client 3: avg epsilon = 1.2664
Client 4: avg epsilon = 0.1152
Client 5: avg epsilon = 0.2823
Client 6: avg epsilon = 0.3029
Client 7: avg epsilon = 1.5416
Client 8: avg epsilon = 1.3410
Client 9: avg epsilon = 0.6458
 We run FedAvg with rPDP (BoundedMixGauss-0) ...
max_epsilon :  10.0  noise_multiplier :  9.736328125
The R-Squared value of the best-fit curve : 0.999749898528281
learning rate =  0.01
sample_rate: (min) 0.03, (max) 0.57, expected_batch_size: 527
sample_rate: (min) 0.03, (max) 0.16, expected_batch_size: 215
sample_rate: (min) 0.03, (max) 0.6, expected_batch_size: 621
sample_rate: (min) 0.03, (max) 0.62, expected_batch_size: 668
sample_rate: (min) 0.03, (max) 0.03, expected_batch_size: 109
sample_rate: (min) 0.03, (max) 0.15, expected_batch_size: 207
sample_rate: (min) 0.03, (max) 0.17, expected_batch_size: 211
sample_rate: (min) 0.03, (max) 0.65, expected_batch_size: 814
sample_rate: (min) 0.03, (max) 0.77, expected_batch_size: 678
sample_rate: (min) 0.03, (max) 0.51, expected_batch_size: 354
initial privacy cost of all clients:  [0, 0, 0, 0, 0, 0, 0, 0, 0, 0]
Round=0
Round=1
Round=2
Round=3
Round=4
Round=5
Round=6
Round=7
Round=8
Round=9
Round=10
Round=11
Round=12
Round=13
Round=14
current privacy cost of all clients:  [3.281140044471556, 0.7230627453849724, 3.2297684796546315, 2.577615543249246, 0.10877741890352152, 0.7472346093847001, 0.7453992738681744, 3.018353676476364, 5.099062056828933, 3.2317615453075352]
Round=14, per client global perf=[0.4804, 0.3397, 0.7309, 0.576, 0.4853, 0.6887, 0.6552, 0.8838, 0.8553, 0.6765], mean perf=12731/20014 (0.6361%)
Round=14, per client personal perf=[0.8882, 0.8647, 0.8779, 0.8985, 0.8902, 0.9309, 0.9123, 0.9392, 0.8468, 0.8623], mean perf=17843/20014 (0.8915%)
Round=14, per client personal pooled=[0.6345, 0.5616, 0.5284, 0.5905, 0.5732, 0.5936, 0.5582, 0.4997, 0.5201, 0.4419], mean perf=110110/200140 (0.5502%)
Mean performance of ditto rpdp global, Perf=0.6708, seed=45
Mean performance of ditto rpdp personal, Perf=0.8917, seed=45
Mean performance of ditto rpdp pooled, Perf=0.5481, seed=45
Finished seed 45
----------------------------------------
Running seed 46
/Users/shegao_t1/DP_Research/Personal_DP_Personal_FL/rpdp_fl/experiments/datasets/fed_mnist/niid_10_5way_1200shot

Client 0 label distribution:
[(3, 772), (4, 812), (5, 794), (6, 792), (9, 790)]

Client 1 label distribution:
[(2, 769), (3, 793), (4, 782), (5, 804), (8, 812)]

Client 2 label distribution:
[(0, 808), (2, 768), (3, 803), (7, 802), (9, 779)]

Client 3 label distribution:
[(2, 794), (3, 797), (5, 767), (7, 799), (9, 803)]

Client 4 label distribution:
[(0, 771), (1, 805), (3, 818), (4, 803), (5, 763)]

Client 5 label distribution:
[(0, 811), (2, 791), (4, 778), (6, 803), (7, 777)]

Client 6 label distribution:
[(0, 784), (1, 798), (2, 784), (4, 656), (8, 806)]

Client 7 label distribution:
[(1, 797), (6, 779), (7, 779), (8, 796), (9, 809)]

Client 8 label distribution:
[(0, 803), (1, 772), (6, 802), (8, 801), (9, 697)]

Client 9 label distribution:
[(1, 810), (5, 788), (6, 259), (7, 759), (8, 809)]
Client 0: avg epsilon = 1.0775
Client 1: avg epsilon = 0.2845
Client 2: avg epsilon = 1.2091
Client 3: avg epsilon = 1.2752
Client 4: avg epsilon = 0.1000
Client 5: avg epsilon = 0.2766
Client 6: avg epsilon = 0.2895
Client 7: avg epsilon = 1.4590
Client 8: avg epsilon = 1.1674
Client 9: avg epsilon = 0.5214
 We run FedAvg with rPDP (ThreeLevels-0) ...
max_epsilon :  10.0  noise_multiplier :  9.736328125
The R-Squared value of the best-fit curve : 0.999749898528281
learning rate =  0.01
sample_rate: (min) 0.03, (max) 0.61, expected_batch_size: 559
sample_rate: (min) 0.03, (max) 0.16, expected_batch_size: 207
sample_rate: (min) 0.03, (max) 0.61, expected_batch_size: 637
sample_rate: (min) 0.03, (max) 0.61, expected_batch_size: 673
sample_rate: (min) 0.03, (max) 0.03, expected_batch_size: 99
sample_rate: (min) 0.03, (max) 0.16, expected_batch_size: 203
sample_rate: (min) 0.03, (max) 0.16, expected_batch_size: 203
sample_rate: (min) 0.03, (max) 0.61, expected_batch_size: 779
sample_rate: (min) 0.03, (max) 0.61, expected_batch_size: 609
sample_rate: (min) 0.03, (max) 0.61, expected_batch_size: 298
initial privacy cost of all clients:  [0, 0, 0, 0, 0, 0, 0, 0, 0, 0]
Round=0
Round=1
Round=2
Round=3
Round=4
Round=5
Round=6
Round=7
Round=8
Round=9
Round=10
Round=11
Round=12
Round=13
Round=14
current privacy cost of all clients:  [3.3043856205918876, 0.7482516858029494, 3.3043856205918876, 3.554611437795162, 0.07214729257008984, 0.7046321452486275, 0.7046321452486275, 4.305288889404985, 4.055063072201711, 3.554611437795162]
Round=14, per client global perf=[0.6814, 0.6569, 0.8319, 0.8191, 0.6711, 0.7098, 0.7262, 0.8691, 0.8127, 0.7286], mean perf=15029/20014 (0.7509%)
Round=14, per client personal perf=[0.7745, 0.8397, 0.8083, 0.8078, 0.9333, 0.9113, 0.8534, 0.9147, 0.8848, 0.834], mean perf=17141/20014 (0.8565%)
Round=14, per client personal pooled=[0.4659, 0.6085, 0.4935, 0.558, 0.5386, 0.5389, 0.5915, 0.5846, 0.6795, 0.4758], mean perf=110773/200140 (0.5535%)
Mean performance of ditto rpdp global, Perf=0.7292, seed=46
Mean performance of ditto rpdp personal, Perf=0.8714, seed=46
Mean performance of ditto rpdp pooled, Perf=0.5409, seed=46
Client 0: avg epsilon = 0.4068
Client 1: avg epsilon = 0.3100
Client 2: avg epsilon = 0.3946
Client 3: avg epsilon = 0.4892
Client 4: avg epsilon = 0.2153
Client 5: avg epsilon = 0.2914
Client 6: avg epsilon = 0.2770
Client 7: avg epsilon = 0.6709
Client 8: avg epsilon = 0.7968
Client 9: avg epsilon = 0.4730
 We run FedAvg with rPDP (BoundedPareto-0) ...
max_epsilon :  10.0  noise_multiplier :  9.736328125
The R-Squared value of the best-fit curve : 0.999749898528281
learning rate =  0.01
sample_rate: (min) 0.04, (max) 0.16, expected_batch_size: 283
sample_rate: (min) 0.03, (max) 0.1, expected_batch_size: 227
sample_rate: (min) 0.03, (max) 0.17, expected_batch_size: 274
sample_rate: (min) 0.04, (max) 0.21, expected_batch_size: 329
sample_rate: (min) 0.03, (max) 0.06, expected_batch_size: 170
sample_rate: (min) 0.03, (max) 0.09, expected_batch_size: 216
sample_rate: (min) 0.03, (max) 0.11, expected_batch_size: 200
sample_rate: (min) 0.03, (max) 0.27, expected_batch_size: 432
sample_rate: (min) 0.03, (max) 1.0, expected_batch_size: 468
sample_rate: (min) 0.03, (max) 0.14, expected_batch_size: 279
initial privacy cost of all clients:  [0, 0, 0, 0, 0, 0, 0, 0, 0, 0]
Round=0
Round=1
Round=2
Round=3
Round=4
Round=5
Round=6
Round=7
Round=8
Round=9
Round=10
Round=11
Round=12
Round=13
Round=14
current privacy cost of all clients:  [0.6438092609216902, 0.4572521652430379, 0.7413945202453217, 0.962070027753649, 0.22162381889959434, 0.35721990258347414, 0.4642028669509737, 1.5774690487650924, 7.879532215750026, 0.6137692703532428]
Round=14, per client global perf=[0.8137, 0.825, 0.7701, 0.8412, 0.7863, 0.8078, 0.7723, 0.8225, 0.7186, 0.7263], mean perf=15800/20014 (0.7894%)
Round=14, per client personal perf=[0.7637, 0.7956, 0.8, 0.8363, 0.9456, 0.9108, 0.891, 0.9294, 0.8758, 0.7637], mean perf=17056/20014 (0.8522%)
Round=14, per client personal pooled=[0.5322, 0.5676, 0.545, 0.5701, 0.5273, 0.5624, 0.5171, 0.5825, 0.5003, 0.4224], mean perf=106616/200140 (0.5327%)
Mean performance of ditto rpdp global, Perf=0.7632, seed=46
Mean performance of ditto rpdp personal, Perf=0.8622, seed=46
Mean performance of ditto rpdp pooled, Perf=0.5393, seed=46
Client 0: avg epsilon = 0.8994
Client 1: avg epsilon = 0.2962
Client 2: avg epsilon = 1.1182
Client 3: avg epsilon = 1.2598
Client 4: avg epsilon = 0.1144
Client 5: avg epsilon = 0.2797
Client 6: avg epsilon = 0.3009
Client 7: avg epsilon = 1.5364
Client 8: avg epsilon = 1.3403
Client 9: avg epsilon = 0.5667
 We run FedAvg with rPDP (BoundedMixGauss-0) ...
max_epsilon :  10.0  noise_multiplier :  9.736328125
The R-Squared value of the best-fit curve : 0.999749898528281
learning rate =  0.01
sample_rate: (min) 0.03, (max) 0.57, expected_batch_size: 493
sample_rate: (min) 0.03, (max) 0.16, expected_batch_size: 214
sample_rate: (min) 0.03, (max) 0.59, expected_batch_size: 597
sample_rate: (min) 0.03, (max) 0.62, expected_batch_size: 665
sample_rate: (min) 0.03, (max) 0.03, expected_batch_size: 108
sample_rate: (min) 0.03, (max) 0.15, expected_batch_size: 206
sample_rate: (min) 0.03, (max) 0.16, expected_batch_size: 210
sample_rate: (min) 0.03, (max) 0.65, expected_batch_size: 811
sample_rate: (min) 0.03, (max) 0.75, expected_batch_size: 677
sample_rate: (min) 0.03, (max) 0.19, expected_batch_size: 321
initial privacy cost of all clients:  [0, 0, 0, 0, 0, 0, 0, 0, 0, 0]
Round=0
Round=1
Round=2
Round=3
Round=4
Round=5
Round=6
Round=7
Round=8
Round=9
Round=10
Round=11
Round=12
Round=13
Round=14
current privacy cost of all clients:  [3.0335448814981376, 0.7634142321108327, 3.213026835304431, 3.654578881499142, 0.10031808520917192, 0.65991324230072, 0.7375647430033326, 4.637740505719468, 5.25008866728307, 0.8845506999063875]
Round=14, per client global perf=[0.7446, 0.6961, 0.8255, 0.8289, 0.7304, 0.752, 0.7495, 0.8691, 0.8127, 0.7292], mean perf=15499/20014 (0.7744%)
Round=14, per client personal perf=[0.8946, 0.8907, 0.8868, 0.8471, 0.877, 0.9265, 0.9386, 0.875, 0.8523, 0.7909], mean perf=17592/20014 (0.8790%)
Round=14, per client personal pooled=[0.5876, 0.7068, 0.5783, 0.6603, 0.5904, 0.6839, 0.6337, 0.5655, 0.5457, 0.5866], mean perf=122865/200140 (0.6139%)
Mean performance of ditto rpdp global, Perf=0.7509, seed=46
Mean performance of ditto rpdp personal, Perf=0.8582, seed=46
Mean performance of ditto rpdp pooled, Perf=0.5480, seed=46
Finished seed 46
----------------------------------------
=== Running reg_param=10, num_steps=15 ===
Running seed 42
/Users/shegao_t1/DP_Research/Personal_DP_Personal_FL/rpdp_fl/experiments/datasets/fed_mnist/niid_10_5way_1200shot

Client 0 label distribution:
[(3, 772), (4, 812), (5, 794), (6, 792), (9, 790)]

Client 1 label distribution:
[(2, 769), (3, 793), (4, 782), (5, 804), (8, 812)]

Client 2 label distribution:
[(0, 808), (2, 768), (3, 803), (7, 802), (9, 779)]

Client 3 label distribution:
[(2, 794), (3, 797), (5, 767), (7, 799), (9, 803)]

Client 4 label distribution:
[(0, 771), (1, 805), (3, 818), (4, 803), (5, 763)]

Client 5 label distribution:
[(0, 811), (2, 791), (4, 778), (6, 803), (7, 777)]

Client 6 label distribution:
[(0, 784), (1, 798), (2, 784), (4, 656), (8, 806)]

Client 7 label distribution:
[(1, 797), (6, 779), (7, 779), (8, 796), (9, 809)]

Client 8 label distribution:
[(0, 803), (1, 772), (6, 802), (8, 801), (9, 697)]

Client 9 label distribution:
[(1, 810), (5, 788), (6, 259), (7, 759), (8, 809)]
Client 0: avg epsilon = 1.0775
Client 1: avg epsilon = 0.2845
Client 2: avg epsilon = 1.2091
Client 3: avg epsilon = 1.2752
Client 4: avg epsilon = 0.1000
Client 5: avg epsilon = 0.2766
Client 6: avg epsilon = 0.2895
Client 7: avg epsilon = 1.4590
Client 8: avg epsilon = 1.1674
Client 9: avg epsilon = 0.5214
 We run FedAvg with rPDP (ThreeLevels-0) ...
max_epsilon :  10.0  noise_multiplier :  9.736328125
The R-Squared value of the best-fit curve : 0.999749898528281
learning rate =  0.01
sample_rate: (min) 0.03, (max) 0.61, expected_batch_size: 559
sample_rate: (min) 0.03, (max) 0.16, expected_batch_size: 207
sample_rate: (min) 0.03, (max) 0.61, expected_batch_size: 637
sample_rate: (min) 0.03, (max) 0.61, expected_batch_size: 673
sample_rate: (min) 0.03, (max) 0.03, expected_batch_size: 99
sample_rate: (min) 0.03, (max) 0.16, expected_batch_size: 203
sample_rate: (min) 0.03, (max) 0.16, expected_batch_size: 203
sample_rate: (min) 0.03, (max) 0.61, expected_batch_size: 779
sample_rate: (min) 0.03, (max) 0.61, expected_batch_size: 609
sample_rate: (min) 0.03, (max) 0.61, expected_batch_size: 298
initial privacy cost of all clients:  [0, 0, 0, 0, 0, 0, 0, 0, 0, 0]
Round=0
Round=1
Round=2
Round=3
Round=4
Round=5
Round=6
Round=7
Round=8
Round=9
Round=10
Round=11
Round=12
Round=13
Round=14
current privacy cost of all clients:  [3.554611437795162, 0.7046321452486275, 2.8039339861853394, 3.3043856205918876, 0.08299634815037049, 0.7046321452486275, 0.7482516858029494, 4.055063072201711, 4.305288889404985, 3.0541598033886133]
Round=14, per client global perf=[0.6172, 0.674, 0.6211, 0.5564, 0.7279, 0.8299, 0.8489, 0.7873, 0.7576, 0.7144], mean perf=14268/20014 (0.7129%)
Round=14, per client personal perf=[0.7848, 0.7902, 0.8324, 0.8034, 0.8578, 0.8534, 0.8626, 0.9275, 0.9094, 0.7677], mean perf=16805/20014 (0.8397%)
Round=14, per client personal pooled=[0.5832, 0.6628, 0.591, 0.6162, 0.631, 0.6767, 0.6275, 0.5669, 0.5579, 0.5614], mean perf=121577/200140 (0.6075%)
Mean performance of ditto rpdp global, Perf=0.6568, seed=42
Mean performance of ditto rpdp personal, Perf=0.8344, seed=42
Mean performance of ditto rpdp pooled, Perf=0.5857, seed=42
Client 0: avg epsilon = 0.4077
Client 1: avg epsilon = 0.3113
Client 2: avg epsilon = 0.3959
Client 3: avg epsilon = 0.4892
Client 4: avg epsilon = 0.2155
Client 5: avg epsilon = 0.2926
Client 6: avg epsilon = 0.2781
Client 7: avg epsilon = 0.6722
Client 8: avg epsilon = 0.7871
Client 9: avg epsilon = 0.4750
 We run FedAvg with rPDP (BoundedPareto-0) ...
max_epsilon :  10.0  noise_multiplier :  9.736328125
The R-Squared value of the best-fit curve : 0.999749898528281
learning rate =  0.01
sample_rate: (min) 0.04, (max) 0.16, expected_batch_size: 284
sample_rate: (min) 0.03, (max) 0.11, expected_batch_size: 228
sample_rate: (min) 0.03, (max) 0.18, expected_batch_size: 275
sample_rate: (min) 0.04, (max) 0.21, expected_batch_size: 329
sample_rate: (min) 0.03, (max) 0.06, expected_batch_size: 170
sample_rate: (min) 0.03, (max) 0.09, expected_batch_size: 217
sample_rate: (min) 0.03, (max) 0.11, expected_batch_size: 200
sample_rate: (min) 0.03, (max) 0.27, expected_batch_size: 433
sample_rate: (min) 0.03, (max) 0.98, expected_batch_size: 464
sample_rate: (min) 0.03, (max) 0.14, expected_batch_size: 280
initial privacy cost of all clients:  [0, 0, 0, 0, 0, 0, 0, 0, 0, 0]
Round=0
Round=1
Round=2
Round=3
Round=4
Round=5
Round=6
Round=7
Round=8
Round=9
Round=10
Round=11
Round=12
Round=13
Round=14
current privacy cost of all clients:  [0.6900338711482631, 0.4364746534737748, 0.6276822004231332, 0.9020013923888056, 0.2537990314133135, 0.3590420911812761, 0.496521478756058, 1.4795995824414296, 8.118065224632089, 0.5308278278358338]
Round=14, per client global perf=[0.7225, 0.7907, 0.6515, 0.6549, 0.8461, 0.8338, 0.8205, 0.7471, 0.7106, 0.7348], mean perf=15037/20014 (0.7513%)
Round=14, per client personal perf=[0.8686, 0.7618, 0.8113, 0.8426, 0.8941, 0.8632, 0.894, 0.8819, 0.8978, 0.7592], mean perf=16980/20014 (0.8484%)
Round=14, per client personal pooled=[0.7024, 0.637, 0.5976, 0.6785, 0.6575, 0.6306, 0.6773, 0.5809, 0.5508, 0.5375], mean perf=125090/200140 (0.6250%)
Mean performance of ditto rpdp global, Perf=0.7193, seed=42
Mean performance of ditto rpdp personal, Perf=0.8470, seed=42
Mean performance of ditto rpdp pooled, Perf=0.6083, seed=42
Client 0: avg epsilon = 0.9013
Client 1: avg epsilon = 0.2965
Client 2: avg epsilon = 1.1218
Client 3: avg epsilon = 1.2589
Client 4: avg epsilon = 0.1149
Client 5: avg epsilon = 0.2804
Client 6: avg epsilon = 0.3012
Client 7: avg epsilon = 1.5331
Client 8: avg epsilon = 1.3353
Client 9: avg epsilon = 0.5659
 We run FedAvg with rPDP (BoundedMixGauss-0) ...
max_epsilon :  10.0  noise_multiplier :  9.736328125
The R-Squared value of the best-fit curve : 0.999749898528281
learning rate =  0.01
sample_rate: (min) 0.03, (max) 0.56, expected_batch_size: 493
sample_rate: (min) 0.03, (max) 0.16, expected_batch_size: 215
sample_rate: (min) 0.03, (max) 0.59, expected_batch_size: 600
sample_rate: (min) 0.03, (max) 0.62, expected_batch_size: 664
sample_rate: (min) 0.03, (max) 0.03, expected_batch_size: 109
sample_rate: (min) 0.03, (max) 0.15, expected_batch_size: 206
sample_rate: (min) 0.03, (max) 0.16, expected_batch_size: 210
sample_rate: (min) 0.03, (max) 0.65, expected_batch_size: 810
sample_rate: (min) 0.03, (max) 0.79, expected_batch_size: 676
sample_rate: (min) 0.03, (max) 0.19, expected_batch_size: 321
initial privacy cost of all clients:  [0, 0, 0, 0, 0, 0, 0, 0, 0, 0]
Round=0
Round=1
Round=2
Round=3
Round=4
Round=5
Round=6
Round=7
Round=8
Round=9
Round=10
Round=11
Round=12
Round=13
Round=14
current privacy cost of all clients:  [3.239357095723892, 0.7183551116823591, 2.738589241019812, 3.383455485794296, 0.11540859791906656, 0.6613141025505981, 0.7853311326325294, 4.430527245721282, 5.922965857975325, 0.7615408867744656]
Round=14, per client global perf=[0.6368, 0.7162, 0.6191, 0.5642, 0.7877, 0.8387, 0.8626, 0.7794, 0.7561, 0.736], mean perf=14592/20014 (0.7291%)
Round=14, per client personal perf=[0.8691, 0.8034, 0.8466, 0.8157, 0.8637, 0.8912, 0.896, 0.925, 0.8923, 0.8436], mean perf=17308/20014 (0.8648%)
Round=14, per client personal pooled=[0.6261, 0.612, 0.6564, 0.7213, 0.6816, 0.6682, 0.6737, 0.6002, 0.6273, 0.5741], mean perf=128911/200140 (0.6441%)
Mean performance of ditto rpdp global, Perf=0.6736, seed=42
Mean performance of ditto rpdp personal, Perf=0.8473, seed=42
Mean performance of ditto rpdp pooled, Perf=0.6228, seed=42
Finished seed 42
----------------------------------------
Running seed 43
/Users/shegao_t1/DP_Research/Personal_DP_Personal_FL/rpdp_fl/experiments/datasets/fed_mnist/niid_10_5way_1200shot

Client 0 label distribution:
[(3, 772), (4, 812), (5, 794), (6, 792), (9, 790)]

Client 1 label distribution:
[(2, 769), (3, 793), (4, 782), (5, 804), (8, 812)]

Client 2 label distribution:
[(0, 808), (2, 768), (3, 803), (7, 802), (9, 779)]

Client 3 label distribution:
[(2, 794), (3, 797), (5, 767), (7, 799), (9, 803)]

Client 4 label distribution:
[(0, 771), (1, 805), (3, 818), (4, 803), (5, 763)]

Client 5 label distribution:
[(0, 811), (2, 791), (4, 778), (6, 803), (7, 777)]

Client 6 label distribution:
[(0, 784), (1, 798), (2, 784), (4, 656), (8, 806)]

Client 7 label distribution:
[(1, 797), (6, 779), (7, 779), (8, 796), (9, 809)]

Client 8 label distribution:
[(0, 803), (1, 772), (6, 802), (8, 801), (9, 697)]

Client 9 label distribution:
[(1, 810), (5, 788), (6, 259), (7, 759), (8, 809)]
Client 0: avg epsilon = 1.0775
Client 1: avg epsilon = 0.2845
Client 2: avg epsilon = 1.2091
Client 3: avg epsilon = 1.2752
Client 4: avg epsilon = 0.1000
Client 5: avg epsilon = 0.2766
Client 6: avg epsilon = 0.2895
Client 7: avg epsilon = 1.4590
Client 8: avg epsilon = 1.1674
Client 9: avg epsilon = 0.5214
 We run FedAvg with rPDP (ThreeLevels-0) ...
max_epsilon :  10.0  noise_multiplier :  9.736328125
The R-Squared value of the best-fit curve : 0.999749898528281
learning rate =  0.01
sample_rate: (min) 0.03, (max) 0.61, expected_batch_size: 559
sample_rate: (min) 0.03, (max) 0.16, expected_batch_size: 207
sample_rate: (min) 0.03, (max) 0.61, expected_batch_size: 637
sample_rate: (min) 0.03, (max) 0.61, expected_batch_size: 673
sample_rate: (min) 0.03, (max) 0.03, expected_batch_size: 99
sample_rate: (min) 0.03, (max) 0.16, expected_batch_size: 203
sample_rate: (min) 0.03, (max) 0.16, expected_batch_size: 203
sample_rate: (min) 0.03, (max) 0.61, expected_batch_size: 779
sample_rate: (min) 0.03, (max) 0.61, expected_batch_size: 609
sample_rate: (min) 0.03, (max) 0.61, expected_batch_size: 298
initial privacy cost of all clients:  [0, 0, 0, 0, 0, 0, 0, 0, 0, 0]
Round=0
Round=1
Round=2
Round=3
Round=4
Round=5
Round=6
Round=7
Round=8
Round=9
Round=10
Round=11
Round=12
Round=13
Round=14
current privacy cost of all clients:  [3.8048372549984366, 0.7046321452486275, 3.3043856205918876, 3.8048372549984366, 0.05997229379927632, 0.7046321452486275, 0.6093162705378211, 2.1521425035466386, 3.0541598033886133, 4.055063072201711]
Round=14, per client global perf=[0.4054, 0.2652, 0.5279, 0.523, 0.2338, 0.3853, 0.3387, 0.7127, 0.5468, 0.5473], mean perf=8955/20014 (0.4474%)
Round=14, per client personal perf=[0.748, 0.7358, 0.7882, 0.8064, 0.8083, 0.8623, 0.7982, 0.849, 0.7611, 0.7263], mean perf=15796/20014 (0.7892%)
Round=14, per client personal pooled=[0.5515, 0.4878, 0.5573, 0.5454, 0.5409, 0.4713, 0.5376, 0.5369, 0.5436, 0.5088], mean perf=105693/200140 (0.5281%)
Mean performance of ditto rpdp global, Perf=0.4653, seed=43
Mean performance of ditto rpdp personal, Perf=0.7759, seed=43
Mean performance of ditto rpdp pooled, Perf=0.4964, seed=43
Client 0: avg epsilon = 0.4112
Client 1: avg epsilon = 0.3142
Client 2: avg epsilon = 0.3983
Client 3: avg epsilon = 0.4927
Client 4: avg epsilon = 0.2171
Client 5: avg epsilon = 0.2951
Client 6: avg epsilon = 0.2799
Client 7: avg epsilon = 0.6772
Client 8: avg epsilon = 0.8044
Client 9: avg epsilon = 0.4780
 We run FedAvg with rPDP (BoundedPareto-0) ...
max_epsilon :  10.0  noise_multiplier :  9.736328125
The R-Squared value of the best-fit curve : 0.999749898528281
learning rate =  0.01
sample_rate: (min) 0.04, (max) 0.16, expected_batch_size: 286
sample_rate: (min) 0.03, (max) 0.11, expected_batch_size: 230
sample_rate: (min) 0.03, (max) 0.18, expected_batch_size: 276
sample_rate: (min) 0.04, (max) 0.21, expected_batch_size: 331
sample_rate: (min) 0.03, (max) 0.06, expected_batch_size: 171
sample_rate: (min) 0.03, (max) 0.09, expected_batch_size: 218
sample_rate: (min) 0.03, (max) 0.11, expected_batch_size: 201
sample_rate: (min) 0.03, (max) 0.27, expected_batch_size: 435
sample_rate: (min) 0.03, (max) 1.0, expected_batch_size: 471
sample_rate: (min) 0.03, (max) 0.14, expected_batch_size: 282
initial privacy cost of all clients:  [0, 0, 0, 0, 0, 0, 0, 0, 0, 0]
Round=0
Round=1
Round=2
Round=3
Round=4
Round=5
Round=6
Round=7
Round=8
Round=9
Round=10
Round=11
Round=12
Round=13
Round=14
current privacy cost of all clients:  [0.7373337984015426, 0.4379227448896392, 0.7432715464651029, 1.0289056818910758, 0.18818817298350093, 0.3625272812125309, 0.40478381847721895, 0.8256683992939291, 5.727361884269555, 0.6958934765955246]
Round=14, per client global perf=[0.6422, 0.3569, 0.5515, 0.6358, 0.4353, 0.4221, 0.3063, 0.7407, 0.5884, 0.5751], mean perf=10514/20014 (0.5253%)
Round=14, per client personal perf=[0.8059, 0.7613, 0.798, 0.8059, 0.8196, 0.8176, 0.7997, 0.8902, 0.6595, 0.8113], mean perf=15951/20014 (0.7970%)
Round=14, per client personal pooled=[0.5359, 0.5076, 0.5895, 0.5697, 0.5524, 0.488, 0.5472, 0.559, 0.4034, 0.5224], mean perf=105576/200140 (0.5275%)
Mean performance of ditto rpdp global, Perf=0.5427, seed=43
Mean performance of ditto rpdp personal, Perf=0.7869, seed=43
Mean performance of ditto rpdp pooled, Perf=0.5165, seed=43
Client 0: avg epsilon = 0.9717
Client 1: avg epsilon = 0.2984
Client 2: avg epsilon = 1.1612
Client 3: avg epsilon = 1.2646
Client 4: avg epsilon = 0.1153
Client 5: avg epsilon = 0.2826
Client 6: avg epsilon = 0.3031
Client 7: avg epsilon = 1.5395
Client 8: avg epsilon = 1.3422
Client 9: avg epsilon = 0.6197
 We run FedAvg with rPDP (BoundedMixGauss-0) ...
max_epsilon :  10.0  noise_multiplier :  9.736328125
The R-Squared value of the best-fit curve : 0.999749898528281
learning rate =  0.01
sample_rate: (min) 0.03, (max) 0.57, expected_batch_size: 524
sample_rate: (min) 0.03, (max) 0.16, expected_batch_size: 216
sample_rate: (min) 0.03, (max) 0.6, expected_batch_size: 621
sample_rate: (min) 0.03, (max) 0.62, expected_batch_size: 667
sample_rate: (min) 0.03, (max) 0.03, expected_batch_size: 109
sample_rate: (min) 0.03, (max) 0.15, expected_batch_size: 207
sample_rate: (min) 0.03, (max) 0.17, expected_batch_size: 211
sample_rate: (min) 0.03, (max) 0.65, expected_batch_size: 813
sample_rate: (min) 0.03, (max) 0.75, expected_batch_size: 679
sample_rate: (min) 0.03, (max) 0.5, expected_batch_size: 344
initial privacy cost of all clients:  [0, 0, 0, 0, 0, 0, 0, 0, 0, 0]
Round=0
Round=1
Round=2
Round=3
Round=4
Round=5
Round=6
Round=7
Round=8
Round=9
Round=10
Round=11
Round=12
Round=13
Round=14
current privacy cost of all clients:  [3.4898902059364203, 0.7247376726181795, 3.228910041910707, 3.9150741574125867, 0.08442481810711515, 0.6677009275053235, 0.6438493598468139, 2.33482116763611, 4.078778062978832, 3.1675097545911566]
Round=14, per client global perf=[0.452, 0.2696, 0.4951, 0.5211, 0.2456, 0.373, 0.3053, 0.7441, 0.5628, 0.5671], mean perf=9052/20014 (0.4523%)
Round=14, per client personal perf=[0.7814, 0.777, 0.8034, 0.8118, 0.8054, 0.8755, 0.7946, 0.8588, 0.7321, 0.7552], mean perf=16017/20014 (0.8003%)
Round=14, per client personal pooled=[0.5421, 0.5398, 0.5579, 0.4781, 0.5639, 0.4974, 0.5467, 0.5324, 0.5428, 0.486], mean perf=105814/200140 (0.5287%)
Mean performance of ditto rpdp global, Perf=0.4718, seed=43
Mean performance of ditto rpdp personal, Perf=0.7875, seed=43
Mean performance of ditto rpdp pooled, Perf=0.5121, seed=43
Finished seed 43
----------------------------------------
Running seed 44
/Users/shegao_t1/DP_Research/Personal_DP_Personal_FL/rpdp_fl/experiments/datasets/fed_mnist/niid_10_5way_1200shot

Client 0 label distribution:
[(3, 772), (4, 812), (5, 794), (6, 792), (9, 790)]

Client 1 label distribution:
[(2, 769), (3, 793), (4, 782), (5, 804), (8, 812)]

Client 2 label distribution:
[(0, 808), (2, 768), (3, 803), (7, 802), (9, 779)]

Client 3 label distribution:
[(2, 794), (3, 797), (5, 767), (7, 799), (9, 803)]

Client 4 label distribution:
[(0, 771), (1, 805), (3, 818), (4, 803), (5, 763)]

Client 5 label distribution:
[(0, 811), (2, 791), (4, 778), (6, 803), (7, 777)]

Client 6 label distribution:
[(0, 784), (1, 798), (2, 784), (4, 656), (8, 806)]

Client 7 label distribution:
[(1, 797), (6, 779), (7, 779), (8, 796), (9, 809)]

Client 8 label distribution:
[(0, 803), (1, 772), (6, 802), (8, 801), (9, 697)]

Client 9 label distribution:
[(1, 810), (5, 788), (6, 259), (7, 759), (8, 809)]
Client 0: avg epsilon = 1.0775
Client 1: avg epsilon = 0.2845
Client 2: avg epsilon = 1.2091
Client 3: avg epsilon = 1.2752
Client 4: avg epsilon = 0.1000
Client 5: avg epsilon = 0.2766
Client 6: avg epsilon = 0.2895
Client 7: avg epsilon = 1.4590
Client 8: avg epsilon = 1.1674
Client 9: avg epsilon = 0.5214
 We run FedAvg with rPDP (ThreeLevels-0) ...
max_epsilon :  10.0  noise_multiplier :  9.736328125
The R-Squared value of the best-fit curve : 0.999749898528281
learning rate =  0.01
sample_rate: (min) 0.03, (max) 0.61, expected_batch_size: 559
sample_rate: (min) 0.03, (max) 0.16, expected_batch_size: 207
sample_rate: (min) 0.03, (max) 0.61, expected_batch_size: 637
sample_rate: (min) 0.03, (max) 0.61, expected_batch_size: 673
sample_rate: (min) 0.03, (max) 0.03, expected_batch_size: 99
sample_rate: (min) 0.03, (max) 0.16, expected_batch_size: 203
sample_rate: (min) 0.03, (max) 0.16, expected_batch_size: 203
sample_rate: (min) 0.03, (max) 0.61, expected_batch_size: 779
sample_rate: (min) 0.03, (max) 0.61, expected_batch_size: 609
sample_rate: (min) 0.03, (max) 0.61, expected_batch_size: 298
initial privacy cost of all clients:  [0, 0, 0, 0, 0, 0, 0, 0, 0, 0]
Round=0
Round=1
Round=2
Round=3
Round=4
Round=5
Round=6
Round=7
Round=8
Round=9
Round=10
Round=11
Round=12
Round=13
Round=14
current privacy cost of all clients:  [3.8048372549984366, 0.8686164030477299, 3.8048372549984366, 2.1521425035466386, 0.09280122601357536, 0.6093162705378211, 0.5558558712260362, 3.0541598033886133, 2.8039339861853394, 3.554611437795162]
Round=14, per client global perf=[0.4907, 0.724, 0.6662, 0.6152, 0.7623, 0.6833, 0.8529, 0.6363, 0.5869, 0.6816], mean perf=13396/20014 (0.6693%)
Round=14, per client personal perf=[0.8186, 0.7887, 0.8475, 0.8221, 0.876, 0.876, 0.8981, 0.8917, 0.8503, 0.7943], mean perf=16949/20014 (0.8469%)
Round=14, per client personal pooled=[0.6751, 0.6542, 0.6045, 0.6374, 0.6935, 0.4883, 0.6951, 0.511, 0.5725, 0.6151], mean perf=123020/200140 (0.6147%)
Mean performance of ditto rpdp global, Perf=0.6535, seed=44
Mean performance of ditto rpdp personal, Perf=0.8360, seed=44
Mean performance of ditto rpdp pooled, Perf=0.5940, seed=44
Client 0: avg epsilon = 0.4096
Client 1: avg epsilon = 0.3121
Client 2: avg epsilon = 0.3992
Client 3: avg epsilon = 0.4931
Client 4: avg epsilon = 0.2149
Client 5: avg epsilon = 0.2939
Client 6: avg epsilon = 0.2797
Client 7: avg epsilon = 0.6783
Client 8: avg epsilon = 0.7919
Client 9: avg epsilon = 0.4782
 We run FedAvg with rPDP (BoundedPareto-0) ...
max_epsilon :  10.0  noise_multiplier :  9.736328125
The R-Squared value of the best-fit curve : 0.999749898528281
learning rate =  0.01
sample_rate: (min) 0.04, (max) 0.16, expected_batch_size: 285
sample_rate: (min) 0.03, (max) 0.11, expected_batch_size: 228
sample_rate: (min) 0.03, (max) 0.18, expected_batch_size: 277
sample_rate: (min) 0.04, (max) 0.21, expected_batch_size: 331
sample_rate: (min) 0.03, (max) 0.06, expected_batch_size: 170
sample_rate: (min) 0.03, (max) 0.09, expected_batch_size: 218
sample_rate: (min) 0.03, (max) 0.11, expected_batch_size: 201
sample_rate: (min) 0.03, (max) 0.27, expected_batch_size: 436
sample_rate: (min) 0.03, (max) 1.0, expected_batch_size: 466
sample_rate: (min) 0.03, (max) 0.14, expected_batch_size: 282
initial privacy cost of all clients:  [0, 0, 0, 0, 0, 0, 0, 0, 0, 0]
Round=0
Round=1
Round=2
Round=3
Round=4
Round=5
Round=6
Round=7
Round=8
Round=9
Round=10
Round=11
Round=12
Round=13
Round=14
current privacy cost of all clients:  [0.7421538563352587, 0.5432249402373304, 0.8558535483596938, 0.5992389894760695, 0.280968063236125, 0.3133027676317989, 0.37346799019303517, 1.1428677350263499, 5.189319301399437, 0.6219971774080287]
Round=14, per client global perf=[0.6176, 0.7676, 0.6426, 0.6529, 0.8765, 0.724, 0.8134, 0.6637, 0.6289, 0.7394], mean perf=14253/20014 (0.7122%)
Round=14, per client personal perf=[0.8304, 0.8191, 0.8373, 0.8201, 0.9167, 0.9029, 0.8971, 0.9132, 0.8928, 0.7581], mean perf=17211/20014 (0.8599%)
Round=14, per client personal pooled=[0.5985, 0.6309, 0.6441, 0.6341, 0.6317, 0.5969, 0.7341, 0.5867, 0.6748, 0.6929], mean perf=128582/200140 (0.6425%)
Mean performance of ditto rpdp global, Perf=0.6940, seed=44
Mean performance of ditto rpdp personal, Perf=0.8612, seed=44
Mean performance of ditto rpdp pooled, Perf=0.6273, seed=44
Client 0: avg epsilon = 0.9690
Client 1: avg epsilon = 0.2967
Client 2: avg epsilon = 1.1296
Client 3: avg epsilon = 1.2625
Client 4: avg epsilon = 0.1148
Client 5: avg epsilon = 0.2806
Client 6: avg epsilon = 0.3016
Client 7: avg epsilon = 1.5377
Client 8: avg epsilon = 1.3388
Client 9: avg epsilon = 0.6141
 We run FedAvg with rPDP (BoundedMixGauss-0) ...
max_epsilon :  10.0  noise_multiplier :  9.736328125
The R-Squared value of the best-fit curve : 0.999749898528281
learning rate =  0.01
sample_rate: (min) 0.03, (max) 0.57, expected_batch_size: 523
sample_rate: (min) 0.03, (max) 0.16, expected_batch_size: 215
sample_rate: (min) 0.03, (max) 0.6, expected_batch_size: 603
sample_rate: (min) 0.03, (max) 0.62, expected_batch_size: 666
sample_rate: (min) 0.03, (max) 0.03, expected_batch_size: 109
sample_rate: (min) 0.03, (max) 0.15, expected_batch_size: 206
sample_rate: (min) 0.03, (max) 0.16, expected_batch_size: 210
sample_rate: (min) 0.03, (max) 0.65, expected_batch_size: 812
sample_rate: (min) 0.03, (max) 0.77, expected_batch_size: 677
sample_rate: (min) 0.03, (max) 0.5, expected_batch_size: 341
initial privacy cost of all clients:  [0, 0, 0, 0, 0, 0, 0, 0, 0, 0]
Round=0
Round=1
Round=2
Round=3
Round=4
Round=5
Round=6
Round=7
Round=8
Round=9
Round=10
Round=11
Round=12
Round=13
Round=14
current privacy cost of all clients:  [3.4804731187448077, 0.8878437167879509, 3.7075250470586214, 2.2061265325045243, 0.12858210849485086, 0.5725215842944407, 0.5847452197808856, 3.306785397967515, 3.744154547986864, 2.8380525151047395]
Round=14, per client global perf=[0.5632, 0.752, 0.6632, 0.6417, 0.7985, 0.7181, 0.8387, 0.6745, 0.6219, 0.711], mean perf=13966/20014 (0.6978%)
Round=14, per client personal perf=[0.8554, 0.8216, 0.8623, 0.8093, 0.9103, 0.876, 0.8991, 0.9118, 0.8753, 0.7938], mean perf=17257/20014 (0.8622%)
Round=14, per client personal pooled=[0.7133, 0.6875, 0.6329, 0.6581, 0.6664, 0.5006, 0.6517, 0.5386, 0.536, 0.6543], mean perf=124876/200140 (0.6239%)
Mean performance of ditto rpdp global, Perf=0.6765, seed=44
Mean performance of ditto rpdp personal, Perf=0.8524, seed=44
Mean performance of ditto rpdp pooled, Perf=0.6098, seed=44
Finished seed 44
----------------------------------------
Running seed 45
/Users/shegao_t1/DP_Research/Personal_DP_Personal_FL/rpdp_fl/experiments/datasets/fed_mnist/niid_10_5way_1200shot

Client 0 label distribution:
[(3, 772), (4, 812), (5, 794), (6, 792), (9, 790)]

Client 1 label distribution:
[(2, 769), (3, 793), (4, 782), (5, 804), (8, 812)]

Client 2 label distribution:
[(0, 808), (2, 768), (3, 803), (7, 802), (9, 779)]

Client 3 label distribution:
[(2, 794), (3, 797), (5, 767), (7, 799), (9, 803)]

Client 4 label distribution:
[(0, 771), (1, 805), (3, 818), (4, 803), (5, 763)]

Client 5 label distribution:
[(0, 811), (2, 791), (4, 778), (6, 803), (7, 777)]

Client 6 label distribution:
[(0, 784), (1, 798), (2, 784), (4, 656), (8, 806)]

Client 7 label distribution:
[(1, 797), (6, 779), (7, 779), (8, 796), (9, 809)]

Client 8 label distribution:
[(0, 803), (1, 772), (6, 802), (8, 801), (9, 697)]

Client 9 label distribution:
[(1, 810), (5, 788), (6, 259), (7, 759), (8, 809)]
Client 0: avg epsilon = 1.0775
Client 1: avg epsilon = 0.2845
Client 2: avg epsilon = 1.2091
Client 3: avg epsilon = 1.2752
Client 4: avg epsilon = 0.1000
Client 5: avg epsilon = 0.2766
Client 6: avg epsilon = 0.2895
Client 7: avg epsilon = 1.4590
Client 8: avg epsilon = 1.1674
Client 9: avg epsilon = 0.5214
 We run FedAvg with rPDP (ThreeLevels-0) ...
max_epsilon :  10.0  noise_multiplier :  9.736328125
The R-Squared value of the best-fit curve : 0.999749898528281
learning rate =  0.01
sample_rate: (min) 0.03, (max) 0.61, expected_batch_size: 559
sample_rate: (min) 0.03, (max) 0.16, expected_batch_size: 207
sample_rate: (min) 0.03, (max) 0.61, expected_batch_size: 637
sample_rate: (min) 0.03, (max) 0.61, expected_batch_size: 673
sample_rate: (min) 0.03, (max) 0.03, expected_batch_size: 99
sample_rate: (min) 0.03, (max) 0.16, expected_batch_size: 203
sample_rate: (min) 0.03, (max) 0.16, expected_batch_size: 203
sample_rate: (min) 0.03, (max) 0.61, expected_batch_size: 779
sample_rate: (min) 0.03, (max) 0.61, expected_batch_size: 609
sample_rate: (min) 0.03, (max) 0.61, expected_batch_size: 298
initial privacy cost of all clients:  [0, 0, 0, 0, 0, 0, 0, 0, 0, 0]
Round=0
Round=1
Round=2
Round=3
Round=4
Round=5
Round=6
Round=7
Round=8
Round=9
Round=10
Round=11
Round=12
Round=13
Round=14
current privacy cost of all clients:  [3.554611437795162, 0.7046321452486275, 3.3043856205918876, 2.502378074621252, 0.0777036851988212, 0.7915678459669535, 0.7046321452486275, 2.8039339861853394, 3.8048372549984366, 4.055063072201711]
Round=14, per client global perf=[0.4338, 0.3181, 0.7402, 0.5515, 0.4578, 0.674, 0.642, 0.8637, 0.8428, 0.6618], mean perf=12357/20014 (0.6174%)
Round=14, per client personal perf=[0.7922, 0.8005, 0.8333, 0.7716, 0.8662, 0.902, 0.9148, 0.9265, 0.8723, 0.8363], mean perf=17042/20014 (0.8515%)
Round=14, per client personal pooled=[0.6469, 0.6991, 0.6778, 0.6284, 0.5983, 0.6485, 0.5976, 0.6163, 0.6281, 0.5623], mean perf=126154/200140 (0.6303%)
Mean performance of ditto rpdp global, Perf=0.6393, seed=45
Mean performance of ditto rpdp personal, Perf=0.8474, seed=45
Mean performance of ditto rpdp pooled, Perf=0.6277, seed=45
Client 0: avg epsilon = 0.4082
Client 1: avg epsilon = 0.3123
Client 2: avg epsilon = 0.3959
Client 3: avg epsilon = 0.4899
Client 4: avg epsilon = 0.2158
Client 5: avg epsilon = 0.2945
Client 6: avg epsilon = 0.2792
Client 7: avg epsilon = 0.6768
Client 8: avg epsilon = 0.7948
Client 9: avg epsilon = 0.4770
 We run FedAvg with rPDP (BoundedPareto-0) ...
max_epsilon :  10.0  noise_multiplier :  9.736328125
The R-Squared value of the best-fit curve : 0.999749898528281
learning rate =  0.01
sample_rate: (min) 0.04, (max) 0.15, expected_batch_size: 284
sample_rate: (min) 0.03, (max) 0.11, expected_batch_size: 228
sample_rate: (min) 0.03, (max) 0.17, expected_batch_size: 275
sample_rate: (min) 0.04, (max) 0.21, expected_batch_size: 330
sample_rate: (min) 0.03, (max) 0.06, expected_batch_size: 171
sample_rate: (min) 0.03, (max) 0.09, expected_batch_size: 218
sample_rate: (min) 0.03, (max) 0.11, expected_batch_size: 201
sample_rate: (min) 0.03, (max) 0.27, expected_batch_size: 435
sample_rate: (min) 0.03, (max) 1.0, expected_batch_size: 467
sample_rate: (min) 0.03, (max) 0.14, expected_batch_size: 281
initial privacy cost of all clients:  [0, 0, 0, 0, 0, 0, 0, 0, 0, 0]
Round=0
Round=1
Round=2
Round=3
Round=4
Round=5
Round=6
Round=7
Round=8
Round=9
Round=10
Round=11
Round=12
Round=13
Round=14
current privacy cost of all clients:  [0.6885393526224254, 0.4389064957968366, 0.737287783279604, 0.6801454108049917, 0.23940251650636465, 0.40860585771208774, 0.47155104811049564, 1.0536496151827546, 7.341489632879909, 0.6904435819574529]
Round=14, per client global perf=[0.6691, 0.6005, 0.7578, 0.7152, 0.7025, 0.7716, 0.7703, 0.8471, 0.8403, 0.7167], mean perf=14792/20014 (0.7391%)
Round=14, per client personal perf=[0.8417, 0.8559, 0.8588, 0.8377, 0.9127, 0.9, 0.8301, 0.9069, 0.8638, 0.8232], mean perf=17287/20014 (0.8637%)
Round=14, per client personal pooled=[0.647, 0.6999, 0.741, 0.7083, 0.6795, 0.6496, 0.6162, 0.6289, 0.7049, 0.5187], mean perf=131971/200140 (0.6594%)
Mean performance of ditto rpdp global, Perf=0.7274, seed=45
Mean performance of ditto rpdp personal, Perf=0.8612, seed=45
Mean performance of ditto rpdp pooled, Perf=0.6473, seed=45
Client 0: avg epsilon = 0.9777
Client 1: avg epsilon = 0.2979
Client 2: avg epsilon = 1.1623
Client 3: avg epsilon = 1.2664
Client 4: avg epsilon = 0.1152
Client 5: avg epsilon = 0.2823
Client 6: avg epsilon = 0.3029
Client 7: avg epsilon = 1.5416
Client 8: avg epsilon = 1.3410
Client 9: avg epsilon = 0.6458
 We run FedAvg with rPDP (BoundedMixGauss-0) ...
max_epsilon :  10.0  noise_multiplier :  9.736328125
The R-Squared value of the best-fit curve : 0.999749898528281
learning rate =  0.01
sample_rate: (min) 0.03, (max) 0.57, expected_batch_size: 527
sample_rate: (min) 0.03, (max) 0.16, expected_batch_size: 215
sample_rate: (min) 0.03, (max) 0.6, expected_batch_size: 621
sample_rate: (min) 0.03, (max) 0.62, expected_batch_size: 668
sample_rate: (min) 0.03, (max) 0.03, expected_batch_size: 109
sample_rate: (min) 0.03, (max) 0.15, expected_batch_size: 207
sample_rate: (min) 0.03, (max) 0.17, expected_batch_size: 211
sample_rate: (min) 0.03, (max) 0.65, expected_batch_size: 814
sample_rate: (min) 0.03, (max) 0.77, expected_batch_size: 678
sample_rate: (min) 0.03, (max) 0.51, expected_batch_size: 354
initial privacy cost of all clients:  [0, 0, 0, 0, 0, 0, 0, 0, 0, 0]
Round=0
Round=1
Round=2
Round=3
Round=4
Round=5
Round=6
Round=7
Round=8
Round=9
Round=10
Round=11
Round=12
Round=13
Round=14
current privacy cost of all clients:  [3.281140044471556, 0.7230627453849724, 3.2297684796546315, 2.577615543249246, 0.10877741890352152, 0.7472346093847001, 0.7453992738681744, 3.018353676476364, 5.099062056828933, 3.2317615453075352]
Round=14, per client global perf=[0.4804, 0.3397, 0.7309, 0.576, 0.4853, 0.6887, 0.6552, 0.8838, 0.8553, 0.6765], mean perf=12731/20014 (0.6361%)
Round=14, per client personal perf=[0.8074, 0.8157, 0.8328, 0.7627, 0.8608, 0.9132, 0.9153, 0.9353, 0.8713, 0.838], mean perf=17117/20014 (0.8553%)
Round=14, per client personal pooled=[0.6488, 0.715, 0.7131, 0.6465, 0.6333, 0.6557, 0.6401, 0.6264, 0.6444, 0.5425], mean perf=129412/200140 (0.6466%)
Mean performance of ditto rpdp global, Perf=0.6708, seed=45
Mean performance of ditto rpdp personal, Perf=0.8501, seed=45
Mean performance of ditto rpdp pooled, Perf=0.6487, seed=45
Finished seed 45
----------------------------------------
Running seed 46
/Users/shegao_t1/DP_Research/Personal_DP_Personal_FL/rpdp_fl/experiments/datasets/fed_mnist/niid_10_5way_1200shot

Client 0 label distribution:
[(3, 772), (4, 812), (5, 794), (6, 792), (9, 790)]

Client 1 label distribution:
[(2, 769), (3, 793), (4, 782), (5, 804), (8, 812)]

Client 2 label distribution:
[(0, 808), (2, 768), (3, 803), (7, 802), (9, 779)]

Client 3 label distribution:
[(2, 794), (3, 797), (5, 767), (7, 799), (9, 803)]

Client 4 label distribution:
[(0, 771), (1, 805), (3, 818), (4, 803), (5, 763)]

Client 5 label distribution:
[(0, 811), (2, 791), (4, 778), (6, 803), (7, 777)]

Client 6 label distribution:
[(0, 784), (1, 798), (2, 784), (4, 656), (8, 806)]

Client 7 label distribution:
[(1, 797), (6, 779), (7, 779), (8, 796), (9, 809)]

Client 8 label distribution:
[(0, 803), (1, 772), (6, 802), (8, 801), (9, 697)]

Client 9 label distribution:
[(1, 810), (5, 788), (6, 259), (7, 759), (8, 809)]
Client 0: avg epsilon = 1.0775
Client 1: avg epsilon = 0.2845
Client 2: avg epsilon = 1.2091
Client 3: avg epsilon = 1.2752
Client 4: avg epsilon = 0.1000
Client 5: avg epsilon = 0.2766
Client 6: avg epsilon = 0.2895
Client 7: avg epsilon = 1.4590
Client 8: avg epsilon = 1.1674
Client 9: avg epsilon = 0.5214
 We run FedAvg with rPDP (ThreeLevels-0) ...
max_epsilon :  10.0  noise_multiplier :  9.736328125
The R-Squared value of the best-fit curve : 0.999749898528281
learning rate =  0.01
sample_rate: (min) 0.03, (max) 0.61, expected_batch_size: 559
sample_rate: (min) 0.03, (max) 0.16, expected_batch_size: 207
sample_rate: (min) 0.03, (max) 0.61, expected_batch_size: 637
sample_rate: (min) 0.03, (max) 0.61, expected_batch_size: 673
sample_rate: (min) 0.03, (max) 0.03, expected_batch_size: 99
sample_rate: (min) 0.03, (max) 0.16, expected_batch_size: 203
sample_rate: (min) 0.03, (max) 0.16, expected_batch_size: 203
sample_rate: (min) 0.03, (max) 0.61, expected_batch_size: 779
sample_rate: (min) 0.03, (max) 0.61, expected_batch_size: 609
sample_rate: (min) 0.03, (max) 0.61, expected_batch_size: 298
initial privacy cost of all clients:  [0, 0, 0, 0, 0, 0, 0, 0, 0, 0]
Round=0
Round=1
Round=2
Round=3
Round=4
Round=5
Round=6
Round=7
Round=8
Round=9
Round=10
Round=11
Round=12
Round=13
Round=14
current privacy cost of all clients:  [3.3043856205918876, 0.7482516858029494, 3.3043856205918876, 3.554611437795162, 0.07214729257008984, 0.7046321452486275, 0.7046321452486275, 4.305288889404985, 4.055063072201711, 3.554611437795162]
Round=14, per client global perf=[0.6814, 0.6569, 0.8319, 0.8191, 0.6711, 0.7098, 0.7262, 0.8691, 0.8127, 0.7286], mean perf=15029/20014 (0.7509%)
Round=14, per client personal perf=[0.8471, 0.7623, 0.7936, 0.8672, 0.8975, 0.9181, 0.9067, 0.9211, 0.8808, 0.7688], mean perf=17158/20014 (0.8573%)
Round=14, per client personal pooled=[0.6734, 0.6253, 0.6581, 0.738, 0.6953, 0.7226, 0.6283, 0.6754, 0.6866, 0.6557], mean perf=135269/200140 (0.6759%)
Mean performance of ditto rpdp global, Perf=0.7292, seed=46
Mean performance of ditto rpdp personal, Perf=0.8657, seed=46
Mean performance of ditto rpdp pooled, Perf=0.6697, seed=46
Client 0: avg epsilon = 0.4068
Client 1: avg epsilon = 0.3100
Client 2: avg epsilon = 0.3946
Client 3: avg epsilon = 0.4892
Client 4: avg epsilon = 0.2153
Client 5: avg epsilon = 0.2914
Client 6: avg epsilon = 0.2770
Client 7: avg epsilon = 0.6709
Client 8: avg epsilon = 0.7968
Client 9: avg epsilon = 0.4730
 We run FedAvg with rPDP (BoundedPareto-0) ...
max_epsilon :  10.0  noise_multiplier :  9.736328125
The R-Squared value of the best-fit curve : 0.999749898528281
learning rate =  0.01
sample_rate: (min) 0.04, (max) 0.16, expected_batch_size: 283
sample_rate: (min) 0.03, (max) 0.1, expected_batch_size: 227
sample_rate: (min) 0.03, (max) 0.17, expected_batch_size: 274
sample_rate: (min) 0.04, (max) 0.21, expected_batch_size: 329
sample_rate: (min) 0.03, (max) 0.06, expected_batch_size: 170
sample_rate: (min) 0.03, (max) 0.09, expected_batch_size: 216
sample_rate: (min) 0.03, (max) 0.11, expected_batch_size: 200
sample_rate: (min) 0.03, (max) 0.27, expected_batch_size: 432
sample_rate: (min) 0.03, (max) 1.0, expected_batch_size: 468
sample_rate: (min) 0.03, (max) 0.14, expected_batch_size: 279
initial privacy cost of all clients:  [0, 0, 0, 0, 0, 0, 0, 0, 0, 0]
Round=0
Round=1
Round=2
Round=3
Round=4
Round=5
Round=6
Round=7
Round=8
Round=9
Round=10
Round=11
Round=12
Round=13
Round=14
current privacy cost of all clients:  [0.6438092609216902, 0.4572521652430379, 0.7413945202453217, 0.962070027753649, 0.22162381889959434, 0.35721990258347414, 0.4642028669509737, 1.5774690487650924, 7.879532215750026, 0.6137692703532428]
Round=14, per client global perf=[0.8137, 0.825, 0.7701, 0.8412, 0.7863, 0.8078, 0.7723, 0.8225, 0.7186, 0.7263], mean perf=15800/20014 (0.7894%)
Round=14, per client personal perf=[0.8554, 0.85, 0.8681, 0.8407, 0.8873, 0.8667, 0.8534, 0.9088, 0.8688, 0.8232], mean perf=17268/20014 (0.8628%)
Round=14, per client personal pooled=[0.6687, 0.7053, 0.6244, 0.7169, 0.6367, 0.6452, 0.545, 0.6191, 0.6143, 0.5119], mean perf=125839/200140 (0.6288%)
Mean performance of ditto rpdp global, Perf=0.7632, seed=46
Mean performance of ditto rpdp personal, Perf=0.8581, seed=46
Mean performance of ditto rpdp pooled, Perf=0.6265, seed=46
Client 0: avg epsilon = 0.8994
Client 1: avg epsilon = 0.2962
Client 2: avg epsilon = 1.1182
Client 3: avg epsilon = 1.2598
Client 4: avg epsilon = 0.1144
Client 5: avg epsilon = 0.2797
Client 6: avg epsilon = 0.3009
Client 7: avg epsilon = 1.5364
Client 8: avg epsilon = 1.3403
Client 9: avg epsilon = 0.5667
 We run FedAvg with rPDP (BoundedMixGauss-0) ...
max_epsilon :  10.0  noise_multiplier :  9.736328125
The R-Squared value of the best-fit curve : 0.999749898528281
learning rate =  0.01
sample_rate: (min) 0.03, (max) 0.57, expected_batch_size: 493
sample_rate: (min) 0.03, (max) 0.16, expected_batch_size: 214
sample_rate: (min) 0.03, (max) 0.59, expected_batch_size: 597
sample_rate: (min) 0.03, (max) 0.62, expected_batch_size: 665
sample_rate: (min) 0.03, (max) 0.03, expected_batch_size: 108
sample_rate: (min) 0.03, (max) 0.15, expected_batch_size: 206
sample_rate: (min) 0.03, (max) 0.16, expected_batch_size: 210
sample_rate: (min) 0.03, (max) 0.65, expected_batch_size: 811
sample_rate: (min) 0.03, (max) 0.75, expected_batch_size: 677
sample_rate: (min) 0.03, (max) 0.19, expected_batch_size: 321
initial privacy cost of all clients:  [0, 0, 0, 0, 0, 0, 0, 0, 0, 0]
Round=0
Round=1
Round=2
Round=3
Round=4
Round=5
Round=6
Round=7
Round=8
Round=9
Round=10
Round=11
Round=12
Round=13
Round=14
current privacy cost of all clients:  [3.0335448814981376, 0.7634142321108327, 3.213026835304431, 3.654578881499142, 0.10031808520917192, 0.65991324230072, 0.7375647430033326, 4.637740505719468, 5.25008866728307, 0.8845506999063875]
Round=14, per client global perf=[0.7446, 0.6961, 0.8255, 0.8289, 0.7304, 0.752, 0.7495, 0.8691, 0.8127, 0.7292], mean perf=15499/20014 (0.7744%)
Round=14, per client personal perf=[0.8319, 0.8201, 0.848, 0.8549, 0.9196, 0.9142, 0.9118, 0.9216, 0.8803, 0.8057], mean perf=17443/20014 (0.8715%)
Round=14, per client personal pooled=[0.6538, 0.7158, 0.6939, 0.7693, 0.725, 0.7161, 0.7251, 0.6056, 0.6699, 0.6373], mean perf=138337/200140 (0.6912%)
Mean performance of ditto rpdp global, Perf=0.7509, seed=46
Mean performance of ditto rpdp personal, Perf=0.8787, seed=46
Mean performance of ditto rpdp pooled, Perf=0.6843, seed=46
Finished seed 46
----------------------------------------
=== Running reg_param=20, num_steps=15 ===
Running seed 42
/Users/shegao_t1/DP_Research/Personal_DP_Personal_FL/rpdp_fl/experiments/datasets/fed_mnist/niid_10_5way_1200shot

Client 0 label distribution:
[(3, 772), (4, 812), (5, 794), (6, 792), (9, 790)]

Client 1 label distribution:
[(2, 769), (3, 793), (4, 782), (5, 804), (8, 812)]

Client 2 label distribution:
[(0, 808), (2, 768), (3, 803), (7, 802), (9, 779)]

Client 3 label distribution:
[(2, 794), (3, 797), (5, 767), (7, 799), (9, 803)]

Client 4 label distribution:
[(0, 771), (1, 805), (3, 818), (4, 803), (5, 763)]

Client 5 label distribution:
[(0, 811), (2, 791), (4, 778), (6, 803), (7, 777)]

Client 6 label distribution:
[(0, 784), (1, 798), (2, 784), (4, 656), (8, 806)]

Client 7 label distribution:
[(1, 797), (6, 779), (7, 779), (8, 796), (9, 809)]

Client 8 label distribution:
[(0, 803), (1, 772), (6, 802), (8, 801), (9, 697)]

Client 9 label distribution:
[(1, 810), (5, 788), (6, 259), (7, 759), (8, 809)]
Client 0: avg epsilon = 1.0775
Client 1: avg epsilon = 0.2845
Client 2: avg epsilon = 1.2091
Client 3: avg epsilon = 1.2752
Client 4: avg epsilon = 0.1000
Client 5: avg epsilon = 0.2766
Client 6: avg epsilon = 0.2895
Client 7: avg epsilon = 1.4590
Client 8: avg epsilon = 1.1674
Client 9: avg epsilon = 0.5214
 We run FedAvg with rPDP (ThreeLevels-0) ...
max_epsilon :  10.0  noise_multiplier :  9.736328125
The R-Squared value of the best-fit curve : 0.999749898528281
learning rate =  0.01
sample_rate: (min) 0.03, (max) 0.61, expected_batch_size: 559
sample_rate: (min) 0.03, (max) 0.16, expected_batch_size: 207
sample_rate: (min) 0.03, (max) 0.61, expected_batch_size: 637
sample_rate: (min) 0.03, (max) 0.61, expected_batch_size: 673
sample_rate: (min) 0.03, (max) 0.03, expected_batch_size: 99
sample_rate: (min) 0.03, (max) 0.16, expected_batch_size: 203
sample_rate: (min) 0.03, (max) 0.16, expected_batch_size: 203
sample_rate: (min) 0.03, (max) 0.61, expected_batch_size: 779
sample_rate: (min) 0.03, (max) 0.61, expected_batch_size: 609
sample_rate: (min) 0.03, (max) 0.61, expected_batch_size: 298
initial privacy cost of all clients:  [0, 0, 0, 0, 0, 0, 0, 0, 0, 0]
Round=0
Round=1
Round=2
Round=3
Round=4
Round=5
Round=6
Round=7
Round=8
Round=9
Round=10
Round=11
Round=12
Round=13
Round=14
current privacy cost of all clients:  [3.554611437795162, 0.7046321452486275, 2.8039339861853394, 3.3043856205918876, 0.08299634815037049, 0.7046321452486275, 0.7482516858029494, 4.055063072201711, 4.305288889404985, 3.0541598033886133]
Round=14, per client global perf=[0.6172, 0.674, 0.6211, 0.5564, 0.7279, 0.8299, 0.8489, 0.7873, 0.7576, 0.7144], mean perf=14268/20014 (0.7129%)
Round=14, per client personal perf=[0.7848, 0.7426, 0.8078, 0.7814, 0.8157, 0.8676, 0.8479, 0.9206, 0.9029, 0.8034], mean perf=16563/20014 (0.8276%)
Round=14, per client personal pooled=[0.637, 0.657, 0.6076, 0.6797, 0.6334, 0.6836, 0.657, 0.5724, 0.5798, 0.5975], mean perf=126189/200140 (0.6305%)
Mean performance of ditto rpdp global, Perf=0.6568, seed=42
Mean performance of ditto rpdp personal, Perf=0.8188, seed=42
Mean performance of ditto rpdp pooled, Perf=0.6059, seed=42
Client 0: avg epsilon = 0.4077
Client 1: avg epsilon = 0.3113
Client 2: avg epsilon = 0.3959
Client 3: avg epsilon = 0.4892
Client 4: avg epsilon = 0.2155
Client 5: avg epsilon = 0.2926
Client 6: avg epsilon = 0.2781
Client 7: avg epsilon = 0.6722
Client 8: avg epsilon = 0.7871
Client 9: avg epsilon = 0.4750
 We run FedAvg with rPDP (BoundedPareto-0) ...
max_epsilon :  10.0  noise_multiplier :  9.736328125
The R-Squared value of the best-fit curve : 0.999749898528281
learning rate =  0.01
sample_rate: (min) 0.04, (max) 0.16, expected_batch_size: 284
sample_rate: (min) 0.03, (max) 0.11, expected_batch_size: 228
sample_rate: (min) 0.03, (max) 0.18, expected_batch_size: 275
sample_rate: (min) 0.04, (max) 0.21, expected_batch_size: 329
sample_rate: (min) 0.03, (max) 0.06, expected_batch_size: 170
sample_rate: (min) 0.03, (max) 0.09, expected_batch_size: 217
sample_rate: (min) 0.03, (max) 0.11, expected_batch_size: 200
sample_rate: (min) 0.03, (max) 0.27, expected_batch_size: 433
sample_rate: (min) 0.03, (max) 0.98, expected_batch_size: 464
sample_rate: (min) 0.03, (max) 0.14, expected_batch_size: 280
initial privacy cost of all clients:  [0, 0, 0, 0, 0, 0, 0, 0, 0, 0]
Round=0
Round=1
Round=2
Round=3
Round=4
Round=5
Round=6
Round=7
Round=8
Round=9
Round=10
Round=11
Round=12
Round=13
Round=14
current privacy cost of all clients:  [0.6900338711482631, 0.4364746534737748, 0.6276822004231332, 0.9020013923888056, 0.2537990314133135, 0.3590420911812761, 0.496521478756058, 1.4795995824414296, 8.118065224632089, 0.5308278278358338]
Round=14, per client global perf=[0.7225, 0.7907, 0.6515, 0.6549, 0.8461, 0.8338, 0.8205, 0.7471, 0.7106, 0.7348], mean perf=15037/20014 (0.7513%)
Round=14, per client personal perf=[0.8593, 0.748, 0.8255, 0.8176, 0.8784, 0.8858, 0.8834, 0.9186, 0.8783, 0.8193], mean perf=17046/20014 (0.8517%)
Round=14, per client personal pooled=[0.7202, 0.6978, 0.5978, 0.6989, 0.6639, 0.7062, 0.7105, 0.6598, 0.6162, 0.6163], mean perf=133841/200140 (0.6687%)
Mean performance of ditto rpdp global, Perf=0.7193, seed=42
Mean performance of ditto rpdp personal, Perf=0.8432, seed=42
Mean performance of ditto rpdp pooled, Perf=0.6437, seed=42
Client 0: avg epsilon = 0.9013
Client 1: avg epsilon = 0.2965
Client 2: avg epsilon = 1.1218
Client 3: avg epsilon = 1.2589
Client 4: avg epsilon = 0.1149
Client 5: avg epsilon = 0.2804
Client 6: avg epsilon = 0.3012
Client 7: avg epsilon = 1.5331
Client 8: avg epsilon = 1.3353
Client 9: avg epsilon = 0.5659
 We run FedAvg with rPDP (BoundedMixGauss-0) ...
max_epsilon :  10.0  noise_multiplier :  9.736328125
The R-Squared value of the best-fit curve : 0.999749898528281
learning rate =  0.01
sample_rate: (min) 0.03, (max) 0.56, expected_batch_size: 493
sample_rate: (min) 0.03, (max) 0.16, expected_batch_size: 215
sample_rate: (min) 0.03, (max) 0.59, expected_batch_size: 600
sample_rate: (min) 0.03, (max) 0.62, expected_batch_size: 664
sample_rate: (min) 0.03, (max) 0.03, expected_batch_size: 109
sample_rate: (min) 0.03, (max) 0.15, expected_batch_size: 206
sample_rate: (min) 0.03, (max) 0.16, expected_batch_size: 210
sample_rate: (min) 0.03, (max) 0.65, expected_batch_size: 810
sample_rate: (min) 0.03, (max) 0.79, expected_batch_size: 676
sample_rate: (min) 0.03, (max) 0.19, expected_batch_size: 321
initial privacy cost of all clients:  [0, 0, 0, 0, 0, 0, 0, 0, 0, 0]
Round=0
Round=1
Round=2
Round=3
Round=4
Round=5
Round=6
Round=7
Round=8
Round=9
Round=10
Round=11
Round=12
Round=13
Round=14
current privacy cost of all clients:  [3.239357095723892, 0.7183551116823591, 2.738589241019812, 3.383455485794296, 0.11540859791906656, 0.6613141025505981, 0.7853311326325294, 4.430527245721282, 5.922965857975325, 0.7615408867744656]
Round=14, per client global perf=[0.6368, 0.7162, 0.6191, 0.5642, 0.7877, 0.8387, 0.8626, 0.7794, 0.7561, 0.736], mean perf=14592/20014 (0.7291%)
Round=14, per client personal perf=[0.8525, 0.7892, 0.8368, 0.7941, 0.8725, 0.8779, 0.8834, 0.926, 0.8948, 0.8023], mean perf=17081/20014 (0.8535%)
Round=14, per client personal pooled=[0.6776, 0.6437, 0.6722, 0.704, 0.7271, 0.7115, 0.7172, 0.6096, 0.6722, 0.5549], mean perf=133893/200140 (0.6690%)
Mean performance of ditto rpdp global, Perf=0.6736, seed=42
Mean performance of ditto rpdp personal, Perf=0.8371, seed=42
Mean performance of ditto rpdp pooled, Perf=0.6468, seed=42
Finished seed 42
----------------------------------------
Running seed 43
/Users/shegao_t1/DP_Research/Personal_DP_Personal_FL/rpdp_fl/experiments/datasets/fed_mnist/niid_10_5way_1200shot

Client 0 label distribution:
[(3, 772), (4, 812), (5, 794), (6, 792), (9, 790)]

Client 1 label distribution:
[(2, 769), (3, 793), (4, 782), (5, 804), (8, 812)]

Client 2 label distribution:
[(0, 808), (2, 768), (3, 803), (7, 802), (9, 779)]

Client 3 label distribution:
[(2, 794), (3, 797), (5, 767), (7, 799), (9, 803)]

Client 4 label distribution:
[(0, 771), (1, 805), (3, 818), (4, 803), (5, 763)]

Client 5 label distribution:
[(0, 811), (2, 791), (4, 778), (6, 803), (7, 777)]

Client 6 label distribution:
[(0, 784), (1, 798), (2, 784), (4, 656), (8, 806)]

Client 7 label distribution:
[(1, 797), (6, 779), (7, 779), (8, 796), (9, 809)]

Client 8 label distribution:
[(0, 803), (1, 772), (6, 802), (8, 801), (9, 697)]

Client 9 label distribution:
[(1, 810), (5, 788), (6, 259), (7, 759), (8, 809)]
Client 0: avg epsilon = 1.0775
Client 1: avg epsilon = 0.2845
Client 2: avg epsilon = 1.2091
Client 3: avg epsilon = 1.2752
Client 4: avg epsilon = 0.1000
Client 5: avg epsilon = 0.2766
Client 6: avg epsilon = 0.2895
Client 7: avg epsilon = 1.4590
Client 8: avg epsilon = 1.1674
Client 9: avg epsilon = 0.5214
 We run FedAvg with rPDP (ThreeLevels-0) ...
max_epsilon :  10.0  noise_multiplier :  9.736328125
The R-Squared value of the best-fit curve : 0.999749898528281
learning rate =  0.01
sample_rate: (min) 0.03, (max) 0.61, expected_batch_size: 559
sample_rate: (min) 0.03, (max) 0.16, expected_batch_size: 207
sample_rate: (min) 0.03, (max) 0.61, expected_batch_size: 637
sample_rate: (min) 0.03, (max) 0.61, expected_batch_size: 673
sample_rate: (min) 0.03, (max) 0.03, expected_batch_size: 99
sample_rate: (min) 0.03, (max) 0.16, expected_batch_size: 203
sample_rate: (min) 0.03, (max) 0.16, expected_batch_size: 203
sample_rate: (min) 0.03, (max) 0.61, expected_batch_size: 779
sample_rate: (min) 0.03, (max) 0.61, expected_batch_size: 609
sample_rate: (min) 0.03, (max) 0.61, expected_batch_size: 298
initial privacy cost of all clients:  [0, 0, 0, 0, 0, 0, 0, 0, 0, 0]
Round=0
Round=1
Round=2
Round=3
Round=4
Round=5
Round=6
Round=7
Round=8
Round=9
Round=10
Round=11
Round=12
Round=13
Round=14
current privacy cost of all clients:  [3.8048372549984366, 0.7046321452486275, 3.3043856205918876, 3.8048372549984366, 0.05997229379927632, 0.7046321452486275, 0.6093162705378211, 2.1521425035466386, 3.0541598033886133, 4.055063072201711]
Round=14, per client global perf=[0.4054, 0.2652, 0.5279, 0.523, 0.2338, 0.3853, 0.3387, 0.7127, 0.5468, 0.5473], mean perf=8955/20014 (0.4474%)
Round=14, per client personal perf=[0.7216, 0.726, 0.7755, 0.7647, 0.7775, 0.8382, 0.7738, 0.8309, 0.7276, 0.7428], mean perf=15376/20014 (0.7683%)
Round=14, per client personal pooled=[0.5817, 0.522, 0.5686, 0.5361, 0.5593, 0.4751, 0.5282, 0.5306, 0.5861, 0.5098], mean perf=108025/200140 (0.5397%)
Mean performance of ditto rpdp global, Perf=0.4653, seed=43
Mean performance of ditto rpdp personal, Perf=0.7430, seed=43
Mean performance of ditto rpdp pooled, Perf=0.5058, seed=43
Client 0: avg epsilon = 0.4112
Client 1: avg epsilon = 0.3142
Client 2: avg epsilon = 0.3983
Client 3: avg epsilon = 0.4927
Client 4: avg epsilon = 0.2171
Client 5: avg epsilon = 0.2951
Client 6: avg epsilon = 0.2799
Client 7: avg epsilon = 0.6772
Client 8: avg epsilon = 0.8044
Client 9: avg epsilon = 0.4780
 We run FedAvg with rPDP (BoundedPareto-0) ...
max_epsilon :  10.0  noise_multiplier :  9.736328125
The R-Squared value of the best-fit curve : 0.999749898528281
learning rate =  0.01
sample_rate: (min) 0.04, (max) 0.16, expected_batch_size: 286
sample_rate: (min) 0.03, (max) 0.11, expected_batch_size: 230
sample_rate: (min) 0.03, (max) 0.18, expected_batch_size: 276
sample_rate: (min) 0.04, (max) 0.21, expected_batch_size: 331
sample_rate: (min) 0.03, (max) 0.06, expected_batch_size: 171
sample_rate: (min) 0.03, (max) 0.09, expected_batch_size: 218
sample_rate: (min) 0.03, (max) 0.11, expected_batch_size: 201
sample_rate: (min) 0.03, (max) 0.27, expected_batch_size: 435
sample_rate: (min) 0.03, (max) 1.0, expected_batch_size: 471
sample_rate: (min) 0.03, (max) 0.14, expected_batch_size: 282
initial privacy cost of all clients:  [0, 0, 0, 0, 0, 0, 0, 0, 0, 0]
Round=0
Round=1
Round=2
Round=3
Round=4
Round=5
Round=6
Round=7
Round=8
Round=9
Round=10
Round=11
Round=12
Round=13
Round=14
current privacy cost of all clients:  [0.7373337984015426, 0.4379227448896392, 0.7432715464651029, 1.0289056818910758, 0.18818817298350093, 0.3625272812125309, 0.40478381847721895, 0.8256683992939291, 5.727361884269555, 0.6958934765955246]
Round=14, per client global perf=[0.6422, 0.3569, 0.5515, 0.6358, 0.4353, 0.4221, 0.3063, 0.7407, 0.5884, 0.5751], mean perf=10514/20014 (0.5253%)
Round=14, per client personal perf=[0.7971, 0.827, 0.7941, 0.7848, 0.8103, 0.8338, 0.7799, 0.8814, 0.7291, 0.7683], mean perf=16036/20014 (0.8012%)
Round=14, per client personal pooled=[0.5425, 0.5684, 0.6171, 0.5708, 0.5655, 0.5004, 0.555, 0.6035, 0.5325, 0.4894], mean perf=110977/200140 (0.5545%)
Mean performance of ditto rpdp global, Perf=0.5427, seed=43
Mean performance of ditto rpdp personal, Perf=0.8058, seed=43
Mean performance of ditto rpdp pooled, Perf=0.5502, seed=43
Client 0: avg epsilon = 0.9717
Client 1: avg epsilon = 0.2984
Client 2: avg epsilon = 1.1612
Client 3: avg epsilon = 1.2646
Client 4: avg epsilon = 0.1153
Client 5: avg epsilon = 0.2826
Client 6: avg epsilon = 0.3031
Client 7: avg epsilon = 1.5395
Client 8: avg epsilon = 1.3422
Client 9: avg epsilon = 0.6197
 We run FedAvg with rPDP (BoundedMixGauss-0) ...
max_epsilon :  10.0  noise_multiplier :  9.736328125
The R-Squared value of the best-fit curve : 0.999749898528281
learning rate =  0.01
sample_rate: (min) 0.03, (max) 0.57, expected_batch_size: 524
sample_rate: (min) 0.03, (max) 0.16, expected_batch_size: 216
sample_rate: (min) 0.03, (max) 0.6, expected_batch_size: 621
sample_rate: (min) 0.03, (max) 0.62, expected_batch_size: 667
sample_rate: (min) 0.03, (max) 0.03, expected_batch_size: 109
sample_rate: (min) 0.03, (max) 0.15, expected_batch_size: 207
sample_rate: (min) 0.03, (max) 0.17, expected_batch_size: 211
sample_rate: (min) 0.03, (max) 0.65, expected_batch_size: 813
sample_rate: (min) 0.03, (max) 0.75, expected_batch_size: 679
sample_rate: (min) 0.03, (max) 0.5, expected_batch_size: 344
initial privacy cost of all clients:  [0, 0, 0, 0, 0, 0, 0, 0, 0, 0]
Round=0
Round=1
Round=2
Round=3
Round=4
Round=5
Round=6
Round=7
Round=8
Round=9
Round=10
Round=11
Round=12
Round=13
Round=14
current privacy cost of all clients:  [3.4898902059364203, 0.7247376726181795, 3.228910041910707, 3.9150741574125867, 0.08442481810711515, 0.6677009275053235, 0.6438493598468139, 2.33482116763611, 4.078778062978832, 3.1675097545911566]
Round=14, per client global perf=[0.452, 0.2696, 0.4951, 0.5211, 0.2456, 0.373, 0.3053, 0.7441, 0.5628, 0.5671], mean perf=9052/20014 (0.4523%)
Round=14, per client personal perf=[0.7593, 0.6775, 0.7775, 0.8059, 0.7819, 0.848, 0.7936, 0.8402, 0.7351, 0.7473], mean perf=15552/20014 (0.7771%)
Round=14, per client personal pooled=[0.5919, 0.5285, 0.5704, 0.5285, 0.5797, 0.5044, 0.5389, 0.5265, 0.5994, 0.5168], mean perf=109777/200140 (0.5485%)
Mean performance of ditto rpdp global, Perf=0.4718, seed=43
Mean performance of ditto rpdp personal, Perf=0.7548, seed=43
Mean performance of ditto rpdp pooled, Perf=0.5239, seed=43
Finished seed 43
----------------------------------------
Running seed 44
/Users/shegao_t1/DP_Research/Personal_DP_Personal_FL/rpdp_fl/experiments/datasets/fed_mnist/niid_10_5way_1200shot

Client 0 label distribution:
[(3, 772), (4, 812), (5, 794), (6, 792), (9, 790)]

Client 1 label distribution:
[(2, 769), (3, 793), (4, 782), (5, 804), (8, 812)]

Client 2 label distribution:
[(0, 808), (2, 768), (3, 803), (7, 802), (9, 779)]

Client 3 label distribution:
[(2, 794), (3, 797), (5, 767), (7, 799), (9, 803)]

Client 4 label distribution:
[(0, 771), (1, 805), (3, 818), (4, 803), (5, 763)]

Client 5 label distribution:
[(0, 811), (2, 791), (4, 778), (6, 803), (7, 777)]

Client 6 label distribution:
[(0, 784), (1, 798), (2, 784), (4, 656), (8, 806)]

Client 7 label distribution:
[(1, 797), (6, 779), (7, 779), (8, 796), (9, 809)]

Client 8 label distribution:
[(0, 803), (1, 772), (6, 802), (8, 801), (9, 697)]

Client 9 label distribution:
[(1, 810), (5, 788), (6, 259), (7, 759), (8, 809)]
Client 0: avg epsilon = 1.0775
Client 1: avg epsilon = 0.2845
Client 2: avg epsilon = 1.2091
Client 3: avg epsilon = 1.2752
Client 4: avg epsilon = 0.1000
Client 5: avg epsilon = 0.2766
Client 6: avg epsilon = 0.2895
Client 7: avg epsilon = 1.4590
Client 8: avg epsilon = 1.1674
Client 9: avg epsilon = 0.5214
 We run FedAvg with rPDP (ThreeLevels-0) ...
max_epsilon :  10.0  noise_multiplier :  9.736328125
The R-Squared value of the best-fit curve : 0.999749898528281
learning rate =  0.01
sample_rate: (min) 0.03, (max) 0.61, expected_batch_size: 559
sample_rate: (min) 0.03, (max) 0.16, expected_batch_size: 207
sample_rate: (min) 0.03, (max) 0.61, expected_batch_size: 637
sample_rate: (min) 0.03, (max) 0.61, expected_batch_size: 673
sample_rate: (min) 0.03, (max) 0.03, expected_batch_size: 99
sample_rate: (min) 0.03, (max) 0.16, expected_batch_size: 203
sample_rate: (min) 0.03, (max) 0.16, expected_batch_size: 203
sample_rate: (min) 0.03, (max) 0.61, expected_batch_size: 779
sample_rate: (min) 0.03, (max) 0.61, expected_batch_size: 609
sample_rate: (min) 0.03, (max) 0.61, expected_batch_size: 298
initial privacy cost of all clients:  [0, 0, 0, 0, 0, 0, 0, 0, 0, 0]
Round=0
Round=1
Round=2
Round=3
Round=4
Round=5
Round=6
Round=7
Round=8
Round=9
Round=10
Round=11
Round=12
Round=13
Round=14
current privacy cost of all clients:  [3.8048372549984366, 0.8686164030477299, 3.8048372549984366, 2.1521425035466386, 0.09280122601357536, 0.6093162705378211, 0.5558558712260362, 3.0541598033886133, 2.8039339861853394, 3.554611437795162]
Round=14, per client global perf=[0.4907, 0.724, 0.6662, 0.6152, 0.7623, 0.6833, 0.8529, 0.6363, 0.5869, 0.6816], mean perf=13396/20014 (0.6693%)
Round=14, per client personal perf=[0.7985, 0.7941, 0.8397, 0.8093, 0.8652, 0.8652, 0.8788, 0.8873, 0.8668, 0.7552], mean perf=16750/20014 (0.8369%)
Round=14, per client personal pooled=[0.6906, 0.7126, 0.6465, 0.6408, 0.7075, 0.5243, 0.7091, 0.5391, 0.5938, 0.677], mean perf=128917/200140 (0.6441%)
Mean performance of ditto rpdp global, Perf=0.6535, seed=44
Mean performance of ditto rpdp personal, Perf=0.8267, seed=44
Mean performance of ditto rpdp pooled, Perf=0.6202, seed=44
Client 0: avg epsilon = 0.4096
Client 1: avg epsilon = 0.3121
Client 2: avg epsilon = 0.3992
Client 3: avg epsilon = 0.4931
Client 4: avg epsilon = 0.2149
Client 5: avg epsilon = 0.2939
Client 6: avg epsilon = 0.2797
Client 7: avg epsilon = 0.6783
Client 8: avg epsilon = 0.7919
Client 9: avg epsilon = 0.4782
 We run FedAvg with rPDP (BoundedPareto-0) ...
max_epsilon :  10.0  noise_multiplier :  9.736328125
The R-Squared value of the best-fit curve : 0.999749898528281
learning rate =  0.01
sample_rate: (min) 0.04, (max) 0.16, expected_batch_size: 285
sample_rate: (min) 0.03, (max) 0.11, expected_batch_size: 228
sample_rate: (min) 0.03, (max) 0.18, expected_batch_size: 277
sample_rate: (min) 0.04, (max) 0.21, expected_batch_size: 331
sample_rate: (min) 0.03, (max) 0.06, expected_batch_size: 170
sample_rate: (min) 0.03, (max) 0.09, expected_batch_size: 218
sample_rate: (min) 0.03, (max) 0.11, expected_batch_size: 201
sample_rate: (min) 0.03, (max) 0.27, expected_batch_size: 436
sample_rate: (min) 0.03, (max) 1.0, expected_batch_size: 466
sample_rate: (min) 0.03, (max) 0.14, expected_batch_size: 282
initial privacy cost of all clients:  [0, 0, 0, 0, 0, 0, 0, 0, 0, 0]
Round=0
Round=1
Round=2
Round=3
Round=4
Round=5
Round=6
Round=7
Round=8
Round=9
Round=10
Round=11
Round=12
Round=13
Round=14
current privacy cost of all clients:  [0.7421538563352587, 0.5432249402373304, 0.8558535483596938, 0.5992389894760695, 0.280968063236125, 0.3133027676317989, 0.37346799019303517, 1.1428677350263499, 5.189319301399437, 0.6219971774080287]
Round=14, per client global perf=[0.6176, 0.7676, 0.6426, 0.6529, 0.8765, 0.724, 0.8134, 0.6637, 0.6289, 0.7394], mean perf=14253/20014 (0.7122%)
Round=14, per client personal perf=[0.8495, 0.8578, 0.8451, 0.8564, 0.9039, 0.899, 0.8808, 0.8985, 0.8883, 0.7773], mean perf=17348/20014 (0.8668%)
Round=14, per client personal pooled=[0.6539, 0.667, 0.6353, 0.6486, 0.6831, 0.6314, 0.7222, 0.6172, 0.7027, 0.7129], mean perf=133579/200140 (0.6674%)
Mean performance of ditto rpdp global, Perf=0.6940, seed=44
Mean performance of ditto rpdp personal, Perf=0.8647, seed=44
Mean performance of ditto rpdp pooled, Perf=0.6602, seed=44
Client 0: avg epsilon = 0.9690
Client 1: avg epsilon = 0.2967
Client 2: avg epsilon = 1.1296
Client 3: avg epsilon = 1.2625
Client 4: avg epsilon = 0.1148
Client 5: avg epsilon = 0.2806
Client 6: avg epsilon = 0.3016
Client 7: avg epsilon = 1.5377
Client 8: avg epsilon = 1.3388
Client 9: avg epsilon = 0.6141
 We run FedAvg with rPDP (BoundedMixGauss-0) ...
max_epsilon :  10.0  noise_multiplier :  9.736328125
The R-Squared value of the best-fit curve : 0.999749898528281
learning rate =  0.01
sample_rate: (min) 0.03, (max) 0.57, expected_batch_size: 523
sample_rate: (min) 0.03, (max) 0.16, expected_batch_size: 215
sample_rate: (min) 0.03, (max) 0.6, expected_batch_size: 603
sample_rate: (min) 0.03, (max) 0.62, expected_batch_size: 666
sample_rate: (min) 0.03, (max) 0.03, expected_batch_size: 109
sample_rate: (min) 0.03, (max) 0.15, expected_batch_size: 206
sample_rate: (min) 0.03, (max) 0.16, expected_batch_size: 210
sample_rate: (min) 0.03, (max) 0.65, expected_batch_size: 812
sample_rate: (min) 0.03, (max) 0.77, expected_batch_size: 677
sample_rate: (min) 0.03, (max) 0.5, expected_batch_size: 341
initial privacy cost of all clients:  [0, 0, 0, 0, 0, 0, 0, 0, 0, 0]
Round=0
Round=1
Round=2
Round=3
Round=4
Round=5
Round=6
Round=7
Round=8
Round=9
Round=10
Round=11
Round=12
Round=13
Round=14
current privacy cost of all clients:  [3.4804731187448077, 0.8878437167879509, 3.7075250470586214, 2.2061265325045243, 0.12858210849485086, 0.5725215842944407, 0.5847452197808856, 3.306785397967515, 3.744154547986864, 2.8380525151047395]
Round=14, per client global perf=[0.5632, 0.752, 0.6632, 0.6417, 0.7985, 0.7181, 0.8387, 0.6745, 0.6219, 0.711], mean perf=13966/20014 (0.6978%)
Round=14, per client personal perf=[0.8363, 0.8221, 0.851, 0.827, 0.8961, 0.8819, 0.894, 0.899, 0.8693, 0.7575], mean perf=17103/20014 (0.8546%)
Round=14, per client personal pooled=[0.7249, 0.7298, 0.636, 0.676, 0.699, 0.5451, 0.715, 0.5642, 0.6071, 0.6964], mean perf=131963/200140 (0.6594%)
Mean performance of ditto rpdp global, Perf=0.6765, seed=44
Mean performance of ditto rpdp personal, Perf=0.8439, seed=44
Mean performance of ditto rpdp pooled, Perf=0.6426, seed=44
Finished seed 44
----------------------------------------
Running seed 45
/Users/shegao_t1/DP_Research/Personal_DP_Personal_FL/rpdp_fl/experiments/datasets/fed_mnist/niid_10_5way_1200shot

Client 0 label distribution:
[(3, 772), (4, 812), (5, 794), (6, 792), (9, 790)]

Client 1 label distribution:
[(2, 769), (3, 793), (4, 782), (5, 804), (8, 812)]

Client 2 label distribution:
[(0, 808), (2, 768), (3, 803), (7, 802), (9, 779)]

Client 3 label distribution:
[(2, 794), (3, 797), (5, 767), (7, 799), (9, 803)]

Client 4 label distribution:
[(0, 771), (1, 805), (3, 818), (4, 803), (5, 763)]

Client 5 label distribution:
[(0, 811), (2, 791), (4, 778), (6, 803), (7, 777)]

Client 6 label distribution:
[(0, 784), (1, 798), (2, 784), (4, 656), (8, 806)]

Client 7 label distribution:
[(1, 797), (6, 779), (7, 779), (8, 796), (9, 809)]

Client 8 label distribution:
[(0, 803), (1, 772), (6, 802), (8, 801), (9, 697)]

Client 9 label distribution:
[(1, 810), (5, 788), (6, 259), (7, 759), (8, 809)]
Client 0: avg epsilon = 1.0775
Client 1: avg epsilon = 0.2845
Client 2: avg epsilon = 1.2091
Client 3: avg epsilon = 1.2752
Client 4: avg epsilon = 0.1000
Client 5: avg epsilon = 0.2766
Client 6: avg epsilon = 0.2895
Client 7: avg epsilon = 1.4590
Client 8: avg epsilon = 1.1674
Client 9: avg epsilon = 0.5214
 We run FedAvg with rPDP (ThreeLevels-0) ...
max_epsilon :  10.0  noise_multiplier :  9.736328125
The R-Squared value of the best-fit curve : 0.999749898528281
learning rate =  0.01
sample_rate: (min) 0.03, (max) 0.61, expected_batch_size: 559
sample_rate: (min) 0.03, (max) 0.16, expected_batch_size: 207
sample_rate: (min) 0.03, (max) 0.61, expected_batch_size: 637
sample_rate: (min) 0.03, (max) 0.61, expected_batch_size: 673
sample_rate: (min) 0.03, (max) 0.03, expected_batch_size: 99
sample_rate: (min) 0.03, (max) 0.16, expected_batch_size: 203
sample_rate: (min) 0.03, (max) 0.16, expected_batch_size: 203
sample_rate: (min) 0.03, (max) 0.61, expected_batch_size: 779
sample_rate: (min) 0.03, (max) 0.61, expected_batch_size: 609
sample_rate: (min) 0.03, (max) 0.61, expected_batch_size: 298
initial privacy cost of all clients:  [0, 0, 0, 0, 0, 0, 0, 0, 0, 0]
Round=0
Round=1
Round=2
Round=3
Round=4
Round=5
Round=6
Round=7
Round=8
Round=9
Round=10
Round=11
Round=12
Round=13
Round=14
current privacy cost of all clients:  [3.554611437795162, 0.7046321452486275, 3.3043856205918876, 2.502378074621252, 0.0777036851988212, 0.7915678459669535, 0.7046321452486275, 2.8039339861853394, 3.8048372549984366, 4.055063072201711]
Round=14, per client global perf=[0.4338, 0.3181, 0.7402, 0.5515, 0.4578, 0.674, 0.642, 0.8637, 0.8428, 0.6618], mean perf=12357/20014 (0.6174%)
Round=14, per client personal perf=[0.7569, 0.7701, 0.8127, 0.7304, 0.8451, 0.8882, 0.9011, 0.9186, 0.8583, 0.8283], mean perf=16626/20014 (0.8307%)
Round=14, per client personal pooled=[0.6667, 0.7262, 0.709, 0.6511, 0.6262, 0.6514, 0.6002, 0.6461, 0.6476, 0.5833], mean perf=130250/200140 (0.6508%)
Mean performance of ditto rpdp global, Perf=0.6393, seed=45
Mean performance of ditto rpdp personal, Perf=0.8256, seed=45
Mean performance of ditto rpdp pooled, Perf=0.6495, seed=45
Client 0: avg epsilon = 0.4082
Client 1: avg epsilon = 0.3123
Client 2: avg epsilon = 0.3959
Client 3: avg epsilon = 0.4899
Client 4: avg epsilon = 0.2158
Client 5: avg epsilon = 0.2945
Client 6: avg epsilon = 0.2792
Client 7: avg epsilon = 0.6768
Client 8: avg epsilon = 0.7948
Client 9: avg epsilon = 0.4770
 We run FedAvg with rPDP (BoundedPareto-0) ...
max_epsilon :  10.0  noise_multiplier :  9.736328125
The R-Squared value of the best-fit curve : 0.999749898528281
learning rate =  0.01
sample_rate: (min) 0.04, (max) 0.15, expected_batch_size: 284
sample_rate: (min) 0.03, (max) 0.11, expected_batch_size: 228
sample_rate: (min) 0.03, (max) 0.17, expected_batch_size: 275
sample_rate: (min) 0.04, (max) 0.21, expected_batch_size: 330
sample_rate: (min) 0.03, (max) 0.06, expected_batch_size: 171
sample_rate: (min) 0.03, (max) 0.09, expected_batch_size: 218
sample_rate: (min) 0.03, (max) 0.11, expected_batch_size: 201
sample_rate: (min) 0.03, (max) 0.27, expected_batch_size: 435
sample_rate: (min) 0.03, (max) 1.0, expected_batch_size: 467
sample_rate: (min) 0.03, (max) 0.14, expected_batch_size: 281
initial privacy cost of all clients:  [0, 0, 0, 0, 0, 0, 0, 0, 0, 0]
Round=0
Round=1
Round=2
Round=3
Round=4
Round=5
Round=6
Round=7
Round=8
Round=9
Round=10
Round=11
Round=12
Round=13
Round=14
current privacy cost of all clients:  [0.6885393526224254, 0.4389064957968366, 0.737287783279604, 0.6801454108049917, 0.23940251650636465, 0.40860585771208774, 0.47155104811049564, 1.0536496151827546, 7.341489632879909, 0.6904435819574529]
Round=14, per client global perf=[0.6691, 0.6005, 0.7578, 0.7152, 0.7025, 0.7716, 0.7703, 0.8471, 0.8403, 0.7167], mean perf=14792/20014 (0.7391%)
Round=14, per client personal perf=[0.824, 0.8539, 0.8382, 0.8201, 0.9034, 0.9118, 0.9021, 0.9074, 0.8242, 0.7909], mean perf=17181/20014 (0.8584%)
Round=14, per client personal pooled=[0.6529, 0.7179, 0.7587, 0.724, 0.6974, 0.6804, 0.6888, 0.6978, 0.7246, 0.5585], mean perf=138115/200140 (0.6901%)
Mean performance of ditto rpdp global, Perf=0.7274, seed=45
Mean performance of ditto rpdp personal, Perf=0.8585, seed=45
Mean performance of ditto rpdp pooled, Perf=0.6876, seed=45
Client 0: avg epsilon = 0.9777
Client 1: avg epsilon = 0.2979
Client 2: avg epsilon = 1.1623
Client 3: avg epsilon = 1.2664
Client 4: avg epsilon = 0.1152
Client 5: avg epsilon = 0.2823
Client 6: avg epsilon = 0.3029
Client 7: avg epsilon = 1.5416
Client 8: avg epsilon = 1.3410
Client 9: avg epsilon = 0.6458
 We run FedAvg with rPDP (BoundedMixGauss-0) ...
max_epsilon :  10.0  noise_multiplier :  9.736328125
The R-Squared value of the best-fit curve : 0.999749898528281
learning rate =  0.01
sample_rate: (min) 0.03, (max) 0.57, expected_batch_size: 527
sample_rate: (min) 0.03, (max) 0.16, expected_batch_size: 215
sample_rate: (min) 0.03, (max) 0.6, expected_batch_size: 621
sample_rate: (min) 0.03, (max) 0.62, expected_batch_size: 668
sample_rate: (min) 0.03, (max) 0.03, expected_batch_size: 109
sample_rate: (min) 0.03, (max) 0.15, expected_batch_size: 207
sample_rate: (min) 0.03, (max) 0.17, expected_batch_size: 211
sample_rate: (min) 0.03, (max) 0.65, expected_batch_size: 814
sample_rate: (min) 0.03, (max) 0.77, expected_batch_size: 678
sample_rate: (min) 0.03, (max) 0.51, expected_batch_size: 354
initial privacy cost of all clients:  [0, 0, 0, 0, 0, 0, 0, 0, 0, 0]
Round=0
Round=1
Round=2
Round=3
Round=4
Round=5
Round=6
Round=7
Round=8
Round=9
Round=10
Round=11
Round=12
Round=13
Round=14
current privacy cost of all clients:  [3.281140044471556, 0.7230627453849724, 3.2297684796546315, 2.577615543249246, 0.10877741890352152, 0.7472346093847001, 0.7453992738681744, 3.018353676476364, 5.099062056828933, 3.2317615453075352]
Round=14, per client global perf=[0.4804, 0.3397, 0.7309, 0.576, 0.4853, 0.6887, 0.6552, 0.8838, 0.8553, 0.6765], mean perf=12731/20014 (0.6361%)
Round=14, per client personal perf=[0.8069, 0.7941, 0.8083, 0.7569, 0.8412, 0.9074, 0.9057, 0.9304, 0.8613, 0.8227], mean perf=16882/20014 (0.8435%)
Round=14, per client personal pooled=[0.6588, 0.7308, 0.7416, 0.676, 0.6445, 0.6617, 0.6458, 0.6439, 0.6729, 0.5782], mean perf=133179/200140 (0.6654%)
Mean performance of ditto rpdp global, Perf=0.6708, seed=45
Mean performance of ditto rpdp personal, Perf=0.8368, seed=45
Mean performance of ditto rpdp pooled, Perf=0.6642, seed=45
Finished seed 45
----------------------------------------
Running seed 46
/Users/shegao_t1/DP_Research/Personal_DP_Personal_FL/rpdp_fl/experiments/datasets/fed_mnist/niid_10_5way_1200shot

Client 0 label distribution:
[(3, 772), (4, 812), (5, 794), (6, 792), (9, 790)]

Client 1 label distribution:
[(2, 769), (3, 793), (4, 782), (5, 804), (8, 812)]

Client 2 label distribution:
[(0, 808), (2, 768), (3, 803), (7, 802), (9, 779)]

Client 3 label distribution:
[(2, 794), (3, 797), (5, 767), (7, 799), (9, 803)]

Client 4 label distribution:
[(0, 771), (1, 805), (3, 818), (4, 803), (5, 763)]

Client 5 label distribution:
[(0, 811), (2, 791), (4, 778), (6, 803), (7, 777)]

Client 6 label distribution:
[(0, 784), (1, 798), (2, 784), (4, 656), (8, 806)]

Client 7 label distribution:
[(1, 797), (6, 779), (7, 779), (8, 796), (9, 809)]

Client 8 label distribution:
[(0, 803), (1, 772), (6, 802), (8, 801), (9, 697)]

Client 9 label distribution:
[(1, 810), (5, 788), (6, 259), (7, 759), (8, 809)]
Client 0: avg epsilon = 1.0775
Client 1: avg epsilon = 0.2845
Client 2: avg epsilon = 1.2091
Client 3: avg epsilon = 1.2752
Client 4: avg epsilon = 0.1000
Client 5: avg epsilon = 0.2766
Client 6: avg epsilon = 0.2895
Client 7: avg epsilon = 1.4590
Client 8: avg epsilon = 1.1674
Client 9: avg epsilon = 0.5214
 We run FedAvg with rPDP (ThreeLevels-0) ...
max_epsilon :  10.0  noise_multiplier :  9.736328125
The R-Squared value of the best-fit curve : 0.999749898528281
learning rate =  0.01
sample_rate: (min) 0.03, (max) 0.61, expected_batch_size: 559
sample_rate: (min) 0.03, (max) 0.16, expected_batch_size: 207
sample_rate: (min) 0.03, (max) 0.61, expected_batch_size: 637
sample_rate: (min) 0.03, (max) 0.61, expected_batch_size: 673
sample_rate: (min) 0.03, (max) 0.03, expected_batch_size: 99
sample_rate: (min) 0.03, (max) 0.16, expected_batch_size: 203
sample_rate: (min) 0.03, (max) 0.16, expected_batch_size: 203
sample_rate: (min) 0.03, (max) 0.61, expected_batch_size: 779
sample_rate: (min) 0.03, (max) 0.61, expected_batch_size: 609
sample_rate: (min) 0.03, (max) 0.61, expected_batch_size: 298
initial privacy cost of all clients:  [0, 0, 0, 0, 0, 0, 0, 0, 0, 0]
Round=0
Round=1
Round=2
Round=3
Round=4
Round=5
Round=6
Round=7
Round=8
Round=9
Round=10
Round=11
Round=12
Round=13
Round=14
current privacy cost of all clients:  [3.3043856205918876, 0.7482516858029494, 3.3043856205918876, 3.554611437795162, 0.07214729257008984, 0.7046321452486275, 0.7046321452486275, 4.305288889404985, 4.055063072201711, 3.554611437795162]
Round=14, per client global perf=[0.6814, 0.6569, 0.8319, 0.8191, 0.6711, 0.7098, 0.7262, 0.8691, 0.8127, 0.7286], mean perf=15029/20014 (0.7509%)
Round=14, per client personal perf=[0.8225, 0.8005, 0.8569, 0.8319, 0.8931, 0.899, 0.9285, 0.9186, 0.8773, 0.7949], mean perf=17272/20014 (0.8630%)
Round=14, per client personal pooled=[0.7084, 0.7295, 0.7384, 0.7631, 0.7324, 0.76, 0.6778, 0.6903, 0.7081, 0.6572], mean perf=143406/200140 (0.7165%)
Mean performance of ditto rpdp global, Perf=0.7292, seed=46
Mean performance of ditto rpdp personal, Perf=0.8655, seed=46
Mean performance of ditto rpdp pooled, Perf=0.7104, seed=46
Client 0: avg epsilon = 0.4068
Client 1: avg epsilon = 0.3100
Client 2: avg epsilon = 0.3946
Client 3: avg epsilon = 0.4892
Client 4: avg epsilon = 0.2153
Client 5: avg epsilon = 0.2914
Client 6: avg epsilon = 0.2770
Client 7: avg epsilon = 0.6709
Client 8: avg epsilon = 0.7968
Client 9: avg epsilon = 0.4730
 We run FedAvg with rPDP (BoundedPareto-0) ...
max_epsilon :  10.0  noise_multiplier :  9.736328125
The R-Squared value of the best-fit curve : 0.999749898528281
learning rate =  0.01
sample_rate: (min) 0.04, (max) 0.16, expected_batch_size: 283
sample_rate: (min) 0.03, (max) 0.1, expected_batch_size: 227
sample_rate: (min) 0.03, (max) 0.17, expected_batch_size: 274
sample_rate: (min) 0.04, (max) 0.21, expected_batch_size: 329
sample_rate: (min) 0.03, (max) 0.06, expected_batch_size: 170
sample_rate: (min) 0.03, (max) 0.09, expected_batch_size: 216
sample_rate: (min) 0.03, (max) 0.11, expected_batch_size: 200
sample_rate: (min) 0.03, (max) 0.27, expected_batch_size: 432
sample_rate: (min) 0.03, (max) 1.0, expected_batch_size: 468
sample_rate: (min) 0.03, (max) 0.14, expected_batch_size: 279
initial privacy cost of all clients:  [0, 0, 0, 0, 0, 0, 0, 0, 0, 0]
Round=0
Round=1
Round=2
Round=3
Round=4
Round=5
Round=6
Round=7
Round=8
Round=9
Round=10
Round=11
Round=12
Round=13
Round=14
current privacy cost of all clients:  [0.6438092609216902, 0.4572521652430379, 0.7413945202453217, 0.962070027753649, 0.22162381889959434, 0.35721990258347414, 0.4642028669509737, 1.5774690487650924, 7.879532215750026, 0.6137692703532428]
Round=14, per client global perf=[0.8137, 0.825, 0.7701, 0.8412, 0.7863, 0.8078, 0.7723, 0.8225, 0.7186, 0.7263], mean perf=15800/20014 (0.7894%)
Round=14, per client personal perf=[0.8637, 0.8373, 0.8368, 0.8539, 0.9211, 0.901, 0.8682, 0.9319, 0.8713, 0.7938], mean perf=17390/20014 (0.8689%)
Round=14, per client personal pooled=[0.7181, 0.6822, 0.6683, 0.7738, 0.7397, 0.7521, 0.6282, 0.6757, 0.6341, 0.6573], mean perf=138687/200140 (0.6929%)
Mean performance of ditto rpdp global, Perf=0.7632, seed=46
Mean performance of ditto rpdp personal, Perf=0.8695, seed=46
Mean performance of ditto rpdp pooled, Perf=0.6941, seed=46
Client 0: avg epsilon = 0.8994
Client 1: avg epsilon = 0.2962
Client 2: avg epsilon = 1.1182
Client 3: avg epsilon = 1.2598
Client 4: avg epsilon = 0.1144
Client 5: avg epsilon = 0.2797
Client 6: avg epsilon = 0.3009
Client 7: avg epsilon = 1.5364
Client 8: avg epsilon = 1.3403
Client 9: avg epsilon = 0.5667
 We run FedAvg with rPDP (BoundedMixGauss-0) ...
max_epsilon :  10.0  noise_multiplier :  9.736328125
The R-Squared value of the best-fit curve : 0.999749898528281
learning rate =  0.01
sample_rate: (min) 0.03, (max) 0.57, expected_batch_size: 493
sample_rate: (min) 0.03, (max) 0.16, expected_batch_size: 214
sample_rate: (min) 0.03, (max) 0.59, expected_batch_size: 597
sample_rate: (min) 0.03, (max) 0.62, expected_batch_size: 665
sample_rate: (min) 0.03, (max) 0.03, expected_batch_size: 108
sample_rate: (min) 0.03, (max) 0.15, expected_batch_size: 206
sample_rate: (min) 0.03, (max) 0.16, expected_batch_size: 210
sample_rate: (min) 0.03, (max) 0.65, expected_batch_size: 811
sample_rate: (min) 0.03, (max) 0.75, expected_batch_size: 677
sample_rate: (min) 0.03, (max) 0.19, expected_batch_size: 321
initial privacy cost of all clients:  [0, 0, 0, 0, 0, 0, 0, 0, 0, 0]
Round=0
Round=1
Round=2
Round=3
Round=4
Round=5
Round=6
Round=7
Round=8
Round=9
Round=10
Round=11
Round=12
Round=13
Round=14
current privacy cost of all clients:  [3.0335448814981376, 0.7634142321108327, 3.213026835304431, 3.654578881499142, 0.10031808520917192, 0.65991324230072, 0.7375647430033326, 4.637740505719468, 5.25008866728307, 0.8845506999063875]
Round=14, per client global perf=[0.7446, 0.6961, 0.8255, 0.8289, 0.7304, 0.752, 0.7495, 0.8691, 0.8127, 0.7292], mean perf=15499/20014 (0.7744%)
Round=14, per client personal perf=[0.8397, 0.8044, 0.8627, 0.7809, 0.8931, 0.9069, 0.9087, 0.9319, 0.8798, 0.8011], mean perf=17243/20014 (0.8615%)
Round=14, per client personal pooled=[0.7082, 0.775, 0.7445, 0.7707, 0.7473, 0.7471, 0.7148, 0.6708, 0.6828, 0.635], mean perf=144025/200140 (0.7196%)
Mean performance of ditto rpdp global, Perf=0.7509, seed=46
Mean performance of ditto rpdp personal, Perf=0.8687, seed=46
Mean performance of ditto rpdp pooled, Perf=0.7168, seed=46
Finished seed 46
----------------------------------------
