=== Data type: niid_10_2 ===
--- Seed: 42 ---
--- Personal steps: 15 ---
---EPSILON 0 ---
default_sample_rate: 0.03232323232323232
noise_multiplier :  640
default_sample_rate: 0.03232323232323232
noise_multiplier :  320
learning rate =  0.001
sample_rate: 0.03, expected_batch_size: 128
sample_rate: 0.03, expected_batch_size: 128
sample_rate: 0.03, expected_batch_size: 128
sample_rate: 0.03, expected_batch_size: 128
sample_rate: 0.03, expected_batch_size: 128
sample_rate: 0.03, expected_batch_size: 128
sample_rate: 0.03, expected_batch_size: 128
sample_rate: 0.03, expected_batch_size: 128
sample_rate: 0.03, expected_batch_size: 128
sample_rate: 0.03, expected_batch_size: 128
sample_rate: 0.03, expected_batch_size: 128
sample_rate: 0.03, expected_batch_size: 128
sample_rate: 0.03, expected_batch_size: 128
sample_rate: 0.03, expected_batch_size: 128
sample_rate: 0.03, expected_batch_size: 128
sample_rate: 0.03, expected_batch_size: 128
sample_rate: 0.03, expected_batch_size: 128
sample_rate: 0.03, expected_batch_size: 128
sample_rate: 0.03, expected_batch_size: 128
sample_rate: 0.03, expected_batch_size: 128
initial privacy cost of all clients:  [0, 0, 0, 0, 0, 0, 0, 0, 0, 0]
Round=0
Round=1
Round=2
Round=3
Round=4
Round=5
Round=6
Round=7
Round=8
Round=9
Round=10
Round=11
Round=12
Round=13
Round=14
current privacy cost of all clients:  [-0.0007661340148727439, -0.0007661340148727439, -0.0008494097935163293, -0.0007933904687212481, -0.0007400032360581786, -0.0007661340148727439, -0.0007400032360581786, -0.0007138724572436134, -0.0006877416784290479, -0.0008214001311187887]
Round=14, per client global perf=[0.0, 0.0, 0.0, 0.4814, 0.4902, 0.0005, 0.0, 0.0034, 0.0, 0.0], mean perf=1990/20400 (0.0975%)
Round=14, per client personal perf=[0.0, 0.0, 0.0, 0.7578, 0.5029, 0.498, 0.0108, 0.5088, 0.2706, 0.0], mean perf=5200/20400 (0.2549%)
Round=14, per client personal pooled=[0.1001, 0.1012, 0.1018, 0.1506, 0.1001, 0.111, 0.1184, 0.1627, 0.1448, 0.115], mean perf=24597/204000 (0.1206%)
Mean performance of unidp ditto dp global, Perf=0.0980
Mean performance of unidp ditto dp personal, Perf=0.2429
Mean performance of unidp ditto dp pooled, Perf=0.1213
---EPSILON 0.1 ---
default_sample_rate: 0.03232323232323232
noise_multiplier :  13.75
default_sample_rate: 0.03232323232323232
noise_multiplier :  7.5
learning rate =  0.001
sample_rate: 0.03, expected_batch_size: 128
sample_rate: 0.03, expected_batch_size: 128
sample_rate: 0.03, expected_batch_size: 128
sample_rate: 0.03, expected_batch_size: 128
sample_rate: 0.03, expected_batch_size: 128
sample_rate: 0.03, expected_batch_size: 128
sample_rate: 0.03, expected_batch_size: 128
sample_rate: 0.03, expected_batch_size: 128
sample_rate: 0.03, expected_batch_size: 128
sample_rate: 0.03, expected_batch_size: 128
sample_rate: 0.03, expected_batch_size: 128
sample_rate: 0.03, expected_batch_size: 128
sample_rate: 0.03, expected_batch_size: 128
sample_rate: 0.03, expected_batch_size: 128
sample_rate: 0.03, expected_batch_size: 128
sample_rate: 0.03, expected_batch_size: 128
sample_rate: 0.03, expected_batch_size: 128
sample_rate: 0.03, expected_batch_size: 128
sample_rate: 0.03, expected_batch_size: 128
sample_rate: 0.03, expected_batch_size: 128
initial privacy cost of all clients:  [0, 0, 0, 0, 0, 0, 0, 0, 0, 0]
Round=0
Round=1
Round=2
Round=3
Round=4
Round=5
Round=6
Round=7
Round=8
Round=9
Round=10
Round=11
Round=12
Round=13
Round=14
current privacy cost of all clients:  [0.06861627244984228, 0.06861627244984228, 0.052721685568101175, 0.0636130274845621, 0.07323580287115607, 0.06861627244984228, 0.07323580287115607, 0.07775445513440044, 0.08199366248919779, 0.05835482563852214]
Round=14, per client global perf=[0.3245, 0.2451, 0.051, 0.4353, 0.2387, 0.4892, 0.2275, 0.5015, 0.6054, 0.3294], mean perf=7033/20400 (0.3448%)
Round=14, per client personal perf=[0.4892, 0.4931, 0.8598, 0.9877, 0.7054, 0.5, 0.8034, 0.9422, 0.9824, 0.5083], mean perf=14834/20400 (0.7272%)
Round=14, per client personal pooled=[0.1002, 0.098, 0.1719, 0.1984, 0.141, 0.1019, 0.1584, 0.1885, 0.1973, 0.1008], mean perf=29712/204000 (0.1456%)
Mean performance of unidp ditto dp global, Perf=0.3380
Mean performance of unidp ditto dp personal, Perf=0.7188
Mean performance of unidp ditto dp pooled, Perf=0.1440
---EPSILON 0.5 ---
default_sample_rate: 0.03232323232323232
noise_multiplier :  3.671875
default_sample_rate: 0.03232323232323232
noise_multiplier :  2.1484375
learning rate =  0.001
sample_rate: 0.03, expected_batch_size: 128
sample_rate: 0.03, expected_batch_size: 128
sample_rate: 0.03, expected_batch_size: 128
sample_rate: 0.03, expected_batch_size: 128
sample_rate: 0.03, expected_batch_size: 128
sample_rate: 0.03, expected_batch_size: 128
sample_rate: 0.03, expected_batch_size: 128
sample_rate: 0.03, expected_batch_size: 128
sample_rate: 0.03, expected_batch_size: 128
sample_rate: 0.03, expected_batch_size: 128
sample_rate: 0.03, expected_batch_size: 128
sample_rate: 0.03, expected_batch_size: 128
sample_rate: 0.03, expected_batch_size: 128
sample_rate: 0.03, expected_batch_size: 128
sample_rate: 0.03, expected_batch_size: 128
sample_rate: 0.03, expected_batch_size: 128
sample_rate: 0.03, expected_batch_size: 128
sample_rate: 0.03, expected_batch_size: 128
sample_rate: 0.03, expected_batch_size: 128
sample_rate: 0.03, expected_batch_size: 128
initial privacy cost of all clients:  [0, 0, 0, 0, 0, 0, 0, 0, 0, 0]
Round=0
Round=1
Round=2
Round=3
Round=4
Round=5
Round=6
Round=7
Round=8
Round=9
Round=10
Round=11
Round=12
Round=13
Round=14
current privacy cost of all clients:  [0.3537320706559622, 0.3537320706559622, 0.279070325668136, 0.33033357372458066, 0.37555379650408366, 0.3537320706559622, 0.37555379650408366, 0.39649964853357994, 0.41674618847529443, 0.30557517331204553]
Round=14, per client global perf=[0.4196, 0.8637, 0.4843, 0.4319, 0.5471, 0.0088, 0.5132, 0.2848, 0.574, 0.3098], mean perf=9052/20400 (0.4437%)
Round=14, per client personal perf=[0.4902, 0.9667, 0.9583, 0.9966, 0.9657, 0.902, 0.8544, 0.9784, 0.9985, 0.5789], mean perf=17727/20400 (0.8690%)
Round=14, per client personal pooled=[0.1003, 0.1922, 0.1901, 0.2003, 0.1939, 0.1819, 0.1688, 0.195, 0.2007, 0.115], mean perf=35459/204000 (0.1738%)
Mean performance of unidp ditto dp global, Perf=0.3812
Mean performance of unidp ditto dp personal, Perf=0.8623
Mean performance of unidp ditto dp pooled, Perf=0.1725
---EPSILON 1 ---
default_sample_rate: 0.03232323232323232
noise_multiplier :  2.12890625
default_sample_rate: 0.03232323232323232
noise_multiplier :  1.3671875
learning rate =  0.001
sample_rate: 0.03, expected_batch_size: 128
sample_rate: 0.03, expected_batch_size: 128
sample_rate: 0.03, expected_batch_size: 128
sample_rate: 0.03, expected_batch_size: 128
sample_rate: 0.03, expected_batch_size: 128
sample_rate: 0.03, expected_batch_size: 128
sample_rate: 0.03, expected_batch_size: 128
sample_rate: 0.03, expected_batch_size: 128
sample_rate: 0.03, expected_batch_size: 128
sample_rate: 0.03, expected_batch_size: 128
sample_rate: 0.03, expected_batch_size: 128
sample_rate: 0.03, expected_batch_size: 128
sample_rate: 0.03, expected_batch_size: 128
sample_rate: 0.03, expected_batch_size: 128
sample_rate: 0.03, expected_batch_size: 128
sample_rate: 0.03, expected_batch_size: 128
sample_rate: 0.03, expected_batch_size: 128
sample_rate: 0.03, expected_batch_size: 128
sample_rate: 0.03, expected_batch_size: 128
sample_rate: 0.03, expected_batch_size: 128
initial privacy cost of all clients:  [0, 0, 0, 0, 0, 0, 0, 0, 0, 0]
Round=0
Round=1
Round=2
Round=3
Round=4
Round=5
Round=6
Round=7
Round=8
Round=9
Round=10
Round=11
Round=12
Round=13
Round=14
current privacy cost of all clients:  [0.7206619146809711, 0.7206619146809711, 0.5742281727082242, 0.6750386529476061, 0.7653858016873494, 0.7206619146809711, 0.7653858016873494, 0.8052814395900469, 0.8451770774927443, 0.6260606530260836]
Round=14, per client global perf=[0.2975, 0.8799, 0.4882, 0.3868, 0.5525, 0.0025, 0.6397, 0.3201, 0.5877, 0.199], mean perf=8882/20400 (0.4354%)
Round=14, per client personal perf=[0.5422, 0.9716, 0.9618, 0.9985, 0.9711, 0.9304, 0.8652, 0.9809, 0.9985, 0.4917], mean perf=17772/20400 (0.8712%)
Round=14, per client personal pooled=[0.1111, 0.1933, 0.1903, 0.2005, 0.1952, 0.1868, 0.1703, 0.1959, 0.2007, 0.1002], mean perf=35588/204000 (0.1745%)
Mean performance of unidp ditto dp global, Perf=0.3776
Mean performance of unidp ditto dp personal, Perf=0.8662
Mean performance of unidp ditto dp pooled, Perf=0.1735
---EPSILON 4 ---
default_sample_rate: 0.03232323232323232
noise_multiplier :  0.93994140625
default_sample_rate: 0.03232323232323232
noise_multiplier :  0.736083984375
learning rate =  0.001
sample_rate: 0.03, expected_batch_size: 128
sample_rate: 0.03, expected_batch_size: 128
sample_rate: 0.03, expected_batch_size: 128
sample_rate: 0.03, expected_batch_size: 128
sample_rate: 0.03, expected_batch_size: 128
sample_rate: 0.03, expected_batch_size: 128
sample_rate: 0.03, expected_batch_size: 128
sample_rate: 0.03, expected_batch_size: 128
sample_rate: 0.03, expected_batch_size: 128
sample_rate: 0.03, expected_batch_size: 128
sample_rate: 0.03, expected_batch_size: 128
sample_rate: 0.03, expected_batch_size: 128
sample_rate: 0.03, expected_batch_size: 128
sample_rate: 0.03, expected_batch_size: 128
sample_rate: 0.03, expected_batch_size: 128
sample_rate: 0.03, expected_batch_size: 128
sample_rate: 0.03, expected_batch_size: 128
sample_rate: 0.03, expected_batch_size: 128
sample_rate: 0.03, expected_batch_size: 128
sample_rate: 0.03, expected_batch_size: 128
initial privacy cost of all clients:  [0, 0, 0, 0, 0, 0, 0, 0, 0, 0]
Round=0
Round=1
Round=2
Round=3
Round=4
Round=5
Round=6
Round=7
Round=8
Round=9
Round=10
Round=11
Round=12
Round=13
Round=14
current privacy cost of all clients:  [2.9136136495948044, 2.9136136495948044, 2.4033103685601156, 2.743512555916575, 3.083714743273034, 2.9136136495948044, 3.083714743273034, 3.2538158369512633, 3.4239169306294928, 2.573411462238345]
Round=14, per client global perf=[0.074, 0.8794, 0.4495, 0.3828, 0.5064, 0.001, 0.7451, 0.3559, 0.6775, 0.0059], mean perf=8318/20400 (0.4077%)
Round=14, per client personal perf=[0.8941, 0.9843, 0.9627, 0.9995, 0.975, 0.9373, 0.8735, 0.9848, 0.9985, 0.4917], mean perf=18567/20400 (0.9101%)
Round=14, per client personal pooled=[0.18, 0.1954, 0.1908, 0.2006, 0.1965, 0.1886, 0.1719, 0.1966, 0.2007, 0.1002], mean perf=37156/204000 (0.1821%)
Mean performance of unidp ditto dp global, Perf=0.3441
Mean performance of unidp ditto dp personal, Perf=0.9010
Mean performance of unidp ditto dp pooled, Perf=0.1804
---EPSILON 8 ---
default_sample_rate: 0.03232323232323232
noise_multiplier :  0.72021484375
default_sample_rate: 0.03232323232323232
noise_multiplier :  0.5743408203125
learning rate =  0.001
sample_rate: 0.03, expected_batch_size: 128
sample_rate: 0.03, expected_batch_size: 128
sample_rate: 0.03, expected_batch_size: 128
sample_rate: 0.03, expected_batch_size: 128
sample_rate: 0.03, expected_batch_size: 128
sample_rate: 0.03, expected_batch_size: 128
sample_rate: 0.03, expected_batch_size: 128
sample_rate: 0.03, expected_batch_size: 128
sample_rate: 0.03, expected_batch_size: 128
sample_rate: 0.03, expected_batch_size: 128
sample_rate: 0.03, expected_batch_size: 128
sample_rate: 0.03, expected_batch_size: 128
sample_rate: 0.03, expected_batch_size: 128
sample_rate: 0.03, expected_batch_size: 128
sample_rate: 0.03, expected_batch_size: 128
sample_rate: 0.03, expected_batch_size: 128
sample_rate: 0.03, expected_batch_size: 128
sample_rate: 0.03, expected_batch_size: 128
sample_rate: 0.03, expected_batch_size: 128
sample_rate: 0.03, expected_batch_size: 128
initial privacy cost of all clients:  [0, 0, 0, 0, 0, 0, 0, 0, 0, 0]
Round=0
Round=1
Round=2
Round=3
Round=4
Round=5
Round=6
Round=7
Round=8
Round=9
Round=10
Round=11
Round=12
Round=13
Round=14
current privacy cost of all clients:  [6.264765677912597, 6.264765677912597, 4.852643443838692, 5.794058266554629, 6.735473089270566, 6.264765677912597, 6.735473089270566, 7.167814057514629, 7.332449371479868, 5.323350855196661]
Round=14, per client global perf=[0.0417, 0.8951, 0.4397, 0.4657, 0.5475, 0.0005, 0.7309, 0.3377, 0.7446, 0.0025], mean perf=8580/20400 (0.4206%)
Round=14, per client personal perf=[0.9172, 0.9907, 0.9637, 0.9995, 0.9765, 0.9446, 0.8789, 0.9853, 0.9985, 0.4917], mean perf=18659/20400 (0.9147%)
Round=14, per client personal pooled=[0.1834, 0.1962, 0.191, 0.2006, 0.1968, 0.1901, 0.1732, 0.1968, 0.2007, 0.1002], mean perf=37313/204000 (0.1829%)
Mean performance of unidp ditto dp global, Perf=0.3499
Mean performance of unidp ditto dp personal, Perf=0.9094
Mean performance of unidp ditto dp pooled, Perf=0.1819
---EPSILON 16 ---
default_sample_rate: 0.03232323232323232
noise_multiplier :  0.567169189453125
default_sample_rate: 0.03232323232323232
noise_multiplier :  0.48187255859375
learning rate =  0.001
sample_rate: 0.03, expected_batch_size: 128
sample_rate: 0.03, expected_batch_size: 128
sample_rate: 0.03, expected_batch_size: 128
sample_rate: 0.03, expected_batch_size: 128
sample_rate: 0.03, expected_batch_size: 128
sample_rate: 0.03, expected_batch_size: 128
sample_rate: 0.03, expected_batch_size: 128
sample_rate: 0.03, expected_batch_size: 128
sample_rate: 0.03, expected_batch_size: 128
sample_rate: 0.03, expected_batch_size: 128
sample_rate: 0.03, expected_batch_size: 128
sample_rate: 0.03, expected_batch_size: 128
sample_rate: 0.03, expected_batch_size: 128
sample_rate: 0.03, expected_batch_size: 128
sample_rate: 0.03, expected_batch_size: 128
sample_rate: 0.03, expected_batch_size: 128
sample_rate: 0.03, expected_batch_size: 128
sample_rate: 0.03, expected_batch_size: 128
sample_rate: 0.03, expected_batch_size: 128
sample_rate: 0.03, expected_batch_size: 128
initial privacy cost of all clients:  [0, 0, 0, 0, 0, 0, 0, 0, 0, 0]
Round=0
Round=1
Round=2
Round=3
Round=4
Round=5
Round=6
Round=7
Round=8
Round=9
Round=10
Round=11
Round=12
Round=13
Round=14
current privacy cost of all clients:  [11.105992316907031, 11.105992316907031, 9.011793042265237, 10.407925892026432, 11.80405874178763, 11.105992316907031, 11.80405874178763, 12.502125166668227, 13.200191591548824, 9.709859467145835]
Round=14, per client global perf=[0.0426, 0.8956, 0.4324, 0.6176, 0.5873, 0.001, 0.648, 0.249, 0.874, 0.002], mean perf=8873/20400 (0.4350%)
Round=14, per client personal perf=[0.9353, 0.9926, 0.9647, 0.9995, 0.9789, 0.9466, 0.8799, 0.9877, 0.9985, 0.4917], mean perf=18718/20400 (0.9175%)
Round=14, per client personal pooled=[0.1871, 0.1967, 0.1912, 0.2006, 0.1971, 0.1908, 0.1736, 0.1971, 0.2007, 0.1002], mean perf=37437/204000 (0.1835%)
Mean performance of unidp ditto dp global, Perf=0.3666
Mean performance of unidp ditto dp personal, Perf=0.9140
Mean performance of unidp ditto dp pooled, Perf=0.1828
--- Personal steps: 30 ---
---EPSILON 0 ---
default_sample_rate: 0.03232323232323232
noise_multiplier :  640
default_sample_rate: 0.03232323232323232
noise_multiplier :  320
learning rate =  0.001
sample_rate: 0.03, expected_batch_size: 128
sample_rate: 0.03, expected_batch_size: 128
sample_rate: 0.03, expected_batch_size: 128
sample_rate: 0.03, expected_batch_size: 128
sample_rate: 0.03, expected_batch_size: 128
sample_rate: 0.03, expected_batch_size: 128
sample_rate: 0.03, expected_batch_size: 128
sample_rate: 0.03, expected_batch_size: 128
sample_rate: 0.03, expected_batch_size: 128
sample_rate: 0.03, expected_batch_size: 128
sample_rate: 0.03, expected_batch_size: 128
sample_rate: 0.03, expected_batch_size: 128
sample_rate: 0.03, expected_batch_size: 128
sample_rate: 0.03, expected_batch_size: 128
sample_rate: 0.03, expected_batch_size: 128
sample_rate: 0.03, expected_batch_size: 128
sample_rate: 0.03, expected_batch_size: 128
sample_rate: 0.03, expected_batch_size: 128
sample_rate: 0.03, expected_batch_size: 128
sample_rate: 0.03, expected_batch_size: 128
initial privacy cost of all clients:  [0, 0, 0, 0, 0, 0, 0, 0, 0, 0]
Round=0
Round=1
Round=2
Round=3
Round=4
Round=5
Round=6
Round=7
Round=8
Round=9
Round=10
Round=11
Round=12
Round=13
Round=14
current privacy cost of all clients:  [-0.0007661340148727439, -0.0007661340148727439, -0.0008494097935163293, -0.0007933904687212481, -0.0007400032360581786, -0.0007661340148727439, -0.0007400032360581786, -0.0007138724572436134, -0.0006877416784290479, -0.0008214001311187887]
Round=14, per client global perf=[0.0, 0.0, 0.0, 0.4358, 0.424, 0.1319, 0.0, 0.1275, 0.0142, 0.0], mean perf=2312/20400 (0.1133%)
Round=14, per client personal perf=[0.0, 0.173, 0.0, 0.498, 0.5029, 0.5, 0.4838, 0.498, 0.0025, 0.0], mean perf=5423/20400 (0.2658%)
Round=14, per client personal pooled=[0.0973, 0.1223, 0.1001, 0.1001, 0.1001, 0.1019, 0.103, 0.1243, 0.0997, 0.1041], mean perf=21478/204000 (0.1053%)
Mean performance of unidp ditto dp global, Perf=0.1080
Mean performance of unidp ditto dp personal, Perf=0.2546
Mean performance of unidp ditto dp pooled, Perf=0.1040
---EPSILON 0.1 ---
default_sample_rate: 0.03232323232323232
noise_multiplier :  13.75
default_sample_rate: 0.03232323232323232
noise_multiplier :  11.25
learning rate =  0.001
sample_rate: 0.03, expected_batch_size: 128
sample_rate: 0.03, expected_batch_size: 128
sample_rate: 0.03, expected_batch_size: 128
sample_rate: 0.03, expected_batch_size: 128
sample_rate: 0.03, expected_batch_size: 128
sample_rate: 0.03, expected_batch_size: 128
sample_rate: 0.03, expected_batch_size: 128
sample_rate: 0.03, expected_batch_size: 128
sample_rate: 0.03, expected_batch_size: 128
sample_rate: 0.03, expected_batch_size: 128
sample_rate: 0.03, expected_batch_size: 128
sample_rate: 0.03, expected_batch_size: 128
sample_rate: 0.03, expected_batch_size: 128
sample_rate: 0.03, expected_batch_size: 128
sample_rate: 0.03, expected_batch_size: 128
sample_rate: 0.03, expected_batch_size: 128
sample_rate: 0.03, expected_batch_size: 128
sample_rate: 0.03, expected_batch_size: 128
sample_rate: 0.03, expected_batch_size: 128
sample_rate: 0.03, expected_batch_size: 128
initial privacy cost of all clients:  [0, 0, 0, 0, 0, 0, 0, 0, 0, 0]
Round=0
Round=1
Round=2
Round=3
Round=4
Round=5
Round=6
Round=7
Round=8
Round=9
Round=10
Round=11
Round=12
Round=13
Round=14
current privacy cost of all clients:  [0.06861627244984228, 0.06861627244984228, 0.052721685568101175, 0.0636130274845621, 0.07323580287115607, 0.06861627244984228, 0.07323580287115607, 0.07775445513440044, 0.08199366248919779, 0.05835482563852214]
Round=14, per client global perf=[0.0554, 0.1804, 0.0363, 0.4211, 0.3892, 0.4819, 0.4686, 0.5755, 0.5652, 0.052], mean perf=6580/20400 (0.3225%)
Round=14, per client personal perf=[0.4892, 0.9799, 0.9544, 0.9608, 0.8559, 0.7941, 0.6015, 0.9446, 0.9985, 0.601], mean perf=16687/20400 (0.8180%)
Round=14, per client personal pooled=[0.1002, 0.1939, 0.1888, 0.1934, 0.1715, 0.1599, 0.1193, 0.1892, 0.2006, 0.1186], mean perf=33362/204000 (0.1635%)
Mean performance of unidp ditto dp global, Perf=0.3262
Mean performance of unidp ditto dp personal, Perf=0.8122
Mean performance of unidp ditto dp pooled, Perf=0.1625
---EPSILON 0.5 ---
default_sample_rate: 0.03232323232323232
noise_multiplier :  3.671875
default_sample_rate: 0.03232323232323232
noise_multiplier :  2.890625
learning rate =  0.001
sample_rate: 0.03, expected_batch_size: 128
sample_rate: 0.03, expected_batch_size: 128
sample_rate: 0.03, expected_batch_size: 128
sample_rate: 0.03, expected_batch_size: 128
sample_rate: 0.03, expected_batch_size: 128
sample_rate: 0.03, expected_batch_size: 128
sample_rate: 0.03, expected_batch_size: 128
sample_rate: 0.03, expected_batch_size: 128
sample_rate: 0.03, expected_batch_size: 128
sample_rate: 0.03, expected_batch_size: 128
sample_rate: 0.03, expected_batch_size: 128
sample_rate: 0.03, expected_batch_size: 128
sample_rate: 0.03, expected_batch_size: 128
sample_rate: 0.03, expected_batch_size: 128
sample_rate: 0.03, expected_batch_size: 128
sample_rate: 0.03, expected_batch_size: 128
sample_rate: 0.03, expected_batch_size: 128
sample_rate: 0.03, expected_batch_size: 128
sample_rate: 0.03, expected_batch_size: 128
sample_rate: 0.03, expected_batch_size: 128
initial privacy cost of all clients:  [0, 0, 0, 0, 0, 0, 0, 0, 0, 0]
Round=0
Round=1
Round=2
Round=3
Round=4
Round=5
Round=6
Round=7
Round=8
Round=9
Round=10
Round=11
Round=12
Round=13
Round=14
current privacy cost of all clients:  [0.3537320706559622, 0.3537320706559622, 0.279070325668136, 0.33033357372458066, 0.37555379650408366, 0.3537320706559622, 0.37555379650408366, 0.39649964853357994, 0.41674618847529443, 0.30557517331204553]
Round=14, per client global perf=[0.2745, 0.8794, 0.4873, 0.1652, 0.4186, 0.1417, 0.6402, 0.4775, 0.4975, 0.1912], mean perf=8513/20400 (0.4173%)
Round=14, per client personal perf=[0.748, 0.9804, 0.9608, 0.998, 0.9701, 0.9343, 0.8691, 0.9824, 0.999, 0.4917], mean perf=18225/20400 (0.8934%)
Round=14, per client personal pooled=[0.1517, 0.1948, 0.1903, 0.2004, 0.1949, 0.1881, 0.1713, 0.196, 0.2008, 0.1002], mean perf=36488/204000 (0.1789%)
Mean performance of unidp ditto dp global, Perf=0.3652
Mean performance of unidp ditto dp personal, Perf=0.8918
Mean performance of unidp ditto dp pooled, Perf=0.1785
---EPSILON 1 ---
default_sample_rate: 0.03232323232323232
noise_multiplier :  2.12890625
default_sample_rate: 0.03232323232323232
noise_multiplier :  1.728515625
learning rate =  0.001
sample_rate: 0.03, expected_batch_size: 128
sample_rate: 0.03, expected_batch_size: 128
sample_rate: 0.03, expected_batch_size: 128
sample_rate: 0.03, expected_batch_size: 128
sample_rate: 0.03, expected_batch_size: 128
sample_rate: 0.03, expected_batch_size: 128
sample_rate: 0.03, expected_batch_size: 128
sample_rate: 0.03, expected_batch_size: 128
sample_rate: 0.03, expected_batch_size: 128
sample_rate: 0.03, expected_batch_size: 128
sample_rate: 0.03, expected_batch_size: 128
sample_rate: 0.03, expected_batch_size: 128
sample_rate: 0.03, expected_batch_size: 128
sample_rate: 0.03, expected_batch_size: 128
sample_rate: 0.03, expected_batch_size: 128
sample_rate: 0.03, expected_batch_size: 128
sample_rate: 0.03, expected_batch_size: 128
sample_rate: 0.03, expected_batch_size: 128
sample_rate: 0.03, expected_batch_size: 128
sample_rate: 0.03, expected_batch_size: 128
initial privacy cost of all clients:  [0, 0, 0, 0, 0, 0, 0, 0, 0, 0]
Round=0
Round=1
Round=2
Round=3
Round=4
Round=5
Round=6
Round=7
Round=8
Round=9
Round=10
Round=11
Round=12
Round=13
Round=14
current privacy cost of all clients:  [0.7206619146809711, 0.7206619146809711, 0.5742281727082242, 0.6750386529476061, 0.7653858016873494, 0.7206619146809711, 0.7653858016873494, 0.8052814395900469, 0.8451770774927443, 0.6260606530260836]
Round=14, per client global perf=[0.251, 0.8858, 0.4863, 0.1716, 0.4324, 0.0044, 0.6833, 0.3711, 0.4995, 0.1598], mean perf=8048/20400 (0.3945%)
Round=14, per client personal perf=[0.9328, 0.9917, 0.9627, 0.9985, 0.975, 0.9485, 0.8779, 0.9858, 0.999, 0.4917], mean perf=18694/20400 (0.9164%)
Round=14, per client personal pooled=[0.1869, 0.1965, 0.1905, 0.2005, 0.1964, 0.1914, 0.173, 0.1967, 0.2008, 0.1002], mean perf=37392/204000 (0.1833%)
Mean performance of unidp ditto dp global, Perf=0.3754
Mean performance of unidp ditto dp personal, Perf=0.9106
Mean performance of unidp ditto dp pooled, Perf=0.1822
---EPSILON 4 ---
default_sample_rate: 0.03232323232323232
noise_multiplier :  0.93994140625
default_sample_rate: 0.03232323232323232
noise_multiplier :  0.833740234375
learning rate =  0.001
sample_rate: 0.03, expected_batch_size: 128
sample_rate: 0.03, expected_batch_size: 128
sample_rate: 0.03, expected_batch_size: 128
sample_rate: 0.03, expected_batch_size: 128
sample_rate: 0.03, expected_batch_size: 128
sample_rate: 0.03, expected_batch_size: 128
sample_rate: 0.03, expected_batch_size: 128
sample_rate: 0.03, expected_batch_size: 128
sample_rate: 0.03, expected_batch_size: 128
sample_rate: 0.03, expected_batch_size: 128
sample_rate: 0.03, expected_batch_size: 128
sample_rate: 0.03, expected_batch_size: 128
sample_rate: 0.03, expected_batch_size: 128
sample_rate: 0.03, expected_batch_size: 128
sample_rate: 0.03, expected_batch_size: 128
sample_rate: 0.03, expected_batch_size: 128
sample_rate: 0.03, expected_batch_size: 128
sample_rate: 0.03, expected_batch_size: 128
sample_rate: 0.03, expected_batch_size: 128
sample_rate: 0.03, expected_batch_size: 128
initial privacy cost of all clients:  [0, 0, 0, 0, 0, 0, 0, 0, 0, 0]
Round=0
Round=1
Round=2
Round=3
Round=4
Round=5
Round=6
Round=7
Round=8
Round=9
Round=10
Round=11
Round=12
Round=13
Round=14
current privacy cost of all clients:  [2.9136136495948044, 2.9136136495948044, 2.4033103685601156, 2.743512555916575, 3.083714743273034, 2.9136136495948044, 3.083714743273034, 3.2538158369512633, 3.4239169306294928, 2.573411462238345]
Round=14, per client global perf=[0.0941, 0.8946, 0.4917, 0.3059, 0.5676, 0.0029, 0.7613, 0.3681, 0.5598, 0.0049], mean perf=8264/20400 (0.4051%)
Round=14, per client personal perf=[0.9525, 0.9941, 0.9632, 0.9995, 0.9838, 0.9681, 0.902, 0.9912, 0.999, 0.4917], mean perf=18860/20400 (0.9245%)
Round=14, per client personal pooled=[0.1909, 0.1969, 0.1908, 0.2006, 0.198, 0.1957, 0.1778, 0.1976, 0.2008, 0.1002], mean perf=37730/204000 (0.1850%)
Mean performance of unidp ditto dp global, Perf=0.3573
Mean performance of unidp ditto dp personal, Perf=0.9233
Mean performance of unidp ditto dp pooled, Perf=0.1847
---EPSILON 8 ---
default_sample_rate: 0.03232323232323232
noise_multiplier :  0.72021484375
default_sample_rate: 0.03232323232323232
noise_multiplier :  0.64788818359375
learning rate =  0.001
sample_rate: 0.03, expected_batch_size: 128
sample_rate: 0.03, expected_batch_size: 128
sample_rate: 0.03, expected_batch_size: 128
sample_rate: 0.03, expected_batch_size: 128
sample_rate: 0.03, expected_batch_size: 128
sample_rate: 0.03, expected_batch_size: 128
sample_rate: 0.03, expected_batch_size: 128
sample_rate: 0.03, expected_batch_size: 128
sample_rate: 0.03, expected_batch_size: 128
sample_rate: 0.03, expected_batch_size: 128
sample_rate: 0.03, expected_batch_size: 128
sample_rate: 0.03, expected_batch_size: 128
sample_rate: 0.03, expected_batch_size: 128
sample_rate: 0.03, expected_batch_size: 128
sample_rate: 0.03, expected_batch_size: 128
sample_rate: 0.03, expected_batch_size: 128
sample_rate: 0.03, expected_batch_size: 128
sample_rate: 0.03, expected_batch_size: 128
sample_rate: 0.03, expected_batch_size: 128
sample_rate: 0.03, expected_batch_size: 128
initial privacy cost of all clients:  [0, 0, 0, 0, 0, 0, 0, 0, 0, 0]
Round=0
Round=1
Round=2
Round=3
Round=4
Round=5
Round=6
Round=7
Round=8
Round=9
Round=10
Round=11
Round=12
Round=13
Round=14
current privacy cost of all clients:  [6.264765677912597, 6.264765677912597, 4.852643443838692, 5.794058266554629, 6.735473089270566, 6.264765677912597, 6.735473089270566, 7.167814057514629, 7.332449371479868, 5.323350855196661]
Round=14, per client global perf=[0.0789, 0.9015, 0.475, 0.4446, 0.5765, 0.0015, 0.7328, 0.3358, 0.7005, 0.0054], mean perf=8675/20400 (0.4252%)
Round=14, per client personal perf=[0.951, 0.9941, 0.9647, 0.9995, 0.9853, 0.973, 0.902, 0.9922, 0.999, 0.5093], mean perf=18911/20400 (0.9270%)
Round=14, per client personal pooled=[0.1906, 0.1969, 0.1912, 0.2006, 0.1983, 0.1966, 0.1781, 0.1978, 0.2008, 0.1048], mean perf=37858/204000 (0.1856%)
Mean performance of unidp ditto dp global, Perf=0.3643
Mean performance of unidp ditto dp personal, Perf=0.9251
Mean performance of unidp ditto dp pooled, Perf=0.1851
---EPSILON 16 ---
default_sample_rate: 0.03232323232323232
noise_multiplier :  0.567169189453125
default_sample_rate: 0.03232323232323232
noise_multiplier :  0.5263900756835938
learning rate =  0.001
sample_rate: 0.03, expected_batch_size: 128
sample_rate: 0.03, expected_batch_size: 128
sample_rate: 0.03, expected_batch_size: 128
sample_rate: 0.03, expected_batch_size: 128
sample_rate: 0.03, expected_batch_size: 128
sample_rate: 0.03, expected_batch_size: 128
sample_rate: 0.03, expected_batch_size: 128
sample_rate: 0.03, expected_batch_size: 128
sample_rate: 0.03, expected_batch_size: 128
sample_rate: 0.03, expected_batch_size: 128
sample_rate: 0.03, expected_batch_size: 128
sample_rate: 0.03, expected_batch_size: 128
sample_rate: 0.03, expected_batch_size: 128
sample_rate: 0.03, expected_batch_size: 128
sample_rate: 0.03, expected_batch_size: 128
sample_rate: 0.03, expected_batch_size: 128
sample_rate: 0.03, expected_batch_size: 128
sample_rate: 0.03, expected_batch_size: 128
sample_rate: 0.03, expected_batch_size: 128
sample_rate: 0.03, expected_batch_size: 128
initial privacy cost of all clients:  [0, 0, 0, 0, 0, 0, 0, 0, 0, 0]
Round=0
Round=1
Round=2
Round=3
Round=4
Round=5
Round=6
Round=7
Round=8
Round=9
Round=10
Round=11
Round=12
Round=13
Round=14
current privacy cost of all clients:  [11.105992316907031, 11.105992316907031, 9.011793042265237, 10.407925892026432, 11.80405874178763, 11.105992316907031, 11.80405874178763, 12.502125166668227, 13.200191591548824, 9.709859467145835]
Round=14, per client global perf=[0.0696, 0.899, 0.4627, 0.5569, 0.5843, 0.0025, 0.6843, 0.2824, 0.8279, 0.0074], mean perf=8929/20400 (0.4377%)
Round=14, per client personal perf=[0.951, 0.9956, 0.9647, 0.9995, 0.9858, 0.9735, 0.9049, 0.9926, 0.999, 0.6039], mean perf=19116/20400 (0.9371%)
Round=14, per client personal pooled=[0.1906, 0.1971, 0.1913, 0.2006, 0.1984, 0.1967, 0.1785, 0.1979, 0.2008, 0.1202], mean perf=38193/204000 (0.1872%)
Mean performance of unidp ditto dp global, Perf=0.3718
Mean performance of unidp ditto dp personal, Perf=0.9294
Mean performance of unidp ditto dp pooled, Perf=0.1858
--- Finished seed: 42 ---
--- Seed: 43 ---
--- Personal steps: 15 ---
---EPSILON 0 ---
default_sample_rate: 0.03232323232323232
noise_multiplier :  640
default_sample_rate: 0.03232323232323232
noise_multiplier :  320
learning rate =  0.001
sample_rate: 0.03, expected_batch_size: 128
sample_rate: 0.03, expected_batch_size: 128
sample_rate: 0.03, expected_batch_size: 128
sample_rate: 0.03, expected_batch_size: 128
sample_rate: 0.03, expected_batch_size: 128
sample_rate: 0.03, expected_batch_size: 128
sample_rate: 0.03, expected_batch_size: 128
sample_rate: 0.03, expected_batch_size: 128
sample_rate: 0.03, expected_batch_size: 128
sample_rate: 0.03, expected_batch_size: 128
sample_rate: 0.03, expected_batch_size: 128
sample_rate: 0.03, expected_batch_size: 128
sample_rate: 0.03, expected_batch_size: 128
sample_rate: 0.03, expected_batch_size: 128
sample_rate: 0.03, expected_batch_size: 128
sample_rate: 0.03, expected_batch_size: 128
sample_rate: 0.03, expected_batch_size: 128
sample_rate: 0.03, expected_batch_size: 128
sample_rate: 0.03, expected_batch_size: 128
sample_rate: 0.03, expected_batch_size: 128
initial privacy cost of all clients:  [0, 0, 0, 0, 0, 0, 0, 0, 0, 0]
Round=0
Round=1
Round=2
Round=3
Round=4
Round=5
Round=6
Round=7
Round=8
Round=9
Round=10
Round=11
Round=12
Round=13
Round=14
current privacy cost of all clients:  [-0.0007400032360581786, -0.0007661340148727439, -0.0007933904687212481, -0.0007400032360581786, -0.0008494097935163293, -0.0007661340148727439, -0.0008214001311187887, -0.0009075556830472331, -0.0008214001311187887, -0.0007138724572436134]
Round=14, per client global perf=[0.001, 0.0, 0.0, 0.002, 0.0025, 0.4926, 0.0, 0.5137, 0.0, 0.001], mean perf=2066/20400 (0.1013%)
Round=14, per client personal perf=[0.0088, 0.0, 0.0, 0.001, 0.0, 0.5, 0.0, 0.5186, 0.001, 0.0015], mean perf=2103/20400 (0.1031%)
Round=14, per client personal pooled=[0.103, 0.1008, 0.1018, 0.101, 0.1019, 0.1019, 0.1019, 0.102, 0.1005, 0.0925], mean perf=20549/204000 (0.1007%)
Mean performance of unidp ditto dp global, Perf=0.1005
Mean performance of unidp ditto dp personal, Perf=0.1028
Mean performance of unidp ditto dp pooled, Perf=0.1007
---EPSILON 0.1 ---
default_sample_rate: 0.03232323232323232
noise_multiplier :  13.75
default_sample_rate: 0.03232323232323232
noise_multiplier :  7.5
learning rate =  0.001
sample_rate: 0.03, expected_batch_size: 128
sample_rate: 0.03, expected_batch_size: 128
sample_rate: 0.03, expected_batch_size: 128
sample_rate: 0.03, expected_batch_size: 128
sample_rate: 0.03, expected_batch_size: 128
sample_rate: 0.03, expected_batch_size: 128
sample_rate: 0.03, expected_batch_size: 128
sample_rate: 0.03, expected_batch_size: 128
sample_rate: 0.03, expected_batch_size: 128
sample_rate: 0.03, expected_batch_size: 128
sample_rate: 0.03, expected_batch_size: 128
sample_rate: 0.03, expected_batch_size: 128
sample_rate: 0.03, expected_batch_size: 128
sample_rate: 0.03, expected_batch_size: 128
sample_rate: 0.03, expected_batch_size: 128
sample_rate: 0.03, expected_batch_size: 128
sample_rate: 0.03, expected_batch_size: 128
sample_rate: 0.03, expected_batch_size: 128
sample_rate: 0.03, expected_batch_size: 128
sample_rate: 0.03, expected_batch_size: 128
initial privacy cost of all clients:  [0, 0, 0, 0, 0, 0, 0, 0, 0, 0]
Round=0
Round=1
Round=2
Round=3
Round=4
Round=5
Round=6
Round=7
Round=8
Round=9
Round=10
Round=11
Round=12
Round=13
Round=14
current privacy cost of all clients:  [0.07323580287115607, 0.06861627244984228, 0.0636130274845621, 0.07323580287115607, 0.052721685568101175, 0.06861627244984228, 0.05835482563852214, 0.039763141150096236, 0.05835482563852214, 0.07775445513440044]
Round=14, per client global perf=[0.1515, 0.2103, 0.2623, 0.1564, 0.1574, 0.4172, 0.0, 0.0211, 0.0, 0.5181], mean perf=3864/20400 (0.1894%)
Round=14, per client personal perf=[0.5108, 0.5221, 0.4868, 0.9897, 0.5069, 0.5, 0.5221, 0.5186, 0.9858, 0.5083], mean perf=12344/20400 (0.6051%)
Round=14, per client personal pooled=[0.1002, 0.1028, 0.098, 0.1989, 0.103, 0.1019, 0.1032, 0.1019, 0.1982, 0.1008], mean perf=24663/204000 (0.1209%)
Mean performance of unidp ditto dp global, Perf=0.1837
Mean performance of unidp ditto dp personal, Perf=0.6000
Mean performance of unidp ditto dp pooled, Perf=0.1199
---EPSILON 0.5 ---
default_sample_rate: 0.03232323232323232
noise_multiplier :  3.671875
default_sample_rate: 0.03232323232323232
noise_multiplier :  2.1484375
learning rate =  0.001
sample_rate: 0.03, expected_batch_size: 128
sample_rate: 0.03, expected_batch_size: 128
sample_rate: 0.03, expected_batch_size: 128
sample_rate: 0.03, expected_batch_size: 128
sample_rate: 0.03, expected_batch_size: 128
sample_rate: 0.03, expected_batch_size: 128
sample_rate: 0.03, expected_batch_size: 128
sample_rate: 0.03, expected_batch_size: 128
sample_rate: 0.03, expected_batch_size: 128
sample_rate: 0.03, expected_batch_size: 128
sample_rate: 0.03, expected_batch_size: 128
sample_rate: 0.03, expected_batch_size: 128
sample_rate: 0.03, expected_batch_size: 128
sample_rate: 0.03, expected_batch_size: 128
sample_rate: 0.03, expected_batch_size: 128
sample_rate: 0.03, expected_batch_size: 128
sample_rate: 0.03, expected_batch_size: 128
sample_rate: 0.03, expected_batch_size: 128
sample_rate: 0.03, expected_batch_size: 128
sample_rate: 0.03, expected_batch_size: 128
initial privacy cost of all clients:  [0, 0, 0, 0, 0, 0, 0, 0, 0, 0]
Round=0
Round=1
Round=2
Round=3
Round=4
Round=5
Round=6
Round=7
Round=8
Round=9
Round=10
Round=11
Round=12
Round=13
Round=14
current privacy cost of all clients:  [0.37555379650408366, 0.3537320706559622, 0.33033357372458066, 0.37555379650408366, 0.279070325668136, 0.3537320706559622, 0.30557517331204553, 0.2169627015110833, 0.30557517331204553, 0.39649964853357994]
Round=14, per client global perf=[0.773, 0.4941, 0.8044, 0.4926, 0.4966, 0.0, 0.0, 0.0, 0.1681, 0.3216], mean perf=7243/20400 (0.3550%)
Round=14, per client personal perf=[0.7775, 0.802, 0.8534, 0.9922, 0.9064, 0.875, 0.8186, 0.574, 0.9971, 0.5083], mean perf=16533/20400 (0.8104%)
Round=14, per client personal pooled=[0.1575, 0.1602, 0.1702, 0.1995, 0.1816, 0.1768, 0.1622, 0.113, 0.2001, 0.1008], mean perf=33089/204000 (0.1622%)
Mean performance of unidp ditto dp global, Perf=0.3456
Mean performance of unidp ditto dp personal, Perf=0.7870
Mean performance of unidp ditto dp pooled, Perf=0.1574
---EPSILON 1 ---
default_sample_rate: 0.03232323232323232
noise_multiplier :  2.12890625
default_sample_rate: 0.03232323232323232
noise_multiplier :  1.3671875
learning rate =  0.001
sample_rate: 0.03, expected_batch_size: 128
sample_rate: 0.03, expected_batch_size: 128
sample_rate: 0.03, expected_batch_size: 128
sample_rate: 0.03, expected_batch_size: 128
sample_rate: 0.03, expected_batch_size: 128
sample_rate: 0.03, expected_batch_size: 128
sample_rate: 0.03, expected_batch_size: 128
sample_rate: 0.03, expected_batch_size: 128
sample_rate: 0.03, expected_batch_size: 128
sample_rate: 0.03, expected_batch_size: 128
sample_rate: 0.03, expected_batch_size: 128
sample_rate: 0.03, expected_batch_size: 128
sample_rate: 0.03, expected_batch_size: 128
sample_rate: 0.03, expected_batch_size: 128
sample_rate: 0.03, expected_batch_size: 128
sample_rate: 0.03, expected_batch_size: 128
sample_rate: 0.03, expected_batch_size: 128
sample_rate: 0.03, expected_batch_size: 128
sample_rate: 0.03, expected_batch_size: 128
sample_rate: 0.03, expected_batch_size: 128
initial privacy cost of all clients:  [0, 0, 0, 0, 0, 0, 0, 0, 0, 0]
Round=0
Round=1
Round=2
Round=3
Round=4
Round=5
Round=6
Round=7
Round=8
Round=9
Round=10
Round=11
Round=12
Round=13
Round=14
current privacy cost of all clients:  [0.7653858016873494, 0.7206619146809711, 0.6750386529476061, 0.7653858016873494, 0.5742281727082242, 0.7206619146809711, 0.6260606530260836, 0.4516481465484667, 0.6260606530260836, 0.8052814395900469]
Round=14, per client global perf=[0.7711, 0.6676, 0.8299, 0.4848, 0.4922, 0.0039, 0.0, 0.0005, 0.3034, 0.3289], mean perf=7920/20400 (0.3882%)
Round=14, per client personal perf=[0.7108, 0.9461, 0.9603, 0.9975, 0.9015, 0.898, 0.8343, 0.7348, 0.9936, 0.5083], mean perf=17310/20400 (0.8485%)
Round=14, per client personal pooled=[0.1437, 0.1879, 0.1903, 0.2004, 0.1817, 0.1812, 0.1644, 0.1463, 0.1995, 0.1008], mean perf=34601/204000 (0.1696%)
Mean performance of unidp ditto dp global, Perf=0.3723
Mean performance of unidp ditto dp personal, Perf=0.8344
Mean performance of unidp ditto dp pooled, Perf=0.1668
---EPSILON 4 ---
default_sample_rate: 0.03232323232323232
noise_multiplier :  0.93994140625
default_sample_rate: 0.03232323232323232
noise_multiplier :  0.736083984375
learning rate =  0.001
sample_rate: 0.03, expected_batch_size: 128
sample_rate: 0.03, expected_batch_size: 128
sample_rate: 0.03, expected_batch_size: 128
sample_rate: 0.03, expected_batch_size: 128
sample_rate: 0.03, expected_batch_size: 128
sample_rate: 0.03, expected_batch_size: 128
sample_rate: 0.03, expected_batch_size: 128
sample_rate: 0.03, expected_batch_size: 128
sample_rate: 0.03, expected_batch_size: 128
sample_rate: 0.03, expected_batch_size: 128
sample_rate: 0.03, expected_batch_size: 128
sample_rate: 0.03, expected_batch_size: 128
sample_rate: 0.03, expected_batch_size: 128
sample_rate: 0.03, expected_batch_size: 128
sample_rate: 0.03, expected_batch_size: 128
sample_rate: 0.03, expected_batch_size: 128
sample_rate: 0.03, expected_batch_size: 128
sample_rate: 0.03, expected_batch_size: 128
sample_rate: 0.03, expected_batch_size: 128
sample_rate: 0.03, expected_batch_size: 128
initial privacy cost of all clients:  [0, 0, 0, 0, 0, 0, 0, 0, 0, 0]
Round=0
Round=1
Round=2
Round=3
Round=4
Round=5
Round=6
Round=7
Round=8
Round=9
Round=10
Round=11
Round=12
Round=13
Round=14
current privacy cost of all clients:  [3.083714743273034, 2.9136136495948044, 2.743512555916575, 3.083714743273034, 2.4033103685601156, 2.9136136495948044, 2.573411462238345, 2.04500887038821, 2.573411462238345, 3.2538158369512633]
Round=14, per client global perf=[0.7897, 0.8387, 0.849, 0.4304, 0.4426, 0.0338, 0.0, 0.0, 0.4525, 0.3936], mean perf=8630/20400 (0.4230%)
Round=14, per client personal perf=[0.7647, 0.9897, 0.9613, 0.9985, 0.9103, 0.9181, 0.8113, 0.9029, 0.9966, 0.5108], mean perf=17879/20400 (0.8764%)
Round=14, per client personal pooled=[0.1555, 0.1964, 0.1908, 0.2006, 0.1827, 0.1846, 0.1609, 0.1807, 0.2001, 0.1015], mean perf=35778/204000 (0.1754%)
Mean performance of unidp ditto dp global, Perf=0.3715
Mean performance of unidp ditto dp personal, Perf=0.8628
Mean performance of unidp ditto dp pooled, Perf=0.1724
---EPSILON 8 ---
default_sample_rate: 0.03232323232323232
noise_multiplier :  0.72021484375
default_sample_rate: 0.03232323232323232
noise_multiplier :  0.5743408203125
learning rate =  0.001
sample_rate: 0.03, expected_batch_size: 128
sample_rate: 0.03, expected_batch_size: 128
sample_rate: 0.03, expected_batch_size: 128
sample_rate: 0.03, expected_batch_size: 128
sample_rate: 0.03, expected_batch_size: 128
sample_rate: 0.03, expected_batch_size: 128
sample_rate: 0.03, expected_batch_size: 128
sample_rate: 0.03, expected_batch_size: 128
sample_rate: 0.03, expected_batch_size: 128
sample_rate: 0.03, expected_batch_size: 128
sample_rate: 0.03, expected_batch_size: 128
sample_rate: 0.03, expected_batch_size: 128
sample_rate: 0.03, expected_batch_size: 128
sample_rate: 0.03, expected_batch_size: 128
sample_rate: 0.03, expected_batch_size: 128
sample_rate: 0.03, expected_batch_size: 128
sample_rate: 0.03, expected_batch_size: 128
sample_rate: 0.03, expected_batch_size: 128
sample_rate: 0.03, expected_batch_size: 128
sample_rate: 0.03, expected_batch_size: 128
initial privacy cost of all clients:  [0, 0, 0, 0, 0, 0, 0, 0, 0, 0]
Round=0
Round=1
Round=2
Round=3
Round=4
Round=5
Round=6
Round=7
Round=8
Round=9
Round=10
Round=11
Round=12
Round=13
Round=14
current privacy cost of all clients:  [6.735473089270566, 6.264765677912597, 5.794058266554629, 6.735473089270566, 4.852643443838692, 6.264765677912597, 5.323350855196661, 3.9112286211227545, 5.323350855196661, 7.167814057514629]
Round=14, per client global perf=[0.7936, 0.8422, 0.873, 0.4314, 0.4412, 0.0368, 0.0005, 0.001, 0.4348, 0.4108], mean perf=8701/20400 (0.4265%)
Round=14, per client personal perf=[0.775, 0.9907, 0.9618, 0.9985, 0.9118, 0.9225, 0.8152, 0.9054, 0.9975, 0.5995], mean perf=18111/20400 (0.8878%)
Round=14, per client personal pooled=[0.1578, 0.1965, 0.191, 0.2006, 0.1829, 0.1853, 0.1616, 0.1813, 0.2003, 0.12], mean perf=36258/204000 (0.1777%)
Mean performance of unidp ditto dp global, Perf=0.3658
Mean performance of unidp ditto dp personal, Perf=0.8747
Mean performance of unidp ditto dp pooled, Perf=0.1749
---EPSILON 16 ---
default_sample_rate: 0.03232323232323232
noise_multiplier :  0.567169189453125
default_sample_rate: 0.03232323232323232
noise_multiplier :  0.48187255859375
learning rate =  0.001
sample_rate: 0.03, expected_batch_size: 128
sample_rate: 0.03, expected_batch_size: 128
sample_rate: 0.03, expected_batch_size: 128
sample_rate: 0.03, expected_batch_size: 128
sample_rate: 0.03, expected_batch_size: 128
sample_rate: 0.03, expected_batch_size: 128
sample_rate: 0.03, expected_batch_size: 128
sample_rate: 0.03, expected_batch_size: 128
sample_rate: 0.03, expected_batch_size: 128
sample_rate: 0.03, expected_batch_size: 128
sample_rate: 0.03, expected_batch_size: 128
sample_rate: 0.03, expected_batch_size: 128
sample_rate: 0.03, expected_batch_size: 128
sample_rate: 0.03, expected_batch_size: 128
sample_rate: 0.03, expected_batch_size: 128
sample_rate: 0.03, expected_batch_size: 128
sample_rate: 0.03, expected_batch_size: 128
sample_rate: 0.03, expected_batch_size: 128
sample_rate: 0.03, expected_batch_size: 128
sample_rate: 0.03, expected_batch_size: 128
initial privacy cost of all clients:  [0, 0, 0, 0, 0, 0, 0, 0, 0, 0]
Round=0
Round=1
Round=2
Round=3
Round=4
Round=5
Round=6
Round=7
Round=8
Round=9
Round=10
Round=11
Round=12
Round=13
Round=14
current privacy cost of all clients:  [11.80405874178763, 11.105992316907031, 10.407925892026432, 11.80405874178763, 9.011793042265237, 11.105992316907031, 9.709859467145835, 7.6156601925040395, 9.709859467145835, 12.502125166668227]
Round=14, per client global perf=[0.7946, 0.8392, 0.8696, 0.4, 0.4069, 0.0451, 0.0005, 0.0015, 0.4294, 0.4265], mean perf=8595/20400 (0.4213%)
Round=14, per client personal perf=[0.7951, 0.9902, 0.9623, 0.9985, 0.9132, 0.9255, 0.8225, 0.8966, 0.9975, 0.6186], mean perf=18197/20400 (0.8920%)
Round=14, per client personal pooled=[0.1619, 0.1963, 0.1909, 0.2006, 0.1833, 0.1864, 0.1628, 0.1797, 0.2004, 0.1236], mean perf=36434/204000 (0.1786%)
Mean performance of unidp ditto dp global, Perf=0.3622
Mean performance of unidp ditto dp personal, Perf=0.8800
Mean performance of unidp ditto dp pooled, Perf=0.1760
--- Personal steps: 30 ---
---EPSILON 0 ---
default_sample_rate: 0.03232323232323232
noise_multiplier :  640
default_sample_rate: 0.03232323232323232
noise_multiplier :  320
learning rate =  0.001
sample_rate: 0.03, expected_batch_size: 128
sample_rate: 0.03, expected_batch_size: 128
sample_rate: 0.03, expected_batch_size: 128
sample_rate: 0.03, expected_batch_size: 128
sample_rate: 0.03, expected_batch_size: 128
sample_rate: 0.03, expected_batch_size: 128
sample_rate: 0.03, expected_batch_size: 128
sample_rate: 0.03, expected_batch_size: 128
sample_rate: 0.03, expected_batch_size: 128
sample_rate: 0.03, expected_batch_size: 128
sample_rate: 0.03, expected_batch_size: 128
sample_rate: 0.03, expected_batch_size: 128
sample_rate: 0.03, expected_batch_size: 128
sample_rate: 0.03, expected_batch_size: 128
sample_rate: 0.03, expected_batch_size: 128
sample_rate: 0.03, expected_batch_size: 128
sample_rate: 0.03, expected_batch_size: 128
sample_rate: 0.03, expected_batch_size: 128
sample_rate: 0.03, expected_batch_size: 128
sample_rate: 0.03, expected_batch_size: 128
initial privacy cost of all clients:  [0, 0, 0, 0, 0, 0, 0, 0, 0, 0]
Round=0
Round=1
Round=2
Round=3
Round=4
Round=5
Round=6
Round=7
Round=8
Round=9
Round=10
Round=11
Round=12
Round=13
Round=14
current privacy cost of all clients:  [-0.0007400032360581786, -0.0007661340148727439, -0.0007933904687212481, -0.0007400032360581786, -0.0008494097935163293, -0.0007661340148727439, -0.0008214001311187887, -0.0009075556830472331, -0.0008214001311187887, -0.0007138724572436134]
Round=14, per client global perf=[0.0005, 0.0, 0.0, 0.0074, 0.0, 0.4549, 0.0, 0.4711, 0.0059, 0.0], mean perf=1917/20400 (0.0940%)
Round=14, per client personal perf=[0.0, 0.002, 0.0, 0.0059, 0.0, 0.5, 0.0, 0.5186, 0.0039, 0.0966], mean perf=2299/20400 (0.1127%)
Round=14, per client personal pooled=[0.1019, 0.105, 0.0972, 0.1023, 0.1017, 0.1019, 0.1018, 0.1019, 0.1004, 0.1149], mean perf=20988/204000 (0.1029%)
Mean performance of unidp ditto dp global, Perf=0.0979
Mean performance of unidp ditto dp personal, Perf=0.1075
Mean performance of unidp ditto dp pooled, Perf=0.1022
---EPSILON 0.1 ---
default_sample_rate: 0.03232323232323232
noise_multiplier :  13.75
default_sample_rate: 0.03232323232323232
noise_multiplier :  11.25
learning rate =  0.001
sample_rate: 0.03, expected_batch_size: 128
sample_rate: 0.03, expected_batch_size: 128
sample_rate: 0.03, expected_batch_size: 128
sample_rate: 0.03, expected_batch_size: 128
sample_rate: 0.03, expected_batch_size: 128
sample_rate: 0.03, expected_batch_size: 128
sample_rate: 0.03, expected_batch_size: 128
sample_rate: 0.03, expected_batch_size: 128
sample_rate: 0.03, expected_batch_size: 128
sample_rate: 0.03, expected_batch_size: 128
sample_rate: 0.03, expected_batch_size: 128
sample_rate: 0.03, expected_batch_size: 128
sample_rate: 0.03, expected_batch_size: 128
sample_rate: 0.03, expected_batch_size: 128
sample_rate: 0.03, expected_batch_size: 128
sample_rate: 0.03, expected_batch_size: 128
sample_rate: 0.03, expected_batch_size: 128
sample_rate: 0.03, expected_batch_size: 128
sample_rate: 0.03, expected_batch_size: 128
sample_rate: 0.03, expected_batch_size: 128
initial privacy cost of all clients:  [0, 0, 0, 0, 0, 0, 0, 0, 0, 0]
Round=0
Round=1
Round=2
Round=3
Round=4
Round=5
Round=6
Round=7
Round=8
Round=9
Round=10
Round=11
Round=12
Round=13
Round=14
current privacy cost of all clients:  [0.07323580287115607, 0.06861627244984228, 0.0636130274845621, 0.07323580287115607, 0.052721685568101175, 0.06861627244984228, 0.05835482563852214, 0.039763141150096236, 0.05835482563852214, 0.07775445513440044]
Round=14, per client global perf=[0.1608, 0.2475, 0.2578, 0.3529, 0.3613, 0.3196, 0.0, 0.0, 0.0, 0.4779], mean perf=4443/20400 (0.2178%)
Round=14, per client personal perf=[0.8426, 0.9578, 0.5941, 0.9564, 0.9279, 0.7167, 0.8505, 0.5186, 0.9603, 0.526], mean perf=16016/20400 (0.7851%)
Round=14, per client personal pooled=[0.1696, 0.1912, 0.1191, 0.1926, 0.1865, 0.1442, 0.1684, 0.1019, 0.1923, 0.1038], mean perf=32019/204000 (0.1570%)
Mean performance of unidp ditto dp global, Perf=0.2150
Mean performance of unidp ditto dp personal, Perf=0.7770
Mean performance of unidp ditto dp pooled, Perf=0.1553
---EPSILON 0.5 ---
default_sample_rate: 0.03232323232323232
noise_multiplier :  3.671875
default_sample_rate: 0.03232323232323232
noise_multiplier :  2.890625
learning rate =  0.001
sample_rate: 0.03, expected_batch_size: 128
sample_rate: 0.03, expected_batch_size: 128
sample_rate: 0.03, expected_batch_size: 128
sample_rate: 0.03, expected_batch_size: 128
sample_rate: 0.03, expected_batch_size: 128
sample_rate: 0.03, expected_batch_size: 128
sample_rate: 0.03, expected_batch_size: 128
sample_rate: 0.03, expected_batch_size: 128
sample_rate: 0.03, expected_batch_size: 128
sample_rate: 0.03, expected_batch_size: 128
sample_rate: 0.03, expected_batch_size: 128
sample_rate: 0.03, expected_batch_size: 128
sample_rate: 0.03, expected_batch_size: 128
sample_rate: 0.03, expected_batch_size: 128
sample_rate: 0.03, expected_batch_size: 128
sample_rate: 0.03, expected_batch_size: 128
sample_rate: 0.03, expected_batch_size: 128
sample_rate: 0.03, expected_batch_size: 128
sample_rate: 0.03, expected_batch_size: 128
sample_rate: 0.03, expected_batch_size: 128
initial privacy cost of all clients:  [0, 0, 0, 0, 0, 0, 0, 0, 0, 0]
Round=0
Round=1
Round=2
Round=3
Round=4
Round=5
Round=6
Round=7
Round=8
Round=9
Round=10
Round=11
Round=12
Round=13
Round=14
current privacy cost of all clients:  [0.37555379650408366, 0.3537320706559622, 0.33033357372458066, 0.37555379650408366, 0.279070325668136, 0.3537320706559622, 0.30557517331204553, 0.2169627015110833, 0.30557517331204553, 0.39649964853357994]
Round=14, per client global perf=[0.7735, 0.4495, 0.7779, 0.4926, 0.4985, 0.0, 0.0, 0.0, 0.148, 0.3221], mean perf=7063/20400 (0.3462%)
Round=14, per client personal perf=[0.7961, 0.9583, 0.9613, 0.9971, 0.9157, 0.9098, 0.8221, 0.8069, 0.9966, 0.652], mean perf=17984/20400 (0.8816%)
Round=14, per client personal pooled=[0.1615, 0.1907, 0.1906, 0.2002, 0.1844, 0.1832, 0.1623, 0.162, 0.2, 0.1276], mean perf=35954/204000 (0.1762%)
Mean performance of unidp ditto dp global, Perf=0.3091
Mean performance of unidp ditto dp personal, Perf=0.8596
Mean performance of unidp ditto dp pooled, Perf=0.1719
---EPSILON 1 ---
default_sample_rate: 0.03232323232323232
noise_multiplier :  2.12890625
default_sample_rate: 0.03232323232323232
noise_multiplier :  1.728515625
learning rate =  0.001
sample_rate: 0.03, expected_batch_size: 128
sample_rate: 0.03, expected_batch_size: 128
sample_rate: 0.03, expected_batch_size: 128
sample_rate: 0.03, expected_batch_size: 128
sample_rate: 0.03, expected_batch_size: 128
sample_rate: 0.03, expected_batch_size: 128
sample_rate: 0.03, expected_batch_size: 128
sample_rate: 0.03, expected_batch_size: 128
sample_rate: 0.03, expected_batch_size: 128
sample_rate: 0.03, expected_batch_size: 128
sample_rate: 0.03, expected_batch_size: 128
sample_rate: 0.03, expected_batch_size: 128
sample_rate: 0.03, expected_batch_size: 128
sample_rate: 0.03, expected_batch_size: 128
sample_rate: 0.03, expected_batch_size: 128
sample_rate: 0.03, expected_batch_size: 128
sample_rate: 0.03, expected_batch_size: 128
sample_rate: 0.03, expected_batch_size: 128
sample_rate: 0.03, expected_batch_size: 128
sample_rate: 0.03, expected_batch_size: 128
initial privacy cost of all clients:  [0, 0, 0, 0, 0, 0, 0, 0, 0, 0]
Round=0
Round=1
Round=2
Round=3
Round=4
Round=5
Round=6
Round=7
Round=8
Round=9
Round=10
Round=11
Round=12
Round=13
Round=14
current privacy cost of all clients:  [0.7653858016873494, 0.7206619146809711, 0.6750386529476061, 0.7653858016873494, 0.5742281727082242, 0.7206619146809711, 0.6260606530260836, 0.4516481465484667, 0.6260606530260836, 0.8052814395900469]
Round=14, per client global perf=[0.7794, 0.7265, 0.8377, 0.476, 0.4828, 0.0005, 0.0039, 0.0064, 0.3578, 0.3333], mean perf=8169/20400 (0.4004%)
Round=14, per client personal perf=[0.7936, 0.9902, 0.9623, 0.9975, 0.9255, 0.9304, 0.8289, 0.9093, 0.9975, 0.6025], mean perf=18233/20400 (0.8938%)
Round=14, per client personal pooled=[0.1618, 0.1966, 0.1912, 0.2004, 0.186, 0.1877, 0.1638, 0.1822, 0.2003, 0.1191], mean perf=36499/204000 (0.1789%)
Mean performance of unidp ditto dp global, Perf=0.3582
Mean performance of unidp ditto dp personal, Perf=0.8833
Mean performance of unidp ditto dp pooled, Perf=0.1769
---EPSILON 4 ---
default_sample_rate: 0.03232323232323232
noise_multiplier :  0.93994140625
default_sample_rate: 0.03232323232323232
noise_multiplier :  0.833740234375
learning rate =  0.001
sample_rate: 0.03, expected_batch_size: 128
sample_rate: 0.03, expected_batch_size: 128
sample_rate: 0.03, expected_batch_size: 128
sample_rate: 0.03, expected_batch_size: 128
sample_rate: 0.03, expected_batch_size: 128
sample_rate: 0.03, expected_batch_size: 128
sample_rate: 0.03, expected_batch_size: 128
sample_rate: 0.03, expected_batch_size: 128
sample_rate: 0.03, expected_batch_size: 128
sample_rate: 0.03, expected_batch_size: 128
sample_rate: 0.03, expected_batch_size: 128
sample_rate: 0.03, expected_batch_size: 128
sample_rate: 0.03, expected_batch_size: 128
sample_rate: 0.03, expected_batch_size: 128
sample_rate: 0.03, expected_batch_size: 128
sample_rate: 0.03, expected_batch_size: 128
sample_rate: 0.03, expected_batch_size: 128
sample_rate: 0.03, expected_batch_size: 128
sample_rate: 0.03, expected_batch_size: 128
sample_rate: 0.03, expected_batch_size: 128
initial privacy cost of all clients:  [0, 0, 0, 0, 0, 0, 0, 0, 0, 0]
Round=0
Round=1
Round=2
Round=3
Round=4
Round=5
Round=6
Round=7
Round=8
Round=9
Round=10
Round=11
Round=12
Round=13
Round=14
current privacy cost of all clients:  [3.083714743273034, 2.9136136495948044, 2.743512555916575, 3.083714743273034, 2.4033103685601156, 2.9136136495948044, 2.573411462238345, 2.04500887038821, 2.573411462238345, 3.2538158369512633]
Round=14, per client global perf=[0.7848, 0.8554, 0.8152, 0.3711, 0.3887, 0.0397, 0.0074, 0.0108, 0.4833, 0.4088], mean perf=8497/20400 (0.4165%)
Round=14, per client personal perf=[0.9377, 0.9931, 0.9647, 0.9985, 0.9382, 0.9569, 0.8642, 0.9328, 0.9985, 0.651], mean perf=18841/20400 (0.9236%)
Round=14, per client personal pooled=[0.1873, 0.1968, 0.1917, 0.2006, 0.1883, 0.1931, 0.1705, 0.1871, 0.2006, 0.1267], mean perf=37591/204000 (0.1843%)
Mean performance of unidp ditto dp global, Perf=0.3491
Mean performance of unidp ditto dp personal, Perf=0.9173
Mean performance of unidp ditto dp pooled, Perf=0.1831
---EPSILON 8 ---
default_sample_rate: 0.03232323232323232
noise_multiplier :  0.72021484375
default_sample_rate: 0.03232323232323232
noise_multiplier :  0.64788818359375
learning rate =  0.001
sample_rate: 0.03, expected_batch_size: 128
sample_rate: 0.03, expected_batch_size: 128
sample_rate: 0.03, expected_batch_size: 128
sample_rate: 0.03, expected_batch_size: 128
sample_rate: 0.03, expected_batch_size: 128
sample_rate: 0.03, expected_batch_size: 128
sample_rate: 0.03, expected_batch_size: 128
sample_rate: 0.03, expected_batch_size: 128
sample_rate: 0.03, expected_batch_size: 128
sample_rate: 0.03, expected_batch_size: 128
sample_rate: 0.03, expected_batch_size: 128
sample_rate: 0.03, expected_batch_size: 128
sample_rate: 0.03, expected_batch_size: 128
sample_rate: 0.03, expected_batch_size: 128
sample_rate: 0.03, expected_batch_size: 128
sample_rate: 0.03, expected_batch_size: 128
sample_rate: 0.03, expected_batch_size: 128
sample_rate: 0.03, expected_batch_size: 128
sample_rate: 0.03, expected_batch_size: 128
sample_rate: 0.03, expected_batch_size: 128
initial privacy cost of all clients:  [0, 0, 0, 0, 0, 0, 0, 0, 0, 0]
Round=0
Round=1
Round=2
Round=3
Round=4
Round=5
Round=6
Round=7
Round=8
Round=9
Round=10
Round=11
Round=12
Round=13
Round=14
current privacy cost of all clients:  [6.735473089270566, 6.264765677912597, 5.794058266554629, 6.735473089270566, 4.852643443838692, 6.264765677912597, 5.323350855196661, 3.9112286211227545, 5.323350855196661, 7.167814057514629]
Round=14, per client global perf=[0.7951, 0.8578, 0.8078, 0.3353, 0.3627, 0.0475, 0.0034, 0.0078, 0.4848, 0.4368], mean perf=8444/20400 (0.4139%)
Round=14, per client personal perf=[0.9441, 0.9926, 0.9652, 0.9985, 0.9431, 0.9608, 0.877, 0.9377, 0.9985, 0.6647], mean perf=18936/20400 (0.9282%)
Round=14, per client personal pooled=[0.1886, 0.1967, 0.1919, 0.2006, 0.1894, 0.1944, 0.1741, 0.188, 0.2006, 0.13], mean perf=37827/204000 (0.1854%)
Mean performance of unidp ditto dp global, Perf=0.3448
Mean performance of unidp ditto dp personal, Perf=0.9241
Mean performance of unidp ditto dp pooled, Perf=0.1845
---EPSILON 16 ---
default_sample_rate: 0.03232323232323232
noise_multiplier :  0.567169189453125
default_sample_rate: 0.03232323232323232
noise_multiplier :  0.5263900756835938
learning rate =  0.001
sample_rate: 0.03, expected_batch_size: 128
sample_rate: 0.03, expected_batch_size: 128
sample_rate: 0.03, expected_batch_size: 128
sample_rate: 0.03, expected_batch_size: 128
sample_rate: 0.03, expected_batch_size: 128
sample_rate: 0.03, expected_batch_size: 128
sample_rate: 0.03, expected_batch_size: 128
sample_rate: 0.03, expected_batch_size: 128
sample_rate: 0.03, expected_batch_size: 128
sample_rate: 0.03, expected_batch_size: 128
sample_rate: 0.03, expected_batch_size: 128
sample_rate: 0.03, expected_batch_size: 128
sample_rate: 0.03, expected_batch_size: 128
sample_rate: 0.03, expected_batch_size: 128
sample_rate: 0.03, expected_batch_size: 128
sample_rate: 0.03, expected_batch_size: 128
sample_rate: 0.03, expected_batch_size: 128
sample_rate: 0.03, expected_batch_size: 128
sample_rate: 0.03, expected_batch_size: 128
sample_rate: 0.03, expected_batch_size: 128
initial privacy cost of all clients:  [0, 0, 0, 0, 0, 0, 0, 0, 0, 0]
Round=0
Round=1
Round=2
Round=3
Round=4
Round=5
Round=6
Round=7
Round=8
Round=9
Round=10
Round=11
Round=12
Round=13
Round=14
current privacy cost of all clients:  [11.80405874178763, 11.105992316907031, 10.407925892026432, 11.80405874178763, 9.011793042265237, 11.105992316907031, 9.709859467145835, 7.6156601925040395, 9.709859467145835, 12.502125166668227]
Round=14, per client global perf=[0.8113, 0.848, 0.7897, 0.3382, 0.3578, 0.0461, 0.0093, 0.0147, 0.4833, 0.4485], mean perf=8460/20400 (0.4147%)
Round=14, per client personal perf=[0.9471, 0.9936, 0.9662, 0.9985, 0.952, 0.9662, 0.8877, 0.9417, 0.9985, 0.673], mean perf=19022/20400 (0.9325%)
Round=14, per client personal pooled=[0.1893, 0.1968, 0.1921, 0.2006, 0.1911, 0.1954, 0.1761, 0.1885, 0.2006, 0.1322], mean perf=37997/204000 (0.1863%)
Mean performance of unidp ditto dp global, Perf=0.3409
Mean performance of unidp ditto dp personal, Perf=0.9289
Mean performance of unidp ditto dp pooled, Perf=0.1854
--- Finished seed: 43 ---
--- Seed: 44 ---
--- Personal steps: 15 ---
---EPSILON 0 ---
default_sample_rate: 0.03232323232323232
noise_multiplier :  640
default_sample_rate: 0.03232323232323232
noise_multiplier :  320
learning rate =  0.001
sample_rate: 0.03, expected_batch_size: 128
sample_rate: 0.03, expected_batch_size: 128
sample_rate: 0.03, expected_batch_size: 128
sample_rate: 0.03, expected_batch_size: 128
sample_rate: 0.03, expected_batch_size: 128
sample_rate: 0.03, expected_batch_size: 128
sample_rate: 0.03, expected_batch_size: 128
sample_rate: 0.03, expected_batch_size: 128
sample_rate: 0.03, expected_batch_size: 128
sample_rate: 0.03, expected_batch_size: 128
sample_rate: 0.03, expected_batch_size: 128
sample_rate: 0.03, expected_batch_size: 128
sample_rate: 0.03, expected_batch_size: 128
sample_rate: 0.03, expected_batch_size: 128
sample_rate: 0.03, expected_batch_size: 128
sample_rate: 0.03, expected_batch_size: 128
sample_rate: 0.03, expected_batch_size: 128
sample_rate: 0.03, expected_batch_size: 128
sample_rate: 0.03, expected_batch_size: 128
sample_rate: 0.03, expected_batch_size: 128
initial privacy cost of all clients:  [0, 0, 0, 0, 0, 0, 0, 0, 0, 0]
Round=0
Round=1
Round=2
Round=3
Round=4
Round=5
Round=6
Round=7
Round=8
Round=9
Round=10
Round=11
Round=12
Round=13
Round=14
current privacy cost of all clients:  [-0.0007400032360581786, -0.0006616108996144827, -0.0007400032360581786, -0.0009075556830472331, -0.0006877416784290479, -0.0008214001311187887, -0.0008494097935163293, -0.0008214001311187887, -0.0008494097935163293, -0.0007661340148727439]
Round=14, per client global perf=[0.5108, 0.0, 0.0, 0.0, 0.0, 0.0005, 0.0, 0.0, 0.0, 0.4912], mean perf=2045/20400 (0.1002%)
Round=14, per client personal perf=[0.5108, 0.0, 0.0162, 0.0, 0.0029, 0.0338, 0.0, 0.0, 0.0, 0.5201], mean perf=2211/20400 (0.1084%)
Round=14, per client personal pooled=[0.1002, 0.1038, 0.0972, 0.1002, 0.1008, 0.0984, 0.1175, 0.107, 0.115, 0.1041], mean perf=21301/204000 (0.1044%)
Mean performance of unidp ditto dp global, Perf=0.1001
Mean performance of unidp ditto dp personal, Perf=0.1069
Mean performance of unidp ditto dp pooled, Perf=0.1043
---EPSILON 0.1 ---
default_sample_rate: 0.03232323232323232
noise_multiplier :  13.75
default_sample_rate: 0.03232323232323232
noise_multiplier :  7.5
learning rate =  0.001
sample_rate: 0.03, expected_batch_size: 128
sample_rate: 0.03, expected_batch_size: 128
sample_rate: 0.03, expected_batch_size: 128
sample_rate: 0.03, expected_batch_size: 128
sample_rate: 0.03, expected_batch_size: 128
sample_rate: 0.03, expected_batch_size: 128
sample_rate: 0.03, expected_batch_size: 128
sample_rate: 0.03, expected_batch_size: 128
sample_rate: 0.03, expected_batch_size: 128
sample_rate: 0.03, expected_batch_size: 128
sample_rate: 0.03, expected_batch_size: 128
sample_rate: 0.03, expected_batch_size: 128
sample_rate: 0.03, expected_batch_size: 128
sample_rate: 0.03, expected_batch_size: 128
sample_rate: 0.03, expected_batch_size: 128
sample_rate: 0.03, expected_batch_size: 128
sample_rate: 0.03, expected_batch_size: 128
sample_rate: 0.03, expected_batch_size: 128
sample_rate: 0.03, expected_batch_size: 128
sample_rate: 0.03, expected_batch_size: 128
initial privacy cost of all clients:  [0, 0, 0, 0, 0, 0, 0, 0, 0, 0]
Round=0
Round=1
Round=2
Round=3
Round=4
Round=5
Round=6
Round=7
Round=8
Round=9
Round=10
Round=11
Round=12
Round=13
Round=14
current privacy cost of all clients:  [0.07323580287115607, 0.08623286984399514, 0.07323580287115607, 0.039763141150096236, 0.08199366248919779, 0.05835482563852214, 0.052721685568101175, 0.05835482563852214, 0.052721685568101175, 0.06861627244984228]
Round=14, per client global perf=[0.2529, 0.4402, 0.6946, 0.0005, 0.423, 0.0, 0.4392, 0.0, 0.0039, 0.0049], mean perf=4609/20400 (0.2259%)
Round=14, per client personal perf=[0.501, 0.8152, 0.8485, 0.502, 0.9039, 0.7642, 0.6368, 0.8804, 0.9907, 0.5931], mean perf=15169/20400 (0.7436%)
Round=14, per client personal pooled=[0.1026, 0.1618, 0.166, 0.1007, 0.182, 0.1539, 0.1254, 0.1765, 0.199, 0.1155], mean perf=30261/204000 (0.1483%)
Mean performance of unidp ditto dp global, Perf=0.2824
Mean performance of unidp ditto dp personal, Perf=0.7195
Mean performance of unidp ditto dp pooled, Perf=0.1437
---EPSILON 0.5 ---
default_sample_rate: 0.03232323232323232
noise_multiplier :  3.671875
default_sample_rate: 0.03232323232323232
noise_multiplier :  2.1484375
learning rate =  0.001
sample_rate: 0.03, expected_batch_size: 128
sample_rate: 0.03, expected_batch_size: 128
sample_rate: 0.03, expected_batch_size: 128
sample_rate: 0.03, expected_batch_size: 128
sample_rate: 0.03, expected_batch_size: 128
sample_rate: 0.03, expected_batch_size: 128
sample_rate: 0.03, expected_batch_size: 128
sample_rate: 0.03, expected_batch_size: 128
sample_rate: 0.03, expected_batch_size: 128
sample_rate: 0.03, expected_batch_size: 128
sample_rate: 0.03, expected_batch_size: 128
sample_rate: 0.03, expected_batch_size: 128
sample_rate: 0.03, expected_batch_size: 128
sample_rate: 0.03, expected_batch_size: 128
sample_rate: 0.03, expected_batch_size: 128
sample_rate: 0.03, expected_batch_size: 128
sample_rate: 0.03, expected_batch_size: 128
sample_rate: 0.03, expected_batch_size: 128
sample_rate: 0.03, expected_batch_size: 128
sample_rate: 0.03, expected_batch_size: 128
initial privacy cost of all clients:  [0, 0, 0, 0, 0, 0, 0, 0, 0, 0]
Round=0
Round=1
Round=2
Round=3
Round=4
Round=5
Round=6
Round=7
Round=8
Round=9
Round=10
Round=11
Round=12
Round=13
Round=14
current privacy cost of all clients:  [0.37555379650408366, 0.4369927284170089, 0.37555379650408366, 0.2169627015110833, 0.41674618847529443, 0.30557517331204553, 0.279070325668136, 0.30557517331204553, 0.279070325668136, 0.3537320706559622]
Round=14, per client global perf=[0.3505, 0.8676, 0.8309, 0.0, 0.4137, 0.0, 0.4495, 0.0172, 0.4049, 0.0], mean perf=6802/20400 (0.3334%)
Round=14, per client personal perf=[0.6534, 0.9706, 0.9564, 0.502, 0.9431, 0.8471, 0.8176, 0.9069, 0.9926, 0.602], mean perf=16711/20400 (0.8192%)
Round=14, per client personal pooled=[0.1322, 0.193, 0.1897, 0.1007, 0.1896, 0.1709, 0.1614, 0.1818, 0.1993, 0.118], mean perf=33386/204000 (0.1637%)
Mean performance of unidp ditto dp global, Perf=0.3634
Mean performance of unidp ditto dp personal, Perf=0.8154
Mean performance of unidp ditto dp pooled, Perf=0.1628
---EPSILON 1 ---
default_sample_rate: 0.03232323232323232
noise_multiplier :  2.12890625
default_sample_rate: 0.03232323232323232
noise_multiplier :  1.3671875
learning rate =  0.001
sample_rate: 0.03, expected_batch_size: 128
sample_rate: 0.03, expected_batch_size: 128
sample_rate: 0.03, expected_batch_size: 128
sample_rate: 0.03, expected_batch_size: 128
sample_rate: 0.03, expected_batch_size: 128
sample_rate: 0.03, expected_batch_size: 128
sample_rate: 0.03, expected_batch_size: 128
sample_rate: 0.03, expected_batch_size: 128
sample_rate: 0.03, expected_batch_size: 128
sample_rate: 0.03, expected_batch_size: 128
sample_rate: 0.03, expected_batch_size: 128
sample_rate: 0.03, expected_batch_size: 128
sample_rate: 0.03, expected_batch_size: 128
sample_rate: 0.03, expected_batch_size: 128
sample_rate: 0.03, expected_batch_size: 128
sample_rate: 0.03, expected_batch_size: 128
sample_rate: 0.03, expected_batch_size: 128
sample_rate: 0.03, expected_batch_size: 128
sample_rate: 0.03, expected_batch_size: 128
sample_rate: 0.03, expected_batch_size: 128
initial privacy cost of all clients:  [0, 0, 0, 0, 0, 0, 0, 0, 0, 0]
Round=0
Round=1
Round=2
Round=3
Round=4
Round=5
Round=6
Round=7
Round=8
Round=9
Round=10
Round=11
Round=12
Round=13
Round=14
current privacy cost of all clients:  [0.7653858016873494, 0.8850727153954416, 0.7653858016873494, 0.4516481465484667, 0.8451770774927443, 0.6260606530260836, 0.5742281727082242, 0.6260606530260836, 0.5742281727082242, 0.7206619146809711]
Round=14, per client global perf=[0.3412, 0.9093, 0.8255, 0.0, 0.4147, 0.0, 0.6377, 0.1961, 0.4451, 0.002], mean perf=7694/20400 (0.3772%)
Round=14, per client personal perf=[0.8, 0.9843, 0.9588, 0.5034, 0.9544, 0.8554, 0.8201, 0.9255, 0.9995, 0.5873], mean perf=17113/20400 (0.8389%)
Round=14, per client personal pooled=[0.1618, 0.1955, 0.1904, 0.1009, 0.1917, 0.1733, 0.1614, 0.1855, 0.2008, 0.1149], mean perf=34195/204000 (0.1676%)
Mean performance of unidp ditto dp global, Perf=0.3835
Mean performance of unidp ditto dp personal, Perf=0.8368
Mean performance of unidp ditto dp pooled, Perf=0.1673
---EPSILON 4 ---
default_sample_rate: 0.03232323232323232
noise_multiplier :  0.93994140625
default_sample_rate: 0.03232323232323232
noise_multiplier :  0.736083984375
learning rate =  0.001
sample_rate: 0.03, expected_batch_size: 128
sample_rate: 0.03, expected_batch_size: 128
sample_rate: 0.03, expected_batch_size: 128
sample_rate: 0.03, expected_batch_size: 128
sample_rate: 0.03, expected_batch_size: 128
sample_rate: 0.03, expected_batch_size: 128
sample_rate: 0.03, expected_batch_size: 128
sample_rate: 0.03, expected_batch_size: 128
sample_rate: 0.03, expected_batch_size: 128
sample_rate: 0.03, expected_batch_size: 128
sample_rate: 0.03, expected_batch_size: 128
sample_rate: 0.03, expected_batch_size: 128
sample_rate: 0.03, expected_batch_size: 128
sample_rate: 0.03, expected_batch_size: 128
sample_rate: 0.03, expected_batch_size: 128
sample_rate: 0.03, expected_batch_size: 128
sample_rate: 0.03, expected_batch_size: 128
sample_rate: 0.03, expected_batch_size: 128
sample_rate: 0.03, expected_batch_size: 128
sample_rate: 0.03, expected_batch_size: 128
initial privacy cost of all clients:  [0, 0, 0, 0, 0, 0, 0, 0, 0, 0]
Round=0
Round=1
Round=2
Round=3
Round=4
Round=5
Round=6
Round=7
Round=8
Round=9
Round=10
Round=11
Round=12
Round=13
Round=14
current privacy cost of all clients:  [3.083714743273034, 3.594018024307722, 3.083714743273034, 2.04500887038821, 3.4239169306294928, 2.573411462238345, 2.4033103685601156, 2.573411462238345, 2.4033103685601156, 2.9136136495948044]
Round=14, per client global perf=[0.2667, 0.8907, 0.7392, 0.0, 0.4108, 0.0, 0.7206, 0.2902, 0.4265, 0.0], mean perf=7639/20400 (0.3745%)
Round=14, per client personal perf=[0.9358, 0.9941, 0.9623, 0.9858, 0.9721, 0.8755, 0.8235, 0.9466, 0.999, 0.5804], mean perf=18513/20400 (0.9075%)
Round=14, per client personal pooled=[0.1872, 0.1969, 0.1911, 0.1976, 0.1951, 0.1766, 0.1622, 0.1892, 0.2008, 0.1138], mean perf=36935/204000 (0.1811%)
Mean performance of unidp ditto dp global, Perf=0.3952
Mean performance of unidp ditto dp personal, Perf=0.8876
Mean performance of unidp ditto dp pooled, Perf=0.1772
---EPSILON 8 ---
default_sample_rate: 0.03232323232323232
noise_multiplier :  0.72021484375
default_sample_rate: 0.03232323232323232
noise_multiplier :  0.5743408203125
learning rate =  0.001
sample_rate: 0.03, expected_batch_size: 128
sample_rate: 0.03, expected_batch_size: 128
sample_rate: 0.03, expected_batch_size: 128
sample_rate: 0.03, expected_batch_size: 128
sample_rate: 0.03, expected_batch_size: 128
sample_rate: 0.03, expected_batch_size: 128
sample_rate: 0.03, expected_batch_size: 128
sample_rate: 0.03, expected_batch_size: 128
sample_rate: 0.03, expected_batch_size: 128
sample_rate: 0.03, expected_batch_size: 128
sample_rate: 0.03, expected_batch_size: 128
sample_rate: 0.03, expected_batch_size: 128
sample_rate: 0.03, expected_batch_size: 128
sample_rate: 0.03, expected_batch_size: 128
sample_rate: 0.03, expected_batch_size: 128
sample_rate: 0.03, expected_batch_size: 128
sample_rate: 0.03, expected_batch_size: 128
sample_rate: 0.03, expected_batch_size: 128
sample_rate: 0.03, expected_batch_size: 128
sample_rate: 0.03, expected_batch_size: 128
initial privacy cost of all clients:  [0, 0, 0, 0, 0, 0, 0, 0, 0, 0]
Round=0
Round=1
Round=2
Round=3
Round=4
Round=5
Round=6
Round=7
Round=8
Round=9
Round=10
Round=11
Round=12
Round=13
Round=14
current privacy cost of all clients:  [6.735473089270566, 7.497084685445106, 6.735473089270566, 3.9112286211227545, 7.332449371479868, 5.323350855196661, 4.852643443838692, 5.323350855196661, 4.852643443838692, 6.264765677912597]
Round=14, per client global perf=[0.2613, 0.899, 0.7324, 0.0, 0.4142, 0.0, 0.7363, 0.3039, 0.4348, 0.0], mean perf=7715/20400 (0.3782%)
Round=14, per client personal perf=[0.9382, 0.9931, 0.9632, 0.9975, 0.975, 0.8863, 0.8279, 0.9505, 0.9995, 0.5868], mean perf=18601/20400 (0.9118%)
Round=14, per client personal pooled=[0.1877, 0.1969, 0.1912, 0.2003, 0.1961, 0.179, 0.1628, 0.19, 0.2008, 0.1149], mean perf=37123/204000 (0.1820%)
Mean performance of unidp ditto dp global, Perf=0.3833
Mean performance of unidp ditto dp personal, Perf=0.8934
Mean performance of unidp ditto dp pooled, Perf=0.1783
---EPSILON 16 ---
default_sample_rate: 0.03232323232323232
noise_multiplier :  0.567169189453125
default_sample_rate: 0.03232323232323232
noise_multiplier :  0.48187255859375
learning rate =  0.001
sample_rate: 0.03, expected_batch_size: 128
sample_rate: 0.03, expected_batch_size: 128
sample_rate: 0.03, expected_batch_size: 128
sample_rate: 0.03, expected_batch_size: 128
sample_rate: 0.03, expected_batch_size: 128
sample_rate: 0.03, expected_batch_size: 128
sample_rate: 0.03, expected_batch_size: 128
sample_rate: 0.03, expected_batch_size: 128
sample_rate: 0.03, expected_batch_size: 128
sample_rate: 0.03, expected_batch_size: 128
sample_rate: 0.03, expected_batch_size: 128
sample_rate: 0.03, expected_batch_size: 128
sample_rate: 0.03, expected_batch_size: 128
sample_rate: 0.03, expected_batch_size: 128
sample_rate: 0.03, expected_batch_size: 128
sample_rate: 0.03, expected_batch_size: 128
sample_rate: 0.03, expected_batch_size: 128
sample_rate: 0.03, expected_batch_size: 128
sample_rate: 0.03, expected_batch_size: 128
sample_rate: 0.03, expected_batch_size: 128
initial privacy cost of all clients:  [0, 0, 0, 0, 0, 0, 0, 0, 0, 0]
Round=0
Round=1
Round=2
Round=3
Round=4
Round=5
Round=6
Round=7
Round=8
Round=9
Round=10
Round=11
Round=12
Round=13
Round=14
current privacy cost of all clients:  [11.80405874178763, 13.898258016429423, 11.80405874178763, 7.6156601925040395, 13.200191591548824, 9.709859467145835, 9.011793042265237, 9.709859467145835, 9.011793042265237, 11.105992316907031]
Round=14, per client global perf=[0.2515, 0.9044, 0.7245, 0.0, 0.4201, 0.0, 0.7613, 0.3191, 0.4402, 0.0], mean perf=7795/20400 (0.3821%)
Round=14, per client personal perf=[0.9402, 0.9941, 0.9627, 0.9882, 0.9775, 0.8951, 0.8294, 0.9549, 0.9995, 0.5936], mean perf=18636/20400 (0.9135%)
Round=14, per client personal pooled=[0.1882, 0.197, 0.1912, 0.1985, 0.1966, 0.1808, 0.1633, 0.191, 0.2008, 0.1161], mean perf=37200/204000 (0.1824%)
Mean performance of unidp ditto dp global, Perf=0.3776
Mean performance of unidp ditto dp personal, Perf=0.8958
Mean performance of unidp ditto dp pooled, Perf=0.1788
--- Personal steps: 30 ---
---EPSILON 0 ---
default_sample_rate: 0.03232323232323232
noise_multiplier :  640
default_sample_rate: 0.03232323232323232
noise_multiplier :  320
learning rate =  0.001
sample_rate: 0.03, expected_batch_size: 128
sample_rate: 0.03, expected_batch_size: 128
sample_rate: 0.03, expected_batch_size: 128
sample_rate: 0.03, expected_batch_size: 128
sample_rate: 0.03, expected_batch_size: 128
sample_rate: 0.03, expected_batch_size: 128
sample_rate: 0.03, expected_batch_size: 128
sample_rate: 0.03, expected_batch_size: 128
sample_rate: 0.03, expected_batch_size: 128
sample_rate: 0.03, expected_batch_size: 128
sample_rate: 0.03, expected_batch_size: 128
sample_rate: 0.03, expected_batch_size: 128
sample_rate: 0.03, expected_batch_size: 128
sample_rate: 0.03, expected_batch_size: 128
sample_rate: 0.03, expected_batch_size: 128
sample_rate: 0.03, expected_batch_size: 128
sample_rate: 0.03, expected_batch_size: 128
sample_rate: 0.03, expected_batch_size: 128
sample_rate: 0.03, expected_batch_size: 128
sample_rate: 0.03, expected_batch_size: 128
initial privacy cost of all clients:  [0, 0, 0, 0, 0, 0, 0, 0, 0, 0]
Round=0
Round=1
Round=2
Round=3
Round=4
Round=5
Round=6
Round=7
Round=8
Round=9
Round=10
Round=11
Round=12
Round=13
Round=14
current privacy cost of all clients:  [-0.0007400032360581786, -0.0006616108996144827, -0.0007400032360581786, -0.0009075556830472331, -0.0006877416784290479, -0.0008214001311187887, -0.0008494097935163293, -0.0008214001311187887, -0.0008494097935163293, -0.0007661340148727439]
Round=14, per client global perf=[0.5108, 0.0, 0.0, 0.0, 0.0, 0.0005, 0.0, 0.0, 0.0, 0.4912], mean perf=2045/20400 (0.1002%)
Round=14, per client personal perf=[0.5088, 0.0064, 0.2495, 0.0461, 0.0804, 0.2574, 0.0025, 0.0, 0.051, 0.5314], mean perf=3536/20400 (0.1733%)
Round=14, per client personal pooled=[0.1, 0.1004, 0.1332, 0.1218, 0.1176, 0.1163, 0.1084, 0.1108, 0.1077, 0.1043], mean perf=22860/204000 (0.1121%)
Mean performance of unidp ditto dp global, Perf=0.1000
Mean performance of unidp ditto dp personal, Perf=0.1640
Mean performance of unidp ditto dp pooled, Perf=0.1111
---EPSILON 0.1 ---
default_sample_rate: 0.03232323232323232
noise_multiplier :  13.75
default_sample_rate: 0.03232323232323232
noise_multiplier :  11.25
learning rate =  0.001
sample_rate: 0.03, expected_batch_size: 128
sample_rate: 0.03, expected_batch_size: 128
sample_rate: 0.03, expected_batch_size: 128
sample_rate: 0.03, expected_batch_size: 128
sample_rate: 0.03, expected_batch_size: 128
sample_rate: 0.03, expected_batch_size: 128
sample_rate: 0.03, expected_batch_size: 128
sample_rate: 0.03, expected_batch_size: 128
sample_rate: 0.03, expected_batch_size: 128
sample_rate: 0.03, expected_batch_size: 128
sample_rate: 0.03, expected_batch_size: 128
sample_rate: 0.03, expected_batch_size: 128
sample_rate: 0.03, expected_batch_size: 128
sample_rate: 0.03, expected_batch_size: 128
sample_rate: 0.03, expected_batch_size: 128
sample_rate: 0.03, expected_batch_size: 128
sample_rate: 0.03, expected_batch_size: 128
sample_rate: 0.03, expected_batch_size: 128
sample_rate: 0.03, expected_batch_size: 128
sample_rate: 0.03, expected_batch_size: 128
initial privacy cost of all clients:  [0, 0, 0, 0, 0, 0, 0, 0, 0, 0]
Round=0
Round=1
Round=2
Round=3
Round=4
Round=5
Round=6
Round=7
Round=8
Round=9
Round=10
Round=11
Round=12
Round=13
Round=14
current privacy cost of all clients:  [0.07323580287115607, 0.08623286984399514, 0.07323580287115607, 0.039763141150096236, 0.08199366248919779, 0.05835482563852214, 0.052721685568101175, 0.05835482563852214, 0.052721685568101175, 0.06861627244984228]
Round=14, per client global perf=[0.3387, 0.4348, 0.7672, 0.001, 0.4137, 0.0, 0.4304, 0.0, 0.0, 0.0196], mean perf=4907/20400 (0.2405%)
Round=14, per client personal perf=[0.7441, 0.8667, 0.9275, 0.5309, 0.9279, 0.7667, 0.498, 0.8975, 0.9985, 0.5966], mean perf=15819/20400 (0.7754%)
Round=14, per client personal pooled=[0.1507, 0.1723, 0.1834, 0.1061, 0.1865, 0.1546, 0.0984, 0.1796, 0.2005, 0.1175], mean perf=31612/204000 (0.1550%)
Mean performance of unidp ditto dp global, Perf=0.2689
Mean performance of unidp ditto dp personal, Perf=0.7675
Mean performance of unidp ditto dp pooled, Perf=0.1534
---EPSILON 0.5 ---
default_sample_rate: 0.03232323232323232
noise_multiplier :  3.671875
default_sample_rate: 0.03232323232323232
noise_multiplier :  2.890625
learning rate =  0.001
sample_rate: 0.03, expected_batch_size: 128
sample_rate: 0.03, expected_batch_size: 128
sample_rate: 0.03, expected_batch_size: 128
sample_rate: 0.03, expected_batch_size: 128
sample_rate: 0.03, expected_batch_size: 128
sample_rate: 0.03, expected_batch_size: 128
sample_rate: 0.03, expected_batch_size: 128
sample_rate: 0.03, expected_batch_size: 128
sample_rate: 0.03, expected_batch_size: 128
sample_rate: 0.03, expected_batch_size: 128
sample_rate: 0.03, expected_batch_size: 128
sample_rate: 0.03, expected_batch_size: 128
sample_rate: 0.03, expected_batch_size: 128
sample_rate: 0.03, expected_batch_size: 128
sample_rate: 0.03, expected_batch_size: 128
sample_rate: 0.03, expected_batch_size: 128
sample_rate: 0.03, expected_batch_size: 128
sample_rate: 0.03, expected_batch_size: 128
sample_rate: 0.03, expected_batch_size: 128
sample_rate: 0.03, expected_batch_size: 128
initial privacy cost of all clients:  [0, 0, 0, 0, 0, 0, 0, 0, 0, 0]
Round=0
Round=1
Round=2
Round=3
Round=4
Round=5
Round=6
Round=7
Round=8
Round=9
Round=10
Round=11
Round=12
Round=13
Round=14
current privacy cost of all clients:  [0.37555379650408366, 0.4369927284170089, 0.37555379650408366, 0.2169627015110833, 0.41674618847529443, 0.30557517331204553, 0.279070325668136, 0.30557517331204553, 0.279070325668136, 0.3537320706559622]
Round=14, per client global perf=[0.3569, 0.8657, 0.8333, 0.002, 0.4191, 0.0, 0.5049, 0.0755, 0.4142, 0.001], mean perf=7084/20400 (0.3473%)
Round=14, per client personal perf=[0.8152, 0.9897, 0.9603, 0.9946, 0.9613, 0.8814, 0.8265, 0.9333, 0.9985, 0.5662], mean perf=18211/20400 (0.8927%)
Round=14, per client personal pooled=[0.165, 0.1962, 0.1907, 0.1999, 0.1931, 0.1777, 0.1626, 0.1868, 0.2007, 0.1131], mean perf=36431/204000 (0.1786%)
Mean performance of unidp ditto dp global, Perf=0.3640
Mean performance of unidp ditto dp personal, Perf=0.8745
Mean performance of unidp ditto dp pooled, Perf=0.1749
---EPSILON 1 ---
default_sample_rate: 0.03232323232323232
noise_multiplier :  2.12890625
default_sample_rate: 0.03232323232323232
noise_multiplier :  1.728515625
learning rate =  0.001
sample_rate: 0.03, expected_batch_size: 128
sample_rate: 0.03, expected_batch_size: 128
sample_rate: 0.03, expected_batch_size: 128
sample_rate: 0.03, expected_batch_size: 128
sample_rate: 0.03, expected_batch_size: 128
sample_rate: 0.03, expected_batch_size: 128
sample_rate: 0.03, expected_batch_size: 128
sample_rate: 0.03, expected_batch_size: 128
sample_rate: 0.03, expected_batch_size: 128
sample_rate: 0.03, expected_batch_size: 128
sample_rate: 0.03, expected_batch_size: 128
sample_rate: 0.03, expected_batch_size: 128
sample_rate: 0.03, expected_batch_size: 128
sample_rate: 0.03, expected_batch_size: 128
sample_rate: 0.03, expected_batch_size: 128
sample_rate: 0.03, expected_batch_size: 128
sample_rate: 0.03, expected_batch_size: 128
sample_rate: 0.03, expected_batch_size: 128
sample_rate: 0.03, expected_batch_size: 128
sample_rate: 0.03, expected_batch_size: 128
initial privacy cost of all clients:  [0, 0, 0, 0, 0, 0, 0, 0, 0, 0]
Round=0
Round=1
Round=2
Round=3
Round=4
Round=5
Round=6
Round=7
Round=8
Round=9
Round=10
Round=11
Round=12
Round=13
Round=14
current privacy cost of all clients:  [0.7653858016873494, 0.8850727153954416, 0.7653858016873494, 0.4516481465484667, 0.8451770774927443, 0.6260606530260836, 0.5742281727082242, 0.6260606530260836, 0.5742281727082242, 0.7206619146809711]
Round=14, per client global perf=[0.3436, 0.9127, 0.826, 0.0005, 0.4118, 0.0044, 0.702, 0.2667, 0.4554, 0.0069], mean perf=8017/20400 (0.3930%)
Round=14, per client personal perf=[0.9436, 0.9926, 0.9613, 0.9936, 0.975, 0.8971, 0.8289, 0.9525, 0.9985, 0.5887], mean perf=18629/20400 (0.9132%)
Round=14, per client personal pooled=[0.1887, 0.1967, 0.1911, 0.1996, 0.1959, 0.1812, 0.1638, 0.1903, 0.2007, 0.1151], mean perf=37189/204000 (0.1823%)
Mean performance of unidp ditto dp global, Perf=0.3847
Mean performance of unidp ditto dp personal, Perf=0.8957
Mean performance of unidp ditto dp pooled, Perf=0.1788
---EPSILON 4 ---
default_sample_rate: 0.03232323232323232
noise_multiplier :  0.93994140625
default_sample_rate: 0.03232323232323232
noise_multiplier :  0.833740234375
learning rate =  0.001
sample_rate: 0.03, expected_batch_size: 128
sample_rate: 0.03, expected_batch_size: 128
sample_rate: 0.03, expected_batch_size: 128
sample_rate: 0.03, expected_batch_size: 128
sample_rate: 0.03, expected_batch_size: 128
sample_rate: 0.03, expected_batch_size: 128
sample_rate: 0.03, expected_batch_size: 128
sample_rate: 0.03, expected_batch_size: 128
sample_rate: 0.03, expected_batch_size: 128
sample_rate: 0.03, expected_batch_size: 128
sample_rate: 0.03, expected_batch_size: 128
sample_rate: 0.03, expected_batch_size: 128
sample_rate: 0.03, expected_batch_size: 128
sample_rate: 0.03, expected_batch_size: 128
sample_rate: 0.03, expected_batch_size: 128
sample_rate: 0.03, expected_batch_size: 128
sample_rate: 0.03, expected_batch_size: 128
sample_rate: 0.03, expected_batch_size: 128
sample_rate: 0.03, expected_batch_size: 128
sample_rate: 0.03, expected_batch_size: 128
initial privacy cost of all clients:  [0, 0, 0, 0, 0, 0, 0, 0, 0, 0]
Round=0
Round=1
Round=2
Round=3
Round=4
Round=5
Round=6
Round=7
Round=8
Round=9
Round=10
Round=11
Round=12
Round=13
Round=14
current privacy cost of all clients:  [3.083714743273034, 3.594018024307722, 3.083714743273034, 2.04500887038821, 3.4239169306294928, 2.573411462238345, 2.4033103685601156, 2.573411462238345, 2.4033103685601156, 2.9136136495948044]
Round=14, per client global perf=[0.2603, 0.9162, 0.7363, 0.0, 0.4108, 0.0, 0.7877, 0.352, 0.4559, 0.0], mean perf=7995/20400 (0.3919%)
Round=14, per client personal perf=[0.9495, 0.9946, 0.9637, 0.9917, 0.9887, 0.9255, 0.8578, 0.9711, 0.999, 0.6113], mean perf=18876/20400 (0.9253%)
Round=14, per client personal pooled=[0.19, 0.1971, 0.1914, 0.1993, 0.1987, 0.1867, 0.1685, 0.1939, 0.2008, 0.1199], mean perf=37663/204000 (0.1846%)
Mean performance of unidp ditto dp global, Perf=0.3951
Mean performance of unidp ditto dp personal, Perf=0.9233
Mean performance of unidp ditto dp pooled, Perf=0.1843
---EPSILON 8 ---
default_sample_rate: 0.03232323232323232
noise_multiplier :  0.72021484375
default_sample_rate: 0.03232323232323232
noise_multiplier :  0.64788818359375
learning rate =  0.001
sample_rate: 0.03, expected_batch_size: 128
sample_rate: 0.03, expected_batch_size: 128
sample_rate: 0.03, expected_batch_size: 128
sample_rate: 0.03, expected_batch_size: 128
sample_rate: 0.03, expected_batch_size: 128
sample_rate: 0.03, expected_batch_size: 128
sample_rate: 0.03, expected_batch_size: 128
sample_rate: 0.03, expected_batch_size: 128
sample_rate: 0.03, expected_batch_size: 128
sample_rate: 0.03, expected_batch_size: 128
sample_rate: 0.03, expected_batch_size: 128
sample_rate: 0.03, expected_batch_size: 128
sample_rate: 0.03, expected_batch_size: 128
sample_rate: 0.03, expected_batch_size: 128
sample_rate: 0.03, expected_batch_size: 128
sample_rate: 0.03, expected_batch_size: 128
sample_rate: 0.03, expected_batch_size: 128
sample_rate: 0.03, expected_batch_size: 128
sample_rate: 0.03, expected_batch_size: 128
sample_rate: 0.03, expected_batch_size: 128
initial privacy cost of all clients:  [0, 0, 0, 0, 0, 0, 0, 0, 0, 0]
Round=0
Round=1
Round=2
Round=3
Round=4
Round=5
Round=6
Round=7
Round=8
Round=9
Round=10
Round=11
Round=12
Round=13
Round=14
current privacy cost of all clients:  [6.735473089270566, 7.497084685445106, 6.735473089270566, 3.9112286211227545, 7.332449371479868, 5.323350855196661, 4.852643443838692, 5.323350855196661, 4.852643443838692, 6.264765677912597]
Round=14, per client global perf=[0.2431, 0.9142, 0.7137, 0.0, 0.4108, 0.0, 0.7868, 0.3471, 0.4544, 0.0], mean perf=7895/20400 (0.3870%)
Round=14, per client personal perf=[0.9505, 0.9951, 0.9637, 0.9961, 0.9926, 0.9314, 0.8637, 0.976, 0.999, 0.6216], mean perf=18951/20400 (0.9290%)
Round=14, per client personal pooled=[0.1903, 0.1972, 0.1915, 0.2, 0.1992, 0.1881, 0.17, 0.1948, 0.2008, 0.1217], mean perf=37816/204000 (0.1854%)
Mean performance of unidp ditto dp global, Perf=0.3896
Mean performance of unidp ditto dp personal, Perf=0.9256
Mean performance of unidp ditto dp pooled, Perf=0.1848
---EPSILON 16 ---
default_sample_rate: 0.03232323232323232
noise_multiplier :  0.567169189453125
default_sample_rate: 0.03232323232323232
noise_multiplier :  0.5263900756835938
learning rate =  0.001
sample_rate: 0.03, expected_batch_size: 128
sample_rate: 0.03, expected_batch_size: 128
sample_rate: 0.03, expected_batch_size: 128
sample_rate: 0.03, expected_batch_size: 128
sample_rate: 0.03, expected_batch_size: 128
sample_rate: 0.03, expected_batch_size: 128
sample_rate: 0.03, expected_batch_size: 128
sample_rate: 0.03, expected_batch_size: 128
sample_rate: 0.03, expected_batch_size: 128
sample_rate: 0.03, expected_batch_size: 128
sample_rate: 0.03, expected_batch_size: 128
sample_rate: 0.03, expected_batch_size: 128
sample_rate: 0.03, expected_batch_size: 128
sample_rate: 0.03, expected_batch_size: 128
sample_rate: 0.03, expected_batch_size: 128
sample_rate: 0.03, expected_batch_size: 128
sample_rate: 0.03, expected_batch_size: 128
sample_rate: 0.03, expected_batch_size: 128
sample_rate: 0.03, expected_batch_size: 128
sample_rate: 0.03, expected_batch_size: 128
initial privacy cost of all clients:  [0, 0, 0, 0, 0, 0, 0, 0, 0, 0]
Round=0
Round=1
Round=2
Round=3
Round=4
Round=5
Round=6
Round=7
Round=8
Round=9
Round=10
Round=11
Round=12
Round=13
Round=14
current privacy cost of all clients:  [11.80405874178763, 13.898258016429423, 11.80405874178763, 7.6156601925040395, 13.200191591548824, 9.709859467145835, 9.011793042265237, 9.709859467145835, 9.011793042265237, 11.105992316907031]
Round=14, per client global perf=[0.2309, 0.9127, 0.7, 0.0, 0.4147, 0.0, 0.7926, 0.3534, 0.4515, 0.0], mean perf=7866/20400 (0.3856%)
Round=14, per client personal perf=[0.9515, 0.9961, 0.9647, 0.9966, 0.9946, 0.9431, 0.8716, 0.9804, 0.999, 0.6294], mean perf=19027/20400 (0.9327%)
Round=14, per client personal pooled=[0.1905, 0.1973, 0.1916, 0.2001, 0.1997, 0.1904, 0.1717, 0.1957, 0.2008, 0.1234], mean perf=37969/204000 (0.1861%)
Mean performance of unidp ditto dp global, Perf=0.3814
Mean performance of unidp ditto dp personal, Perf=0.9294
Mean performance of unidp ditto dp pooled, Perf=0.1855
--- Finished seed: 44 ---
--- Seed: 45 ---
--- Personal steps: 15 ---
---EPSILON 0 ---
default_sample_rate: 0.03232323232323232
noise_multiplier :  640
default_sample_rate: 0.03232323232323232
noise_multiplier :  320
learning rate =  0.001
sample_rate: 0.03, expected_batch_size: 128
sample_rate: 0.03, expected_batch_size: 128
sample_rate: 0.03, expected_batch_size: 128
sample_rate: 0.03, expected_batch_size: 128
sample_rate: 0.03, expected_batch_size: 128
sample_rate: 0.03, expected_batch_size: 128
sample_rate: 0.03, expected_batch_size: 128
sample_rate: 0.03, expected_batch_size: 128
sample_rate: 0.03, expected_batch_size: 128
sample_rate: 0.03, expected_batch_size: 128
sample_rate: 0.03, expected_batch_size: 128
sample_rate: 0.03, expected_batch_size: 128
sample_rate: 0.03, expected_batch_size: 128
sample_rate: 0.03, expected_batch_size: 128
sample_rate: 0.03, expected_batch_size: 128
sample_rate: 0.03, expected_batch_size: 128
sample_rate: 0.03, expected_batch_size: 128
sample_rate: 0.03, expected_batch_size: 128
sample_rate: 0.03, expected_batch_size: 128
sample_rate: 0.03, expected_batch_size: 128
initial privacy cost of all clients:  [0, 0, 0, 0, 0, 0, 0, 0, 0, 0]
Round=0
Round=1
Round=2
Round=3
Round=4
Round=5
Round=6
Round=7
Round=8
Round=9
Round=10
Round=11
Round=12
Round=13
Round=14
current privacy cost of all clients:  [-0.0007661340148727439, -0.0007661340148727439, -0.0007933904687212481, -0.0008775257334739981, -0.0007661340148727439, -0.0007138724572436134, -0.0007661340148727439, -0.0008494097935163293, -0.0007400032360581786, -0.0007138724572436134]
Round=14, per client global perf=[0.0015, 0.0098, 0.0015, 0.0069, 0.0088, 0.4402, 0.0, 0.0, 0.0098, 0.4525], mean perf=1899/20400 (0.0931%)
Round=14, per client personal perf=[0.1348, 0.0, 0.0, 0.0098, 0.1485, 0.5755, 0.0, 0.4373, 0.0, 0.3034], mean perf=3283/20400 (0.1609%)
Round=14, per client personal pooled=[0.0372, 0.07, 0.0991, 0.0891, 0.0861, 0.1143, 0.1066, 0.0893, 0.028, 0.0632], mean perf=15970/204000 (0.0783%)
Mean performance of unidp ditto dp global, Perf=0.0896
Mean performance of unidp ditto dp personal, Perf=0.1457
Mean performance of unidp ditto dp pooled, Perf=0.0754
---EPSILON 0.1 ---
default_sample_rate: 0.03232323232323232
noise_multiplier :  13.75
default_sample_rate: 0.03232323232323232
noise_multiplier :  7.5
learning rate =  0.001
sample_rate: 0.03, expected_batch_size: 128
sample_rate: 0.03, expected_batch_size: 128
sample_rate: 0.03, expected_batch_size: 128
sample_rate: 0.03, expected_batch_size: 128
sample_rate: 0.03, expected_batch_size: 128
sample_rate: 0.03, expected_batch_size: 128
sample_rate: 0.03, expected_batch_size: 128
sample_rate: 0.03, expected_batch_size: 128
sample_rate: 0.03, expected_batch_size: 128
sample_rate: 0.03, expected_batch_size: 128
sample_rate: 0.03, expected_batch_size: 128
sample_rate: 0.03, expected_batch_size: 128
sample_rate: 0.03, expected_batch_size: 128
sample_rate: 0.03, expected_batch_size: 128
sample_rate: 0.03, expected_batch_size: 128
sample_rate: 0.03, expected_batch_size: 128
sample_rate: 0.03, expected_batch_size: 128
sample_rate: 0.03, expected_batch_size: 128
sample_rate: 0.03, expected_batch_size: 128
sample_rate: 0.03, expected_batch_size: 128
initial privacy cost of all clients:  [0, 0, 0, 0, 0, 0, 0, 0, 0, 0]
Round=0
Round=1
Round=2
Round=3
Round=4
Round=5
Round=6
Round=7
Round=8
Round=9
Round=10
Round=11
Round=12
Round=13
Round=14
current privacy cost of all clients:  [0.06861627244984228, 0.06861627244984228, 0.0636130274845621, 0.04658500139459702, 0.06861627244984228, 0.07775445513440044, 0.06861627244984228, 0.052721685568101175, 0.07323580287115607, 0.07775445513440044]
Round=14, per client global perf=[0.0029, 0.377, 0.349, 0.0, 0.0005, 0.4975, 0.0, 0.0, 0.0284, 0.5049], mean perf=3591/20400 (0.1760%)
Round=14, per client personal perf=[0.7804, 0.9196, 0.9333, 0.498, 0.5029, 0.7623, 0.8721, 0.5186, 0.4951, 0.5225], mean perf=13882/20400 (0.6805%)
Round=14, per client personal pooled=[0.1578, 0.1829, 0.1855, 0.1001, 0.1001, 0.1534, 0.1717, 0.1019, 0.1002, 0.1037], mean perf=27690/204000 (0.1357%)
Mean performance of unidp ditto dp global, Perf=0.1460
Mean performance of unidp ditto dp personal, Perf=0.6829
Mean performance of unidp ditto dp pooled, Perf=0.1362
---EPSILON 0.5 ---
default_sample_rate: 0.03232323232323232
noise_multiplier :  3.671875
default_sample_rate: 0.03232323232323232
noise_multiplier :  2.1484375
learning rate =  0.001
sample_rate: 0.03, expected_batch_size: 128
sample_rate: 0.03, expected_batch_size: 128
sample_rate: 0.03, expected_batch_size: 128
sample_rate: 0.03, expected_batch_size: 128
sample_rate: 0.03, expected_batch_size: 128
sample_rate: 0.03, expected_batch_size: 128
sample_rate: 0.03, expected_batch_size: 128
sample_rate: 0.03, expected_batch_size: 128
sample_rate: 0.03, expected_batch_size: 128
sample_rate: 0.03, expected_batch_size: 128
sample_rate: 0.03, expected_batch_size: 128
sample_rate: 0.03, expected_batch_size: 128
sample_rate: 0.03, expected_batch_size: 128
sample_rate: 0.03, expected_batch_size: 128
sample_rate: 0.03, expected_batch_size: 128
sample_rate: 0.03, expected_batch_size: 128
sample_rate: 0.03, expected_batch_size: 128
sample_rate: 0.03, expected_batch_size: 128
sample_rate: 0.03, expected_batch_size: 128
sample_rate: 0.03, expected_batch_size: 128
initial privacy cost of all clients:  [0, 0, 0, 0, 0, 0, 0, 0, 0, 0]
Round=0
Round=1
Round=2
Round=3
Round=4
Round=5
Round=6
Round=7
Round=8
Round=9
Round=10
Round=11
Round=12
Round=13
Round=14
current privacy cost of all clients:  [0.3537320706559622, 0.3537320706559622, 0.33033357372458066, 0.24971232645595445, 0.3537320706559622, 0.39649964853357994, 0.3537320706559622, 0.279070325668136, 0.37555379650408366, 0.39649964853357994]
Round=14, per client global perf=[0.2113, 0.8569, 0.6304, 0.0926, 0.499, 0.0819, 0.6446, 0.2853, 0.4873, 0.0132], mean perf=7757/20400 (0.3802%)
Round=14, per client personal perf=[0.7466, 0.9235, 0.948, 0.498, 0.9426, 0.8789, 0.8294, 0.9127, 0.998, 0.6113], mean perf=16910/20400 (0.8289%)
Round=14, per client personal pooled=[0.1518, 0.1836, 0.1885, 0.1001, 0.1895, 0.1772, 0.1631, 0.1822, 0.2004, 0.1206], mean perf=33803/204000 (0.1657%)
Mean performance of unidp ditto dp global, Perf=0.3565
Mean performance of unidp ditto dp personal, Perf=0.8257
Mean performance of unidp ditto dp pooled, Perf=0.1651
---EPSILON 1 ---
default_sample_rate: 0.03232323232323232
noise_multiplier :  2.12890625
default_sample_rate: 0.03232323232323232
noise_multiplier :  1.3671875
learning rate =  0.001
sample_rate: 0.03, expected_batch_size: 128
sample_rate: 0.03, expected_batch_size: 128
sample_rate: 0.03, expected_batch_size: 128
sample_rate: 0.03, expected_batch_size: 128
sample_rate: 0.03, expected_batch_size: 128
sample_rate: 0.03, expected_batch_size: 128
sample_rate: 0.03, expected_batch_size: 128
sample_rate: 0.03, expected_batch_size: 128
sample_rate: 0.03, expected_batch_size: 128
sample_rate: 0.03, expected_batch_size: 128
sample_rate: 0.03, expected_batch_size: 128
sample_rate: 0.03, expected_batch_size: 128
sample_rate: 0.03, expected_batch_size: 128
sample_rate: 0.03, expected_batch_size: 128
sample_rate: 0.03, expected_batch_size: 128
sample_rate: 0.03, expected_batch_size: 128
sample_rate: 0.03, expected_batch_size: 128
sample_rate: 0.03, expected_batch_size: 128
sample_rate: 0.03, expected_batch_size: 128
sample_rate: 0.03, expected_batch_size: 128
initial privacy cost of all clients:  [0, 0, 0, 0, 0, 0, 0, 0, 0, 0]
Round=0
Round=1
Round=2
Round=3
Round=4
Round=5
Round=6
Round=7
Round=8
Round=9
Round=10
Round=11
Round=12
Round=13
Round=14
current privacy cost of all clients:  [0.7206619146809711, 0.7206619146809711, 0.6750386529476061, 0.5160637025135262, 0.7206619146809711, 0.8052814395900469, 0.7206619146809711, 0.5742281727082242, 0.7653858016873494, 0.8052814395900469]
Round=14, per client global perf=[0.327, 0.8745, 0.7461, 0.298, 0.6142, 0.0, 0.5936, 0.152, 0.6108, 0.0078], mean perf=8617/20400 (0.4224%)
Round=14, per client personal perf=[0.7436, 0.9451, 0.9623, 0.5005, 0.9559, 0.9005, 0.8093, 0.9304, 0.9985, 0.6005], mean perf=17027/20400 (0.8347%)
Round=14, per client personal pooled=[0.1514, 0.188, 0.191, 0.1006, 0.1919, 0.1815, 0.1597, 0.1863, 0.2006, 0.1179], mean perf=34048/204000 (0.1669%)
Mean performance of unidp ditto dp global, Perf=0.3651
Mean performance of unidp ditto dp personal, Perf=0.8326
Mean performance of unidp ditto dp pooled, Perf=0.1665
---EPSILON 4 ---
default_sample_rate: 0.03232323232323232
noise_multiplier :  0.93994140625
default_sample_rate: 0.03232323232323232
noise_multiplier :  0.736083984375
learning rate =  0.001
sample_rate: 0.03, expected_batch_size: 128
sample_rate: 0.03, expected_batch_size: 128
sample_rate: 0.03, expected_batch_size: 128
sample_rate: 0.03, expected_batch_size: 128
sample_rate: 0.03, expected_batch_size: 128
sample_rate: 0.03, expected_batch_size: 128
sample_rate: 0.03, expected_batch_size: 128
sample_rate: 0.03, expected_batch_size: 128
sample_rate: 0.03, expected_batch_size: 128
sample_rate: 0.03, expected_batch_size: 128
sample_rate: 0.03, expected_batch_size: 128
sample_rate: 0.03, expected_batch_size: 128
sample_rate: 0.03, expected_batch_size: 128
sample_rate: 0.03, expected_batch_size: 128
sample_rate: 0.03, expected_batch_size: 128
sample_rate: 0.03, expected_batch_size: 128
sample_rate: 0.03, expected_batch_size: 128
sample_rate: 0.03, expected_batch_size: 128
sample_rate: 0.03, expected_batch_size: 128
sample_rate: 0.03, expected_batch_size: 128
initial privacy cost of all clients:  [0, 0, 0, 0, 0, 0, 0, 0, 0, 0]
Round=0
Round=1
Round=2
Round=3
Round=4
Round=5
Round=6
Round=7
Round=8
Round=9
Round=10
Round=11
Round=12
Round=13
Round=14
current privacy cost of all clients:  [2.9136136495948044, 2.9136136495948044, 2.743512555916575, 2.233209274881886, 2.9136136495948044, 3.2538158369512633, 2.9136136495948044, 2.4033103685601156, 3.083714743273034, 3.2538158369512633]
Round=14, per client global perf=[0.3662, 0.8613, 0.7426, 0.4402, 0.7711, 0.0, 0.5569, 0.0755, 0.6343, 0.0074], mean perf=9089/20400 (0.4455%)
Round=14, per client personal perf=[0.7583, 0.9652, 0.9647, 0.9946, 0.9681, 0.9245, 0.8368, 0.95, 0.998, 0.5975], mean perf=18274/20400 (0.8958%)
Round=14, per client personal pooled=[0.1543, 0.1921, 0.1915, 0.1998, 0.1943, 0.1859, 0.1645, 0.1902, 0.2005, 0.1166], mean perf=36507/204000 (0.1790%)
Mean performance of unidp ditto dp global, Perf=0.3776
Mean performance of unidp ditto dp personal, Perf=0.8916
Mean performance of unidp ditto dp pooled, Perf=0.1782
---EPSILON 8 ---
default_sample_rate: 0.03232323232323232
noise_multiplier :  0.72021484375
default_sample_rate: 0.03232323232323232
noise_multiplier :  0.5743408203125
learning rate =  0.001
sample_rate: 0.03, expected_batch_size: 128
sample_rate: 0.03, expected_batch_size: 128
sample_rate: 0.03, expected_batch_size: 128
sample_rate: 0.03, expected_batch_size: 128
sample_rate: 0.03, expected_batch_size: 128
sample_rate: 0.03, expected_batch_size: 128
sample_rate: 0.03, expected_batch_size: 128
sample_rate: 0.03, expected_batch_size: 128
sample_rate: 0.03, expected_batch_size: 128
sample_rate: 0.03, expected_batch_size: 128
sample_rate: 0.03, expected_batch_size: 128
sample_rate: 0.03, expected_batch_size: 128
sample_rate: 0.03, expected_batch_size: 128
sample_rate: 0.03, expected_batch_size: 128
sample_rate: 0.03, expected_batch_size: 128
sample_rate: 0.03, expected_batch_size: 128
sample_rate: 0.03, expected_batch_size: 128
sample_rate: 0.03, expected_batch_size: 128
sample_rate: 0.03, expected_batch_size: 128
sample_rate: 0.03, expected_batch_size: 128
initial privacy cost of all clients:  [0, 0, 0, 0, 0, 0, 0, 0, 0, 0]
Round=0
Round=1
Round=2
Round=3
Round=4
Round=5
Round=6
Round=7
Round=8
Round=9
Round=10
Round=11
Round=12
Round=13
Round=14
current privacy cost of all clients:  [6.264765677912597, 6.264765677912597, 5.794058266554629, 4.381936032480723, 6.264765677912597, 7.167814057514629, 6.264765677912597, 4.852643443838692, 6.735473089270566, 7.167814057514629]
Round=14, per client global perf=[0.3544, 0.8588, 0.7225, 0.3485, 0.7922, 0.0, 0.4907, 0.0044, 0.5328, 0.0039], mean perf=8381/20400 (0.4108%)
Round=14, per client personal perf=[0.7789, 0.9696, 0.9667, 0.998, 0.9706, 0.9324, 0.8412, 0.9505, 0.9985, 0.5941], mean perf=18361/20400 (0.9000%)
Round=14, per client personal pooled=[0.1584, 0.1933, 0.1917, 0.2005, 0.1949, 0.1879, 0.1651, 0.1901, 0.2006, 0.1164], mean perf=36700/204000 (0.1799%)
Mean performance of unidp ditto dp global, Perf=0.3785
Mean performance of unidp ditto dp personal, Perf=0.8972
Mean performance of unidp ditto dp pooled, Perf=0.1793
---EPSILON 16 ---
default_sample_rate: 0.03232323232323232
noise_multiplier :  0.567169189453125
default_sample_rate: 0.03232323232323232
noise_multiplier :  0.48187255859375
learning rate =  0.001
sample_rate: 0.03, expected_batch_size: 128
sample_rate: 0.03, expected_batch_size: 128
sample_rate: 0.03, expected_batch_size: 128
sample_rate: 0.03, expected_batch_size: 128
sample_rate: 0.03, expected_batch_size: 128
sample_rate: 0.03, expected_batch_size: 128
sample_rate: 0.03, expected_batch_size: 128
sample_rate: 0.03, expected_batch_size: 128
sample_rate: 0.03, expected_batch_size: 128
sample_rate: 0.03, expected_batch_size: 128
sample_rate: 0.03, expected_batch_size: 128
sample_rate: 0.03, expected_batch_size: 128
sample_rate: 0.03, expected_batch_size: 128
sample_rate: 0.03, expected_batch_size: 128
sample_rate: 0.03, expected_batch_size: 128
sample_rate: 0.03, expected_batch_size: 128
sample_rate: 0.03, expected_batch_size: 128
sample_rate: 0.03, expected_batch_size: 128
sample_rate: 0.03, expected_batch_size: 128
sample_rate: 0.03, expected_batch_size: 128
initial privacy cost of all clients:  [0, 0, 0, 0, 0, 0, 0, 0, 0, 0]
Round=0
Round=1
Round=2
Round=3
Round=4
Round=5
Round=6
Round=7
Round=8
Round=9
Round=10
Round=11
Round=12
Round=13
Round=14
current privacy cost of all clients:  [11.105992316907031, 11.105992316907031, 10.407925892026432, 8.313726617384638, 11.105992316907031, 12.502125166668227, 11.105992316907031, 9.011793042265237, 11.80405874178763, 12.502125166668227]
Round=14, per client global perf=[0.1319, 0.8676, 0.5167, 0.4588, 0.7755, 0.0, 0.6059, 0.1441, 0.6387, 0.001], mean perf=8446/20400 (0.4140%)
Round=14, per client personal perf=[0.8064, 0.9779, 0.9667, 0.9975, 0.9721, 0.9382, 0.8422, 0.9623, 0.9985, 0.5956], mean perf=18477/20400 (0.9057%)
Round=14, per client personal pooled=[0.1633, 0.1943, 0.1918, 0.2004, 0.1954, 0.189, 0.1655, 0.1923, 0.2006, 0.1167], mean perf=36908/204000 (0.1809%)
Mean performance of unidp ditto dp global, Perf=0.3478
Mean performance of unidp ditto dp personal, Perf=0.9032
Mean performance of unidp ditto dp pooled, Perf=0.1803
--- Personal steps: 30 ---
---EPSILON 0 ---
default_sample_rate: 0.03232323232323232
noise_multiplier :  640
default_sample_rate: 0.03232323232323232
noise_multiplier :  320
learning rate =  0.001
sample_rate: 0.03, expected_batch_size: 128
sample_rate: 0.03, expected_batch_size: 128
sample_rate: 0.03, expected_batch_size: 128
sample_rate: 0.03, expected_batch_size: 128
sample_rate: 0.03, expected_batch_size: 128
sample_rate: 0.03, expected_batch_size: 128
sample_rate: 0.03, expected_batch_size: 128
sample_rate: 0.03, expected_batch_size: 128
sample_rate: 0.03, expected_batch_size: 128
sample_rate: 0.03, expected_batch_size: 128
sample_rate: 0.03, expected_batch_size: 128
sample_rate: 0.03, expected_batch_size: 128
sample_rate: 0.03, expected_batch_size: 128
sample_rate: 0.03, expected_batch_size: 128
sample_rate: 0.03, expected_batch_size: 128
sample_rate: 0.03, expected_batch_size: 128
sample_rate: 0.03, expected_batch_size: 128
sample_rate: 0.03, expected_batch_size: 128
sample_rate: 0.03, expected_batch_size: 128
sample_rate: 0.03, expected_batch_size: 128
initial privacy cost of all clients:  [0, 0, 0, 0, 0, 0, 0, 0, 0, 0]
Round=0
Round=1
Round=2
Round=3
Round=4
Round=5
Round=6
Round=7
Round=8
Round=9
Round=10
Round=11
Round=12
Round=13
Round=14
current privacy cost of all clients:  [-0.0007661340148727439, -0.0007661340148727439, -0.0007933904687212481, -0.0008775257334739981, -0.0007661340148727439, -0.0007138724572436134, -0.0007661340148727439, -0.0008494097935163293, -0.0007400032360581786, -0.0007138724572436134]
Round=14, per client global perf=[0.0, 0.0, 0.0, 0.0539, 0.0466, 0.2618, 0.0, 0.0358, 0.001, 0.2387], mean perf=1301/20400 (0.0638%)
Round=14, per client personal perf=[0.3873, 0.0221, 0.1838, 0.0912, 0.5029, 0.5848, 0.0, 0.5181, 0.2549, 0.3402], mean perf=5886/20400 (0.2885%)
Round=14, per client personal pooled=[0.0827, 0.1029, 0.0982, 0.1059, 0.1001, 0.1188, 0.0659, 0.1018, 0.1096, 0.1645], mean perf=21429/204000 (0.1050%)
Mean performance of unidp ditto dp global, Perf=0.0756
Mean performance of unidp ditto dp personal, Perf=0.2678
Mean performance of unidp ditto dp pooled, Perf=0.1007
---EPSILON 0.1 ---
default_sample_rate: 0.03232323232323232
noise_multiplier :  13.75
default_sample_rate: 0.03232323232323232
noise_multiplier :  11.25
learning rate =  0.001
sample_rate: 0.03, expected_batch_size: 128
sample_rate: 0.03, expected_batch_size: 128
sample_rate: 0.03, expected_batch_size: 128
sample_rate: 0.03, expected_batch_size: 128
sample_rate: 0.03, expected_batch_size: 128
sample_rate: 0.03, expected_batch_size: 128
sample_rate: 0.03, expected_batch_size: 128
sample_rate: 0.03, expected_batch_size: 128
sample_rate: 0.03, expected_batch_size: 128
sample_rate: 0.03, expected_batch_size: 128
sample_rate: 0.03, expected_batch_size: 128
sample_rate: 0.03, expected_batch_size: 128
sample_rate: 0.03, expected_batch_size: 128
sample_rate: 0.03, expected_batch_size: 128
sample_rate: 0.03, expected_batch_size: 128
sample_rate: 0.03, expected_batch_size: 128
sample_rate: 0.03, expected_batch_size: 128
sample_rate: 0.03, expected_batch_size: 128
sample_rate: 0.03, expected_batch_size: 128
sample_rate: 0.03, expected_batch_size: 128
initial privacy cost of all clients:  [0, 0, 0, 0, 0, 0, 0, 0, 0, 0]
Round=0
Round=1
Round=2
Round=3
Round=4
Round=5
Round=6
Round=7
Round=8
Round=9
Round=10
Round=11
Round=12
Round=13
Round=14
current privacy cost of all clients:  [0.06861627244984228, 0.06861627244984228, 0.0636130274845621, 0.04658500139459702, 0.06861627244984228, 0.07775445513440044, 0.06861627244984228, 0.052721685568101175, 0.07323580287115607, 0.07775445513440044]
Round=14, per client global perf=[0.0108, 0.3284, 0.3265, 0.0, 0.0034, 0.6882, 0.001, 0.2127, 0.002, 0.4956], mean perf=4220/20400 (0.2069%)
Round=14, per client personal perf=[0.6034, 0.9025, 0.9098, 0.498, 0.8387, 0.777, 0.4907, 0.5922, 0.5245, 0.6123], mean perf=13768/20400 (0.6749%)
Round=14, per client personal pooled=[0.1191, 0.1795, 0.1802, 0.1001, 0.1676, 0.1562, 0.0972, 0.1171, 0.1061, 0.1215], mean perf=27429/204000 (0.1345%)
Mean performance of unidp ditto dp global, Perf=0.1835
Mean performance of unidp ditto dp personal, Perf=0.6647
Mean performance of unidp ditto dp pooled, Perf=0.1326
---EPSILON 0.5 ---
default_sample_rate: 0.03232323232323232
noise_multiplier :  3.671875
default_sample_rate: 0.03232323232323232
noise_multiplier :  2.890625
learning rate =  0.001
sample_rate: 0.03, expected_batch_size: 128
sample_rate: 0.03, expected_batch_size: 128
sample_rate: 0.03, expected_batch_size: 128
sample_rate: 0.03, expected_batch_size: 128
sample_rate: 0.03, expected_batch_size: 128
sample_rate: 0.03, expected_batch_size: 128
sample_rate: 0.03, expected_batch_size: 128
sample_rate: 0.03, expected_batch_size: 128
sample_rate: 0.03, expected_batch_size: 128
sample_rate: 0.03, expected_batch_size: 128
sample_rate: 0.03, expected_batch_size: 128
sample_rate: 0.03, expected_batch_size: 128
sample_rate: 0.03, expected_batch_size: 128
sample_rate: 0.03, expected_batch_size: 128
sample_rate: 0.03, expected_batch_size: 128
sample_rate: 0.03, expected_batch_size: 128
sample_rate: 0.03, expected_batch_size: 128
sample_rate: 0.03, expected_batch_size: 128
sample_rate: 0.03, expected_batch_size: 128
sample_rate: 0.03, expected_batch_size: 128
initial privacy cost of all clients:  [0, 0, 0, 0, 0, 0, 0, 0, 0, 0]
Round=0
Round=1
Round=2
Round=3
Round=4
Round=5
Round=6
Round=7
Round=8
Round=9
Round=10
Round=11
Round=12
Round=13
Round=14
current privacy cost of all clients:  [0.3537320706559622, 0.3537320706559622, 0.33033357372458066, 0.24971232645595445, 0.3537320706559622, 0.39649964853357994, 0.3537320706559622, 0.279070325668136, 0.37555379650408366, 0.39649964853357994]
Round=14, per client global perf=[0.1843, 0.8505, 0.6172, 0.0235, 0.4397, 0.2877, 0.6064, 0.4647, 0.4647, 0.0211], mean perf=8078/20400 (0.3960%)
Round=14, per client personal perf=[0.7328, 0.95, 0.9647, 0.9652, 0.9642, 0.9142, 0.8407, 0.9309, 0.999, 0.5775], mean perf=18032/20400 (0.8839%)
Round=14, per client personal pooled=[0.1486, 0.189, 0.1914, 0.1944, 0.1933, 0.1842, 0.1653, 0.1867, 0.2007, 0.1164], mean perf=36107/204000 (0.1770%)
Mean performance of unidp ditto dp global, Perf=0.3631
Mean performance of unidp ditto dp personal, Perf=0.8681
Mean performance of unidp ditto dp pooled, Perf=0.1740
---EPSILON 1 ---
default_sample_rate: 0.03232323232323232
noise_multiplier :  2.12890625
default_sample_rate: 0.03232323232323232
noise_multiplier :  1.728515625
learning rate =  0.001
sample_rate: 0.03, expected_batch_size: 128
sample_rate: 0.03, expected_batch_size: 128
sample_rate: 0.03, expected_batch_size: 128
sample_rate: 0.03, expected_batch_size: 128
sample_rate: 0.03, expected_batch_size: 128
sample_rate: 0.03, expected_batch_size: 128
sample_rate: 0.03, expected_batch_size: 128
sample_rate: 0.03, expected_batch_size: 128
sample_rate: 0.03, expected_batch_size: 128
sample_rate: 0.03, expected_batch_size: 128
sample_rate: 0.03, expected_batch_size: 128
sample_rate: 0.03, expected_batch_size: 128
sample_rate: 0.03, expected_batch_size: 128
sample_rate: 0.03, expected_batch_size: 128
sample_rate: 0.03, expected_batch_size: 128
sample_rate: 0.03, expected_batch_size: 128
sample_rate: 0.03, expected_batch_size: 128
sample_rate: 0.03, expected_batch_size: 128
sample_rate: 0.03, expected_batch_size: 128
sample_rate: 0.03, expected_batch_size: 128
initial privacy cost of all clients:  [0, 0, 0, 0, 0, 0, 0, 0, 0, 0]
Round=0
Round=1
Round=2
Round=3
Round=4
Round=5
Round=6
Round=7
Round=8
Round=9
Round=10
Round=11
Round=12
Round=13
Round=14
current privacy cost of all clients:  [0.7206619146809711, 0.7206619146809711, 0.6750386529476061, 0.5160637025135262, 0.7206619146809711, 0.8052814395900469, 0.7206619146809711, 0.5742281727082242, 0.7653858016873494, 0.8052814395900469]
Round=14, per client global perf=[0.2667, 0.8765, 0.6569, 0.3049, 0.6181, 0.0779, 0.6475, 0.301, 0.6074, 0.0118], mean perf=8912/20400 (0.4369%)
Round=14, per client personal perf=[0.798, 0.9647, 0.9647, 0.998, 0.9706, 0.9358, 0.8539, 0.9559, 0.9985, 0.5956], mean perf=18433/20400 (0.9036%)
Round=14, per client personal pooled=[0.1618, 0.1922, 0.1914, 0.2005, 0.195, 0.1883, 0.1673, 0.1913, 0.2007, 0.1162], mean perf=36816/204000 (0.1805%)
Mean performance of unidp ditto dp global, Perf=0.3975
Mean performance of unidp ditto dp personal, Perf=0.8989
Mean performance of unidp ditto dp pooled, Perf=0.1797
---EPSILON 4 ---
default_sample_rate: 0.03232323232323232
noise_multiplier :  0.93994140625
default_sample_rate: 0.03232323232323232
noise_multiplier :  0.833740234375
learning rate =  0.001
sample_rate: 0.03, expected_batch_size: 128
sample_rate: 0.03, expected_batch_size: 128
sample_rate: 0.03, expected_batch_size: 128
sample_rate: 0.03, expected_batch_size: 128
sample_rate: 0.03, expected_batch_size: 128
sample_rate: 0.03, expected_batch_size: 128
sample_rate: 0.03, expected_batch_size: 128
sample_rate: 0.03, expected_batch_size: 128
sample_rate: 0.03, expected_batch_size: 128
sample_rate: 0.03, expected_batch_size: 128
sample_rate: 0.03, expected_batch_size: 128
sample_rate: 0.03, expected_batch_size: 128
sample_rate: 0.03, expected_batch_size: 128
sample_rate: 0.03, expected_batch_size: 128
sample_rate: 0.03, expected_batch_size: 128
sample_rate: 0.03, expected_batch_size: 128
sample_rate: 0.03, expected_batch_size: 128
sample_rate: 0.03, expected_batch_size: 128
sample_rate: 0.03, expected_batch_size: 128
sample_rate: 0.03, expected_batch_size: 128
initial privacy cost of all clients:  [0, 0, 0, 0, 0, 0, 0, 0, 0, 0]
Round=0
Round=1
Round=2
Round=3
Round=4
Round=5
Round=6
Round=7
Round=8
Round=9
Round=10
Round=11
Round=12
Round=13
Round=14
current privacy cost of all clients:  [2.9136136495948044, 2.9136136495948044, 2.743512555916575, 2.233209274881886, 2.9136136495948044, 3.2538158369512633, 2.9136136495948044, 2.4033103685601156, 3.083714743273034, 3.2538158369512633]
Round=14, per client global perf=[0.3495, 0.8824, 0.7319, 0.5132, 0.6578, 0.0422, 0.5201, 0.0931, 0.8314, 0.0093], mean perf=9447/20400 (0.4631%)
Round=14, per client personal perf=[0.9402, 0.9917, 0.9662, 0.998, 0.9794, 0.9564, 0.877, 0.9721, 0.999, 0.6392], mean perf=19011/20400 (0.9319%)
Round=14, per client personal pooled=[0.1881, 0.1963, 0.1917, 0.2005, 0.1969, 0.1933, 0.1725, 0.1937, 0.2007, 0.1248], mean perf=37916/204000 (0.1859%)
Mean performance of unidp ditto dp global, Perf=0.3959
Mean performance of unidp ditto dp personal, Perf=0.9284
Mean performance of unidp ditto dp pooled, Perf=0.1852
---EPSILON 8 ---
default_sample_rate: 0.03232323232323232
noise_multiplier :  0.72021484375
default_sample_rate: 0.03232323232323232
noise_multiplier :  0.64788818359375
learning rate =  0.001
sample_rate: 0.03, expected_batch_size: 128
sample_rate: 0.03, expected_batch_size: 128
sample_rate: 0.03, expected_batch_size: 128
sample_rate: 0.03, expected_batch_size: 128
sample_rate: 0.03, expected_batch_size: 128
sample_rate: 0.03, expected_batch_size: 128
sample_rate: 0.03, expected_batch_size: 128
sample_rate: 0.03, expected_batch_size: 128
sample_rate: 0.03, expected_batch_size: 128
sample_rate: 0.03, expected_batch_size: 128
sample_rate: 0.03, expected_batch_size: 128
sample_rate: 0.03, expected_batch_size: 128
sample_rate: 0.03, expected_batch_size: 128
sample_rate: 0.03, expected_batch_size: 128
sample_rate: 0.03, expected_batch_size: 128
sample_rate: 0.03, expected_batch_size: 128
sample_rate: 0.03, expected_batch_size: 128
sample_rate: 0.03, expected_batch_size: 128
sample_rate: 0.03, expected_batch_size: 128
sample_rate: 0.03, expected_batch_size: 128
initial privacy cost of all clients:  [0, 0, 0, 0, 0, 0, 0, 0, 0, 0]
Round=0
Round=1
Round=2
Round=3
Round=4
Round=5
Round=6
Round=7
Round=8
Round=9
Round=10
Round=11
Round=12
Round=13
Round=14
current privacy cost of all clients:  [6.264765677912597, 6.264765677912597, 5.794058266554629, 4.381936032480723, 6.264765677912597, 7.167814057514629, 6.264765677912597, 4.852643443838692, 6.735473089270566, 7.167814057514629]
Round=14, per client global perf=[0.3333, 0.8745, 0.7176, 0.1971, 0.6554, 0.0966, 0.4892, 0.1015, 0.5157, 0.0044], mean perf=8130/20400 (0.3985%)
Round=14, per client personal perf=[0.9466, 0.9936, 0.9667, 0.998, 0.9838, 0.9647, 0.8858, 0.975, 0.999, 0.652], mean perf=19105/20400 (0.9365%)
Round=14, per client personal pooled=[0.1892, 0.1969, 0.1919, 0.2005, 0.1979, 0.1951, 0.1748, 0.1943, 0.2007, 0.128], mean perf=38136/204000 (0.1869%)
Mean performance of unidp ditto dp global, Perf=0.3749
Mean performance of unidp ditto dp personal, Perf=0.9334
Mean performance of unidp ditto dp pooled, Perf=0.1862
---EPSILON 16 ---
default_sample_rate: 0.03232323232323232
noise_multiplier :  0.567169189453125
default_sample_rate: 0.03232323232323232
noise_multiplier :  0.5263900756835938
learning rate =  0.001
sample_rate: 0.03, expected_batch_size: 128
sample_rate: 0.03, expected_batch_size: 128
sample_rate: 0.03, expected_batch_size: 128
sample_rate: 0.03, expected_batch_size: 128
sample_rate: 0.03, expected_batch_size: 128
sample_rate: 0.03, expected_batch_size: 128
sample_rate: 0.03, expected_batch_size: 128
sample_rate: 0.03, expected_batch_size: 128
sample_rate: 0.03, expected_batch_size: 128
sample_rate: 0.03, expected_batch_size: 128
sample_rate: 0.03, expected_batch_size: 128
sample_rate: 0.03, expected_batch_size: 128
sample_rate: 0.03, expected_batch_size: 128
sample_rate: 0.03, expected_batch_size: 128
sample_rate: 0.03, expected_batch_size: 128
sample_rate: 0.03, expected_batch_size: 128
sample_rate: 0.03, expected_batch_size: 128
sample_rate: 0.03, expected_batch_size: 128
sample_rate: 0.03, expected_batch_size: 128
sample_rate: 0.03, expected_batch_size: 128
initial privacy cost of all clients:  [0, 0, 0, 0, 0, 0, 0, 0, 0, 0]
Round=0
Round=1
Round=2
Round=3
Round=4
Round=5
Round=6
Round=7
Round=8
Round=9
Round=10
Round=11
Round=12
Round=13
Round=14
current privacy cost of all clients:  [11.105992316907031, 11.105992316907031, 10.407925892026432, 8.313726617384638, 11.105992316907031, 12.502125166668227, 11.105992316907031, 9.011793042265237, 11.80405874178763, 12.502125166668227]
Round=14, per client global perf=[0.4005, 0.8691, 0.7809, 0.0853, 0.5373, 0.0, 0.4637, 0.0, 0.4941, 0.0039], mean perf=7415/20400 (0.3635%)
Round=14, per client personal perf=[0.948, 0.9951, 0.9667, 0.998, 0.9868, 0.9691, 0.8912, 0.977, 0.9995, 0.6578], mean perf=19154/20400 (0.9389%)
Round=14, per client personal pooled=[0.1898, 0.1972, 0.192, 0.2005, 0.1984, 0.1961, 0.1756, 0.1946, 0.2008, 0.1292], mean perf=38230/204000 (0.1874%)
Mean performance of unidp ditto dp global, Perf=0.3415
Mean performance of unidp ditto dp personal, Perf=0.9362
Mean performance of unidp ditto dp pooled, Perf=0.1868
--- Finished seed: 45 ---
--- Seed: 46 ---
--- Personal steps: 15 ---
---EPSILON 0 ---
default_sample_rate: 0.03232323232323232
noise_multiplier :  640
default_sample_rate: 0.03232323232323232
noise_multiplier :  320
learning rate =  0.001
sample_rate: 0.03, expected_batch_size: 128
sample_rate: 0.03, expected_batch_size: 128
sample_rate: 0.03, expected_batch_size: 128
sample_rate: 0.03, expected_batch_size: 128
sample_rate: 0.03, expected_batch_size: 128
sample_rate: 0.03, expected_batch_size: 128
sample_rate: 0.03, expected_batch_size: 128
sample_rate: 0.03, expected_batch_size: 128
sample_rate: 0.03, expected_batch_size: 128
sample_rate: 0.03, expected_batch_size: 128
sample_rate: 0.03, expected_batch_size: 128
sample_rate: 0.03, expected_batch_size: 128
sample_rate: 0.03, expected_batch_size: 128
sample_rate: 0.03, expected_batch_size: 128
sample_rate: 0.03, expected_batch_size: 128
sample_rate: 0.03, expected_batch_size: 128
sample_rate: 0.03, expected_batch_size: 128
sample_rate: 0.03, expected_batch_size: 128
sample_rate: 0.03, expected_batch_size: 128
sample_rate: 0.03, expected_batch_size: 128
initial privacy cost of all clients:  [0, 0, 0, 0, 0, 0, 0, 0, 0, 0]
Round=0
Round=1
Round=2
Round=3
Round=4
Round=5
Round=6
Round=7
Round=8
Round=9
Round=10
Round=11
Round=12
Round=13
Round=14
current privacy cost of all clients:  [-0.0007933904687212481, -0.0007400032360581786, -0.0007933904687212481, -0.0007661340148727439, -0.0007933904687212481, -0.0007661340148727439, -0.0007661340148727439, -0.0006877416784290479, -0.0007138724572436134, -0.0007661340148727439]
Round=14, per client global perf=[0.0, 0.1025, 0.1074, 0.4975, 0.5025, 0.0, 0.0, 0.0, 0.0, 0.0], mean perf=2468/20400 (0.1210%)
Round=14, per client personal perf=[0.0, 0.4485, 0.4544, 0.4971, 0.502, 0.0377, 0.0, 0.0, 0.0, 0.001], mean perf=3959/20400 (0.1941%)
Round=14, per client personal pooled=[0.1233, 0.0896, 0.0943, 0.1229, 0.1086, 0.134, 0.116, 0.0621, 0.1066, 0.1056], mean perf=21685/204000 (0.1063%)
Mean performance of unidp ditto dp global, Perf=0.1198
Mean performance of unidp ditto dp personal, Perf=0.1907
Mean performance of unidp ditto dp pooled, Perf=0.1062
---EPSILON 0.1 ---
default_sample_rate: 0.03232323232323232
noise_multiplier :  13.75
default_sample_rate: 0.03232323232323232
noise_multiplier :  7.5
learning rate =  0.001
sample_rate: 0.03, expected_batch_size: 128
sample_rate: 0.03, expected_batch_size: 128
sample_rate: 0.03, expected_batch_size: 128
sample_rate: 0.03, expected_batch_size: 128
sample_rate: 0.03, expected_batch_size: 128
sample_rate: 0.03, expected_batch_size: 128
sample_rate: 0.03, expected_batch_size: 128
sample_rate: 0.03, expected_batch_size: 128
sample_rate: 0.03, expected_batch_size: 128
sample_rate: 0.03, expected_batch_size: 128
sample_rate: 0.03, expected_batch_size: 128
sample_rate: 0.03, expected_batch_size: 128
sample_rate: 0.03, expected_batch_size: 128
sample_rate: 0.03, expected_batch_size: 128
sample_rate: 0.03, expected_batch_size: 128
sample_rate: 0.03, expected_batch_size: 128
sample_rate: 0.03, expected_batch_size: 128
sample_rate: 0.03, expected_batch_size: 128
sample_rate: 0.03, expected_batch_size: 128
sample_rate: 0.03, expected_batch_size: 128
initial privacy cost of all clients:  [0, 0, 0, 0, 0, 0, 0, 0, 0, 0]
Round=0
Round=1
Round=2
Round=3
Round=4
Round=5
Round=6
Round=7
Round=8
Round=9
Round=10
Round=11
Round=12
Round=13
Round=14
current privacy cost of all clients:  [0.0636130274845621, 0.07323580287115607, 0.0636130274845621, 0.06861627244984228, 0.0636130274845621, 0.06861627244984228, 0.06861627244984228, 0.08199366248919779, 0.07775445513440044, 0.06861627244984228]
Round=14, per client global perf=[0.0005, 0.6515, 0.3186, 0.0, 0.0314, 0.4843, 0.5201, 0.976, 0.3211, 0.0015], mean perf=6742/20400 (0.3305%)
Round=14, per client personal perf=[0.651, 0.9098, 0.8103, 0.7451, 0.8093, 0.777, 0.6265, 0.9328, 0.9711, 0.6172], mean perf=16014/20400 (0.7850%)
Round=14, per client personal pooled=[0.1317, 0.1809, 0.1611, 0.15, 0.1632, 0.1566, 0.1243, 0.187, 0.195, 0.1221], mean perf=32067/204000 (0.1572%)
Mean performance of unidp ditto dp global, Perf=0.3073
Mean performance of unidp ditto dp personal, Perf=0.7617
Mean performance of unidp ditto dp pooled, Perf=0.1524
---EPSILON 0.5 ---
default_sample_rate: 0.03232323232323232
noise_multiplier :  3.671875
default_sample_rate: 0.03232323232323232
noise_multiplier :  2.1484375
learning rate =  0.001
sample_rate: 0.03, expected_batch_size: 128
sample_rate: 0.03, expected_batch_size: 128
sample_rate: 0.03, expected_batch_size: 128
sample_rate: 0.03, expected_batch_size: 128
sample_rate: 0.03, expected_batch_size: 128
sample_rate: 0.03, expected_batch_size: 128
sample_rate: 0.03, expected_batch_size: 128
sample_rate: 0.03, expected_batch_size: 128
sample_rate: 0.03, expected_batch_size: 128
sample_rate: 0.03, expected_batch_size: 128
sample_rate: 0.03, expected_batch_size: 128
sample_rate: 0.03, expected_batch_size: 128
sample_rate: 0.03, expected_batch_size: 128
sample_rate: 0.03, expected_batch_size: 128
sample_rate: 0.03, expected_batch_size: 128
sample_rate: 0.03, expected_batch_size: 128
sample_rate: 0.03, expected_batch_size: 128
sample_rate: 0.03, expected_batch_size: 128
sample_rate: 0.03, expected_batch_size: 128
sample_rate: 0.03, expected_batch_size: 128
initial privacy cost of all clients:  [0, 0, 0, 0, 0, 0, 0, 0, 0, 0]
Round=0
Round=1
Round=2
Round=3
Round=4
Round=5
Round=6
Round=7
Round=8
Round=9
Round=10
Round=11
Round=12
Round=13
Round=14
current privacy cost of all clients:  [0.33033357372458066, 0.37555379650408366, 0.33033357372458066, 0.3537320706559622, 0.33033357372458066, 0.3537320706559622, 0.3537320706559622, 0.41674618847529443, 0.39649964853357994, 0.3537320706559622]
Round=14, per client global perf=[0.5167, 0.9441, 0.823, 0.0725, 0.1804, 0.2118, 0.5637, 0.6475, 0.4868, 0.1608], mean perf=9399/20400 (0.4607%)
Round=14, per client personal perf=[0.7382, 0.9466, 0.9559, 0.9926, 0.9559, 0.9064, 0.8461, 0.9691, 0.999, 0.5696], mean perf=18114/20400 (0.8879%)
Round=14, per client personal pooled=[0.1493, 0.1884, 0.1895, 0.1995, 0.1916, 0.1826, 0.1675, 0.1937, 0.2007, 0.113], mean perf=36225/204000 (0.1776%)
Mean performance of unidp ditto dp global, Perf=0.3805
Mean performance of unidp ditto dp personal, Perf=0.8770
Mean performance of unidp ditto dp pooled, Perf=0.1754
---EPSILON 1 ---
default_sample_rate: 0.03232323232323232
noise_multiplier :  2.12890625
default_sample_rate: 0.03232323232323232
noise_multiplier :  1.3671875
learning rate =  0.001
sample_rate: 0.03, expected_batch_size: 128
sample_rate: 0.03, expected_batch_size: 128
sample_rate: 0.03, expected_batch_size: 128
sample_rate: 0.03, expected_batch_size: 128
sample_rate: 0.03, expected_batch_size: 128
sample_rate: 0.03, expected_batch_size: 128
sample_rate: 0.03, expected_batch_size: 128
sample_rate: 0.03, expected_batch_size: 128
sample_rate: 0.03, expected_batch_size: 128
sample_rate: 0.03, expected_batch_size: 128
sample_rate: 0.03, expected_batch_size: 128
sample_rate: 0.03, expected_batch_size: 128
sample_rate: 0.03, expected_batch_size: 128
sample_rate: 0.03, expected_batch_size: 128
sample_rate: 0.03, expected_batch_size: 128
sample_rate: 0.03, expected_batch_size: 128
sample_rate: 0.03, expected_batch_size: 128
sample_rate: 0.03, expected_batch_size: 128
sample_rate: 0.03, expected_batch_size: 128
sample_rate: 0.03, expected_batch_size: 128
initial privacy cost of all clients:  [0, 0, 0, 0, 0, 0, 0, 0, 0, 0]
Round=0
Round=1
Round=2
Round=3
Round=4
Round=5
Round=6
Round=7
Round=8
Round=9
Round=10
Round=11
Round=12
Round=13
Round=14
current privacy cost of all clients:  [0.6750386529476061, 0.7653858016873494, 0.6750386529476061, 0.7206619146809711, 0.6750386529476061, 0.7206619146809711, 0.7206619146809711, 0.8451770774927443, 0.8052814395900469, 0.7206619146809711]
Round=14, per client global perf=[0.6618, 0.9534, 0.7877, 0.0711, 0.0642, 0.0912, 0.4676, 0.5574, 0.4946, 0.3289], mean perf=9135/20400 (0.4478%)
Round=14, per client personal perf=[0.8088, 0.9578, 0.9623, 0.9961, 0.9608, 0.9201, 0.8534, 0.974, 0.999, 0.5539], mean perf=18332/20400 (0.8986%)
Round=14, per client personal pooled=[0.1646, 0.1906, 0.1907, 0.2, 0.1925, 0.1851, 0.1685, 0.1943, 0.2008, 0.1105], mean perf=36672/204000 (0.1798%)
Mean performance of unidp ditto dp global, Perf=0.3613
Mean performance of unidp ditto dp personal, Perf=0.8915
Mean performance of unidp ditto dp pooled, Perf=0.1783
---EPSILON 4 ---
default_sample_rate: 0.03232323232323232
noise_multiplier :  0.93994140625
default_sample_rate: 0.03232323232323232
noise_multiplier :  0.736083984375
learning rate =  0.001
sample_rate: 0.03, expected_batch_size: 128
sample_rate: 0.03, expected_batch_size: 128
sample_rate: 0.03, expected_batch_size: 128
sample_rate: 0.03, expected_batch_size: 128
sample_rate: 0.03, expected_batch_size: 128
sample_rate: 0.03, expected_batch_size: 128
sample_rate: 0.03, expected_batch_size: 128
sample_rate: 0.03, expected_batch_size: 128
sample_rate: 0.03, expected_batch_size: 128
sample_rate: 0.03, expected_batch_size: 128
sample_rate: 0.03, expected_batch_size: 128
sample_rate: 0.03, expected_batch_size: 128
sample_rate: 0.03, expected_batch_size: 128
sample_rate: 0.03, expected_batch_size: 128
sample_rate: 0.03, expected_batch_size: 128
sample_rate: 0.03, expected_batch_size: 128
sample_rate: 0.03, expected_batch_size: 128
sample_rate: 0.03, expected_batch_size: 128
sample_rate: 0.03, expected_batch_size: 128
sample_rate: 0.03, expected_batch_size: 128
initial privacy cost of all clients:  [0, 0, 0, 0, 0, 0, 0, 0, 0, 0]
Round=0
Round=1
Round=2
Round=3
Round=4
Round=5
Round=6
Round=7
Round=8
Round=9
Round=10
Round=11
Round=12
Round=13
Round=14
current privacy cost of all clients:  [2.743512555916575, 3.083714743273034, 2.743512555916575, 2.9136136495948044, 2.743512555916575, 2.9136136495948044, 2.9136136495948044, 3.4239169306294928, 3.2538158369512633, 2.9136136495948044]
Round=14, per client global perf=[0.5176, 0.9623, 0.676, 0.1951, 0.1936, 0.0, 0.4858, 0.4745, 0.4971, 0.3059], mean perf=8788/20400 (0.4308%)
Round=14, per client personal perf=[0.9015, 0.975, 0.9608, 0.9961, 0.9652, 0.9333, 0.8593, 0.9789, 0.999, 0.6015], mean perf=18708/20400 (0.9171%)
Round=14, per client personal pooled=[0.1812, 0.1936, 0.1907, 0.2002, 0.1937, 0.1878, 0.1699, 0.1955, 0.2008, 0.1188], mean perf=37379/204000 (0.1832%)
Mean performance of unidp ditto dp global, Perf=0.3418
Mean performance of unidp ditto dp personal, Perf=0.9125
Mean performance of unidp ditto dp pooled, Perf=0.1824
---EPSILON 8 ---
default_sample_rate: 0.03232323232323232
noise_multiplier :  0.72021484375
default_sample_rate: 0.03232323232323232
noise_multiplier :  0.5743408203125
learning rate =  0.001
sample_rate: 0.03, expected_batch_size: 128
sample_rate: 0.03, expected_batch_size: 128
sample_rate: 0.03, expected_batch_size: 128
sample_rate: 0.03, expected_batch_size: 128
sample_rate: 0.03, expected_batch_size: 128
sample_rate: 0.03, expected_batch_size: 128
sample_rate: 0.03, expected_batch_size: 128
sample_rate: 0.03, expected_batch_size: 128
sample_rate: 0.03, expected_batch_size: 128
sample_rate: 0.03, expected_batch_size: 128
sample_rate: 0.03, expected_batch_size: 128
sample_rate: 0.03, expected_batch_size: 128
sample_rate: 0.03, expected_batch_size: 128
sample_rate: 0.03, expected_batch_size: 128
sample_rate: 0.03, expected_batch_size: 128
sample_rate: 0.03, expected_batch_size: 128
sample_rate: 0.03, expected_batch_size: 128
sample_rate: 0.03, expected_batch_size: 128
sample_rate: 0.03, expected_batch_size: 128
sample_rate: 0.03, expected_batch_size: 128
initial privacy cost of all clients:  [0, 0, 0, 0, 0, 0, 0, 0, 0, 0]
Round=0
Round=1
Round=2
Round=3
Round=4
Round=5
Round=6
Round=7
Round=8
Round=9
Round=10
Round=11
Round=12
Round=13
Round=14
current privacy cost of all clients:  [5.794058266554629, 6.735473089270566, 5.794058266554629, 6.264765677912597, 5.794058266554629, 6.264765677912597, 6.264765677912597, 7.332449371479868, 7.167814057514629, 6.264765677912597]
Round=14, per client global perf=[0.4539, 0.9348, 0.5853, 0.2789, 0.2838, 0.0, 0.4868, 0.477, 0.4961, 0.3059], mean perf=8777/20400 (0.4302%)
Round=14, per client personal perf=[0.9206, 0.9814, 0.9627, 0.9961, 0.9681, 0.9368, 0.8642, 0.9804, 0.999, 0.6054], mean perf=18798/20400 (0.9215%)
Round=14, per client personal pooled=[0.1846, 0.1948, 0.1911, 0.2002, 0.1943, 0.1891, 0.1706, 0.1958, 0.2008, 0.1195], mean perf=37551/204000 (0.1841%)
Mean performance of unidp ditto dp global, Perf=0.3395
Mean performance of unidp ditto dp personal, Perf=0.9193
Mean performance of unidp ditto dp pooled, Perf=0.1837
---EPSILON 16 ---
default_sample_rate: 0.03232323232323232
noise_multiplier :  0.567169189453125
default_sample_rate: 0.03232323232323232
noise_multiplier :  0.48187255859375
learning rate =  0.001
sample_rate: 0.03, expected_batch_size: 128
sample_rate: 0.03, expected_batch_size: 128
sample_rate: 0.03, expected_batch_size: 128
sample_rate: 0.03, expected_batch_size: 128
sample_rate: 0.03, expected_batch_size: 128
sample_rate: 0.03, expected_batch_size: 128
sample_rate: 0.03, expected_batch_size: 128
sample_rate: 0.03, expected_batch_size: 128
sample_rate: 0.03, expected_batch_size: 128
sample_rate: 0.03, expected_batch_size: 128
sample_rate: 0.03, expected_batch_size: 128
sample_rate: 0.03, expected_batch_size: 128
sample_rate: 0.03, expected_batch_size: 128
sample_rate: 0.03, expected_batch_size: 128
sample_rate: 0.03, expected_batch_size: 128
sample_rate: 0.03, expected_batch_size: 128
sample_rate: 0.03, expected_batch_size: 128
sample_rate: 0.03, expected_batch_size: 128
sample_rate: 0.03, expected_batch_size: 128
sample_rate: 0.03, expected_batch_size: 128
initial privacy cost of all clients:  [0, 0, 0, 0, 0, 0, 0, 0, 0, 0]
Round=0
Round=1
Round=2
Round=3
Round=4
Round=5
Round=6
Round=7
Round=8
Round=9
Round=10
Round=11
Round=12
Round=13
Round=14
current privacy cost of all clients:  [10.407925892026432, 11.80405874178763, 10.407925892026432, 11.105992316907031, 10.407925892026432, 11.105992316907031, 11.105992316907031, 13.200191591548824, 12.502125166668227, 11.105992316907031]
Round=14, per client global perf=[0.3495, 0.9529, 0.5103, 0.002, 0.0, 0.0, 0.4868, 0.4784, 0.4956, 0.2809], mean perf=7255/20400 (0.3556%)
Round=14, per client personal perf=[0.9348, 0.9882, 0.9627, 0.9975, 0.9696, 0.9402, 0.8686, 0.9819, 0.999, 0.6172], mean perf=18890/20400 (0.9260%)
Round=14, per client personal pooled=[0.1871, 0.1957, 0.1911, 0.2003, 0.1947, 0.1897, 0.1711, 0.196, 0.2008, 0.1215], mean perf=37700/204000 (0.1848%)
Mean performance of unidp ditto dp global, Perf=0.3112
Mean performance of unidp ditto dp personal, Perf=0.9229
Mean performance of unidp ditto dp pooled, Perf=0.1842
--- Personal steps: 30 ---
---EPSILON 0 ---
