=== Data type: iid_10 ===
--- Seed: 42 ---
--- Personal steps: 15 ---
---EPSILON 0 ---
default_sample_rate: 0.03232323232323232
noise_multiplier :  640
learning rate =  0.001
sample_rate: 0.03, expected_batch_size: 128
sample_rate: 0.03, expected_batch_size: 128
sample_rate: 0.03, expected_batch_size: 128
sample_rate: 0.03, expected_batch_size: 128
sample_rate: 0.03, expected_batch_size: 128
sample_rate: 0.03, expected_batch_size: 128
sample_rate: 0.03, expected_batch_size: 128
sample_rate: 0.03, expected_batch_size: 128
sample_rate: 0.03, expected_batch_size: 128
sample_rate: 0.03, expected_batch_size: 128
initial privacy cost of all clients:  [0, 0, 0, 0, 0, 0, 0, 0, 0, 0]
Round=0
Round=1
Round=2
Round=3
Round=4
Round=5
Round=6
Round=7
Round=8
Round=9
Round=10
Round=11
Round=12
Round=13
Round=14
current privacy cost of all clients:  [-0.0007661340148727439, -0.0007661340148727439, -0.0008494097935163293, -0.0007933904687212481, -0.0007400032360581786, -0.0007661340148727439, -0.0007400032360581786, -0.0007138724572436134, -0.0006877416784290479, -0.0008214001311187887]
Round=14, per client global perf=[0.0799, 0.0863, 0.0853, 0.0819, 0.0819, 0.076, 0.0804, 0.0926, 0.0784, 0.0794], mean perf=1677/20400 (0.0822%)
Round=14, per client personal perf=[0.752, 0.749, 0.7039, 0.723, 0.7559, 0.7588, 0.7775, 0.7407, 0.7382, 0.7475], mean perf=15191/20400 (0.7447%)
Round=14, per client personal pooled=[0.7426, 0.7555, 0.6949, 0.7255, 0.7617, 0.7592, 0.7675, 0.75, 0.7511, 0.7449], mean perf=152038/204000 (0.7453%)
Mean performance of unidp ditto global,  eps=0.0, Perf=0.0865
Mean performance of unidp ditto personal,  eps=0.0, Perf=0.7399
Mean performance of unidp ditto pooled,  eps=0.0, Perf=0.7401
---EPSILON 0.1 ---
default_sample_rate: 0.03232323232323232
noise_multiplier :  13.75
learning rate =  0.001
sample_rate: 0.03, expected_batch_size: 128
sample_rate: 0.03, expected_batch_size: 128
sample_rate: 0.03, expected_batch_size: 128
sample_rate: 0.03, expected_batch_size: 128
sample_rate: 0.03, expected_batch_size: 128
sample_rate: 0.03, expected_batch_size: 128
sample_rate: 0.03, expected_batch_size: 128
sample_rate: 0.03, expected_batch_size: 128
sample_rate: 0.03, expected_batch_size: 128
sample_rate: 0.03, expected_batch_size: 128
initial privacy cost of all clients:  [0, 0, 0, 0, 0, 0, 0, 0, 0, 0]
Round=0
Round=1
Round=2
Round=3
Round=4
Round=5
Round=6
Round=7
Round=8
Round=9
Round=10
Round=11
Round=12
Round=13
Round=14
current privacy cost of all clients:  [0.06861627244984228, 0.06861627244984228, 0.052721685568101175, 0.0636130274845621, 0.07323580287115607, 0.06861627244984228, 0.07323580287115607, 0.07775445513440044, 0.08199366248919779, 0.05835482563852214]
Round=14, per client global perf=[0.277, 0.2662, 0.276, 0.2608, 0.2583, 0.2676, 0.2657, 0.2833, 0.2559, 0.2853], mean perf=5500/20400 (0.2696%)
Round=14, per client personal perf=[0.752, 0.749, 0.7039, 0.723, 0.7559, 0.7588, 0.7775, 0.7407, 0.7382, 0.7475], mean perf=15191/20400 (0.7447%)
Round=14, per client personal pooled=[0.7426, 0.7555, 0.6949, 0.7255, 0.7617, 0.7592, 0.7675, 0.75, 0.7511, 0.7449], mean perf=152038/204000 (0.7453%)
Mean performance of unidp ditto global,  eps=0.1, Perf=0.2650
Mean performance of unidp ditto personal,  eps=0.1, Perf=0.7399
Mean performance of unidp ditto pooled,  eps=0.1, Perf=0.7401
---EPSILON 0.5 ---
default_sample_rate: 0.03232323232323232
noise_multiplier :  3.671875
learning rate =  0.001
sample_rate: 0.03, expected_batch_size: 128
sample_rate: 0.03, expected_batch_size: 128
sample_rate: 0.03, expected_batch_size: 128
sample_rate: 0.03, expected_batch_size: 128
sample_rate: 0.03, expected_batch_size: 128
sample_rate: 0.03, expected_batch_size: 128
sample_rate: 0.03, expected_batch_size: 128
sample_rate: 0.03, expected_batch_size: 128
sample_rate: 0.03, expected_batch_size: 128
sample_rate: 0.03, expected_batch_size: 128
initial privacy cost of all clients:  [0, 0, 0, 0, 0, 0, 0, 0, 0, 0]
Round=0
Round=1
Round=2
Round=3
Round=4
Round=5
Round=6
Round=7
Round=8
Round=9
Round=10
Round=11
Round=12
Round=13
Round=14
current privacy cost of all clients:  [0.3537320706559622, 0.3537320706559622, 0.279070325668136, 0.33033357372458066, 0.37555379650408366, 0.3537320706559622, 0.37555379650408366, 0.39649964853357994, 0.41674618847529443, 0.30557517331204553]
Round=14, per client global perf=[0.6456, 0.6328, 0.6363, 0.6255, 0.6343, 0.6348, 0.6412, 0.6098, 0.6167, 0.6221], mean perf=12850/20400 (0.6299%)
Round=14, per client personal perf=[0.752, 0.749, 0.7039, 0.723, 0.7559, 0.7588, 0.7775, 0.7407, 0.7382, 0.7475], mean perf=15191/20400 (0.7447%)
Round=14, per client personal pooled=[0.7426, 0.7555, 0.6949, 0.7255, 0.7617, 0.7592, 0.7675, 0.75, 0.7511, 0.7449], mean perf=152038/204000 (0.7453%)
Mean performance of unidp ditto global,  eps=0.5, Perf=0.6170
Mean performance of unidp ditto personal,  eps=0.5, Perf=0.7399
Mean performance of unidp ditto pooled,  eps=0.5, Perf=0.7401
---EPSILON 1 ---
default_sample_rate: 0.03232323232323232
noise_multiplier :  2.12890625
learning rate =  0.001
sample_rate: 0.03, expected_batch_size: 128
sample_rate: 0.03, expected_batch_size: 128
sample_rate: 0.03, expected_batch_size: 128
sample_rate: 0.03, expected_batch_size: 128
sample_rate: 0.03, expected_batch_size: 128
sample_rate: 0.03, expected_batch_size: 128
sample_rate: 0.03, expected_batch_size: 128
sample_rate: 0.03, expected_batch_size: 128
sample_rate: 0.03, expected_batch_size: 128
sample_rate: 0.03, expected_batch_size: 128
initial privacy cost of all clients:  [0, 0, 0, 0, 0, 0, 0, 0, 0, 0]
Round=0
Round=1
Round=2
Round=3
Round=4
Round=5
Round=6
Round=7
Round=8
Round=9
Round=10
Round=11
Round=12
Round=13
Round=14
current privacy cost of all clients:  [0.7206619146809711, 0.7206619146809711, 0.5742281727082242, 0.6750386529476061, 0.7653858016873494, 0.7206619146809711, 0.7653858016873494, 0.8052814395900469, 0.8451770774927443, 0.6260606530260836]
Round=14, per client global perf=[0.6721, 0.6711, 0.6701, 0.6593, 0.6657, 0.6632, 0.6765, 0.6422, 0.651, 0.6569], mean perf=13521/20400 (0.6628%)
Round=14, per client personal perf=[0.752, 0.749, 0.7039, 0.723, 0.7559, 0.7588, 0.7775, 0.7407, 0.7382, 0.7475], mean perf=15191/20400 (0.7447%)
Round=14, per client personal pooled=[0.7426, 0.7555, 0.6949, 0.7255, 0.7617, 0.7592, 0.7675, 0.75, 0.7511, 0.7449], mean perf=152038/204000 (0.7453%)
Mean performance of unidp ditto global,  eps=1.0, Perf=0.6549
Mean performance of unidp ditto personal,  eps=1.0, Perf=0.7399
Mean performance of unidp ditto pooled,  eps=1.0, Perf=0.7401
---EPSILON 4 ---
default_sample_rate: 0.03232323232323232
noise_multiplier :  0.93994140625
learning rate =  0.001
sample_rate: 0.03, expected_batch_size: 128
sample_rate: 0.03, expected_batch_size: 128
sample_rate: 0.03, expected_batch_size: 128
sample_rate: 0.03, expected_batch_size: 128
sample_rate: 0.03, expected_batch_size: 128
sample_rate: 0.03, expected_batch_size: 128
sample_rate: 0.03, expected_batch_size: 128
sample_rate: 0.03, expected_batch_size: 128
sample_rate: 0.03, expected_batch_size: 128
sample_rate: 0.03, expected_batch_size: 128
initial privacy cost of all clients:  [0, 0, 0, 0, 0, 0, 0, 0, 0, 0]
Round=0
Round=1
Round=2
Round=3
Round=4
Round=5
Round=6
Round=7
Round=8
Round=9
Round=10
Round=11
Round=12
Round=13
Round=14
current privacy cost of all clients:  [2.9136136495948044, 2.9136136495948044, 2.4033103685601156, 2.743512555916575, 3.083714743273034, 2.9136136495948044, 3.083714743273034, 3.2538158369512633, 3.4239169306294928, 2.573411462238345]
Round=14, per client global perf=[0.7113, 0.7152, 0.7142, 0.7029, 0.6922, 0.7078, 0.7142, 0.6887, 0.698, 0.7039], mean perf=14379/20400 (0.7049%)
Round=14, per client personal perf=[0.752, 0.749, 0.7039, 0.723, 0.7559, 0.7588, 0.7775, 0.7407, 0.7382, 0.7475], mean perf=15191/20400 (0.7447%)
Round=14, per client personal pooled=[0.7426, 0.7555, 0.6949, 0.7255, 0.7617, 0.7592, 0.7675, 0.75, 0.7511, 0.7449], mean perf=152038/204000 (0.7453%)
Mean performance of unidp ditto global,  eps=4.0, Perf=0.6980
Mean performance of unidp ditto personal,  eps=4.0, Perf=0.7399
Mean performance of unidp ditto pooled,  eps=4.0, Perf=0.7401
---EPSILON 8 ---
default_sample_rate: 0.03232323232323232
noise_multiplier :  0.72021484375
learning rate =  0.001
sample_rate: 0.03, expected_batch_size: 128
sample_rate: 0.03, expected_batch_size: 128
sample_rate: 0.03, expected_batch_size: 128
sample_rate: 0.03, expected_batch_size: 128
sample_rate: 0.03, expected_batch_size: 128
sample_rate: 0.03, expected_batch_size: 128
sample_rate: 0.03, expected_batch_size: 128
sample_rate: 0.03, expected_batch_size: 128
sample_rate: 0.03, expected_batch_size: 128
sample_rate: 0.03, expected_batch_size: 128
initial privacy cost of all clients:  [0, 0, 0, 0, 0, 0, 0, 0, 0, 0]
Round=0
Round=1
Round=2
Round=3
Round=4
Round=5
Round=6
Round=7
Round=8
Round=9
Round=10
Round=11
Round=12
Round=13
Round=14
current privacy cost of all clients:  [6.264765677912597, 6.264765677912597, 4.852643443838692, 5.794058266554629, 6.735473089270566, 6.264765677912597, 6.735473089270566, 7.167814057514629, 7.332449371479868, 5.323350855196661]
Round=14, per client global perf=[0.7191, 0.7196, 0.7181, 0.7108, 0.7025, 0.7157, 0.7196, 0.6966, 0.7049, 0.7103], mean perf=14519/20400 (0.7117%)
Round=14, per client personal perf=[0.752, 0.749, 0.7039, 0.723, 0.7559, 0.7588, 0.7775, 0.7407, 0.7382, 0.7475], mean perf=15191/20400 (0.7447%)
Round=14, per client personal pooled=[0.7426, 0.7555, 0.6949, 0.7255, 0.7617, 0.7592, 0.7675, 0.75, 0.7511, 0.7449], mean perf=152038/204000 (0.7453%)
Mean performance of unidp ditto global,  eps=8.0, Perf=0.7078
Mean performance of unidp ditto personal,  eps=8.0, Perf=0.7399
Mean performance of unidp ditto pooled,  eps=8.0, Perf=0.7401
---EPSILON 16 ---
default_sample_rate: 0.03232323232323232
noise_multiplier :  0.567169189453125
learning rate =  0.001
sample_rate: 0.03, expected_batch_size: 128
sample_rate: 0.03, expected_batch_size: 128
sample_rate: 0.03, expected_batch_size: 128
sample_rate: 0.03, expected_batch_size: 128
sample_rate: 0.03, expected_batch_size: 128
sample_rate: 0.03, expected_batch_size: 128
sample_rate: 0.03, expected_batch_size: 128
sample_rate: 0.03, expected_batch_size: 128
sample_rate: 0.03, expected_batch_size: 128
sample_rate: 0.03, expected_batch_size: 128
initial privacy cost of all clients:  [0, 0, 0, 0, 0, 0, 0, 0, 0, 0]
Round=0
Round=1
Round=2
Round=3
Round=4
Round=5
Round=6
Round=7
Round=8
Round=9
Round=10
Round=11
Round=12
Round=13
Round=14
current privacy cost of all clients:  [11.105992316907031, 11.105992316907031, 9.011793042265237, 10.407925892026432, 11.80405874178763, 11.105992316907031, 11.80405874178763, 12.502125166668227, 13.200191591548824, 9.709859467145835]
Round=14, per client global perf=[0.726, 0.7265, 0.724, 0.7201, 0.7108, 0.725, 0.727, 0.7029, 0.7157, 0.7211], mean perf=14686/20400 (0.7199%)
Round=14, per client personal perf=[0.752, 0.749, 0.7039, 0.723, 0.7559, 0.7588, 0.7775, 0.7407, 0.7382, 0.7475], mean perf=15191/20400 (0.7447%)
Round=14, per client personal pooled=[0.7426, 0.7555, 0.6949, 0.7255, 0.7617, 0.7592, 0.7675, 0.75, 0.7511, 0.7449], mean perf=152038/204000 (0.7453%)
Mean performance of unidp ditto global,  eps=16.0, Perf=0.7166
Mean performance of unidp ditto personal,  eps=16.0, Perf=0.7399
Mean performance of unidp ditto pooled,  eps=16.0, Perf=0.7401
--- Personal steps: 30 ---
---EPSILON 0 ---
default_sample_rate: 0.03232323232323232
noise_multiplier :  640
learning rate =  0.001
sample_rate: 0.03, expected_batch_size: 128
sample_rate: 0.03, expected_batch_size: 128
sample_rate: 0.03, expected_batch_size: 128
sample_rate: 0.03, expected_batch_size: 128
sample_rate: 0.03, expected_batch_size: 128
sample_rate: 0.03, expected_batch_size: 128
sample_rate: 0.03, expected_batch_size: 128
sample_rate: 0.03, expected_batch_size: 128
sample_rate: 0.03, expected_batch_size: 128
sample_rate: 0.03, expected_batch_size: 128
initial privacy cost of all clients:  [0, 0, 0, 0, 0, 0, 0, 0, 0, 0]
Round=0
Round=1
Round=2
Round=3
Round=4
Round=5
Round=6
Round=7
Round=8
Round=9
Round=10
Round=11
Round=12
Round=13
Round=14
current privacy cost of all clients:  [-0.0007661340148727439, -0.0007661340148727439, -0.0008494097935163293, -0.0007933904687212481, -0.0007400032360581786, -0.0007661340148727439, -0.0007400032360581786, -0.0007138724572436134, -0.0006877416784290479, -0.0008214001311187887]
Round=14, per client global perf=[0.0799, 0.0863, 0.0853, 0.0819, 0.0819, 0.076, 0.0804, 0.0926, 0.0784, 0.0794], mean perf=1677/20400 (0.0822%)
Round=14, per client personal perf=[0.7858, 0.7946, 0.7662, 0.7765, 0.7858, 0.7799, 0.7961, 0.7706, 0.7814, 0.7706], mean perf=15927/20400 (0.7807%)
Round=14, per client personal pooled=[0.7825, 0.7942, 0.7605, 0.773, 0.7967, 0.7744, 0.7884, 0.777, 0.7809, 0.7697], mean perf=159064/204000 (0.7797%)
Mean performance of unidp ditto global,  eps=0.0, Perf=0.0865
Mean performance of unidp ditto personal,  eps=0.0, Perf=0.7761
Mean performance of unidp ditto pooled,  eps=0.0, Perf=0.7756
---EPSILON 0.1 ---
default_sample_rate: 0.03232323232323232
noise_multiplier :  13.75
learning rate =  0.001
sample_rate: 0.03, expected_batch_size: 128
sample_rate: 0.03, expected_batch_size: 128
sample_rate: 0.03, expected_batch_size: 128
sample_rate: 0.03, expected_batch_size: 128
sample_rate: 0.03, expected_batch_size: 128
sample_rate: 0.03, expected_batch_size: 128
sample_rate: 0.03, expected_batch_size: 128
sample_rate: 0.03, expected_batch_size: 128
sample_rate: 0.03, expected_batch_size: 128
sample_rate: 0.03, expected_batch_size: 128
initial privacy cost of all clients:  [0, 0, 0, 0, 0, 0, 0, 0, 0, 0]
Round=0
Round=1
Round=2
Round=3
Round=4
Round=5
Round=6
Round=7
Round=8
Round=9
Round=10
Round=11
Round=12
Round=13
Round=14
current privacy cost of all clients:  [0.06861627244984228, 0.06861627244984228, 0.052721685568101175, 0.0636130274845621, 0.07323580287115607, 0.06861627244984228, 0.07323580287115607, 0.07775445513440044, 0.08199366248919779, 0.05835482563852214]
Round=14, per client global perf=[0.277, 0.2662, 0.276, 0.2608, 0.2583, 0.2676, 0.2657, 0.2833, 0.2559, 0.2853], mean perf=5500/20400 (0.2696%)
Round=14, per client personal perf=[0.7858, 0.7946, 0.7662, 0.7765, 0.7858, 0.7799, 0.7961, 0.7706, 0.7814, 0.7706], mean perf=15927/20400 (0.7807%)
Round=14, per client personal pooled=[0.7825, 0.7942, 0.7605, 0.773, 0.7967, 0.7744, 0.7884, 0.777, 0.7809, 0.7697], mean perf=159064/204000 (0.7797%)
Mean performance of unidp ditto global,  eps=0.1, Perf=0.2650
Mean performance of unidp ditto personal,  eps=0.1, Perf=0.7761
Mean performance of unidp ditto pooled,  eps=0.1, Perf=0.7756
---EPSILON 0.5 ---
default_sample_rate: 0.03232323232323232
noise_multiplier :  3.671875
learning rate =  0.001
sample_rate: 0.03, expected_batch_size: 128
sample_rate: 0.03, expected_batch_size: 128
sample_rate: 0.03, expected_batch_size: 128
sample_rate: 0.03, expected_batch_size: 128
sample_rate: 0.03, expected_batch_size: 128
sample_rate: 0.03, expected_batch_size: 128
sample_rate: 0.03, expected_batch_size: 128
sample_rate: 0.03, expected_batch_size: 128
sample_rate: 0.03, expected_batch_size: 128
sample_rate: 0.03, expected_batch_size: 128
initial privacy cost of all clients:  [0, 0, 0, 0, 0, 0, 0, 0, 0, 0]
Round=0
Round=1
Round=2
Round=3
Round=4
Round=5
Round=6
Round=7
Round=8
Round=9
Round=10
Round=11
Round=12
Round=13
Round=14
current privacy cost of all clients:  [0.3537320706559622, 0.3537320706559622, 0.279070325668136, 0.33033357372458066, 0.37555379650408366, 0.3537320706559622, 0.37555379650408366, 0.39649964853357994, 0.41674618847529443, 0.30557517331204553]
Round=14, per client global perf=[0.6456, 0.6328, 0.6363, 0.6255, 0.6343, 0.6348, 0.6412, 0.6098, 0.6167, 0.6221], mean perf=12850/20400 (0.6299%)
Round=14, per client personal perf=[0.7858, 0.7946, 0.7662, 0.7765, 0.7858, 0.7799, 0.7961, 0.7706, 0.7814, 0.7706], mean perf=15927/20400 (0.7807%)
Round=14, per client personal pooled=[0.7825, 0.7942, 0.7605, 0.773, 0.7967, 0.7744, 0.7884, 0.777, 0.7809, 0.7697], mean perf=159064/204000 (0.7797%)
Mean performance of unidp ditto global,  eps=0.5, Perf=0.6170
Mean performance of unidp ditto personal,  eps=0.5, Perf=0.7761
Mean performance of unidp ditto pooled,  eps=0.5, Perf=0.7756
---EPSILON 1 ---
default_sample_rate: 0.03232323232323232
noise_multiplier :  2.12890625
learning rate =  0.001
sample_rate: 0.03, expected_batch_size: 128
sample_rate: 0.03, expected_batch_size: 128
sample_rate: 0.03, expected_batch_size: 128
sample_rate: 0.03, expected_batch_size: 128
sample_rate: 0.03, expected_batch_size: 128
sample_rate: 0.03, expected_batch_size: 128
sample_rate: 0.03, expected_batch_size: 128
sample_rate: 0.03, expected_batch_size: 128
sample_rate: 0.03, expected_batch_size: 128
sample_rate: 0.03, expected_batch_size: 128
initial privacy cost of all clients:  [0, 0, 0, 0, 0, 0, 0, 0, 0, 0]
Round=0
Round=1
Round=2
Round=3
Round=4
Round=5
Round=6
Round=7
Round=8
Round=9
Round=10
Round=11
Round=12
Round=13
Round=14
current privacy cost of all clients:  [0.7206619146809711, 0.7206619146809711, 0.5742281727082242, 0.6750386529476061, 0.7653858016873494, 0.7206619146809711, 0.7653858016873494, 0.8052814395900469, 0.8451770774927443, 0.6260606530260836]
Round=14, per client global perf=[0.6721, 0.6711, 0.6701, 0.6593, 0.6657, 0.6632, 0.6765, 0.6422, 0.651, 0.6569], mean perf=13521/20400 (0.6628%)
Round=14, per client personal perf=[0.7858, 0.7946, 0.7662, 0.7765, 0.7858, 0.7799, 0.7961, 0.7706, 0.7814, 0.7706], mean perf=15927/20400 (0.7807%)
Round=14, per client personal pooled=[0.7825, 0.7942, 0.7605, 0.773, 0.7967, 0.7744, 0.7884, 0.777, 0.7809, 0.7697], mean perf=159064/204000 (0.7797%)
Mean performance of unidp ditto global,  eps=1.0, Perf=0.6549
Mean performance of unidp ditto personal,  eps=1.0, Perf=0.7761
Mean performance of unidp ditto pooled,  eps=1.0, Perf=0.7756
---EPSILON 4 ---
default_sample_rate: 0.03232323232323232
noise_multiplier :  0.93994140625
learning rate =  0.001
sample_rate: 0.03, expected_batch_size: 128
sample_rate: 0.03, expected_batch_size: 128
sample_rate: 0.03, expected_batch_size: 128
sample_rate: 0.03, expected_batch_size: 128
sample_rate: 0.03, expected_batch_size: 128
sample_rate: 0.03, expected_batch_size: 128
sample_rate: 0.03, expected_batch_size: 128
sample_rate: 0.03, expected_batch_size: 128
sample_rate: 0.03, expected_batch_size: 128
sample_rate: 0.03, expected_batch_size: 128
initial privacy cost of all clients:  [0, 0, 0, 0, 0, 0, 0, 0, 0, 0]
Round=0
Round=1
Round=2
Round=3
Round=4
Round=5
Round=6
Round=7
Round=8
Round=9
Round=10
Round=11
Round=12
Round=13
Round=14
current privacy cost of all clients:  [2.9136136495948044, 2.9136136495948044, 2.4033103685601156, 2.743512555916575, 3.083714743273034, 2.9136136495948044, 3.083714743273034, 3.2538158369512633, 3.4239169306294928, 2.573411462238345]
Round=14, per client global perf=[0.7113, 0.7152, 0.7142, 0.7029, 0.6922, 0.7078, 0.7142, 0.6887, 0.698, 0.7039], mean perf=14379/20400 (0.7049%)
Round=14, per client personal perf=[0.7858, 0.7946, 0.7662, 0.7765, 0.7858, 0.7799, 0.7961, 0.7706, 0.7814, 0.7706], mean perf=15927/20400 (0.7807%)
Round=14, per client personal pooled=[0.7825, 0.7942, 0.7605, 0.773, 0.7967, 0.7744, 0.7884, 0.777, 0.7809, 0.7697], mean perf=159064/204000 (0.7797%)
Mean performance of unidp ditto global,  eps=4.0, Perf=0.6980
Mean performance of unidp ditto personal,  eps=4.0, Perf=0.7761
Mean performance of unidp ditto pooled,  eps=4.0, Perf=0.7756
---EPSILON 8 ---
default_sample_rate: 0.03232323232323232
noise_multiplier :  0.72021484375
learning rate =  0.001
sample_rate: 0.03, expected_batch_size: 128
sample_rate: 0.03, expected_batch_size: 128
sample_rate: 0.03, expected_batch_size: 128
sample_rate: 0.03, expected_batch_size: 128
sample_rate: 0.03, expected_batch_size: 128
sample_rate: 0.03, expected_batch_size: 128
sample_rate: 0.03, expected_batch_size: 128
sample_rate: 0.03, expected_batch_size: 128
sample_rate: 0.03, expected_batch_size: 128
sample_rate: 0.03, expected_batch_size: 128
initial privacy cost of all clients:  [0, 0, 0, 0, 0, 0, 0, 0, 0, 0]
Round=0
Round=1
Round=2
Round=3
Round=4
Round=5
Round=6
Round=7
Round=8
Round=9
Round=10
Round=11
Round=12
Round=13
Round=14
current privacy cost of all clients:  [6.264765677912597, 6.264765677912597, 4.852643443838692, 5.794058266554629, 6.735473089270566, 6.264765677912597, 6.735473089270566, 7.167814057514629, 7.332449371479868, 5.323350855196661]
Round=14, per client global perf=[0.7191, 0.7196, 0.7181, 0.7108, 0.7025, 0.7157, 0.7196, 0.6966, 0.7049, 0.7103], mean perf=14519/20400 (0.7117%)
Round=14, per client personal perf=[0.7858, 0.7946, 0.7662, 0.7765, 0.7858, 0.7799, 0.7961, 0.7706, 0.7814, 0.7706], mean perf=15927/20400 (0.7807%)
Round=14, per client personal pooled=[0.7825, 0.7942, 0.7605, 0.773, 0.7967, 0.7744, 0.7884, 0.777, 0.7809, 0.7697], mean perf=159064/204000 (0.7797%)
Mean performance of unidp ditto global,  eps=8.0, Perf=0.7078
Mean performance of unidp ditto personal,  eps=8.0, Perf=0.7761
Mean performance of unidp ditto pooled,  eps=8.0, Perf=0.7756
---EPSILON 16 ---
default_sample_rate: 0.03232323232323232
noise_multiplier :  0.567169189453125
learning rate =  0.001
sample_rate: 0.03, expected_batch_size: 128
sample_rate: 0.03, expected_batch_size: 128
sample_rate: 0.03, expected_batch_size: 128
sample_rate: 0.03, expected_batch_size: 128
sample_rate: 0.03, expected_batch_size: 128
sample_rate: 0.03, expected_batch_size: 128
sample_rate: 0.03, expected_batch_size: 128
sample_rate: 0.03, expected_batch_size: 128
sample_rate: 0.03, expected_batch_size: 128
sample_rate: 0.03, expected_batch_size: 128
initial privacy cost of all clients:  [0, 0, 0, 0, 0, 0, 0, 0, 0, 0]
Round=0
Round=1
Round=2
Round=3
Round=4
Round=5
Round=6
Round=7
Round=8
Round=9
Round=10
Round=11
Round=12
Round=13
Round=14
current privacy cost of all clients:  [11.105992316907031, 11.105992316907031, 9.011793042265237, 10.407925892026432, 11.80405874178763, 11.105992316907031, 11.80405874178763, 12.502125166668227, 13.200191591548824, 9.709859467145835]
Round=14, per client global perf=[0.726, 0.7265, 0.724, 0.7201, 0.7108, 0.725, 0.727, 0.7029, 0.7157, 0.7211], mean perf=14686/20400 (0.7199%)
Round=14, per client personal perf=[0.7858, 0.7946, 0.7662, 0.7765, 0.7858, 0.7799, 0.7961, 0.7706, 0.7814, 0.7706], mean perf=15927/20400 (0.7807%)
Round=14, per client personal pooled=[0.7825, 0.7942, 0.7605, 0.773, 0.7967, 0.7744, 0.7884, 0.777, 0.7809, 0.7697], mean perf=159064/204000 (0.7797%)
Mean performance of unidp ditto global,  eps=16.0, Perf=0.7166
Mean performance of unidp ditto personal,  eps=16.0, Perf=0.7761
Mean performance of unidp ditto pooled,  eps=16.0, Perf=0.7756
--- Finished seed: 42 ---
--- Seed: 43 ---
--- Personal steps: 15 ---
---EPSILON 0 ---
default_sample_rate: 0.03232323232323232
noise_multiplier :  640
learning rate =  0.001
sample_rate: 0.03, expected_batch_size: 128
sample_rate: 0.03, expected_batch_size: 128
sample_rate: 0.03, expected_batch_size: 128
sample_rate: 0.03, expected_batch_size: 128
sample_rate: 0.03, expected_batch_size: 128
sample_rate: 0.03, expected_batch_size: 128
sample_rate: 0.03, expected_batch_size: 128
sample_rate: 0.03, expected_batch_size: 128
sample_rate: 0.03, expected_batch_size: 128
sample_rate: 0.03, expected_batch_size: 128
initial privacy cost of all clients:  [0, 0, 0, 0, 0, 0, 0, 0, 0, 0]
Round=0
Round=1
Round=2
Round=3
Round=4
Round=5
Round=6
Round=7
Round=8
Round=9
Round=10
Round=11
Round=12
Round=13
Round=14
current privacy cost of all clients:  [-0.0007400032360581786, -0.0007661340148727439, -0.0007933904687212481, -0.0007400032360581786, -0.0008494097935163293, -0.0007661340148727439, -0.0008214001311187887, -0.0009075556830472331, -0.0008214001311187887, -0.0007138724572436134]
Round=14, per client global perf=[0.1054, 0.0936, 0.0951, 0.1039, 0.1, 0.0833, 0.1039, 0.1059, 0.1113, 0.0966], mean perf=2038/20400 (0.0999%)
Round=14, per client personal perf=[0.7652, 0.7343, 0.7529, 0.7471, 0.6922, 0.7353, 0.7157, 0.6294, 0.7328, 0.7559], mean perf=14812/20400 (0.7261%)
Round=14, per client personal pooled=[0.7538, 0.7388, 0.7389, 0.7459, 0.6893, 0.7441, 0.7093, 0.625, 0.7388, 0.7542], mean perf=147660/204000 (0.7238%)
Mean performance of unidp ditto global,  eps=0.0, Perf=0.0999
Mean performance of unidp ditto personal,  eps=0.0, Perf=0.7102
Mean performance of unidp ditto pooled,  eps=0.0, Perf=0.7092
---EPSILON 0.1 ---
default_sample_rate: 0.03232323232323232
noise_multiplier :  13.75
learning rate =  0.001
sample_rate: 0.03, expected_batch_size: 128
sample_rate: 0.03, expected_batch_size: 128
sample_rate: 0.03, expected_batch_size: 128
sample_rate: 0.03, expected_batch_size: 128
sample_rate: 0.03, expected_batch_size: 128
sample_rate: 0.03, expected_batch_size: 128
sample_rate: 0.03, expected_batch_size: 128
sample_rate: 0.03, expected_batch_size: 128
sample_rate: 0.03, expected_batch_size: 128
sample_rate: 0.03, expected_batch_size: 128
initial privacy cost of all clients:  [0, 0, 0, 0, 0, 0, 0, 0, 0, 0]
Round=0
Round=1
Round=2
Round=3
Round=4
Round=5
Round=6
Round=7
Round=8
Round=9
Round=10
Round=11
Round=12
Round=13
Round=14
current privacy cost of all clients:  [0.07323580287115607, 0.06861627244984228, 0.0636130274845621, 0.07323580287115607, 0.052721685568101175, 0.06861627244984228, 0.05835482563852214, 0.039763141150096236, 0.05835482563852214, 0.07775445513440044]
Round=14, per client global perf=[0.4196, 0.3931, 0.4162, 0.4015, 0.4191, 0.4064, 0.3926, 0.4083, 0.4039, 0.3985], mean perf=8281/20400 (0.4059%)
Round=14, per client personal perf=[0.7652, 0.7343, 0.7529, 0.7471, 0.6922, 0.7353, 0.7157, 0.6294, 0.7328, 0.7559], mean perf=14812/20400 (0.7261%)
Round=14, per client personal pooled=[0.7538, 0.7388, 0.7389, 0.7459, 0.6893, 0.7441, 0.7093, 0.625, 0.7388, 0.7542], mean perf=147660/204000 (0.7238%)
Mean performance of unidp ditto global,  eps=0.1, Perf=0.3915
Mean performance of unidp ditto personal,  eps=0.1, Perf=0.7102
Mean performance of unidp ditto pooled,  eps=0.1, Perf=0.7092
---EPSILON 0.5 ---
default_sample_rate: 0.03232323232323232
noise_multiplier :  3.671875
learning rate =  0.001
sample_rate: 0.03, expected_batch_size: 128
sample_rate: 0.03, expected_batch_size: 128
sample_rate: 0.03, expected_batch_size: 128
sample_rate: 0.03, expected_batch_size: 128
sample_rate: 0.03, expected_batch_size: 128
sample_rate: 0.03, expected_batch_size: 128
sample_rate: 0.03, expected_batch_size: 128
sample_rate: 0.03, expected_batch_size: 128
sample_rate: 0.03, expected_batch_size: 128
sample_rate: 0.03, expected_batch_size: 128
initial privacy cost of all clients:  [0, 0, 0, 0, 0, 0, 0, 0, 0, 0]
Round=0
Round=1
Round=2
Round=3
Round=4
Round=5
Round=6
Round=7
Round=8
Round=9
Round=10
Round=11
Round=12
Round=13
Round=14
current privacy cost of all clients:  [0.37555379650408366, 0.3537320706559622, 0.33033357372458066, 0.37555379650408366, 0.279070325668136, 0.3537320706559622, 0.30557517331204553, 0.2169627015110833, 0.30557517331204553, 0.39649964853357994]
Round=14, per client global perf=[0.6284, 0.6172, 0.6225, 0.6235, 0.6113, 0.6191, 0.6186, 0.6088, 0.6108, 0.6186], mean perf=12605/20400 (0.6179%)
Round=14, per client personal perf=[0.7652, 0.7343, 0.7529, 0.7471, 0.6922, 0.7353, 0.7157, 0.6294, 0.7328, 0.7559], mean perf=14812/20400 (0.7261%)
Round=14, per client personal pooled=[0.7538, 0.7388, 0.7389, 0.7459, 0.6893, 0.7441, 0.7093, 0.625, 0.7388, 0.7542], mean perf=147660/204000 (0.7238%)
Mean performance of unidp ditto global,  eps=0.5, Perf=0.6086
Mean performance of unidp ditto personal,  eps=0.5, Perf=0.7102
Mean performance of unidp ditto pooled,  eps=0.5, Perf=0.7092
---EPSILON 1 ---
default_sample_rate: 0.03232323232323232
noise_multiplier :  2.12890625
learning rate =  0.001
sample_rate: 0.03, expected_batch_size: 128
sample_rate: 0.03, expected_batch_size: 128
sample_rate: 0.03, expected_batch_size: 128
sample_rate: 0.03, expected_batch_size: 128
sample_rate: 0.03, expected_batch_size: 128
sample_rate: 0.03, expected_batch_size: 128
sample_rate: 0.03, expected_batch_size: 128
sample_rate: 0.03, expected_batch_size: 128
sample_rate: 0.03, expected_batch_size: 128
sample_rate: 0.03, expected_batch_size: 128
initial privacy cost of all clients:  [0, 0, 0, 0, 0, 0, 0, 0, 0, 0]
Round=0
Round=1
Round=2
Round=3
Round=4
Round=5
Round=6
Round=7
Round=8
Round=9
Round=10
Round=11
Round=12
Round=13
Round=14
current privacy cost of all clients:  [0.7653858016873494, 0.7206619146809711, 0.6750386529476061, 0.7653858016873494, 0.5742281727082242, 0.7206619146809711, 0.6260606530260836, 0.4516481465484667, 0.6260606530260836, 0.8052814395900469]
Round=14, per client global perf=[0.677, 0.6647, 0.6667, 0.6637, 0.6686, 0.6667, 0.6681, 0.6569, 0.6559, 0.6696], mean perf=13582/20400 (0.6658%)
Round=14, per client personal perf=[0.7652, 0.7343, 0.7529, 0.7471, 0.6922, 0.7353, 0.7157, 0.6294, 0.7328, 0.7559], mean perf=14812/20400 (0.7261%)
Round=14, per client personal pooled=[0.7538, 0.7388, 0.7389, 0.7459, 0.6893, 0.7441, 0.7093, 0.625, 0.7388, 0.7542], mean perf=147660/204000 (0.7238%)
Mean performance of unidp ditto global,  eps=1.0, Perf=0.6562
Mean performance of unidp ditto personal,  eps=1.0, Perf=0.7102
Mean performance of unidp ditto pooled,  eps=1.0, Perf=0.7092
---EPSILON 4 ---
default_sample_rate: 0.03232323232323232
noise_multiplier :  0.93994140625
learning rate =  0.001
sample_rate: 0.03, expected_batch_size: 128
sample_rate: 0.03, expected_batch_size: 128
sample_rate: 0.03, expected_batch_size: 128
sample_rate: 0.03, expected_batch_size: 128
sample_rate: 0.03, expected_batch_size: 128
sample_rate: 0.03, expected_batch_size: 128
sample_rate: 0.03, expected_batch_size: 128
sample_rate: 0.03, expected_batch_size: 128
sample_rate: 0.03, expected_batch_size: 128
sample_rate: 0.03, expected_batch_size: 128
initial privacy cost of all clients:  [0, 0, 0, 0, 0, 0, 0, 0, 0, 0]
Round=0
Round=1
Round=2
Round=3
Round=4
Round=5
Round=6
Round=7
Round=8
Round=9
Round=10
Round=11
Round=12
Round=13
Round=14
current privacy cost of all clients:  [3.083714743273034, 2.9136136495948044, 2.743512555916575, 3.083714743273034, 2.4033103685601156, 2.9136136495948044, 2.573411462238345, 2.04500887038821, 2.573411462238345, 3.2538158369512633]
Round=14, per client global perf=[0.7324, 0.7181, 0.7235, 0.7142, 0.7167, 0.7098, 0.7191, 0.7034, 0.701, 0.7181], mean perf=14599/20400 (0.7156%)
Round=14, per client personal perf=[0.7652, 0.7343, 0.7529, 0.7471, 0.6922, 0.7353, 0.7157, 0.6294, 0.7328, 0.7559], mean perf=14812/20400 (0.7261%)
Round=14, per client personal pooled=[0.7538, 0.7388, 0.7389, 0.7459, 0.6893, 0.7441, 0.7093, 0.625, 0.7388, 0.7542], mean perf=147660/204000 (0.7238%)
Mean performance of unidp ditto global,  eps=4.0, Perf=0.7110
Mean performance of unidp ditto personal,  eps=4.0, Perf=0.7102
Mean performance of unidp ditto pooled,  eps=4.0, Perf=0.7092
---EPSILON 8 ---
default_sample_rate: 0.03232323232323232
noise_multiplier :  0.72021484375
learning rate =  0.001
sample_rate: 0.03, expected_batch_size: 128
sample_rate: 0.03, expected_batch_size: 128
sample_rate: 0.03, expected_batch_size: 128
sample_rate: 0.03, expected_batch_size: 128
sample_rate: 0.03, expected_batch_size: 128
sample_rate: 0.03, expected_batch_size: 128
sample_rate: 0.03, expected_batch_size: 128
sample_rate: 0.03, expected_batch_size: 128
sample_rate: 0.03, expected_batch_size: 128
sample_rate: 0.03, expected_batch_size: 128
initial privacy cost of all clients:  [0, 0, 0, 0, 0, 0, 0, 0, 0, 0]
Round=0
Round=1
Round=2
Round=3
Round=4
Round=5
Round=6
Round=7
Round=8
Round=9
Round=10
Round=11
Round=12
Round=13
Round=14
current privacy cost of all clients:  [6.735473089270566, 6.264765677912597, 5.794058266554629, 6.735473089270566, 4.852643443838692, 6.264765677912597, 5.323350855196661, 3.9112286211227545, 5.323350855196661, 7.167814057514629]
Round=14, per client global perf=[0.7436, 0.724, 0.7343, 0.723, 0.7284, 0.7201, 0.7275, 0.7132, 0.7147, 0.7284], mean perf=14805/20400 (0.7257%)
Round=14, per client personal perf=[0.7652, 0.7343, 0.7529, 0.7471, 0.6922, 0.7353, 0.7157, 0.6294, 0.7328, 0.7559], mean perf=14812/20400 (0.7261%)
Round=14, per client personal pooled=[0.7538, 0.7388, 0.7389, 0.7459, 0.6893, 0.7441, 0.7093, 0.625, 0.7388, 0.7542], mean perf=147660/204000 (0.7238%)
Mean performance of unidp ditto global,  eps=8.0, Perf=0.7225
Mean performance of unidp ditto personal,  eps=8.0, Perf=0.7102
Mean performance of unidp ditto pooled,  eps=8.0, Perf=0.7092
---EPSILON 16 ---
default_sample_rate: 0.03232323232323232
noise_multiplier :  0.567169189453125
learning rate =  0.001
sample_rate: 0.03, expected_batch_size: 128
sample_rate: 0.03, expected_batch_size: 128
sample_rate: 0.03, expected_batch_size: 128
sample_rate: 0.03, expected_batch_size: 128
sample_rate: 0.03, expected_batch_size: 128
sample_rate: 0.03, expected_batch_size: 128
sample_rate: 0.03, expected_batch_size: 128
sample_rate: 0.03, expected_batch_size: 128
sample_rate: 0.03, expected_batch_size: 128
sample_rate: 0.03, expected_batch_size: 128
initial privacy cost of all clients:  [0, 0, 0, 0, 0, 0, 0, 0, 0, 0]
Round=0
Round=1
Round=2
Round=3
Round=4
Round=5
Round=6
Round=7
Round=8
Round=9
Round=10
Round=11
Round=12
Round=13
Round=14
current privacy cost of all clients:  [11.80405874178763, 11.105992316907031, 10.407925892026432, 11.80405874178763, 9.011793042265237, 11.105992316907031, 9.709859467145835, 7.6156601925040395, 9.709859467145835, 12.502125166668227]
Round=14, per client global perf=[0.7495, 0.7333, 0.7392, 0.7324, 0.7363, 0.7294, 0.7402, 0.7206, 0.7265, 0.7324], mean perf=14973/20400 (0.7340%)
Round=14, per client personal perf=[0.7652, 0.7343, 0.7529, 0.7471, 0.6922, 0.7353, 0.7157, 0.6294, 0.7328, 0.7559], mean perf=14812/20400 (0.7261%)
Round=14, per client personal pooled=[0.7538, 0.7388, 0.7389, 0.7459, 0.6893, 0.7441, 0.7093, 0.625, 0.7388, 0.7542], mean perf=147660/204000 (0.7238%)
Mean performance of unidp ditto global,  eps=16.0, Perf=0.7321
Mean performance of unidp ditto personal,  eps=16.0, Perf=0.7102
Mean performance of unidp ditto pooled,  eps=16.0, Perf=0.7092
--- Personal steps: 30 ---
---EPSILON 0 ---
default_sample_rate: 0.03232323232323232
noise_multiplier :  640
learning rate =  0.001
sample_rate: 0.03, expected_batch_size: 128
sample_rate: 0.03, expected_batch_size: 128
sample_rate: 0.03, expected_batch_size: 128
sample_rate: 0.03, expected_batch_size: 128
sample_rate: 0.03, expected_batch_size: 128
sample_rate: 0.03, expected_batch_size: 128
sample_rate: 0.03, expected_batch_size: 128
sample_rate: 0.03, expected_batch_size: 128
sample_rate: 0.03, expected_batch_size: 128
sample_rate: 0.03, expected_batch_size: 128
initial privacy cost of all clients:  [0, 0, 0, 0, 0, 0, 0, 0, 0, 0]
Round=0
Round=1
Round=2
Round=3
Round=4
Round=5
Round=6
Round=7
Round=8
Round=9
Round=10
Round=11
Round=12
Round=13
Round=14
current privacy cost of all clients:  [-0.0007400032360581786, -0.0007661340148727439, -0.0007933904687212481, -0.0007400032360581786, -0.0008494097935163293, -0.0007661340148727439, -0.0008214001311187887, -0.0009075556830472331, -0.0008214001311187887, -0.0007138724572436134]
Round=14, per client global perf=[0.1054, 0.0936, 0.0951, 0.1039, 0.1, 0.0833, 0.1039, 0.1059, 0.1113, 0.0966], mean perf=2038/20400 (0.0999%)
Round=14, per client personal perf=[0.7936, 0.7809, 0.7833, 0.7917, 0.7613, 0.7794, 0.7691, 0.701, 0.773, 0.7917], mean perf=15759/20400 (0.7725%)
Round=14, per client personal pooled=[0.78, 0.7848, 0.7715, 0.7944, 0.7599, 0.7742, 0.7659, 0.7154, 0.7749, 0.7938], mean perf=157381/204000 (0.7715%)
Mean performance of unidp ditto global,  eps=0.0, Perf=0.0999
Mean performance of unidp ditto personal,  eps=0.0, Perf=0.7643
Mean performance of unidp ditto pooled,  eps=0.0, Perf=0.7642
---EPSILON 0.1 ---
default_sample_rate: 0.03232323232323232
noise_multiplier :  13.75
learning rate =  0.001
sample_rate: 0.03, expected_batch_size: 128
sample_rate: 0.03, expected_batch_size: 128
sample_rate: 0.03, expected_batch_size: 128
sample_rate: 0.03, expected_batch_size: 128
sample_rate: 0.03, expected_batch_size: 128
sample_rate: 0.03, expected_batch_size: 128
sample_rate: 0.03, expected_batch_size: 128
sample_rate: 0.03, expected_batch_size: 128
sample_rate: 0.03, expected_batch_size: 128
sample_rate: 0.03, expected_batch_size: 128
initial privacy cost of all clients:  [0, 0, 0, 0, 0, 0, 0, 0, 0, 0]
Round=0
Round=1
Round=2
Round=3
Round=4
Round=5
Round=6
Round=7
Round=8
Round=9
Round=10
Round=11
Round=12
Round=13
Round=14
current privacy cost of all clients:  [0.07323580287115607, 0.06861627244984228, 0.0636130274845621, 0.07323580287115607, 0.052721685568101175, 0.06861627244984228, 0.05835482563852214, 0.039763141150096236, 0.05835482563852214, 0.07775445513440044]
Round=14, per client global perf=[0.4196, 0.3931, 0.4162, 0.4015, 0.4191, 0.4064, 0.3926, 0.4083, 0.4039, 0.3985], mean perf=8281/20400 (0.4059%)
Round=14, per client personal perf=[0.7936, 0.7809, 0.7833, 0.7917, 0.7613, 0.7794, 0.7691, 0.701, 0.773, 0.7917], mean perf=15759/20400 (0.7725%)
Round=14, per client personal pooled=[0.78, 0.7848, 0.7715, 0.7944, 0.7599, 0.7742, 0.7659, 0.7154, 0.7749, 0.7938], mean perf=157381/204000 (0.7715%)
Mean performance of unidp ditto global,  eps=0.1, Perf=0.3915
Mean performance of unidp ditto personal,  eps=0.1, Perf=0.7643
Mean performance of unidp ditto pooled,  eps=0.1, Perf=0.7642
---EPSILON 0.5 ---
default_sample_rate: 0.03232323232323232
noise_multiplier :  3.671875
learning rate =  0.001
sample_rate: 0.03, expected_batch_size: 128
sample_rate: 0.03, expected_batch_size: 128
sample_rate: 0.03, expected_batch_size: 128
sample_rate: 0.03, expected_batch_size: 128
sample_rate: 0.03, expected_batch_size: 128
sample_rate: 0.03, expected_batch_size: 128
sample_rate: 0.03, expected_batch_size: 128
sample_rate: 0.03, expected_batch_size: 128
sample_rate: 0.03, expected_batch_size: 128
sample_rate: 0.03, expected_batch_size: 128
initial privacy cost of all clients:  [0, 0, 0, 0, 0, 0, 0, 0, 0, 0]
Round=0
Round=1
Round=2
Round=3
Round=4
Round=5
Round=6
Round=7
Round=8
Round=9
Round=10
Round=11
Round=12
Round=13
Round=14
current privacy cost of all clients:  [0.37555379650408366, 0.3537320706559622, 0.33033357372458066, 0.37555379650408366, 0.279070325668136, 0.3537320706559622, 0.30557517331204553, 0.2169627015110833, 0.30557517331204553, 0.39649964853357994]
Round=14, per client global perf=[0.6284, 0.6172, 0.6225, 0.6235, 0.6113, 0.6191, 0.6186, 0.6088, 0.6108, 0.6186], mean perf=12605/20400 (0.6179%)
Round=14, per client personal perf=[0.7936, 0.7809, 0.7833, 0.7917, 0.7613, 0.7794, 0.7691, 0.701, 0.773, 0.7917], mean perf=15759/20400 (0.7725%)
Round=14, per client personal pooled=[0.78, 0.7848, 0.7715, 0.7944, 0.7599, 0.7742, 0.7659, 0.7154, 0.7749, 0.7938], mean perf=157381/204000 (0.7715%)
Mean performance of unidp ditto global,  eps=0.5, Perf=0.6086
Mean performance of unidp ditto personal,  eps=0.5, Perf=0.7643
Mean performance of unidp ditto pooled,  eps=0.5, Perf=0.7642
---EPSILON 1 ---
default_sample_rate: 0.03232323232323232
noise_multiplier :  2.12890625
learning rate =  0.001
sample_rate: 0.03, expected_batch_size: 128
sample_rate: 0.03, expected_batch_size: 128
sample_rate: 0.03, expected_batch_size: 128
sample_rate: 0.03, expected_batch_size: 128
sample_rate: 0.03, expected_batch_size: 128
sample_rate: 0.03, expected_batch_size: 128
sample_rate: 0.03, expected_batch_size: 128
sample_rate: 0.03, expected_batch_size: 128
sample_rate: 0.03, expected_batch_size: 128
sample_rate: 0.03, expected_batch_size: 128
initial privacy cost of all clients:  [0, 0, 0, 0, 0, 0, 0, 0, 0, 0]
Round=0
Round=1
Round=2
Round=3
Round=4
Round=5
Round=6
Round=7
Round=8
Round=9
Round=10
Round=11
Round=12
Round=13
Round=14
current privacy cost of all clients:  [0.7653858016873494, 0.7206619146809711, 0.6750386529476061, 0.7653858016873494, 0.5742281727082242, 0.7206619146809711, 0.6260606530260836, 0.4516481465484667, 0.6260606530260836, 0.8052814395900469]
Round=14, per client global perf=[0.677, 0.6647, 0.6667, 0.6637, 0.6686, 0.6667, 0.6681, 0.6569, 0.6559, 0.6696], mean perf=13582/20400 (0.6658%)
Round=14, per client personal perf=[0.7936, 0.7809, 0.7833, 0.7917, 0.7613, 0.7794, 0.7691, 0.701, 0.773, 0.7917], mean perf=15759/20400 (0.7725%)
Round=14, per client personal pooled=[0.78, 0.7848, 0.7715, 0.7944, 0.7599, 0.7742, 0.7659, 0.7154, 0.7749, 0.7938], mean perf=157381/204000 (0.7715%)
Mean performance of unidp ditto global,  eps=1.0, Perf=0.6562
Mean performance of unidp ditto personal,  eps=1.0, Perf=0.7643
Mean performance of unidp ditto pooled,  eps=1.0, Perf=0.7642
---EPSILON 4 ---
default_sample_rate: 0.03232323232323232
noise_multiplier :  0.93994140625
learning rate =  0.001
sample_rate: 0.03, expected_batch_size: 128
sample_rate: 0.03, expected_batch_size: 128
sample_rate: 0.03, expected_batch_size: 128
sample_rate: 0.03, expected_batch_size: 128
sample_rate: 0.03, expected_batch_size: 128
sample_rate: 0.03, expected_batch_size: 128
sample_rate: 0.03, expected_batch_size: 128
sample_rate: 0.03, expected_batch_size: 128
sample_rate: 0.03, expected_batch_size: 128
sample_rate: 0.03, expected_batch_size: 128
initial privacy cost of all clients:  [0, 0, 0, 0, 0, 0, 0, 0, 0, 0]
Round=0
Round=1
Round=2
Round=3
Round=4
Round=5
Round=6
Round=7
Round=8
Round=9
Round=10
Round=11
Round=12
Round=13
Round=14
current privacy cost of all clients:  [3.083714743273034, 2.9136136495948044, 2.743512555916575, 3.083714743273034, 2.4033103685601156, 2.9136136495948044, 2.573411462238345, 2.04500887038821, 2.573411462238345, 3.2538158369512633]
Round=14, per client global perf=[0.7324, 0.7181, 0.7235, 0.7142, 0.7167, 0.7098, 0.7191, 0.7034, 0.701, 0.7181], mean perf=14599/20400 (0.7156%)
Round=14, per client personal perf=[0.7936, 0.7809, 0.7833, 0.7917, 0.7613, 0.7794, 0.7691, 0.701, 0.773, 0.7917], mean perf=15759/20400 (0.7725%)
Round=14, per client personal pooled=[0.78, 0.7848, 0.7715, 0.7944, 0.7599, 0.7742, 0.7659, 0.7154, 0.7749, 0.7938], mean perf=157381/204000 (0.7715%)
Mean performance of unidp ditto global,  eps=4.0, Perf=0.7110
Mean performance of unidp ditto personal,  eps=4.0, Perf=0.7643
Mean performance of unidp ditto pooled,  eps=4.0, Perf=0.7642
---EPSILON 8 ---
default_sample_rate: 0.03232323232323232
noise_multiplier :  0.72021484375
learning rate =  0.001
sample_rate: 0.03, expected_batch_size: 128
sample_rate: 0.03, expected_batch_size: 128
sample_rate: 0.03, expected_batch_size: 128
sample_rate: 0.03, expected_batch_size: 128
sample_rate: 0.03, expected_batch_size: 128
sample_rate: 0.03, expected_batch_size: 128
sample_rate: 0.03, expected_batch_size: 128
sample_rate: 0.03, expected_batch_size: 128
sample_rate: 0.03, expected_batch_size: 128
sample_rate: 0.03, expected_batch_size: 128
initial privacy cost of all clients:  [0, 0, 0, 0, 0, 0, 0, 0, 0, 0]
Round=0
Round=1
Round=2
Round=3
Round=4
Round=5
Round=6
Round=7
Round=8
Round=9
Round=10
Round=11
Round=12
Round=13
Round=14
current privacy cost of all clients:  [6.735473089270566, 6.264765677912597, 5.794058266554629, 6.735473089270566, 4.852643443838692, 6.264765677912597, 5.323350855196661, 3.9112286211227545, 5.323350855196661, 7.167814057514629]
Round=14, per client global perf=[0.7436, 0.724, 0.7343, 0.723, 0.7284, 0.7201, 0.7275, 0.7132, 0.7147, 0.7284], mean perf=14805/20400 (0.7257%)
Round=14, per client personal perf=[0.7936, 0.7809, 0.7833, 0.7917, 0.7613, 0.7794, 0.7691, 0.701, 0.773, 0.7917], mean perf=15759/20400 (0.7725%)
Round=14, per client personal pooled=[0.78, 0.7848, 0.7715, 0.7944, 0.7599, 0.7742, 0.7659, 0.7154, 0.7749, 0.7938], mean perf=157381/204000 (0.7715%)
Mean performance of unidp ditto global,  eps=8.0, Perf=0.7225
Mean performance of unidp ditto personal,  eps=8.0, Perf=0.7643
Mean performance of unidp ditto pooled,  eps=8.0, Perf=0.7642
---EPSILON 16 ---
default_sample_rate: 0.03232323232323232
noise_multiplier :  0.567169189453125
learning rate =  0.001
sample_rate: 0.03, expected_batch_size: 128
sample_rate: 0.03, expected_batch_size: 128
sample_rate: 0.03, expected_batch_size: 128
sample_rate: 0.03, expected_batch_size: 128
sample_rate: 0.03, expected_batch_size: 128
sample_rate: 0.03, expected_batch_size: 128
sample_rate: 0.03, expected_batch_size: 128
sample_rate: 0.03, expected_batch_size: 128
sample_rate: 0.03, expected_batch_size: 128
sample_rate: 0.03, expected_batch_size: 128
initial privacy cost of all clients:  [0, 0, 0, 0, 0, 0, 0, 0, 0, 0]
Round=0
Round=1
Round=2
Round=3
Round=4
Round=5
Round=6
Round=7
Round=8
Round=9
Round=10
Round=11
Round=12
Round=13
Round=14
current privacy cost of all clients:  [11.80405874178763, 11.105992316907031, 10.407925892026432, 11.80405874178763, 9.011793042265237, 11.105992316907031, 9.709859467145835, 7.6156601925040395, 9.709859467145835, 12.502125166668227]
Round=14, per client global perf=[0.7495, 0.7333, 0.7392, 0.7324, 0.7363, 0.7294, 0.7402, 0.7206, 0.7265, 0.7324], mean perf=14973/20400 (0.7340%)
Round=14, per client personal perf=[0.7936, 0.7809, 0.7833, 0.7917, 0.7613, 0.7794, 0.7691, 0.701, 0.773, 0.7917], mean perf=15759/20400 (0.7725%)
Round=14, per client personal pooled=[0.78, 0.7848, 0.7715, 0.7944, 0.7599, 0.7742, 0.7659, 0.7154, 0.7749, 0.7938], mean perf=157381/204000 (0.7715%)
Mean performance of unidp ditto global,  eps=16.0, Perf=0.7321
Mean performance of unidp ditto personal,  eps=16.0, Perf=0.7643
Mean performance of unidp ditto pooled,  eps=16.0, Perf=0.7642
--- Finished seed: 43 ---
--- Seed: 44 ---
--- Personal steps: 15 ---
---EPSILON 0 ---
default_sample_rate: 0.03232323232323232
noise_multiplier :  640
learning rate =  0.001
sample_rate: 0.03, expected_batch_size: 128
sample_rate: 0.03, expected_batch_size: 128
sample_rate: 0.03, expected_batch_size: 128
sample_rate: 0.03, expected_batch_size: 128
sample_rate: 0.03, expected_batch_size: 128
sample_rate: 0.03, expected_batch_size: 128
sample_rate: 0.03, expected_batch_size: 128
sample_rate: 0.03, expected_batch_size: 128
sample_rate: 0.03, expected_batch_size: 128
sample_rate: 0.03, expected_batch_size: 128
initial privacy cost of all clients:  [0, 0, 0, 0, 0, 0, 0, 0, 0, 0]
Round=0
Round=1
Round=2
Round=3
Round=4
Round=5
Round=6
Round=7
Round=8
Round=9
Round=10
Round=11
Round=12
Round=13
Round=14
current privacy cost of all clients:  [-0.0007400032360581786, -0.0006616108996144827, -0.0007400032360581786, -0.0009075556830472331, -0.0006877416784290479, -0.0008214001311187887, -0.0008494097935163293, -0.0008214001311187887, -0.0008494097935163293, -0.0007661340148727439]
Round=14, per client global perf=[0.0941, 0.101, 0.0951, 0.1088, 0.1093, 0.1127, 0.102, 0.0936, 0.0985, 0.1039], mean perf=2079/20400 (0.1019%)
Round=14, per client personal perf=[0.774, 0.7725, 0.7696, 0.6735, 0.7613, 0.7412, 0.7275, 0.7157, 0.7123, 0.7583], mean perf=15108/20400 (0.7406%)
Round=14, per client personal pooled=[0.7629, 0.7745, 0.7607, 0.6707, 0.7678, 0.7389, 0.7156, 0.7325, 0.7199, 0.759], mean perf=151010/204000 (0.7402%)
Mean performance of unidp ditto global,  eps=0.0, Perf=0.1018
Mean performance of unidp ditto personal,  eps=0.0, Perf=0.7329
Mean performance of unidp ditto pooled,  eps=0.0, Perf=0.7331
---EPSILON 0.1 ---
default_sample_rate: 0.03232323232323232
noise_multiplier :  13.75
learning rate =  0.001
sample_rate: 0.03, expected_batch_size: 128
sample_rate: 0.03, expected_batch_size: 128
sample_rate: 0.03, expected_batch_size: 128
sample_rate: 0.03, expected_batch_size: 128
sample_rate: 0.03, expected_batch_size: 128
sample_rate: 0.03, expected_batch_size: 128
sample_rate: 0.03, expected_batch_size: 128
sample_rate: 0.03, expected_batch_size: 128
sample_rate: 0.03, expected_batch_size: 128
sample_rate: 0.03, expected_batch_size: 128
initial privacy cost of all clients:  [0, 0, 0, 0, 0, 0, 0, 0, 0, 0]
Round=0
Round=1
Round=2
Round=3
Round=4
Round=5
Round=6
Round=7
Round=8
Round=9
Round=10
Round=11
Round=12
Round=13
Round=14
current privacy cost of all clients:  [0.07323580287115607, 0.08623286984399514, 0.07323580287115607, 0.039763141150096236, 0.08199366248919779, 0.05835482563852214, 0.052721685568101175, 0.05835482563852214, 0.052721685568101175, 0.06861627244984228]
Round=14, per client global perf=[0.4368, 0.4, 0.4098, 0.4255, 0.4186, 0.4069, 0.4181, 0.4108, 0.4127, 0.4201], mean perf=8485/20400 (0.4159%)
Round=14, per client personal perf=[0.774, 0.7725, 0.7696, 0.6735, 0.7613, 0.7412, 0.7275, 0.7157, 0.7123, 0.7583], mean perf=15108/20400 (0.7406%)
Round=14, per client personal pooled=[0.7629, 0.7745, 0.7607, 0.6707, 0.7678, 0.7389, 0.7156, 0.7325, 0.7199, 0.759], mean perf=151010/204000 (0.7402%)
Mean performance of unidp ditto global,  eps=0.1, Perf=0.4169
Mean performance of unidp ditto personal,  eps=0.1, Perf=0.7329
Mean performance of unidp ditto pooled,  eps=0.1, Perf=0.7331
---EPSILON 0.5 ---
default_sample_rate: 0.03232323232323232
noise_multiplier :  3.671875
learning rate =  0.001
sample_rate: 0.03, expected_batch_size: 128
sample_rate: 0.03, expected_batch_size: 128
sample_rate: 0.03, expected_batch_size: 128
sample_rate: 0.03, expected_batch_size: 128
sample_rate: 0.03, expected_batch_size: 128
sample_rate: 0.03, expected_batch_size: 128
sample_rate: 0.03, expected_batch_size: 128
sample_rate: 0.03, expected_batch_size: 128
sample_rate: 0.03, expected_batch_size: 128
sample_rate: 0.03, expected_batch_size: 128
initial privacy cost of all clients:  [0, 0, 0, 0, 0, 0, 0, 0, 0, 0]
Round=0
Round=1
Round=2
Round=3
Round=4
Round=5
Round=6
Round=7
Round=8
Round=9
Round=10
Round=11
Round=12
Round=13
Round=14
current privacy cost of all clients:  [0.37555379650408366, 0.4369927284170089, 0.37555379650408366, 0.2169627015110833, 0.41674618847529443, 0.30557517331204553, 0.279070325668136, 0.30557517331204553, 0.279070325668136, 0.3537320706559622]
Round=14, per client global perf=[0.6225, 0.6309, 0.6176, 0.6123, 0.6123, 0.6147, 0.6314, 0.6113, 0.6103, 0.6103], mean perf=12594/20400 (0.6174%)
Round=14, per client personal perf=[0.774, 0.7725, 0.7696, 0.6735, 0.7613, 0.7412, 0.7275, 0.7157, 0.7123, 0.7583], mean perf=15108/20400 (0.7406%)
Round=14, per client personal pooled=[0.7629, 0.7745, 0.7607, 0.6707, 0.7678, 0.7389, 0.7156, 0.7325, 0.7199, 0.759], mean perf=151010/204000 (0.7402%)
Mean performance of unidp ditto global,  eps=0.5, Perf=0.6020
Mean performance of unidp ditto personal,  eps=0.5, Perf=0.7329
Mean performance of unidp ditto pooled,  eps=0.5, Perf=0.7331
---EPSILON 1 ---
default_sample_rate: 0.03232323232323232
noise_multiplier :  2.12890625
learning rate =  0.001
sample_rate: 0.03, expected_batch_size: 128
sample_rate: 0.03, expected_batch_size: 128
sample_rate: 0.03, expected_batch_size: 128
sample_rate: 0.03, expected_batch_size: 128
sample_rate: 0.03, expected_batch_size: 128
sample_rate: 0.03, expected_batch_size: 128
sample_rate: 0.03, expected_batch_size: 128
sample_rate: 0.03, expected_batch_size: 128
sample_rate: 0.03, expected_batch_size: 128
sample_rate: 0.03, expected_batch_size: 128
initial privacy cost of all clients:  [0, 0, 0, 0, 0, 0, 0, 0, 0, 0]
Round=0
Round=1
Round=2
Round=3
Round=4
Round=5
Round=6
Round=7
Round=8
Round=9
Round=10
Round=11
Round=12
Round=13
Round=14
current privacy cost of all clients:  [0.7653858016873494, 0.8850727153954416, 0.7653858016873494, 0.4516481465484667, 0.8451770774927443, 0.6260606530260836, 0.5742281727082242, 0.6260606530260836, 0.5742281727082242, 0.7206619146809711]
Round=14, per client global perf=[0.6598, 0.6681, 0.6534, 0.6554, 0.6495, 0.6529, 0.675, 0.6436, 0.6456, 0.6402], mean perf=13349/20400 (0.6544%)
Round=14, per client personal perf=[0.774, 0.7725, 0.7696, 0.6735, 0.7613, 0.7412, 0.7275, 0.7157, 0.7123, 0.7583], mean perf=15108/20400 (0.7406%)
Round=14, per client personal pooled=[0.7629, 0.7745, 0.7607, 0.6707, 0.7678, 0.7389, 0.7156, 0.7325, 0.7199, 0.759], mean perf=151010/204000 (0.7402%)
Mean performance of unidp ditto global,  eps=1.0, Perf=0.6451
Mean performance of unidp ditto personal,  eps=1.0, Perf=0.7329
Mean performance of unidp ditto pooled,  eps=1.0, Perf=0.7331
---EPSILON 4 ---
default_sample_rate: 0.03232323232323232
noise_multiplier :  0.93994140625
learning rate =  0.001
sample_rate: 0.03, expected_batch_size: 128
sample_rate: 0.03, expected_batch_size: 128
sample_rate: 0.03, expected_batch_size: 128
sample_rate: 0.03, expected_batch_size: 128
sample_rate: 0.03, expected_batch_size: 128
sample_rate: 0.03, expected_batch_size: 128
sample_rate: 0.03, expected_batch_size: 128
sample_rate: 0.03, expected_batch_size: 128
sample_rate: 0.03, expected_batch_size: 128
sample_rate: 0.03, expected_batch_size: 128
initial privacy cost of all clients:  [0, 0, 0, 0, 0, 0, 0, 0, 0, 0]
Round=0
Round=1
Round=2
Round=3
Round=4
Round=5
Round=6
Round=7
Round=8
Round=9
Round=10
Round=11
Round=12
Round=13
Round=14
current privacy cost of all clients:  [3.083714743273034, 3.594018024307722, 3.083714743273034, 2.04500887038821, 3.4239169306294928, 2.573411462238345, 2.4033103685601156, 2.573411462238345, 2.4033103685601156, 2.9136136495948044]
Round=14, per client global perf=[0.702, 0.7069, 0.7, 0.702, 0.6887, 0.7025, 0.7088, 0.6853, 0.6902, 0.6995], mean perf=14251/20400 (0.6986%)
Round=14, per client personal perf=[0.774, 0.7725, 0.7696, 0.6735, 0.7613, 0.7412, 0.7275, 0.7157, 0.7123, 0.7583], mean perf=15108/20400 (0.7406%)
Round=14, per client personal pooled=[0.7629, 0.7745, 0.7607, 0.6707, 0.7678, 0.7389, 0.7156, 0.7325, 0.7199, 0.759], mean perf=151010/204000 (0.7402%)
Mean performance of unidp ditto global,  eps=4.0, Perf=0.6895
Mean performance of unidp ditto personal,  eps=4.0, Perf=0.7329
Mean performance of unidp ditto pooled,  eps=4.0, Perf=0.7331
---EPSILON 8 ---
default_sample_rate: 0.03232323232323232
noise_multiplier :  0.72021484375
learning rate =  0.001
sample_rate: 0.03, expected_batch_size: 128
sample_rate: 0.03, expected_batch_size: 128
sample_rate: 0.03, expected_batch_size: 128
sample_rate: 0.03, expected_batch_size: 128
sample_rate: 0.03, expected_batch_size: 128
sample_rate: 0.03, expected_batch_size: 128
sample_rate: 0.03, expected_batch_size: 128
sample_rate: 0.03, expected_batch_size: 128
sample_rate: 0.03, expected_batch_size: 128
sample_rate: 0.03, expected_batch_size: 128
initial privacy cost of all clients:  [0, 0, 0, 0, 0, 0, 0, 0, 0, 0]
Round=0
Round=1
Round=2
Round=3
Round=4
Round=5
Round=6
Round=7
Round=8
Round=9
Round=10
Round=11
Round=12
Round=13
Round=14
current privacy cost of all clients:  [6.735473089270566, 7.497084685445106, 6.735473089270566, 3.9112286211227545, 7.332449371479868, 5.323350855196661, 4.852643443838692, 5.323350855196661, 4.852643443838692, 6.264765677912597]
Round=14, per client global perf=[0.7211, 0.7172, 0.7147, 0.7113, 0.7015, 0.7167, 0.7176, 0.6922, 0.7069, 0.7123], mean perf=14507/20400 (0.7111%)
Round=14, per client personal perf=[0.774, 0.7725, 0.7696, 0.6735, 0.7613, 0.7412, 0.7275, 0.7157, 0.7123, 0.7583], mean perf=15108/20400 (0.7406%)
Round=14, per client personal pooled=[0.7629, 0.7745, 0.7607, 0.6707, 0.7678, 0.7389, 0.7156, 0.7325, 0.7199, 0.759], mean perf=151010/204000 (0.7402%)
Mean performance of unidp ditto global,  eps=8.0, Perf=0.7069
Mean performance of unidp ditto personal,  eps=8.0, Perf=0.7329
Mean performance of unidp ditto pooled,  eps=8.0, Perf=0.7331
---EPSILON 16 ---
default_sample_rate: 0.03232323232323232
noise_multiplier :  0.567169189453125
learning rate =  0.001
sample_rate: 0.03, expected_batch_size: 128
sample_rate: 0.03, expected_batch_size: 128
sample_rate: 0.03, expected_batch_size: 128
sample_rate: 0.03, expected_batch_size: 128
sample_rate: 0.03, expected_batch_size: 128
sample_rate: 0.03, expected_batch_size: 128
sample_rate: 0.03, expected_batch_size: 128
sample_rate: 0.03, expected_batch_size: 128
sample_rate: 0.03, expected_batch_size: 128
sample_rate: 0.03, expected_batch_size: 128
initial privacy cost of all clients:  [0, 0, 0, 0, 0, 0, 0, 0, 0, 0]
Round=0
Round=1
Round=2
Round=3
Round=4
Round=5
Round=6
Round=7
Round=8
Round=9
Round=10
Round=11
Round=12
Round=13
Round=14
current privacy cost of all clients:  [11.80405874178763, 13.898258016429423, 11.80405874178763, 7.6156601925040395, 13.200191591548824, 9.709859467145835, 9.011793042265237, 9.709859467145835, 9.011793042265237, 11.105992316907031]
Round=14, per client global perf=[0.7328, 0.7299, 0.7235, 0.7206, 0.7152, 0.727, 0.7304, 0.7083, 0.7147, 0.7265], mean perf=14747/20400 (0.7229%)
Round=14, per client personal perf=[0.774, 0.7725, 0.7696, 0.6735, 0.7613, 0.7412, 0.7275, 0.7157, 0.7123, 0.7583], mean perf=15108/20400 (0.7406%)
Round=14, per client personal pooled=[0.7629, 0.7745, 0.7607, 0.6707, 0.7678, 0.7389, 0.7156, 0.7325, 0.7199, 0.759], mean perf=151010/204000 (0.7402%)
Mean performance of unidp ditto global,  eps=16.0, Perf=0.7194
Mean performance of unidp ditto personal,  eps=16.0, Perf=0.7329
Mean performance of unidp ditto pooled,  eps=16.0, Perf=0.7331
--- Personal steps: 30 ---
---EPSILON 0 ---
default_sample_rate: 0.03232323232323232
noise_multiplier :  640
learning rate =  0.001
sample_rate: 0.03, expected_batch_size: 128
sample_rate: 0.03, expected_batch_size: 128
sample_rate: 0.03, expected_batch_size: 128
sample_rate: 0.03, expected_batch_size: 128
sample_rate: 0.03, expected_batch_size: 128
sample_rate: 0.03, expected_batch_size: 128
sample_rate: 0.03, expected_batch_size: 128
sample_rate: 0.03, expected_batch_size: 128
sample_rate: 0.03, expected_batch_size: 128
sample_rate: 0.03, expected_batch_size: 128
initial privacy cost of all clients:  [0, 0, 0, 0, 0, 0, 0, 0, 0, 0]
Round=0
Round=1
Round=2
Round=3
Round=4
Round=5
Round=6
Round=7
Round=8
Round=9
Round=10
Round=11
Round=12
Round=13
Round=14
current privacy cost of all clients:  [-0.0007400032360581786, -0.0006616108996144827, -0.0007400032360581786, -0.0009075556830472331, -0.0006877416784290479, -0.0008214001311187887, -0.0008494097935163293, -0.0008214001311187887, -0.0008494097935163293, -0.0007661340148727439]
Round=14, per client global perf=[0.0941, 0.101, 0.0951, 0.1088, 0.1093, 0.1127, 0.102, 0.0936, 0.0985, 0.1039], mean perf=2079/20400 (0.1019%)
Round=14, per client personal perf=[0.7931, 0.8083, 0.7971, 0.7201, 0.8059, 0.7716, 0.774, 0.7539, 0.7578, 0.7843], mean perf=15843/20400 (0.7766%)
Round=14, per client personal pooled=[0.7803, 0.8145, 0.7945, 0.7292, 0.8112, 0.762, 0.7687, 0.7662, 0.7683, 0.7877], mean perf=158768/204000 (0.7783%)
Mean performance of unidp ditto global,  eps=0.0, Perf=0.1018
Mean performance of unidp ditto personal,  eps=0.0, Perf=0.7729
Mean performance of unidp ditto pooled,  eps=0.0, Perf=0.7739
---EPSILON 0.1 ---
default_sample_rate: 0.03232323232323232
noise_multiplier :  13.75
learning rate =  0.001
sample_rate: 0.03, expected_batch_size: 128
sample_rate: 0.03, expected_batch_size: 128
sample_rate: 0.03, expected_batch_size: 128
sample_rate: 0.03, expected_batch_size: 128
sample_rate: 0.03, expected_batch_size: 128
sample_rate: 0.03, expected_batch_size: 128
sample_rate: 0.03, expected_batch_size: 128
sample_rate: 0.03, expected_batch_size: 128
sample_rate: 0.03, expected_batch_size: 128
sample_rate: 0.03, expected_batch_size: 128
initial privacy cost of all clients:  [0, 0, 0, 0, 0, 0, 0, 0, 0, 0]
Round=0
Round=1
Round=2
Round=3
Round=4
Round=5
Round=6
Round=7
Round=8
Round=9
Round=10
Round=11
Round=12
Round=13
Round=14
current privacy cost of all clients:  [0.07323580287115607, 0.08623286984399514, 0.07323580287115607, 0.039763141150096236, 0.08199366248919779, 0.05835482563852214, 0.052721685568101175, 0.05835482563852214, 0.052721685568101175, 0.06861627244984228]
Round=14, per client global perf=[0.4368, 0.4, 0.4098, 0.4255, 0.4186, 0.4069, 0.4181, 0.4108, 0.4127, 0.4201], mean perf=8485/20400 (0.4159%)
Round=14, per client personal perf=[0.7931, 0.8083, 0.7971, 0.7201, 0.8059, 0.7716, 0.774, 0.7539, 0.7578, 0.7843], mean perf=15843/20400 (0.7766%)
Round=14, per client personal pooled=[0.7803, 0.8145, 0.7945, 0.7292, 0.8112, 0.762, 0.7687, 0.7662, 0.7683, 0.7877], mean perf=158768/204000 (0.7783%)
Mean performance of unidp ditto global,  eps=0.1, Perf=0.4169
Mean performance of unidp ditto personal,  eps=0.1, Perf=0.7729
Mean performance of unidp ditto pooled,  eps=0.1, Perf=0.7739
---EPSILON 0.5 ---
default_sample_rate: 0.03232323232323232
noise_multiplier :  3.671875
learning rate =  0.001
sample_rate: 0.03, expected_batch_size: 128
sample_rate: 0.03, expected_batch_size: 128
sample_rate: 0.03, expected_batch_size: 128
sample_rate: 0.03, expected_batch_size: 128
sample_rate: 0.03, expected_batch_size: 128
sample_rate: 0.03, expected_batch_size: 128
sample_rate: 0.03, expected_batch_size: 128
sample_rate: 0.03, expected_batch_size: 128
sample_rate: 0.03, expected_batch_size: 128
sample_rate: 0.03, expected_batch_size: 128
initial privacy cost of all clients:  [0, 0, 0, 0, 0, 0, 0, 0, 0, 0]
Round=0
Round=1
Round=2
Round=3
Round=4
Round=5
Round=6
Round=7
Round=8
Round=9
Round=10
Round=11
Round=12
Round=13
Round=14
current privacy cost of all clients:  [0.37555379650408366, 0.4369927284170089, 0.37555379650408366, 0.2169627015110833, 0.41674618847529443, 0.30557517331204553, 0.279070325668136, 0.30557517331204553, 0.279070325668136, 0.3537320706559622]
Round=14, per client global perf=[0.6225, 0.6309, 0.6176, 0.6123, 0.6123, 0.6147, 0.6314, 0.6113, 0.6103, 0.6103], mean perf=12594/20400 (0.6174%)
Round=14, per client personal perf=[0.7931, 0.8083, 0.7971, 0.7201, 0.8059, 0.7716, 0.774, 0.7539, 0.7578, 0.7843], mean perf=15843/20400 (0.7766%)
Round=14, per client personal pooled=[0.7803, 0.8145, 0.7945, 0.7292, 0.8112, 0.762, 0.7687, 0.7662, 0.7683, 0.7877], mean perf=158768/204000 (0.7783%)
Mean performance of unidp ditto global,  eps=0.5, Perf=0.6020
Mean performance of unidp ditto personal,  eps=0.5, Perf=0.7729
Mean performance of unidp ditto pooled,  eps=0.5, Perf=0.7739
---EPSILON 1 ---
default_sample_rate: 0.03232323232323232
noise_multiplier :  2.12890625
learning rate =  0.001
sample_rate: 0.03, expected_batch_size: 128
sample_rate: 0.03, expected_batch_size: 128
sample_rate: 0.03, expected_batch_size: 128
sample_rate: 0.03, expected_batch_size: 128
sample_rate: 0.03, expected_batch_size: 128
sample_rate: 0.03, expected_batch_size: 128
sample_rate: 0.03, expected_batch_size: 128
sample_rate: 0.03, expected_batch_size: 128
sample_rate: 0.03, expected_batch_size: 128
sample_rate: 0.03, expected_batch_size: 128
initial privacy cost of all clients:  [0, 0, 0, 0, 0, 0, 0, 0, 0, 0]
Round=0
Round=1
Round=2
Round=3
Round=4
Round=5
Round=6
Round=7
Round=8
Round=9
Round=10
Round=11
Round=12
Round=13
Round=14
current privacy cost of all clients:  [0.7653858016873494, 0.8850727153954416, 0.7653858016873494, 0.4516481465484667, 0.8451770774927443, 0.6260606530260836, 0.5742281727082242, 0.6260606530260836, 0.5742281727082242, 0.7206619146809711]
Round=14, per client global perf=[0.6598, 0.6681, 0.6534, 0.6554, 0.6495, 0.6529, 0.675, 0.6436, 0.6456, 0.6402], mean perf=13349/20400 (0.6544%)
Round=14, per client personal perf=[0.7931, 0.8083, 0.7971, 0.7201, 0.8059, 0.7716, 0.774, 0.7539, 0.7578, 0.7843], mean perf=15843/20400 (0.7766%)
Round=14, per client personal pooled=[0.7803, 0.8145, 0.7945, 0.7292, 0.8112, 0.762, 0.7687, 0.7662, 0.7683, 0.7877], mean perf=158768/204000 (0.7783%)
Mean performance of unidp ditto global,  eps=1.0, Perf=0.6451
Mean performance of unidp ditto personal,  eps=1.0, Perf=0.7729
Mean performance of unidp ditto pooled,  eps=1.0, Perf=0.7739
---EPSILON 4 ---
default_sample_rate: 0.03232323232323232
noise_multiplier :  0.93994140625
learning rate =  0.001
sample_rate: 0.03, expected_batch_size: 128
sample_rate: 0.03, expected_batch_size: 128
sample_rate: 0.03, expected_batch_size: 128
sample_rate: 0.03, expected_batch_size: 128
sample_rate: 0.03, expected_batch_size: 128
sample_rate: 0.03, expected_batch_size: 128
sample_rate: 0.03, expected_batch_size: 128
sample_rate: 0.03, expected_batch_size: 128
sample_rate: 0.03, expected_batch_size: 128
sample_rate: 0.03, expected_batch_size: 128
initial privacy cost of all clients:  [0, 0, 0, 0, 0, 0, 0, 0, 0, 0]
Round=0
Round=1
Round=2
Round=3
Round=4
Round=5
Round=6
Round=7
Round=8
Round=9
Round=10
Round=11
Round=12
Round=13
Round=14
current privacy cost of all clients:  [3.083714743273034, 3.594018024307722, 3.083714743273034, 2.04500887038821, 3.4239169306294928, 2.573411462238345, 2.4033103685601156, 2.573411462238345, 2.4033103685601156, 2.9136136495948044]
Round=14, per client global perf=[0.702, 0.7069, 0.7, 0.702, 0.6887, 0.7025, 0.7088, 0.6853, 0.6902, 0.6995], mean perf=14251/20400 (0.6986%)
Round=14, per client personal perf=[0.7931, 0.8083, 0.7971, 0.7201, 0.8059, 0.7716, 0.774, 0.7539, 0.7578, 0.7843], mean perf=15843/20400 (0.7766%)
Round=14, per client personal pooled=[0.7803, 0.8145, 0.7945, 0.7292, 0.8112, 0.762, 0.7687, 0.7662, 0.7683, 0.7877], mean perf=158768/204000 (0.7783%)
Mean performance of unidp ditto global,  eps=4.0, Perf=0.6895
Mean performance of unidp ditto personal,  eps=4.0, Perf=0.7729
Mean performance of unidp ditto pooled,  eps=4.0, Perf=0.7739
---EPSILON 8 ---
default_sample_rate: 0.03232323232323232
noise_multiplier :  0.72021484375
learning rate =  0.001
sample_rate: 0.03, expected_batch_size: 128
sample_rate: 0.03, expected_batch_size: 128
sample_rate: 0.03, expected_batch_size: 128
sample_rate: 0.03, expected_batch_size: 128
sample_rate: 0.03, expected_batch_size: 128
sample_rate: 0.03, expected_batch_size: 128
sample_rate: 0.03, expected_batch_size: 128
sample_rate: 0.03, expected_batch_size: 128
sample_rate: 0.03, expected_batch_size: 128
sample_rate: 0.03, expected_batch_size: 128
initial privacy cost of all clients:  [0, 0, 0, 0, 0, 0, 0, 0, 0, 0]
Round=0
Round=1
Round=2
Round=3
Round=4
Round=5
Round=6
Round=7
Round=8
Round=9
Round=10
Round=11
Round=12
Round=13
Round=14
current privacy cost of all clients:  [6.735473089270566, 7.497084685445106, 6.735473089270566, 3.9112286211227545, 7.332449371479868, 5.323350855196661, 4.852643443838692, 5.323350855196661, 4.852643443838692, 6.264765677912597]
Round=14, per client global perf=[0.7211, 0.7172, 0.7147, 0.7113, 0.7015, 0.7167, 0.7176, 0.6922, 0.7069, 0.7123], mean perf=14507/20400 (0.7111%)
Round=14, per client personal perf=[0.7931, 0.8083, 0.7971, 0.7201, 0.8059, 0.7716, 0.774, 0.7539, 0.7578, 0.7843], mean perf=15843/20400 (0.7766%)
Round=14, per client personal pooled=[0.7803, 0.8145, 0.7945, 0.7292, 0.8112, 0.762, 0.7687, 0.7662, 0.7683, 0.7877], mean perf=158768/204000 (0.7783%)
Mean performance of unidp ditto global,  eps=8.0, Perf=0.7069
Mean performance of unidp ditto personal,  eps=8.0, Perf=0.7729
Mean performance of unidp ditto pooled,  eps=8.0, Perf=0.7739
---EPSILON 16 ---
default_sample_rate: 0.03232323232323232
noise_multiplier :  0.567169189453125
learning rate =  0.001
sample_rate: 0.03, expected_batch_size: 128
sample_rate: 0.03, expected_batch_size: 128
sample_rate: 0.03, expected_batch_size: 128
sample_rate: 0.03, expected_batch_size: 128
sample_rate: 0.03, expected_batch_size: 128
sample_rate: 0.03, expected_batch_size: 128
sample_rate: 0.03, expected_batch_size: 128
sample_rate: 0.03, expected_batch_size: 128
sample_rate: 0.03, expected_batch_size: 128
sample_rate: 0.03, expected_batch_size: 128
initial privacy cost of all clients:  [0, 0, 0, 0, 0, 0, 0, 0, 0, 0]
Round=0
Round=1
Round=2
Round=3
Round=4
Round=5
Round=6
Round=7
Round=8
Round=9
Round=10
Round=11
Round=12
Round=13
Round=14
current privacy cost of all clients:  [11.80405874178763, 13.898258016429423, 11.80405874178763, 7.6156601925040395, 13.200191591548824, 9.709859467145835, 9.011793042265237, 9.709859467145835, 9.011793042265237, 11.105992316907031]
Round=14, per client global perf=[0.7328, 0.7299, 0.7235, 0.7206, 0.7152, 0.727, 0.7304, 0.7083, 0.7147, 0.7265], mean perf=14747/20400 (0.7229%)
Round=14, per client personal perf=[0.7931, 0.8083, 0.7971, 0.7201, 0.8059, 0.7716, 0.774, 0.7539, 0.7578, 0.7843], mean perf=15843/20400 (0.7766%)
Round=14, per client personal pooled=[0.7803, 0.8145, 0.7945, 0.7292, 0.8112, 0.762, 0.7687, 0.7662, 0.7683, 0.7877], mean perf=158768/204000 (0.7783%)
Mean performance of unidp ditto global,  eps=16.0, Perf=0.7194
Mean performance of unidp ditto personal,  eps=16.0, Perf=0.7729
Mean performance of unidp ditto pooled,  eps=16.0, Perf=0.7739
--- Finished seed: 44 ---
--- Seed: 45 ---
--- Personal steps: 15 ---
---EPSILON 0 ---
default_sample_rate: 0.03232323232323232
noise_multiplier :  640
learning rate =  0.001
sample_rate: 0.03, expected_batch_size: 128
sample_rate: 0.03, expected_batch_size: 128
sample_rate: 0.03, expected_batch_size: 128
sample_rate: 0.03, expected_batch_size: 128
sample_rate: 0.03, expected_batch_size: 128
sample_rate: 0.03, expected_batch_size: 128
sample_rate: 0.03, expected_batch_size: 128
sample_rate: 0.03, expected_batch_size: 128
sample_rate: 0.03, expected_batch_size: 128
sample_rate: 0.03, expected_batch_size: 128
initial privacy cost of all clients:  [0, 0, 0, 0, 0, 0, 0, 0, 0, 0]
Round=0
Round=1
Round=2
Round=3
Round=4
Round=5
Round=6
Round=7
Round=8
Round=9
Round=10
Round=11
Round=12
Round=13
Round=14
current privacy cost of all clients:  [-0.0007661340148727439, -0.0007661340148727439, -0.0007933904687212481, -0.0008775257334739981, -0.0007661340148727439, -0.0007138724572436134, -0.0007661340148727439, -0.0008494097935163293, -0.0007400032360581786, -0.0007138724572436134]
Round=14, per client global perf=[0.0912, 0.0926, 0.0975, 0.0897, 0.0848, 0.0887, 0.0946, 0.1015, 0.0877, 0.0922], mean perf=1878/20400 (0.0921%)
Round=14, per client personal perf=[0.7505, 0.7265, 0.7475, 0.601, 0.7387, 0.7608, 0.749, 0.6745, 0.7265, 0.7588], mean perf=14757/20400 (0.7234%)
Round=14, per client personal pooled=[0.7397, 0.7334, 0.7398, 0.6082, 0.7402, 0.7561, 0.7437, 0.6858, 0.738, 0.7568], mean perf=147733/204000 (0.7242%)
Mean performance of unidp ditto global,  eps=0.0, Perf=0.0921
Mean performance of unidp ditto personal,  eps=0.0, Perf=0.7138
Mean performance of unidp ditto pooled,  eps=0.0, Perf=0.7148
---EPSILON 0.1 ---
default_sample_rate: 0.03232323232323232
noise_multiplier :  13.75
learning rate =  0.001
sample_rate: 0.03, expected_batch_size: 128
sample_rate: 0.03, expected_batch_size: 128
sample_rate: 0.03, expected_batch_size: 128
sample_rate: 0.03, expected_batch_size: 128
sample_rate: 0.03, expected_batch_size: 128
sample_rate: 0.03, expected_batch_size: 128
sample_rate: 0.03, expected_batch_size: 128
sample_rate: 0.03, expected_batch_size: 128
sample_rate: 0.03, expected_batch_size: 128
sample_rate: 0.03, expected_batch_size: 128
initial privacy cost of all clients:  [0, 0, 0, 0, 0, 0, 0, 0, 0, 0]
Round=0
Round=1
Round=2
Round=3
Round=4
Round=5
Round=6
Round=7
Round=8
Round=9
Round=10
Round=11
Round=12
Round=13
Round=14
current privacy cost of all clients:  [0.06861627244984228, 0.06861627244984228, 0.0636130274845621, 0.04658500139459702, 0.06861627244984228, 0.07775445513440044, 0.06861627244984228, 0.052721685568101175, 0.07323580287115607, 0.07775445513440044]
Round=14, per client global perf=[0.3544, 0.3529, 0.3603, 0.3471, 0.3515, 0.3461, 0.3564, 0.3569, 0.3304, 0.3529], mean perf=7158/20400 (0.3509%)
Round=14, per client personal perf=[0.7505, 0.7265, 0.7475, 0.601, 0.7387, 0.7608, 0.749, 0.6745, 0.7265, 0.7588], mean perf=14757/20400 (0.7234%)
Round=14, per client personal pooled=[0.7397, 0.7334, 0.7398, 0.6082, 0.7402, 0.7561, 0.7437, 0.6858, 0.738, 0.7568], mean perf=147733/204000 (0.7242%)
Mean performance of unidp ditto global,  eps=0.1, Perf=0.3455
Mean performance of unidp ditto personal,  eps=0.1, Perf=0.7138
Mean performance of unidp ditto pooled,  eps=0.1, Perf=0.7148
---EPSILON 0.5 ---
default_sample_rate: 0.03232323232323232
noise_multiplier :  3.671875
learning rate =  0.001
sample_rate: 0.03, expected_batch_size: 128
sample_rate: 0.03, expected_batch_size: 128
sample_rate: 0.03, expected_batch_size: 128
sample_rate: 0.03, expected_batch_size: 128
sample_rate: 0.03, expected_batch_size: 128
sample_rate: 0.03, expected_batch_size: 128
sample_rate: 0.03, expected_batch_size: 128
sample_rate: 0.03, expected_batch_size: 128
sample_rate: 0.03, expected_batch_size: 128
sample_rate: 0.03, expected_batch_size: 128
initial privacy cost of all clients:  [0, 0, 0, 0, 0, 0, 0, 0, 0, 0]
Round=0
Round=1
Round=2
Round=3
Round=4
Round=5
Round=6
Round=7
Round=8
Round=9
Round=10
Round=11
Round=12
Round=13
Round=14
current privacy cost of all clients:  [0.3537320706559622, 0.3537320706559622, 0.33033357372458066, 0.24971232645595445, 0.3537320706559622, 0.39649964853357994, 0.3537320706559622, 0.279070325668136, 0.37555379650408366, 0.39649964853357994]
Round=14, per client global perf=[0.5922, 0.6064, 0.5843, 0.5887, 0.5863, 0.5819, 0.5892, 0.5838, 0.5789, 0.5858], mean perf=11990/20400 (0.5877%)
Round=14, per client personal perf=[0.7505, 0.7265, 0.7475, 0.601, 0.7387, 0.7608, 0.749, 0.6745, 0.7265, 0.7588], mean perf=14757/20400 (0.7234%)
Round=14, per client personal pooled=[0.7397, 0.7334, 0.7398, 0.6082, 0.7402, 0.7561, 0.7437, 0.6858, 0.738, 0.7568], mean perf=147733/204000 (0.7242%)
Mean performance of unidp ditto global,  eps=0.5, Perf=0.5833
Mean performance of unidp ditto personal,  eps=0.5, Perf=0.7138
Mean performance of unidp ditto pooled,  eps=0.5, Perf=0.7148
---EPSILON 1 ---
default_sample_rate: 0.03232323232323232
noise_multiplier :  2.12890625
learning rate =  0.001
sample_rate: 0.03, expected_batch_size: 128
sample_rate: 0.03, expected_batch_size: 128
sample_rate: 0.03, expected_batch_size: 128
sample_rate: 0.03, expected_batch_size: 128
sample_rate: 0.03, expected_batch_size: 128
sample_rate: 0.03, expected_batch_size: 128
sample_rate: 0.03, expected_batch_size: 128
sample_rate: 0.03, expected_batch_size: 128
sample_rate: 0.03, expected_batch_size: 128
sample_rate: 0.03, expected_batch_size: 128
initial privacy cost of all clients:  [0, 0, 0, 0, 0, 0, 0, 0, 0, 0]
Round=0
Round=1
Round=2
Round=3
Round=4
Round=5
Round=6
Round=7
Round=8
Round=9
Round=10
Round=11
Round=12
Round=13
Round=14
current privacy cost of all clients:  [0.7206619146809711, 0.7206619146809711, 0.6750386529476061, 0.5160637025135262, 0.7206619146809711, 0.8052814395900469, 0.7206619146809711, 0.5742281727082242, 0.7653858016873494, 0.8052814395900469]
Round=14, per client global perf=[0.6422, 0.6515, 0.6363, 0.6392, 0.6368, 0.6451, 0.6485, 0.6299, 0.6348, 0.6392], mean perf=13063/20400 (0.6403%)
Round=14, per client personal perf=[0.7505, 0.7265, 0.7475, 0.601, 0.7387, 0.7608, 0.749, 0.6745, 0.7265, 0.7588], mean perf=14757/20400 (0.7234%)
Round=14, per client personal pooled=[0.7397, 0.7334, 0.7398, 0.6082, 0.7402, 0.7561, 0.7437, 0.6858, 0.738, 0.7568], mean perf=147733/204000 (0.7242%)
Mean performance of unidp ditto global,  eps=1.0, Perf=0.6377
Mean performance of unidp ditto personal,  eps=1.0, Perf=0.7138
Mean performance of unidp ditto pooled,  eps=1.0, Perf=0.7148
---EPSILON 4 ---
default_sample_rate: 0.03232323232323232
noise_multiplier :  0.93994140625
learning rate =  0.001
sample_rate: 0.03, expected_batch_size: 128
sample_rate: 0.03, expected_batch_size: 128
sample_rate: 0.03, expected_batch_size: 128
sample_rate: 0.03, expected_batch_size: 128
sample_rate: 0.03, expected_batch_size: 128
sample_rate: 0.03, expected_batch_size: 128
sample_rate: 0.03, expected_batch_size: 128
sample_rate: 0.03, expected_batch_size: 128
sample_rate: 0.03, expected_batch_size: 128
sample_rate: 0.03, expected_batch_size: 128
initial privacy cost of all clients:  [0, 0, 0, 0, 0, 0, 0, 0, 0, 0]
Round=0
Round=1
Round=2
Round=3
Round=4
Round=5
Round=6
Round=7
Round=8
Round=9
Round=10
Round=11
Round=12
Round=13
Round=14
current privacy cost of all clients:  [2.9136136495948044, 2.9136136495948044, 2.743512555916575, 2.233209274881886, 2.9136136495948044, 3.2538158369512633, 2.9136136495948044, 2.4033103685601156, 3.083714743273034, 3.2538158369512633]
Round=14, per client global perf=[0.6853, 0.6971, 0.6858, 0.6971, 0.6824, 0.6892, 0.6985, 0.6804, 0.6877, 0.6897], mean perf=14062/20400 (0.6893%)
Round=14, per client personal perf=[0.7505, 0.7265, 0.7475, 0.601, 0.7387, 0.7608, 0.749, 0.6745, 0.7265, 0.7588], mean perf=14757/20400 (0.7234%)
Round=14, per client personal pooled=[0.7397, 0.7334, 0.7398, 0.6082, 0.7402, 0.7561, 0.7437, 0.6858, 0.738, 0.7568], mean perf=147733/204000 (0.7242%)
Mean performance of unidp ditto global,  eps=4.0, Perf=0.6856
Mean performance of unidp ditto personal,  eps=4.0, Perf=0.7138
Mean performance of unidp ditto pooled,  eps=4.0, Perf=0.7148
---EPSILON 8 ---
default_sample_rate: 0.03232323232323232
noise_multiplier :  0.72021484375
learning rate =  0.001
sample_rate: 0.03, expected_batch_size: 128
sample_rate: 0.03, expected_batch_size: 128
sample_rate: 0.03, expected_batch_size: 128
sample_rate: 0.03, expected_batch_size: 128
sample_rate: 0.03, expected_batch_size: 128
sample_rate: 0.03, expected_batch_size: 128
sample_rate: 0.03, expected_batch_size: 128
sample_rate: 0.03, expected_batch_size: 128
sample_rate: 0.03, expected_batch_size: 128
sample_rate: 0.03, expected_batch_size: 128
initial privacy cost of all clients:  [0, 0, 0, 0, 0, 0, 0, 0, 0, 0]
Round=0
Round=1
Round=2
Round=3
Round=4
Round=5
Round=6
Round=7
Round=8
Round=9
Round=10
Round=11
Round=12
Round=13
Round=14
current privacy cost of all clients:  [6.264765677912597, 6.264765677912597, 5.794058266554629, 4.381936032480723, 6.264765677912597, 7.167814057514629, 6.264765677912597, 4.852643443838692, 6.735473089270566, 7.167814057514629]
Round=14, per client global perf=[0.701, 0.7093, 0.7, 0.7074, 0.6922, 0.6961, 0.7103, 0.6912, 0.6961, 0.7025], mean perf=14292/20400 (0.7006%)
Round=14, per client personal perf=[0.7505, 0.7265, 0.7475, 0.601, 0.7387, 0.7608, 0.749, 0.6745, 0.7265, 0.7588], mean perf=14757/20400 (0.7234%)
Round=14, per client personal pooled=[0.7397, 0.7334, 0.7398, 0.6082, 0.7402, 0.7561, 0.7437, 0.6858, 0.738, 0.7568], mean perf=147733/204000 (0.7242%)
Mean performance of unidp ditto global,  eps=8.0, Perf=0.6963
Mean performance of unidp ditto personal,  eps=8.0, Perf=0.7138
Mean performance of unidp ditto pooled,  eps=8.0, Perf=0.7148
---EPSILON 16 ---
default_sample_rate: 0.03232323232323232
noise_multiplier :  0.567169189453125
learning rate =  0.001
sample_rate: 0.03, expected_batch_size: 128
sample_rate: 0.03, expected_batch_size: 128
sample_rate: 0.03, expected_batch_size: 128
sample_rate: 0.03, expected_batch_size: 128
sample_rate: 0.03, expected_batch_size: 128
sample_rate: 0.03, expected_batch_size: 128
sample_rate: 0.03, expected_batch_size: 128
sample_rate: 0.03, expected_batch_size: 128
sample_rate: 0.03, expected_batch_size: 128
sample_rate: 0.03, expected_batch_size: 128
initial privacy cost of all clients:  [0, 0, 0, 0, 0, 0, 0, 0, 0, 0]
Round=0
Round=1
Round=2
Round=3
Round=4
Round=5
Round=6
Round=7
Round=8
Round=9
Round=10
Round=11
Round=12
Round=13
Round=14
current privacy cost of all clients:  [11.105992316907031, 11.105992316907031, 10.407925892026432, 8.313726617384638, 11.105992316907031, 12.502125166668227, 11.105992316907031, 9.011793042265237, 11.80405874178763, 12.502125166668227]
Round=14, per client global perf=[0.7216, 0.7211, 0.7147, 0.7137, 0.7039, 0.7083, 0.7181, 0.7015, 0.7029, 0.7137], mean perf=14524/20400 (0.7120%)
Round=14, per client personal perf=[0.7505, 0.7265, 0.7475, 0.601, 0.7387, 0.7608, 0.749, 0.6745, 0.7265, 0.7588], mean perf=14757/20400 (0.7234%)
Round=14, per client personal pooled=[0.7397, 0.7334, 0.7398, 0.6082, 0.7402, 0.7561, 0.7437, 0.6858, 0.738, 0.7568], mean perf=147733/204000 (0.7242%)
Mean performance of unidp ditto global,  eps=16.0, Perf=0.7077
Mean performance of unidp ditto personal,  eps=16.0, Perf=0.7138
Mean performance of unidp ditto pooled,  eps=16.0, Perf=0.7148
--- Personal steps: 30 ---
---EPSILON 0 ---
default_sample_rate: 0.03232323232323232
noise_multiplier :  640
learning rate =  0.001
sample_rate: 0.03, expected_batch_size: 128
sample_rate: 0.03, expected_batch_size: 128
sample_rate: 0.03, expected_batch_size: 128
sample_rate: 0.03, expected_batch_size: 128
sample_rate: 0.03, expected_batch_size: 128
sample_rate: 0.03, expected_batch_size: 128
sample_rate: 0.03, expected_batch_size: 128
sample_rate: 0.03, expected_batch_size: 128
sample_rate: 0.03, expected_batch_size: 128
sample_rate: 0.03, expected_batch_size: 128
initial privacy cost of all clients:  [0, 0, 0, 0, 0, 0, 0, 0, 0, 0]
Round=0
Round=1
Round=2
Round=3
Round=4
Round=5
Round=6
Round=7
Round=8
Round=9
Round=10
Round=11
Round=12
Round=13
Round=14
current privacy cost of all clients:  [-0.0007661340148727439, -0.0007661340148727439, -0.0007933904687212481, -0.0008775257334739981, -0.0007661340148727439, -0.0007138724572436134, -0.0007661340148727439, -0.0008494097935163293, -0.0007400032360581786, -0.0007138724572436134]
Round=14, per client global perf=[0.0912, 0.0926, 0.0975, 0.0897, 0.0848, 0.0887, 0.0946, 0.1015, 0.0877, 0.0922], mean perf=1878/20400 (0.0921%)
Round=14, per client personal perf=[0.7824, 0.7598, 0.7887, 0.7044, 0.7877, 0.7897, 0.774, 0.725, 0.776, 0.7961], mean perf=15675/20400 (0.7684%)
Round=14, per client personal pooled=[0.7808, 0.7726, 0.7775, 0.705, 0.7886, 0.784, 0.7716, 0.7435, 0.7789, 0.7947], mean perf=157025/204000 (0.7697%)
Mean performance of unidp ditto global,  eps=0.0, Perf=0.0921
Mean performance of unidp ditto personal,  eps=0.0, Perf=0.7657
Mean performance of unidp ditto pooled,  eps=0.0, Perf=0.7677
---EPSILON 0.1 ---
default_sample_rate: 0.03232323232323232
noise_multiplier :  13.75
learning rate =  0.001
sample_rate: 0.03, expected_batch_size: 128
sample_rate: 0.03, expected_batch_size: 128
sample_rate: 0.03, expected_batch_size: 128
sample_rate: 0.03, expected_batch_size: 128
sample_rate: 0.03, expected_batch_size: 128
sample_rate: 0.03, expected_batch_size: 128
sample_rate: 0.03, expected_batch_size: 128
sample_rate: 0.03, expected_batch_size: 128
sample_rate: 0.03, expected_batch_size: 128
sample_rate: 0.03, expected_batch_size: 128
initial privacy cost of all clients:  [0, 0, 0, 0, 0, 0, 0, 0, 0, 0]
Round=0
Round=1
Round=2
Round=3
Round=4
Round=5
Round=6
Round=7
Round=8
Round=9
Round=10
Round=11
Round=12
Round=13
Round=14
current privacy cost of all clients:  [0.06861627244984228, 0.06861627244984228, 0.0636130274845621, 0.04658500139459702, 0.06861627244984228, 0.07775445513440044, 0.06861627244984228, 0.052721685568101175, 0.07323580287115607, 0.07775445513440044]
Round=14, per client global perf=[0.3544, 0.3529, 0.3603, 0.3471, 0.3515, 0.3461, 0.3564, 0.3569, 0.3304, 0.3529], mean perf=7158/20400 (0.3509%)
Round=14, per client personal perf=[0.7824, 0.7598, 0.7887, 0.7044, 0.7877, 0.7897, 0.774, 0.725, 0.776, 0.7961], mean perf=15675/20400 (0.7684%)
Round=14, per client personal pooled=[0.7808, 0.7726, 0.7775, 0.705, 0.7886, 0.784, 0.7716, 0.7435, 0.7789, 0.7947], mean perf=157025/204000 (0.7697%)
Mean performance of unidp ditto global,  eps=0.1, Perf=0.3455
Mean performance of unidp ditto personal,  eps=0.1, Perf=0.7657
Mean performance of unidp ditto pooled,  eps=0.1, Perf=0.7677
---EPSILON 0.5 ---
default_sample_rate: 0.03232323232323232
noise_multiplier :  3.671875
learning rate =  0.001
sample_rate: 0.03, expected_batch_size: 128
sample_rate: 0.03, expected_batch_size: 128
sample_rate: 0.03, expected_batch_size: 128
sample_rate: 0.03, expected_batch_size: 128
sample_rate: 0.03, expected_batch_size: 128
sample_rate: 0.03, expected_batch_size: 128
sample_rate: 0.03, expected_batch_size: 128
sample_rate: 0.03, expected_batch_size: 128
sample_rate: 0.03, expected_batch_size: 128
sample_rate: 0.03, expected_batch_size: 128
initial privacy cost of all clients:  [0, 0, 0, 0, 0, 0, 0, 0, 0, 0]
Round=0
Round=1
Round=2
Round=3
Round=4
Round=5
Round=6
Round=7
Round=8
Round=9
Round=10
Round=11
Round=12
Round=13
Round=14
current privacy cost of all clients:  [0.3537320706559622, 0.3537320706559622, 0.33033357372458066, 0.24971232645595445, 0.3537320706559622, 0.39649964853357994, 0.3537320706559622, 0.279070325668136, 0.37555379650408366, 0.39649964853357994]
Round=14, per client global perf=[0.5922, 0.6064, 0.5843, 0.5887, 0.5863, 0.5819, 0.5892, 0.5838, 0.5789, 0.5858], mean perf=11990/20400 (0.5877%)
Round=14, per client personal perf=[0.7824, 0.7598, 0.7887, 0.7044, 0.7877, 0.7897, 0.774, 0.725, 0.776, 0.7961], mean perf=15675/20400 (0.7684%)
Round=14, per client personal pooled=[0.7808, 0.7726, 0.7775, 0.705, 0.7886, 0.784, 0.7716, 0.7435, 0.7789, 0.7947], mean perf=157025/204000 (0.7697%)
Mean performance of unidp ditto global,  eps=0.5, Perf=0.5833
Mean performance of unidp ditto personal,  eps=0.5, Perf=0.7657
Mean performance of unidp ditto pooled,  eps=0.5, Perf=0.7677
---EPSILON 1 ---
default_sample_rate: 0.03232323232323232
noise_multiplier :  2.12890625
learning rate =  0.001
sample_rate: 0.03, expected_batch_size: 128
sample_rate: 0.03, expected_batch_size: 128
sample_rate: 0.03, expected_batch_size: 128
sample_rate: 0.03, expected_batch_size: 128
sample_rate: 0.03, expected_batch_size: 128
sample_rate: 0.03, expected_batch_size: 128
sample_rate: 0.03, expected_batch_size: 128
sample_rate: 0.03, expected_batch_size: 128
sample_rate: 0.03, expected_batch_size: 128
sample_rate: 0.03, expected_batch_size: 128
initial privacy cost of all clients:  [0, 0, 0, 0, 0, 0, 0, 0, 0, 0]
Round=0
Round=1
Round=2
Round=3
Round=4
Round=5
Round=6
Round=7
Round=8
Round=9
Round=10
Round=11
Round=12
Round=13
Round=14
current privacy cost of all clients:  [0.7206619146809711, 0.7206619146809711, 0.6750386529476061, 0.5160637025135262, 0.7206619146809711, 0.8052814395900469, 0.7206619146809711, 0.5742281727082242, 0.7653858016873494, 0.8052814395900469]
Round=14, per client global perf=[0.6422, 0.6515, 0.6363, 0.6392, 0.6368, 0.6451, 0.6485, 0.6299, 0.6348, 0.6392], mean perf=13063/20400 (0.6403%)
Round=14, per client personal perf=[0.7824, 0.7598, 0.7887, 0.7044, 0.7877, 0.7897, 0.774, 0.725, 0.776, 0.7961], mean perf=15675/20400 (0.7684%)
Round=14, per client personal pooled=[0.7808, 0.7726, 0.7775, 0.705, 0.7886, 0.784, 0.7716, 0.7435, 0.7789, 0.7947], mean perf=157025/204000 (0.7697%)
Mean performance of unidp ditto global,  eps=1.0, Perf=0.6377
Mean performance of unidp ditto personal,  eps=1.0, Perf=0.7657
Mean performance of unidp ditto pooled,  eps=1.0, Perf=0.7677
---EPSILON 4 ---
default_sample_rate: 0.03232323232323232
noise_multiplier :  0.93994140625
learning rate =  0.001
sample_rate: 0.03, expected_batch_size: 128
sample_rate: 0.03, expected_batch_size: 128
sample_rate: 0.03, expected_batch_size: 128
sample_rate: 0.03, expected_batch_size: 128
sample_rate: 0.03, expected_batch_size: 128
sample_rate: 0.03, expected_batch_size: 128
sample_rate: 0.03, expected_batch_size: 128
sample_rate: 0.03, expected_batch_size: 128
sample_rate: 0.03, expected_batch_size: 128
sample_rate: 0.03, expected_batch_size: 128
initial privacy cost of all clients:  [0, 0, 0, 0, 0, 0, 0, 0, 0, 0]
Round=0
Round=1
Round=2
Round=3
Round=4
Round=5
Round=6
Round=7
Round=8
Round=9
Round=10
Round=11
Round=12
Round=13
Round=14
current privacy cost of all clients:  [2.9136136495948044, 2.9136136495948044, 2.743512555916575, 2.233209274881886, 2.9136136495948044, 3.2538158369512633, 2.9136136495948044, 2.4033103685601156, 3.083714743273034, 3.2538158369512633]
Round=14, per client global perf=[0.6853, 0.6971, 0.6858, 0.6971, 0.6824, 0.6892, 0.6985, 0.6804, 0.6877, 0.6897], mean perf=14062/20400 (0.6893%)
Round=14, per client personal perf=[0.7824, 0.7598, 0.7887, 0.7044, 0.7877, 0.7897, 0.774, 0.725, 0.776, 0.7961], mean perf=15675/20400 (0.7684%)
Round=14, per client personal pooled=[0.7808, 0.7726, 0.7775, 0.705, 0.7886, 0.784, 0.7716, 0.7435, 0.7789, 0.7947], mean perf=157025/204000 (0.7697%)
Mean performance of unidp ditto global,  eps=4.0, Perf=0.6856
Mean performance of unidp ditto personal,  eps=4.0, Perf=0.7657
Mean performance of unidp ditto pooled,  eps=4.0, Perf=0.7677
---EPSILON 8 ---
default_sample_rate: 0.03232323232323232
noise_multiplier :  0.72021484375
learning rate =  0.001
sample_rate: 0.03, expected_batch_size: 128
sample_rate: 0.03, expected_batch_size: 128
sample_rate: 0.03, expected_batch_size: 128
sample_rate: 0.03, expected_batch_size: 128
sample_rate: 0.03, expected_batch_size: 128
sample_rate: 0.03, expected_batch_size: 128
sample_rate: 0.03, expected_batch_size: 128
sample_rate: 0.03, expected_batch_size: 128
sample_rate: 0.03, expected_batch_size: 128
sample_rate: 0.03, expected_batch_size: 128
initial privacy cost of all clients:  [0, 0, 0, 0, 0, 0, 0, 0, 0, 0]
Round=0
Round=1
Round=2
Round=3
Round=4
Round=5
Round=6
Round=7
Round=8
Round=9
Round=10
Round=11
Round=12
Round=13
Round=14
current privacy cost of all clients:  [6.264765677912597, 6.264765677912597, 5.794058266554629, 4.381936032480723, 6.264765677912597, 7.167814057514629, 6.264765677912597, 4.852643443838692, 6.735473089270566, 7.167814057514629]
Round=14, per client global perf=[0.701, 0.7093, 0.7, 0.7074, 0.6922, 0.6961, 0.7103, 0.6912, 0.6961, 0.7025], mean perf=14292/20400 (0.7006%)
Round=14, per client personal perf=[0.7824, 0.7598, 0.7887, 0.7044, 0.7877, 0.7897, 0.774, 0.725, 0.776, 0.7961], mean perf=15675/20400 (0.7684%)
Round=14, per client personal pooled=[0.7808, 0.7726, 0.7775, 0.705, 0.7886, 0.784, 0.7716, 0.7435, 0.7789, 0.7947], mean perf=157025/204000 (0.7697%)
Mean performance of unidp ditto global,  eps=8.0, Perf=0.6963
Mean performance of unidp ditto personal,  eps=8.0, Perf=0.7657
Mean performance of unidp ditto pooled,  eps=8.0, Perf=0.7677
---EPSILON 16 ---
default_sample_rate: 0.03232323232323232
noise_multiplier :  0.567169189453125
learning rate =  0.001
sample_rate: 0.03, expected_batch_size: 128
sample_rate: 0.03, expected_batch_size: 128
sample_rate: 0.03, expected_batch_size: 128
sample_rate: 0.03, expected_batch_size: 128
sample_rate: 0.03, expected_batch_size: 128
sample_rate: 0.03, expected_batch_size: 128
sample_rate: 0.03, expected_batch_size: 128
sample_rate: 0.03, expected_batch_size: 128
sample_rate: 0.03, expected_batch_size: 128
sample_rate: 0.03, expected_batch_size: 128
initial privacy cost of all clients:  [0, 0, 0, 0, 0, 0, 0, 0, 0, 0]
Round=0
Round=1
Round=2
Round=3
Round=4
Round=5
Round=6
Round=7
Round=8
Round=9
Round=10
Round=11
Round=12
Round=13
Round=14
current privacy cost of all clients:  [11.105992316907031, 11.105992316907031, 10.407925892026432, 8.313726617384638, 11.105992316907031, 12.502125166668227, 11.105992316907031, 9.011793042265237, 11.80405874178763, 12.502125166668227]
Round=14, per client global perf=[0.7216, 0.7211, 0.7147, 0.7137, 0.7039, 0.7083, 0.7181, 0.7015, 0.7029, 0.7137], mean perf=14524/20400 (0.7120%)
Round=14, per client personal perf=[0.7824, 0.7598, 0.7887, 0.7044, 0.7877, 0.7897, 0.774, 0.725, 0.776, 0.7961], mean perf=15675/20400 (0.7684%)
Round=14, per client personal pooled=[0.7808, 0.7726, 0.7775, 0.705, 0.7886, 0.784, 0.7716, 0.7435, 0.7789, 0.7947], mean perf=157025/204000 (0.7697%)
Mean performance of unidp ditto global,  eps=16.0, Perf=0.7077
Mean performance of unidp ditto personal,  eps=16.0, Perf=0.7657
Mean performance of unidp ditto pooled,  eps=16.0, Perf=0.7677
--- Finished seed: 45 ---
--- Seed: 46 ---
--- Personal steps: 15 ---
---EPSILON 0 ---
default_sample_rate: 0.03232323232323232
noise_multiplier :  640
learning rate =  0.001
sample_rate: 0.03, expected_batch_size: 128
sample_rate: 0.03, expected_batch_size: 128
sample_rate: 0.03, expected_batch_size: 128
sample_rate: 0.03, expected_batch_size: 128
sample_rate: 0.03, expected_batch_size: 128
sample_rate: 0.03, expected_batch_size: 128
sample_rate: 0.03, expected_batch_size: 128
sample_rate: 0.03, expected_batch_size: 128
sample_rate: 0.03, expected_batch_size: 128
sample_rate: 0.03, expected_batch_size: 128
initial privacy cost of all clients:  [0, 0, 0, 0, 0, 0, 0, 0, 0, 0]
Round=0
Round=1
Round=2
Round=3
Round=4
Round=5
Round=6
Round=7
Round=8
Round=9
Round=10
Round=11
Round=12
Round=13
Round=14
current privacy cost of all clients:  [-0.0007933904687212481, -0.0007400032360581786, -0.0007933904687212481, -0.0007661340148727439, -0.0007933904687212481, -0.0007661340148727439, -0.0007661340148727439, -0.0006877416784290479, -0.0007138724572436134, -0.0007661340148727439]
Round=14, per client global perf=[0.123, 0.1314, 0.1382, 0.1221, 0.1157, 0.1191, 0.1255, 0.1299, 0.1176, 0.1265], mean perf=2548/20400 (0.1249%)
Round=14, per client personal perf=[0.7529, 0.7451, 0.7382, 0.7446, 0.7382, 0.7054, 0.752, 0.7392, 0.7598, 0.7353], mean perf=15118/20400 (0.7411%)
Round=14, per client personal pooled=[0.7466, 0.7508, 0.7317, 0.7441, 0.7389, 0.7222, 0.7455, 0.7441, 0.7653, 0.7205], mean perf=151156/204000 (0.7410%)
Mean performance of unidp ditto global,  eps=0.0, Perf=0.1246
Mean performance of unidp ditto personal,  eps=0.0, Perf=0.7368
Mean performance of unidp ditto pooled,  eps=0.0, Perf=0.7357
---EPSILON 0.1 ---
default_sample_rate: 0.03232323232323232
noise_multiplier :  13.75
learning rate =  0.001
sample_rate: 0.03, expected_batch_size: 128
sample_rate: 0.03, expected_batch_size: 128
sample_rate: 0.03, expected_batch_size: 128
sample_rate: 0.03, expected_batch_size: 128
sample_rate: 0.03, expected_batch_size: 128
sample_rate: 0.03, expected_batch_size: 128
sample_rate: 0.03, expected_batch_size: 128
sample_rate: 0.03, expected_batch_size: 128
sample_rate: 0.03, expected_batch_size: 128
sample_rate: 0.03, expected_batch_size: 128
initial privacy cost of all clients:  [0, 0, 0, 0, 0, 0, 0, 0, 0, 0]
Round=0
Round=1
Round=2
Round=3
Round=4
Round=5
Round=6
Round=7
Round=8
Round=9
Round=10
Round=11
Round=12
Round=13
Round=14
current privacy cost of all clients:  [0.0636130274845621, 0.07323580287115607, 0.0636130274845621, 0.06861627244984228, 0.0636130274845621, 0.06861627244984228, 0.06861627244984228, 0.08199366248919779, 0.07775445513440044, 0.06861627244984228]
Round=14, per client global perf=[0.4672, 0.4456, 0.4618, 0.4598, 0.449, 0.4451, 0.4701, 0.4387, 0.4431, 0.4456], mean perf=9233/20400 (0.4526%)
Round=14, per client personal perf=[0.7529, 0.7451, 0.7382, 0.7446, 0.7382, 0.7054, 0.752, 0.7392, 0.7598, 0.7353], mean perf=15118/20400 (0.7411%)
Round=14, per client personal pooled=[0.7466, 0.7508, 0.7317, 0.7441, 0.7389, 0.7222, 0.7455, 0.7441, 0.7653, 0.7205], mean perf=151156/204000 (0.7410%)
Mean performance of unidp ditto global,  eps=0.1, Perf=0.4352
Mean performance of unidp ditto personal,  eps=0.1, Perf=0.7368
Mean performance of unidp ditto pooled,  eps=0.1, Perf=0.7357
---EPSILON 0.5 ---
default_sample_rate: 0.03232323232323232
noise_multiplier :  3.671875
learning rate =  0.001
sample_rate: 0.03, expected_batch_size: 128
sample_rate: 0.03, expected_batch_size: 128
sample_rate: 0.03, expected_batch_size: 128
sample_rate: 0.03, expected_batch_size: 128
sample_rate: 0.03, expected_batch_size: 128
sample_rate: 0.03, expected_batch_size: 128
sample_rate: 0.03, expected_batch_size: 128
sample_rate: 0.03, expected_batch_size: 128
sample_rate: 0.03, expected_batch_size: 128
sample_rate: 0.03, expected_batch_size: 128
initial privacy cost of all clients:  [0, 0, 0, 0, 0, 0, 0, 0, 0, 0]
Round=0
Round=1
Round=2
Round=3
Round=4
Round=5
Round=6
Round=7
Round=8
Round=9
Round=10
Round=11
Round=12
Round=13
Round=14
current privacy cost of all clients:  [0.33033357372458066, 0.37555379650408366, 0.33033357372458066, 0.3537320706559622, 0.33033357372458066, 0.3537320706559622, 0.3537320706559622, 0.41674618847529443, 0.39649964853357994, 0.3537320706559622]
Round=14, per client global perf=[0.6123, 0.6245, 0.6113, 0.6, 0.5975, 0.5985, 0.6181, 0.5897, 0.6025, 0.5951], mean perf=12341/20400 (0.6050%)
Round=14, per client personal perf=[0.7529, 0.7451, 0.7382, 0.7446, 0.7382, 0.7054, 0.752, 0.7392, 0.7598, 0.7353], mean perf=15118/20400 (0.7411%)
Round=14, per client personal pooled=[0.7466, 0.7508, 0.7317, 0.7441, 0.7389, 0.7222, 0.7455, 0.7441, 0.7653, 0.7205], mean perf=151156/204000 (0.7410%)
Mean performance of unidp ditto global,  eps=0.5, Perf=0.5986
Mean performance of unidp ditto personal,  eps=0.5, Perf=0.7368
Mean performance of unidp ditto pooled,  eps=0.5, Perf=0.7357
---EPSILON 1 ---
default_sample_rate: 0.03232323232323232
noise_multiplier :  2.12890625
learning rate =  0.001
sample_rate: 0.03, expected_batch_size: 128
sample_rate: 0.03, expected_batch_size: 128
sample_rate: 0.03, expected_batch_size: 128
sample_rate: 0.03, expected_batch_size: 128
sample_rate: 0.03, expected_batch_size: 128
sample_rate: 0.03, expected_batch_size: 128
sample_rate: 0.03, expected_batch_size: 128
sample_rate: 0.03, expected_batch_size: 128
sample_rate: 0.03, expected_batch_size: 128
sample_rate: 0.03, expected_batch_size: 128
initial privacy cost of all clients:  [0, 0, 0, 0, 0, 0, 0, 0, 0, 0]
Round=0
Round=1
Round=2
Round=3
Round=4
Round=5
Round=6
Round=7
Round=8
Round=9
Round=10
Round=11
Round=12
Round=13
Round=14
current privacy cost of all clients:  [0.6750386529476061, 0.7653858016873494, 0.6750386529476061, 0.7206619146809711, 0.6750386529476061, 0.7206619146809711, 0.7206619146809711, 0.8451770774927443, 0.8052814395900469, 0.7206619146809711]
Round=14, per client global perf=[0.6574, 0.6637, 0.6544, 0.6593, 0.6456, 0.6559, 0.6618, 0.6387, 0.6471, 0.6564], mean perf=13342/20400 (0.6540%)
Round=14, per client personal perf=[0.7529, 0.7451, 0.7382, 0.7446, 0.7382, 0.7054, 0.752, 0.7392, 0.7598, 0.7353], mean perf=15118/20400 (0.7411%)
Round=14, per client personal pooled=[0.7466, 0.7508, 0.7317, 0.7441, 0.7389, 0.7222, 0.7455, 0.7441, 0.7653, 0.7205], mean perf=151156/204000 (0.7410%)
Mean performance of unidp ditto global,  eps=1.0, Perf=0.6481
Mean performance of unidp ditto personal,  eps=1.0, Perf=0.7368
Mean performance of unidp ditto pooled,  eps=1.0, Perf=0.7357
---EPSILON 4 ---
default_sample_rate: 0.03232323232323232
noise_multiplier :  0.93994140625
learning rate =  0.001
sample_rate: 0.03, expected_batch_size: 128
sample_rate: 0.03, expected_batch_size: 128
sample_rate: 0.03, expected_batch_size: 128
sample_rate: 0.03, expected_batch_size: 128
sample_rate: 0.03, expected_batch_size: 128
sample_rate: 0.03, expected_batch_size: 128
sample_rate: 0.03, expected_batch_size: 128
sample_rate: 0.03, expected_batch_size: 128
sample_rate: 0.03, expected_batch_size: 128
sample_rate: 0.03, expected_batch_size: 128
initial privacy cost of all clients:  [0, 0, 0, 0, 0, 0, 0, 0, 0, 0]
Round=0
Round=1
Round=2
Round=3
Round=4
Round=5
Round=6
Round=7
Round=8
Round=9
Round=10
Round=11
Round=12
Round=13
Round=14
current privacy cost of all clients:  [2.743512555916575, 3.083714743273034, 2.743512555916575, 2.9136136495948044, 2.743512555916575, 2.9136136495948044, 2.9136136495948044, 3.4239169306294928, 3.2538158369512633, 2.9136136495948044]
Round=14, per client global perf=[0.6951, 0.6961, 0.6961, 0.6897, 0.6843, 0.6843, 0.7015, 0.676, 0.6853, 0.6956], mean perf=14084/20400 (0.6904%)
Round=14, per client personal perf=[0.7529, 0.7451, 0.7382, 0.7446, 0.7382, 0.7054, 0.752, 0.7392, 0.7598, 0.7353], mean perf=15118/20400 (0.7411%)
Round=14, per client personal pooled=[0.7466, 0.7508, 0.7317, 0.7441, 0.7389, 0.7222, 0.7455, 0.7441, 0.7653, 0.7205], mean perf=151156/204000 (0.7410%)
Mean performance of unidp ditto global,  eps=4.0, Perf=0.6893
Mean performance of unidp ditto personal,  eps=4.0, Perf=0.7368
Mean performance of unidp ditto pooled,  eps=4.0, Perf=0.7357
---EPSILON 8 ---
default_sample_rate: 0.03232323232323232
noise_multiplier :  0.72021484375
learning rate =  0.001
sample_rate: 0.03, expected_batch_size: 128
sample_rate: 0.03, expected_batch_size: 128
sample_rate: 0.03, expected_batch_size: 128
sample_rate: 0.03, expected_batch_size: 128
sample_rate: 0.03, expected_batch_size: 128
sample_rate: 0.03, expected_batch_size: 128
sample_rate: 0.03, expected_batch_size: 128
sample_rate: 0.03, expected_batch_size: 128
sample_rate: 0.03, expected_batch_size: 128
sample_rate: 0.03, expected_batch_size: 128
initial privacy cost of all clients:  [0, 0, 0, 0, 0, 0, 0, 0, 0, 0]
Round=0
Round=1
Round=2
Round=3
Round=4
Round=5
Round=6
Round=7
Round=8
Round=9
Round=10
Round=11
Round=12
Round=13
Round=14
current privacy cost of all clients:  [5.794058266554629, 6.735473089270566, 5.794058266554629, 6.264765677912597, 5.794058266554629, 6.264765677912597, 6.264765677912597, 7.332449371479868, 7.167814057514629, 6.264765677912597]
Round=14, per client global perf=[0.702, 0.7069, 0.7025, 0.702, 0.6902, 0.6966, 0.7074, 0.6858, 0.6936, 0.7044], mean perf=14262/20400 (0.6991%)
Round=14, per client personal perf=[0.7529, 0.7451, 0.7382, 0.7446, 0.7382, 0.7054, 0.752, 0.7392, 0.7598, 0.7353], mean perf=15118/20400 (0.7411%)
Round=14, per client personal pooled=[0.7466, 0.7508, 0.7317, 0.7441, 0.7389, 0.7222, 0.7455, 0.7441, 0.7653, 0.7205], mean perf=151156/204000 (0.7410%)
Mean performance of unidp ditto global,  eps=8.0, Perf=0.6985
Mean performance of unidp ditto personal,  eps=8.0, Perf=0.7368
Mean performance of unidp ditto pooled,  eps=8.0, Perf=0.7357
---EPSILON 16 ---
default_sample_rate: 0.03232323232323232
noise_multiplier :  0.567169189453125
learning rate =  0.001
sample_rate: 0.03, expected_batch_size: 128
sample_rate: 0.03, expected_batch_size: 128
sample_rate: 0.03, expected_batch_size: 128
sample_rate: 0.03, expected_batch_size: 128
sample_rate: 0.03, expected_batch_size: 128
sample_rate: 0.03, expected_batch_size: 128
sample_rate: 0.03, expected_batch_size: 128
sample_rate: 0.03, expected_batch_size: 128
sample_rate: 0.03, expected_batch_size: 128
sample_rate: 0.03, expected_batch_size: 128
initial privacy cost of all clients:  [0, 0, 0, 0, 0, 0, 0, 0, 0, 0]
Round=0
Round=1
Round=2
Round=3
Round=4
Round=5
Round=6
Round=7
Round=8
Round=9
Round=10
Round=11
Round=12
Round=13
Round=14
current privacy cost of all clients:  [10.407925892026432, 11.80405874178763, 10.407925892026432, 11.105992316907031, 10.407925892026432, 11.105992316907031, 11.105992316907031, 13.200191591548824, 12.502125166668227, 11.105992316907031]
Round=14, per client global perf=[0.7132, 0.7181, 0.7078, 0.7137, 0.7025, 0.7074, 0.7167, 0.6951, 0.7039, 0.7191], mean perf=14479/20400 (0.7098%)
Round=14, per client personal perf=[0.7529, 0.7451, 0.7382, 0.7446, 0.7382, 0.7054, 0.752, 0.7392, 0.7598, 0.7353], mean perf=15118/20400 (0.7411%)
Round=14, per client personal pooled=[0.7466, 0.7508, 0.7317, 0.7441, 0.7389, 0.7222, 0.7455, 0.7441, 0.7653, 0.7205], mean perf=151156/204000 (0.7410%)
Mean performance of unidp ditto global,  eps=16.0, Perf=0.7085
Mean performance of unidp ditto personal,  eps=16.0, Perf=0.7368
Mean performance of unidp ditto pooled,  eps=16.0, Perf=0.7357
--- Personal steps: 30 ---
---EPSILON 0 ---
default_sample_rate: 0.03232323232323232
noise_multiplier :  640
learning rate =  0.001
sample_rate: 0.03, expected_batch_size: 128
sample_rate: 0.03, expected_batch_size: 128
sample_rate: 0.03, expected_batch_size: 128
sample_rate: 0.03, expected_batch_size: 128
sample_rate: 0.03, expected_batch_size: 128
sample_rate: 0.03, expected_batch_size: 128
sample_rate: 0.03, expected_batch_size: 128
sample_rate: 0.03, expected_batch_size: 128
sample_rate: 0.03, expected_batch_size: 128
sample_rate: 0.03, expected_batch_size: 128
initial privacy cost of all clients:  [0, 0, 0, 0, 0, 0, 0, 0, 0, 0]
Round=0
Round=1
Round=2
Round=3
Round=4
Round=5
Round=6
Round=7
Round=8
Round=9
Round=10
Round=11
Round=12
Round=13
Round=14
current privacy cost of all clients:  [-0.0007933904687212481, -0.0007400032360581786, -0.0007933904687212481, -0.0007661340148727439, -0.0007933904687212481, -0.0007661340148727439, -0.0007661340148727439, -0.0006877416784290479, -0.0007138724572436134, -0.0007661340148727439]
Round=14, per client global perf=[0.123, 0.1314, 0.1382, 0.1221, 0.1157, 0.1191, 0.1255, 0.1299, 0.1176, 0.1265], mean perf=2548/20400 (0.1249%)
Round=14, per client personal perf=[0.8005, 0.7941, 0.7794, 0.7843, 0.7745, 0.7814, 0.7848, 0.7936, 0.7912, 0.7745], mean perf=16031/20400 (0.7858%)
Round=14, per client personal pooled=[0.783, 0.7955, 0.7778, 0.7862, 0.775, 0.7764, 0.7819, 0.7922, 0.7985, 0.7723], mean perf=159912/204000 (0.7839%)
Mean performance of unidp ditto global,  eps=0.0, Perf=0.1246
Mean performance of unidp ditto personal,  eps=0.0, Perf=0.7805
Mean performance of unidp ditto pooled,  eps=0.0, Perf=0.7796
---EPSILON 0.1 ---
default_sample_rate: 0.03232323232323232
noise_multiplier :  13.75
learning rate =  0.001
sample_rate: 0.03, expected_batch_size: 128
sample_rate: 0.03, expected_batch_size: 128
sample_rate: 0.03, expected_batch_size: 128
sample_rate: 0.03, expected_batch_size: 128
sample_rate: 0.03, expected_batch_size: 128
sample_rate: 0.03, expected_batch_size: 128
sample_rate: 0.03, expected_batch_size: 128
sample_rate: 0.03, expected_batch_size: 128
sample_rate: 0.03, expected_batch_size: 128
sample_rate: 0.03, expected_batch_size: 128
initial privacy cost of all clients:  [0, 0, 0, 0, 0, 0, 0, 0, 0, 0]
Round=0
Round=1
Round=2
Round=3
Round=4
Round=5
Round=6
Round=7
Round=8
Round=9
Round=10
Round=11
Round=12
Round=13
Round=14
current privacy cost of all clients:  [0.0636130274845621, 0.07323580287115607, 0.0636130274845621, 0.06861627244984228, 0.0636130274845621, 0.06861627244984228, 0.06861627244984228, 0.08199366248919779, 0.07775445513440044, 0.06861627244984228]
Round=14, per client global perf=[0.4672, 0.4456, 0.4618, 0.4598, 0.449, 0.4451, 0.4701, 0.4387, 0.4431, 0.4456], mean perf=9233/20400 (0.4526%)
Round=14, per client personal perf=[0.8005, 0.7941, 0.7794, 0.7843, 0.7745, 0.7814, 0.7848, 0.7936, 0.7912, 0.7745], mean perf=16031/20400 (0.7858%)
Round=14, per client personal pooled=[0.783, 0.7955, 0.7778, 0.7862, 0.775, 0.7764, 0.7819, 0.7922, 0.7985, 0.7723], mean perf=159912/204000 (0.7839%)
Mean performance of unidp ditto global,  eps=0.1, Perf=0.4352
Mean performance of unidp ditto personal,  eps=0.1, Perf=0.7805
Mean performance of unidp ditto pooled,  eps=0.1, Perf=0.7796
---EPSILON 0.5 ---
default_sample_rate: 0.03232323232323232
noise_multiplier :  3.671875
learning rate =  0.001
sample_rate: 0.03, expected_batch_size: 128
sample_rate: 0.03, expected_batch_size: 128
sample_rate: 0.03, expected_batch_size: 128
sample_rate: 0.03, expected_batch_size: 128
sample_rate: 0.03, expected_batch_size: 128
sample_rate: 0.03, expected_batch_size: 128
sample_rate: 0.03, expected_batch_size: 128
sample_rate: 0.03, expected_batch_size: 128
sample_rate: 0.03, expected_batch_size: 128
sample_rate: 0.03, expected_batch_size: 128
initial privacy cost of all clients:  [0, 0, 0, 0, 0, 0, 0, 0, 0, 0]
Round=0
Round=1
Round=2
Round=3
Round=4
Round=5
Round=6
Round=7
Round=8
Round=9
Round=10
Round=11
Round=12
Round=13
Round=14
current privacy cost of all clients:  [0.33033357372458066, 0.37555379650408366, 0.33033357372458066, 0.3537320706559622, 0.33033357372458066, 0.3537320706559622, 0.3537320706559622, 0.41674618847529443, 0.39649964853357994, 0.3537320706559622]
Round=14, per client global perf=[0.6123, 0.6245, 0.6113, 0.6, 0.5975, 0.5985, 0.6181, 0.5897, 0.6025, 0.5951], mean perf=12341/20400 (0.6050%)
Round=14, per client personal perf=[0.8005, 0.7941, 0.7794, 0.7843, 0.7745, 0.7814, 0.7848, 0.7936, 0.7912, 0.7745], mean perf=16031/20400 (0.7858%)
Round=14, per client personal pooled=[0.783, 0.7955, 0.7778, 0.7862, 0.775, 0.7764, 0.7819, 0.7922, 0.7985, 0.7723], mean perf=159912/204000 (0.7839%)
Mean performance of unidp ditto global,  eps=0.5, Perf=0.5986
Mean performance of unidp ditto personal,  eps=0.5, Perf=0.7805
Mean performance of unidp ditto pooled,  eps=0.5, Perf=0.7796
---EPSILON 1 ---
default_sample_rate: 0.03232323232323232
noise_multiplier :  2.12890625
learning rate =  0.001
sample_rate: 0.03, expected_batch_size: 128
sample_rate: 0.03, expected_batch_size: 128
sample_rate: 0.03, expected_batch_size: 128
sample_rate: 0.03, expected_batch_size: 128
sample_rate: 0.03, expected_batch_size: 128
sample_rate: 0.03, expected_batch_size: 128
sample_rate: 0.03, expected_batch_size: 128
sample_rate: 0.03, expected_batch_size: 128
sample_rate: 0.03, expected_batch_size: 128
sample_rate: 0.03, expected_batch_size: 128
initial privacy cost of all clients:  [0, 0, 0, 0, 0, 0, 0, 0, 0, 0]
Round=0
Round=1
Round=2
Round=3
Round=4
Round=5
Round=6
Round=7
Round=8
Round=9
Round=10
Round=11
Round=12
Round=13
Round=14
current privacy cost of all clients:  [0.6750386529476061, 0.7653858016873494, 0.6750386529476061, 0.7206619146809711, 0.6750386529476061, 0.7206619146809711, 0.7206619146809711, 0.8451770774927443, 0.8052814395900469, 0.7206619146809711]
Round=14, per client global perf=[0.6574, 0.6637, 0.6544, 0.6593, 0.6456, 0.6559, 0.6618, 0.6387, 0.6471, 0.6564], mean perf=13342/20400 (0.6540%)
Round=14, per client personal perf=[0.8005, 0.7941, 0.7794, 0.7843, 0.7745, 0.7814, 0.7848, 0.7936, 0.7912, 0.7745], mean perf=16031/20400 (0.7858%)
Round=14, per client personal pooled=[0.783, 0.7955, 0.7778, 0.7862, 0.775, 0.7764, 0.7819, 0.7922, 0.7985, 0.7723], mean perf=159912/204000 (0.7839%)
Mean performance of unidp ditto global,  eps=1.0, Perf=0.6481
Mean performance of unidp ditto personal,  eps=1.0, Perf=0.7805
Mean performance of unidp ditto pooled,  eps=1.0, Perf=0.7796
---EPSILON 4 ---
default_sample_rate: 0.03232323232323232
noise_multiplier :  0.93994140625
learning rate =  0.001
sample_rate: 0.03, expected_batch_size: 128
sample_rate: 0.03, expected_batch_size: 128
sample_rate: 0.03, expected_batch_size: 128
sample_rate: 0.03, expected_batch_size: 128
sample_rate: 0.03, expected_batch_size: 128
sample_rate: 0.03, expected_batch_size: 128
sample_rate: 0.03, expected_batch_size: 128
sample_rate: 0.03, expected_batch_size: 128
sample_rate: 0.03, expected_batch_size: 128
sample_rate: 0.03, expected_batch_size: 128
initial privacy cost of all clients:  [0, 0, 0, 0, 0, 0, 0, 0, 0, 0]
Round=0
Round=1
Round=2
Round=3
Round=4
Round=5
Round=6
Round=7
Round=8
Round=9
Round=10
Round=11
Round=12
Round=13
Round=14
current privacy cost of all clients:  [2.743512555916575, 3.083714743273034, 2.743512555916575, 2.9136136495948044, 2.743512555916575, 2.9136136495948044, 2.9136136495948044, 3.4239169306294928, 3.2538158369512633, 2.9136136495948044]
Round=14, per client global perf=[0.6951, 0.6961, 0.6961, 0.6897, 0.6843, 0.6843, 0.7015, 0.676, 0.6853, 0.6956], mean perf=14084/20400 (0.6904%)
Round=14, per client personal perf=[0.8005, 0.7941, 0.7794, 0.7843, 0.7745, 0.7814, 0.7848, 0.7936, 0.7912, 0.7745], mean perf=16031/20400 (0.7858%)
Round=14, per client personal pooled=[0.783, 0.7955, 0.7778, 0.7862, 0.775, 0.7764, 0.7819, 0.7922, 0.7985, 0.7723], mean perf=159912/204000 (0.7839%)
Mean performance of unidp ditto global,  eps=4.0, Perf=0.6893
Mean performance of unidp ditto personal,  eps=4.0, Perf=0.7805
Mean performance of unidp ditto pooled,  eps=4.0, Perf=0.7796
---EPSILON 8 ---
default_sample_rate: 0.03232323232323232
noise_multiplier :  0.72021484375
learning rate =  0.001
sample_rate: 0.03, expected_batch_size: 128
sample_rate: 0.03, expected_batch_size: 128
sample_rate: 0.03, expected_batch_size: 128
sample_rate: 0.03, expected_batch_size: 128
sample_rate: 0.03, expected_batch_size: 128
sample_rate: 0.03, expected_batch_size: 128
sample_rate: 0.03, expected_batch_size: 128
sample_rate: 0.03, expected_batch_size: 128
sample_rate: 0.03, expected_batch_size: 128
sample_rate: 0.03, expected_batch_size: 128
initial privacy cost of all clients:  [0, 0, 0, 0, 0, 0, 0, 0, 0, 0]
Round=0
Round=1
Round=2
Round=3
Round=4
Round=5
Round=6
Round=7
Round=8
Round=9
Round=10
Round=11
Round=12
Round=13
Round=14
current privacy cost of all clients:  [5.794058266554629, 6.735473089270566, 5.794058266554629, 6.264765677912597, 5.794058266554629, 6.264765677912597, 6.264765677912597, 7.332449371479868, 7.167814057514629, 6.264765677912597]
Round=14, per client global perf=[0.702, 0.7069, 0.7025, 0.702, 0.6902, 0.6966, 0.7074, 0.6858, 0.6936, 0.7044], mean perf=14262/20400 (0.6991%)
Round=14, per client personal perf=[0.8005, 0.7941, 0.7794, 0.7843, 0.7745, 0.7814, 0.7848, 0.7936, 0.7912, 0.7745], mean perf=16031/20400 (0.7858%)
Round=14, per client personal pooled=[0.783, 0.7955, 0.7778, 0.7862, 0.775, 0.7764, 0.7819, 0.7922, 0.7985, 0.7723], mean perf=159912/204000 (0.7839%)
Mean performance of unidp ditto global,  eps=8.0, Perf=0.6985
Mean performance of unidp ditto personal,  eps=8.0, Perf=0.7805
Mean performance of unidp ditto pooled,  eps=8.0, Perf=0.7796
---EPSILON 16 ---
default_sample_rate: 0.03232323232323232
noise_multiplier :  0.567169189453125
learning rate =  0.001
sample_rate: 0.03, expected_batch_size: 128
sample_rate: 0.03, expected_batch_size: 128
sample_rate: 0.03, expected_batch_size: 128
sample_rate: 0.03, expected_batch_size: 128
sample_rate: 0.03, expected_batch_size: 128
sample_rate: 0.03, expected_batch_size: 128
sample_rate: 0.03, expected_batch_size: 128
sample_rate: 0.03, expected_batch_size: 128
sample_rate: 0.03, expected_batch_size: 128
sample_rate: 0.03, expected_batch_size: 128
initial privacy cost of all clients:  [0, 0, 0, 0, 0, 0, 0, 0, 0, 0]
Round=0
Round=1
Round=2
Round=3
Round=4
Round=5
Round=6
Round=7
Round=8
Round=9
Round=10
Round=11
Round=12
Round=13
Round=14
current privacy cost of all clients:  [10.407925892026432, 11.80405874178763, 10.407925892026432, 11.105992316907031, 10.407925892026432, 11.105992316907031, 11.105992316907031, 13.200191591548824, 12.502125166668227, 11.105992316907031]
Round=14, per client global perf=[0.7132, 0.7181, 0.7078, 0.7137, 0.7025, 0.7074, 0.7167, 0.6951, 0.7039, 0.7191], mean perf=14479/20400 (0.7098%)
Round=14, per client personal perf=[0.8005, 0.7941, 0.7794, 0.7843, 0.7745, 0.7814, 0.7848, 0.7936, 0.7912, 0.7745], mean perf=16031/20400 (0.7858%)
Round=14, per client personal pooled=[0.783, 0.7955, 0.7778, 0.7862, 0.775, 0.7764, 0.7819, 0.7922, 0.7985, 0.7723], mean perf=159912/204000 (0.7839%)
Mean performance of unidp ditto global,  eps=16.0, Perf=0.7085
Mean performance of unidp ditto personal,  eps=16.0, Perf=0.7805
Mean performance of unidp ditto pooled,  eps=16.0, Perf=0.7796
--- Finished seed: 46 ---
=== Finished data_type: iid_10 ===
