=== Data type: niid_10_5 ===
--- Seed: 42 ---
--- Personal steps: 15 ---
---EPSILON 0 ---
default_sample_rate: 0.03232323232323232
noise_multiplier :  640
default_sample_rate: 0.03232323232323232
noise_multiplier :  320
learning rate =  0.001
sample_rate: 0.03, expected_batch_size: 128
sample_rate: 0.03, expected_batch_size: 128
sample_rate: 0.03, expected_batch_size: 128
sample_rate: 0.03, expected_batch_size: 128
sample_rate: 0.03, expected_batch_size: 128
sample_rate: 0.03, expected_batch_size: 128
sample_rate: 0.03, expected_batch_size: 128
sample_rate: 0.03, expected_batch_size: 128
sample_rate: 0.03, expected_batch_size: 128
sample_rate: 0.03, expected_batch_size: 128
sample_rate: 0.03, expected_batch_size: 128
sample_rate: 0.03, expected_batch_size: 128
sample_rate: 0.03, expected_batch_size: 128
sample_rate: 0.03, expected_batch_size: 128
sample_rate: 0.03, expected_batch_size: 128
sample_rate: 0.03, expected_batch_size: 128
sample_rate: 0.03, expected_batch_size: 128
sample_rate: 0.03, expected_batch_size: 128
sample_rate: 0.03, expected_batch_size: 128
sample_rate: 0.03, expected_batch_size: 128
initial privacy cost of all clients:  [0, 0, 0, 0, 0, 0, 0, 0, 0, 0]
Round=0
Round=1
Round=2
Round=3
Round=4
Round=5
Round=6
Round=7
Round=8
Round=9
Round=10
Round=11
Round=12
Round=13
Round=14
current privacy cost of all clients:  [-0.0007661340148727439, -0.0007661340148727439, -0.0008494097935163293, -0.0007933904687212481, -0.0007400032360581786, -0.0007661340148727439, -0.0007400032360581786, -0.0007138724572436134, -0.0006877416784290479, -0.0008214001311187887]
Round=14, per client global perf=[0.1897, 0.1936, 0.0, 0.0, 0.1985, 0.1946, 0.1926, 0.0, 0.0, 0.0], mean perf=1977/20400 (0.0969%)
Round=14, per client personal perf=[0.1926, 0.1985, 0.0, 0.1853, 0.199, 0.1574, 0.202, 0.1892, 0.1931, 0.0], mean perf=3095/20400 (0.1517%)
Round=14, per client personal pooled=[0.0983, 0.0982, 0.1004, 0.1308, 0.0982, 0.0803, 0.1006, 0.113, 0.1147, 0.1177], mean perf=21469/204000 (0.1052%)
Mean performance of unidp ditto dp global, Perf=0.0968
Mean performance of unidp ditto dp personal, Perf=0.1532
Mean performance of unidp ditto dp pooled, Perf=0.1063
---EPSILON 0.1 ---
default_sample_rate: 0.03232323232323232
noise_multiplier :  13.75
default_sample_rate: 0.03232323232323232
noise_multiplier :  7.5
learning rate =  0.001
sample_rate: 0.03, expected_batch_size: 128
sample_rate: 0.03, expected_batch_size: 128
sample_rate: 0.03, expected_batch_size: 128
sample_rate: 0.03, expected_batch_size: 128
sample_rate: 0.03, expected_batch_size: 128
sample_rate: 0.03, expected_batch_size: 128
sample_rate: 0.03, expected_batch_size: 128
sample_rate: 0.03, expected_batch_size: 128
sample_rate: 0.03, expected_batch_size: 128
sample_rate: 0.03, expected_batch_size: 128
sample_rate: 0.03, expected_batch_size: 128
sample_rate: 0.03, expected_batch_size: 128
sample_rate: 0.03, expected_batch_size: 128
sample_rate: 0.03, expected_batch_size: 128
sample_rate: 0.03, expected_batch_size: 128
sample_rate: 0.03, expected_batch_size: 128
sample_rate: 0.03, expected_batch_size: 128
sample_rate: 0.03, expected_batch_size: 128
sample_rate: 0.03, expected_batch_size: 128
sample_rate: 0.03, expected_batch_size: 128
initial privacy cost of all clients:  [0, 0, 0, 0, 0, 0, 0, 0, 0, 0]
Round=0
Round=1
Round=2
Round=3
Round=4
Round=5
Round=6
Round=7
Round=8
Round=9
Round=10
Round=11
Round=12
Round=13
Round=14
current privacy cost of all clients:  [0.06861627244984228, 0.06861627244984228, 0.052721685568101175, 0.0636130274845621, 0.07323580287115607, 0.06861627244984228, 0.07323580287115607, 0.07775445513440044, 0.08199366248919779, 0.05835482563852214]
Round=14, per client global perf=[0.4074, 0.2534, 0.1696, 0.3603, 0.4578, 0.2931, 0.3549, 0.2686, 0.2549, 0.1088], mean perf=5975/20400 (0.2929%)
Round=14, per client personal perf=[0.35, 0.1985, 0.2059, 0.5279, 0.199, 0.2863, 0.3431, 0.2, 0.3211, 0.3608], mean perf=6105/20400 (0.2993%)
Round=14, per client personal pooled=[0.1741, 0.0982, 0.1009, 0.2639, 0.0982, 0.1456, 0.1763, 0.1009, 0.1654, 0.1837], mean perf=30746/204000 (0.1507%)
Mean performance of unidp ditto dp global, Perf=0.3234
Mean performance of unidp ditto dp personal, Perf=0.2870
Mean performance of unidp ditto dp pooled, Perf=0.1443
---EPSILON 0.5 ---
default_sample_rate: 0.03232323232323232
noise_multiplier :  3.671875
default_sample_rate: 0.03232323232323232
noise_multiplier :  2.1484375
learning rate =  0.001
sample_rate: 0.03, expected_batch_size: 128
sample_rate: 0.03, expected_batch_size: 128
sample_rate: 0.03, expected_batch_size: 128
sample_rate: 0.03, expected_batch_size: 128
sample_rate: 0.03, expected_batch_size: 128
sample_rate: 0.03, expected_batch_size: 128
sample_rate: 0.03, expected_batch_size: 128
sample_rate: 0.03, expected_batch_size: 128
sample_rate: 0.03, expected_batch_size: 128
sample_rate: 0.03, expected_batch_size: 128
sample_rate: 0.03, expected_batch_size: 128
sample_rate: 0.03, expected_batch_size: 128
sample_rate: 0.03, expected_batch_size: 128
sample_rate: 0.03, expected_batch_size: 128
sample_rate: 0.03, expected_batch_size: 128
sample_rate: 0.03, expected_batch_size: 128
sample_rate: 0.03, expected_batch_size: 128
sample_rate: 0.03, expected_batch_size: 128
sample_rate: 0.03, expected_batch_size: 128
sample_rate: 0.03, expected_batch_size: 128
initial privacy cost of all clients:  [0, 0, 0, 0, 0, 0, 0, 0, 0, 0]
Round=0
Round=1
Round=2
Round=3
Round=4
Round=5
Round=6
Round=7
Round=8
Round=9
Round=10
Round=11
Round=12
Round=13
Round=14
current privacy cost of all clients:  [0.3537320706559622, 0.3537320706559622, 0.279070325668136, 0.33033357372458066, 0.37555379650408366, 0.3537320706559622, 0.37555379650408366, 0.39649964853357994, 0.41674618847529443, 0.30557517331204553]
Round=14, per client global perf=[0.5088, 0.5784, 0.2578, 0.3799, 0.3113, 0.7049, 0.3843, 0.323, 0.5515, 0.5338], mean perf=9249/20400 (0.4534%)
Round=14, per client personal perf=[0.6392, 0.6623, 0.376, 0.7358, 0.5941, 0.7422, 0.6103, 0.5667, 0.7123, 0.6054], mean perf=12738/20400 (0.6244%)
Round=14, per client personal pooled=[0.3182, 0.334, 0.1896, 0.3666, 0.2984, 0.3707, 0.307, 0.2832, 0.3613, 0.2973], mean perf=63774/204000 (0.3126%)
Mean performance of unidp ditto dp global, Perf=0.4704
Mean performance of unidp ditto dp personal, Perf=0.6216
Mean performance of unidp ditto dp pooled, Perf=0.3119
---EPSILON 1 ---
default_sample_rate: 0.03232323232323232
noise_multiplier :  2.12890625
default_sample_rate: 0.03232323232323232
noise_multiplier :  1.3671875
learning rate =  0.001
sample_rate: 0.03, expected_batch_size: 128
sample_rate: 0.03, expected_batch_size: 128
sample_rate: 0.03, expected_batch_size: 128
sample_rate: 0.03, expected_batch_size: 128
sample_rate: 0.03, expected_batch_size: 128
sample_rate: 0.03, expected_batch_size: 128
sample_rate: 0.03, expected_batch_size: 128
sample_rate: 0.03, expected_batch_size: 128
sample_rate: 0.03, expected_batch_size: 128
sample_rate: 0.03, expected_batch_size: 128
sample_rate: 0.03, expected_batch_size: 128
sample_rate: 0.03, expected_batch_size: 128
sample_rate: 0.03, expected_batch_size: 128
sample_rate: 0.03, expected_batch_size: 128
sample_rate: 0.03, expected_batch_size: 128
sample_rate: 0.03, expected_batch_size: 128
sample_rate: 0.03, expected_batch_size: 128
sample_rate: 0.03, expected_batch_size: 128
sample_rate: 0.03, expected_batch_size: 128
sample_rate: 0.03, expected_batch_size: 128
initial privacy cost of all clients:  [0, 0, 0, 0, 0, 0, 0, 0, 0, 0]
Round=0
Round=1
Round=2
Round=3
Round=4
Round=5
Round=6
Round=7
Round=8
Round=9
Round=10
Round=11
Round=12
Round=13
Round=14
current privacy cost of all clients:  [0.7206619146809711, 0.7206619146809711, 0.5742281727082242, 0.6750386529476061, 0.7653858016873494, 0.7206619146809711, 0.7653858016873494, 0.8052814395900469, 0.8451770774927443, 0.6260606530260836]
Round=14, per client global perf=[0.6118, 0.6196, 0.3848, 0.4716, 0.4049, 0.7569, 0.5206, 0.4064, 0.6279, 0.6054], mean perf=11036/20400 (0.5410%)
Round=14, per client personal perf=[0.7093, 0.6475, 0.4765, 0.7216, 0.6456, 0.7373, 0.6118, 0.6029, 0.7289, 0.7588], mean perf=13546/20400 (0.6640%)
Round=14, per client personal pooled=[0.3518, 0.3231, 0.243, 0.3556, 0.3234, 0.3675, 0.308, 0.3055, 0.3707, 0.3781], mean perf=67866/204000 (0.3327%)
Mean performance of unidp ditto dp global, Perf=0.5233
Mean performance of unidp ditto dp personal, Perf=0.6493
Mean performance of unidp ditto dp pooled, Perf=0.3263
---EPSILON 4 ---
default_sample_rate: 0.03232323232323232
noise_multiplier :  0.93994140625
default_sample_rate: 0.03232323232323232
noise_multiplier :  0.736083984375
learning rate =  0.001
sample_rate: 0.03, expected_batch_size: 128
sample_rate: 0.03, expected_batch_size: 128
sample_rate: 0.03, expected_batch_size: 128
sample_rate: 0.03, expected_batch_size: 128
sample_rate: 0.03, expected_batch_size: 128
sample_rate: 0.03, expected_batch_size: 128
sample_rate: 0.03, expected_batch_size: 128
sample_rate: 0.03, expected_batch_size: 128
sample_rate: 0.03, expected_batch_size: 128
sample_rate: 0.03, expected_batch_size: 128
sample_rate: 0.03, expected_batch_size: 128
sample_rate: 0.03, expected_batch_size: 128
sample_rate: 0.03, expected_batch_size: 128
sample_rate: 0.03, expected_batch_size: 128
sample_rate: 0.03, expected_batch_size: 128
sample_rate: 0.03, expected_batch_size: 128
sample_rate: 0.03, expected_batch_size: 128
sample_rate: 0.03, expected_batch_size: 128
sample_rate: 0.03, expected_batch_size: 128
sample_rate: 0.03, expected_batch_size: 128
initial privacy cost of all clients:  [0, 0, 0, 0, 0, 0, 0, 0, 0, 0]
Round=0
Round=1
Round=2
Round=3
Round=4
Round=5
Round=6
Round=7
Round=8
Round=9
Round=10
Round=11
Round=12
Round=13
Round=14
current privacy cost of all clients:  [2.9136136495948044, 2.9136136495948044, 2.4033103685601156, 2.743512555916575, 3.083714743273034, 2.9136136495948044, 3.083714743273034, 3.2538158369512633, 3.4239169306294928, 2.573411462238345]
Round=14, per client global perf=[0.7676, 0.6343, 0.5632, 0.7108, 0.6093, 0.7882, 0.6103, 0.5711, 0.7015, 0.6113], mean perf=13398/20400 (0.6568%)
Round=14, per client personal perf=[0.7627, 0.6902, 0.5348, 0.7255, 0.6093, 0.7725, 0.6196, 0.6245, 0.7456, 0.7838], mean perf=14012/20400 (0.6869%)
Round=14, per client personal pooled=[0.3805, 0.3465, 0.2717, 0.3578, 0.3067, 0.3817, 0.3086, 0.3159, 0.3763, 0.3936], mean perf=70162/204000 (0.3439%)
Mean performance of unidp ditto dp global, Perf=0.5928
Mean performance of unidp ditto dp personal, Perf=0.6805
Mean performance of unidp ditto dp pooled, Perf=0.3409
---EPSILON 8 ---
default_sample_rate: 0.03232323232323232
noise_multiplier :  0.72021484375
default_sample_rate: 0.03232323232323232
noise_multiplier :  0.5743408203125
learning rate =  0.001
sample_rate: 0.03, expected_batch_size: 128
sample_rate: 0.03, expected_batch_size: 128
sample_rate: 0.03, expected_batch_size: 128
sample_rate: 0.03, expected_batch_size: 128
sample_rate: 0.03, expected_batch_size: 128
sample_rate: 0.03, expected_batch_size: 128
sample_rate: 0.03, expected_batch_size: 128
sample_rate: 0.03, expected_batch_size: 128
sample_rate: 0.03, expected_batch_size: 128
sample_rate: 0.03, expected_batch_size: 128
sample_rate: 0.03, expected_batch_size: 128
sample_rate: 0.03, expected_batch_size: 128
sample_rate: 0.03, expected_batch_size: 128
sample_rate: 0.03, expected_batch_size: 128
sample_rate: 0.03, expected_batch_size: 128
sample_rate: 0.03, expected_batch_size: 128
sample_rate: 0.03, expected_batch_size: 128
sample_rate: 0.03, expected_batch_size: 128
sample_rate: 0.03, expected_batch_size: 128
sample_rate: 0.03, expected_batch_size: 128
initial privacy cost of all clients:  [0, 0, 0, 0, 0, 0, 0, 0, 0, 0]
Round=0
Round=1
Round=2
Round=3
Round=4
Round=5
Round=6
Round=7
Round=8
Round=9
Round=10
Round=11
Round=12
Round=13
Round=14
current privacy cost of all clients:  [6.264765677912597, 6.264765677912597, 4.852643443838692, 5.794058266554629, 6.735473089270566, 6.264765677912597, 6.735473089270566, 7.167814057514629, 7.332449371479868, 5.323350855196661]
Round=14, per client global perf=[0.7627, 0.6343, 0.5657, 0.7235, 0.6206, 0.7863, 0.6221, 0.5632, 0.7083, 0.6005], mean perf=13438/20400 (0.6587%)
Round=14, per client personal perf=[0.774, 0.6917, 0.5368, 0.7319, 0.6882, 0.7936, 0.6377, 0.6181, 0.748, 0.7637], mean perf=14247/20400 (0.6984%)
Round=14, per client personal pooled=[0.3864, 0.3488, 0.2685, 0.3623, 0.3432, 0.3937, 0.3197, 0.3134, 0.3788, 0.3854], mean perf=71406/204000 (0.3500%)
Mean performance of unidp ditto dp global, Perf=0.5966
Mean performance of unidp ditto dp personal, Perf=0.6908
Mean performance of unidp ditto dp pooled, Perf=0.3459
---EPSILON 16 ---
default_sample_rate: 0.03232323232323232
noise_multiplier :  0.567169189453125
default_sample_rate: 0.03232323232323232
noise_multiplier :  0.48187255859375
learning rate =  0.001
sample_rate: 0.03, expected_batch_size: 128
sample_rate: 0.03, expected_batch_size: 128
sample_rate: 0.03, expected_batch_size: 128
sample_rate: 0.03, expected_batch_size: 128
sample_rate: 0.03, expected_batch_size: 128
sample_rate: 0.03, expected_batch_size: 128
sample_rate: 0.03, expected_batch_size: 128
sample_rate: 0.03, expected_batch_size: 128
sample_rate: 0.03, expected_batch_size: 128
sample_rate: 0.03, expected_batch_size: 128
sample_rate: 0.03, expected_batch_size: 128
sample_rate: 0.03, expected_batch_size: 128
sample_rate: 0.03, expected_batch_size: 128
sample_rate: 0.03, expected_batch_size: 128
sample_rate: 0.03, expected_batch_size: 128
sample_rate: 0.03, expected_batch_size: 128
sample_rate: 0.03, expected_batch_size: 128
sample_rate: 0.03, expected_batch_size: 128
sample_rate: 0.03, expected_batch_size: 128
sample_rate: 0.03, expected_batch_size: 128
initial privacy cost of all clients:  [0, 0, 0, 0, 0, 0, 0, 0, 0, 0]
Round=0
Round=1
Round=2
Round=3
Round=4
Round=5
Round=6
Round=7
Round=8
Round=9
Round=10
Round=11
Round=12
Round=13
Round=14
current privacy cost of all clients:  [11.105992316907031, 11.105992316907031, 9.011793042265237, 10.407925892026432, 11.80405874178763, 11.105992316907031, 11.80405874178763, 12.502125166668227, 13.200191591548824, 9.709859467145835]
Round=14, per client global perf=[0.7632, 0.6309, 0.5794, 0.7319, 0.624, 0.7848, 0.6392, 0.5706, 0.7191, 0.598], mean perf=13548/20400 (0.6641%)
Round=14, per client personal perf=[0.775, 0.6985, 0.5534, 0.7368, 0.6922, 0.8074, 0.6912, 0.6142, 0.751, 0.7755], mean perf=14474/20400 (0.7095%)
Round=14, per client personal pooled=[0.3882, 0.3515, 0.2825, 0.3638, 0.3476, 0.4011, 0.3458, 0.3132, 0.3807, 0.3901], mean perf=72717/204000 (0.3565%)
Mean performance of unidp ditto dp global, Perf=0.6046
Mean performance of unidp ditto dp personal, Perf=0.7020
Mean performance of unidp ditto dp pooled, Perf=0.3523
--- Personal steps: 30 ---
---EPSILON 0 ---
default_sample_rate: 0.03232323232323232
noise_multiplier :  640
default_sample_rate: 0.03232323232323232
noise_multiplier :  320
learning rate =  0.001
sample_rate: 0.03, expected_batch_size: 128
sample_rate: 0.03, expected_batch_size: 128
sample_rate: 0.03, expected_batch_size: 128
sample_rate: 0.03, expected_batch_size: 128
sample_rate: 0.03, expected_batch_size: 128
sample_rate: 0.03, expected_batch_size: 128
sample_rate: 0.03, expected_batch_size: 128
sample_rate: 0.03, expected_batch_size: 128
sample_rate: 0.03, expected_batch_size: 128
sample_rate: 0.03, expected_batch_size: 128
sample_rate: 0.03, expected_batch_size: 128
sample_rate: 0.03, expected_batch_size: 128
sample_rate: 0.03, expected_batch_size: 128
sample_rate: 0.03, expected_batch_size: 128
sample_rate: 0.03, expected_batch_size: 128
sample_rate: 0.03, expected_batch_size: 128
sample_rate: 0.03, expected_batch_size: 128
sample_rate: 0.03, expected_batch_size: 128
sample_rate: 0.03, expected_batch_size: 128
sample_rate: 0.03, expected_batch_size: 128
initial privacy cost of all clients:  [0, 0, 0, 0, 0, 0, 0, 0, 0, 0]
Round=0
Round=1
Round=2
Round=3
Round=4
Round=5
Round=6
Round=7
Round=8
Round=9
Round=10
Round=11
Round=12
Round=13
Round=14
current privacy cost of all clients:  [-0.0007661340148727439, -0.0007661340148727439, -0.0008494097935163293, -0.0007933904687212481, -0.0007400032360581786, -0.0007661340148727439, -0.0007400032360581786, -0.0007138724572436134, -0.0006877416784290479, -0.0008214001311187887]
Round=14, per client global perf=[0.1789, 0.1794, 0.0015, 0.0387, 0.2132, 0.2216, 0.2127, 0.002, 0.0382, 0.0], mean perf=2216/20400 (0.1086%)
Round=14, per client personal perf=[0.1917, 0.198, 0.0123, 0.0005, 0.1936, 0.2034, 0.1946, 0.1147, 0.2015, 0.0], mean perf=2673/20400 (0.1310%)
Round=14, per client personal pooled=[0.0995, 0.0983, 0.1029, 0.0982, 0.0991, 0.1006, 0.0976, 0.1385, 0.1006, 0.1033], mean perf=21191/204000 (0.1039%)
Mean performance of unidp ditto dp global, Perf=0.1044
Mean performance of unidp ditto dp personal, Perf=0.1282
Mean performance of unidp ditto dp pooled, Perf=0.1042
---EPSILON 0.1 ---
default_sample_rate: 0.03232323232323232
noise_multiplier :  13.75
default_sample_rate: 0.03232323232323232
noise_multiplier :  11.25
learning rate =  0.001
sample_rate: 0.03, expected_batch_size: 128
sample_rate: 0.03, expected_batch_size: 128
sample_rate: 0.03, expected_batch_size: 128
sample_rate: 0.03, expected_batch_size: 128
sample_rate: 0.03, expected_batch_size: 128
sample_rate: 0.03, expected_batch_size: 128
sample_rate: 0.03, expected_batch_size: 128
sample_rate: 0.03, expected_batch_size: 128
sample_rate: 0.03, expected_batch_size: 128
sample_rate: 0.03, expected_batch_size: 128
sample_rate: 0.03, expected_batch_size: 128
sample_rate: 0.03, expected_batch_size: 128
sample_rate: 0.03, expected_batch_size: 128
sample_rate: 0.03, expected_batch_size: 128
sample_rate: 0.03, expected_batch_size: 128
sample_rate: 0.03, expected_batch_size: 128
sample_rate: 0.03, expected_batch_size: 128
sample_rate: 0.03, expected_batch_size: 128
sample_rate: 0.03, expected_batch_size: 128
sample_rate: 0.03, expected_batch_size: 128
initial privacy cost of all clients:  [0, 0, 0, 0, 0, 0, 0, 0, 0, 0]
Round=0
Round=1
Round=2
Round=3
Round=4
Round=5
Round=6
Round=7
Round=8
Round=9
Round=10
Round=11
Round=12
Round=13
Round=14
current privacy cost of all clients:  [0.06861627244984228, 0.06861627244984228, 0.052721685568101175, 0.0636130274845621, 0.07323580287115607, 0.06861627244984228, 0.07323580287115607, 0.07775445513440044, 0.08199366248919779, 0.05835482563852214]
Round=14, per client global perf=[0.4069, 0.3211, 0.1961, 0.4034, 0.4113, 0.3162, 0.3848, 0.2221, 0.323, 0.1314], mean perf=6357/20400 (0.3116%)
Round=14, per client personal perf=[0.3279, 0.1985, 0.2157, 0.549, 0.3912, 0.5074, 0.3505, 0.2784, 0.6176, 0.4025], mean perf=7831/20400 (0.3839%)
Round=14, per client personal pooled=[0.1654, 0.0982, 0.1053, 0.2764, 0.1939, 0.2564, 0.1783, 0.1421, 0.3121, 0.1928], mean perf=39187/204000 (0.1921%)
Mean performance of unidp ditto dp global, Perf=0.3257
Mean performance of unidp ditto dp personal, Perf=0.3669
Mean performance of unidp ditto dp pooled, Perf=0.1838
---EPSILON 0.5 ---
default_sample_rate: 0.03232323232323232
noise_multiplier :  3.671875
default_sample_rate: 0.03232323232323232
noise_multiplier :  2.890625
learning rate =  0.001
sample_rate: 0.03, expected_batch_size: 128
sample_rate: 0.03, expected_batch_size: 128
sample_rate: 0.03, expected_batch_size: 128
sample_rate: 0.03, expected_batch_size: 128
sample_rate: 0.03, expected_batch_size: 128
sample_rate: 0.03, expected_batch_size: 128
sample_rate: 0.03, expected_batch_size: 128
sample_rate: 0.03, expected_batch_size: 128
sample_rate: 0.03, expected_batch_size: 128
sample_rate: 0.03, expected_batch_size: 128
sample_rate: 0.03, expected_batch_size: 128
sample_rate: 0.03, expected_batch_size: 128
sample_rate: 0.03, expected_batch_size: 128
sample_rate: 0.03, expected_batch_size: 128
sample_rate: 0.03, expected_batch_size: 128
sample_rate: 0.03, expected_batch_size: 128
sample_rate: 0.03, expected_batch_size: 128
sample_rate: 0.03, expected_batch_size: 128
sample_rate: 0.03, expected_batch_size: 128
sample_rate: 0.03, expected_batch_size: 128
initial privacy cost of all clients:  [0, 0, 0, 0, 0, 0, 0, 0, 0, 0]
Round=0
Round=1
Round=2
Round=3
Round=4
Round=5
Round=6
Round=7
Round=8
Round=9
Round=10
Round=11
Round=12
Round=13
Round=14
current privacy cost of all clients:  [0.3537320706559622, 0.3537320706559622, 0.279070325668136, 0.33033357372458066, 0.37555379650408366, 0.3537320706559622, 0.37555379650408366, 0.39649964853357994, 0.41674618847529443, 0.30557517331204553]
Round=14, per client global perf=[0.5191, 0.6294, 0.3123, 0.4505, 0.3353, 0.7466, 0.4657, 0.3245, 0.627, 0.5559], mean perf=10131/20400 (0.4966%)
Round=14, per client personal perf=[0.7191, 0.6539, 0.5559, 0.7186, 0.6044, 0.7975, 0.6176, 0.5868, 0.7167, 0.7574], mean perf=13725/20400 (0.6728%)
Round=14, per client personal pooled=[0.3584, 0.33, 0.2831, 0.3557, 0.3079, 0.4003, 0.3096, 0.2959, 0.361, 0.3794], mean perf=68978/204000 (0.3381%)
Mean performance of unidp ditto dp global, Perf=0.4883
Mean performance of unidp ditto dp personal, Perf=0.6651
Mean performance of unidp ditto dp pooled, Perf=0.3344
---EPSILON 1 ---
default_sample_rate: 0.03232323232323232
noise_multiplier :  2.12890625
default_sample_rate: 0.03232323232323232
noise_multiplier :  1.728515625
learning rate =  0.001
sample_rate: 0.03, expected_batch_size: 128
sample_rate: 0.03, expected_batch_size: 128
sample_rate: 0.03, expected_batch_size: 128
sample_rate: 0.03, expected_batch_size: 128
sample_rate: 0.03, expected_batch_size: 128
sample_rate: 0.03, expected_batch_size: 128
sample_rate: 0.03, expected_batch_size: 128
sample_rate: 0.03, expected_batch_size: 128
sample_rate: 0.03, expected_batch_size: 128
sample_rate: 0.03, expected_batch_size: 128
sample_rate: 0.03, expected_batch_size: 128
sample_rate: 0.03, expected_batch_size: 128
sample_rate: 0.03, expected_batch_size: 128
sample_rate: 0.03, expected_batch_size: 128
sample_rate: 0.03, expected_batch_size: 128
sample_rate: 0.03, expected_batch_size: 128
sample_rate: 0.03, expected_batch_size: 128
sample_rate: 0.03, expected_batch_size: 128
sample_rate: 0.03, expected_batch_size: 128
sample_rate: 0.03, expected_batch_size: 128
initial privacy cost of all clients:  [0, 0, 0, 0, 0, 0, 0, 0, 0, 0]
Round=0
Round=1
Round=2
Round=3
Round=4
Round=5
Round=6
Round=7
Round=8
Round=9
Round=10
Round=11
Round=12
Round=13
Round=14
current privacy cost of all clients:  [0.7206619146809711, 0.7206619146809711, 0.5742281727082242, 0.6750386529476061, 0.7653858016873494, 0.7206619146809711, 0.7653858016873494, 0.8052814395900469, 0.8451770774927443, 0.6260606530260836]
Round=14, per client global perf=[0.5971, 0.6436, 0.3863, 0.4789, 0.3877, 0.7814, 0.5676, 0.3877, 0.6485, 0.6162], mean perf=11210/20400 (0.5495%)
Round=14, per client personal perf=[0.7618, 0.6858, 0.5216, 0.7211, 0.6735, 0.8044, 0.598, 0.599, 0.7275, 0.7711], mean perf=14002/20400 (0.6864%)
Round=14, per client personal pooled=[0.3822, 0.3465, 0.2608, 0.358, 0.3393, 0.4031, 0.3006, 0.3002, 0.3647, 0.388], mean perf=70246/204000 (0.3443%)
Mean performance of unidp ditto dp global, Perf=0.5252
Mean performance of unidp ditto dp personal, Perf=0.6858
Mean performance of unidp ditto dp pooled, Perf=0.3436
---EPSILON 4 ---
default_sample_rate: 0.03232323232323232
noise_multiplier :  0.93994140625
default_sample_rate: 0.03232323232323232
noise_multiplier :  0.833740234375
learning rate =  0.001
sample_rate: 0.03, expected_batch_size: 128
sample_rate: 0.03, expected_batch_size: 128
sample_rate: 0.03, expected_batch_size: 128
sample_rate: 0.03, expected_batch_size: 128
sample_rate: 0.03, expected_batch_size: 128
sample_rate: 0.03, expected_batch_size: 128
sample_rate: 0.03, expected_batch_size: 128
sample_rate: 0.03, expected_batch_size: 128
sample_rate: 0.03, expected_batch_size: 128
sample_rate: 0.03, expected_batch_size: 128
sample_rate: 0.03, expected_batch_size: 128
sample_rate: 0.03, expected_batch_size: 128
sample_rate: 0.03, expected_batch_size: 128
sample_rate: 0.03, expected_batch_size: 128
sample_rate: 0.03, expected_batch_size: 128
sample_rate: 0.03, expected_batch_size: 128
sample_rate: 0.03, expected_batch_size: 128
sample_rate: 0.03, expected_batch_size: 128
sample_rate: 0.03, expected_batch_size: 128
sample_rate: 0.03, expected_batch_size: 128
initial privacy cost of all clients:  [0, 0, 0, 0, 0, 0, 0, 0, 0, 0]
Round=0
Round=1
Round=2
Round=3
Round=4
Round=5
Round=6
Round=7
Round=8
Round=9
Round=10
Round=11
Round=12
Round=13
Round=14
current privacy cost of all clients:  [2.9136136495948044, 2.9136136495948044, 2.4033103685601156, 2.743512555916575, 3.083714743273034, 2.9136136495948044, 3.083714743273034, 3.2538158369512633, 3.4239169306294928, 2.573411462238345]
Round=14, per client global perf=[0.7578, 0.6387, 0.5623, 0.6853, 0.5956, 0.7882, 0.6348, 0.5647, 0.7015, 0.6265], mean perf=13373/20400 (0.6555%)
Round=14, per client personal perf=[0.8025, 0.7127, 0.574, 0.7392, 0.6971, 0.8431, 0.7289, 0.7054, 0.7569, 0.7598], mean perf=14932/20400 (0.7320%)
Round=14, per client personal pooled=[0.401, 0.3577, 0.2864, 0.3657, 0.3511, 0.4203, 0.364, 0.3577, 0.3804, 0.3837], mean perf=74830/204000 (0.3668%)
Mean performance of unidp ditto dp global, Perf=0.5826
Mean performance of unidp ditto dp personal, Perf=0.7271
Mean performance of unidp ditto dp pooled, Perf=0.3641
---EPSILON 8 ---
default_sample_rate: 0.03232323232323232
noise_multiplier :  0.72021484375
default_sample_rate: 0.03232323232323232
noise_multiplier :  0.64788818359375
learning rate =  0.001
sample_rate: 0.03, expected_batch_size: 128
sample_rate: 0.03, expected_batch_size: 128
sample_rate: 0.03, expected_batch_size: 128
sample_rate: 0.03, expected_batch_size: 128
sample_rate: 0.03, expected_batch_size: 128
sample_rate: 0.03, expected_batch_size: 128
sample_rate: 0.03, expected_batch_size: 128
sample_rate: 0.03, expected_batch_size: 128
sample_rate: 0.03, expected_batch_size: 128
sample_rate: 0.03, expected_batch_size: 128
sample_rate: 0.03, expected_batch_size: 128
sample_rate: 0.03, expected_batch_size: 128
sample_rate: 0.03, expected_batch_size: 128
sample_rate: 0.03, expected_batch_size: 128
sample_rate: 0.03, expected_batch_size: 128
sample_rate: 0.03, expected_batch_size: 128
sample_rate: 0.03, expected_batch_size: 128
sample_rate: 0.03, expected_batch_size: 128
sample_rate: 0.03, expected_batch_size: 128
sample_rate: 0.03, expected_batch_size: 128
initial privacy cost of all clients:  [0, 0, 0, 0, 0, 0, 0, 0, 0, 0]
Round=0
Round=1
Round=2
Round=3
Round=4
Round=5
Round=6
Round=7
Round=8
Round=9
Round=10
Round=11
Round=12
Round=13
Round=14
current privacy cost of all clients:  [6.264765677912597, 6.264765677912597, 4.852643443838692, 5.794058266554629, 6.735473089270566, 6.264765677912597, 6.735473089270566, 7.167814057514629, 7.332449371479868, 5.323350855196661]
Round=14, per client global perf=[0.7608, 0.6368, 0.5833, 0.7181, 0.6123, 0.7907, 0.6451, 0.5799, 0.7142, 0.6211], mean perf=13591/20400 (0.6662%)
Round=14, per client personal perf=[0.8216, 0.7196, 0.5882, 0.7495, 0.7098, 0.8485, 0.7446, 0.7544, 0.7907, 0.7721], mean perf=15298/20400 (0.7499%)
Round=14, per client personal pooled=[0.4079, 0.361, 0.2945, 0.3698, 0.3561, 0.4229, 0.3754, 0.3822, 0.395, 0.3891], mean perf=76581/204000 (0.3754%)
Mean performance of unidp ditto dp global, Perf=0.5883
Mean performance of unidp ditto dp personal, Perf=0.7447
Mean performance of unidp ditto dp pooled, Perf=0.3727
---EPSILON 16 ---
default_sample_rate: 0.03232323232323232
noise_multiplier :  0.567169189453125
default_sample_rate: 0.03232323232323232
noise_multiplier :  0.5263900756835938
learning rate =  0.001
sample_rate: 0.03, expected_batch_size: 128
sample_rate: 0.03, expected_batch_size: 128
sample_rate: 0.03, expected_batch_size: 128
sample_rate: 0.03, expected_batch_size: 128
sample_rate: 0.03, expected_batch_size: 128
sample_rate: 0.03, expected_batch_size: 128
sample_rate: 0.03, expected_batch_size: 128
sample_rate: 0.03, expected_batch_size: 128
sample_rate: 0.03, expected_batch_size: 128
sample_rate: 0.03, expected_batch_size: 128
sample_rate: 0.03, expected_batch_size: 128
sample_rate: 0.03, expected_batch_size: 128
sample_rate: 0.03, expected_batch_size: 128
sample_rate: 0.03, expected_batch_size: 128
sample_rate: 0.03, expected_batch_size: 128
sample_rate: 0.03, expected_batch_size: 128
sample_rate: 0.03, expected_batch_size: 128
sample_rate: 0.03, expected_batch_size: 128
sample_rate: 0.03, expected_batch_size: 128
sample_rate: 0.03, expected_batch_size: 128
initial privacy cost of all clients:  [0, 0, 0, 0, 0, 0, 0, 0, 0, 0]
Round=0
Round=1
Round=2
Round=3
Round=4
Round=5
Round=6
Round=7
Round=8
Round=9
Round=10
Round=11
Round=12
Round=13
Round=14
current privacy cost of all clients:  [11.105992316907031, 11.105992316907031, 9.011793042265237, 10.407925892026432, 11.80405874178763, 11.105992316907031, 11.80405874178763, 12.502125166668227, 13.200191591548824, 9.709859467145835]
Round=14, per client global perf=[0.7608, 0.6319, 0.5936, 0.7275, 0.624, 0.7853, 0.6564, 0.5804, 0.7235, 0.6078], mean perf=13650/20400 (0.6691%)
Round=14, per client personal perf=[0.8456, 0.7225, 0.5941, 0.7657, 0.7284, 0.85, 0.7608, 0.749, 0.8078, 0.7892], mean perf=15531/20400 (0.7613%)
Round=14, per client personal pooled=[0.4187, 0.3619, 0.2978, 0.3793, 0.3641, 0.4232, 0.3819, 0.3794, 0.4016, 0.3972], mean perf=77622/204000 (0.3805%)
Mean performance of unidp ditto dp global, Perf=0.5897
Mean performance of unidp ditto dp personal, Perf=0.7550
Mean performance of unidp ditto dp pooled, Perf=0.3779
--- Finished seed: 42 ---
--- Seed: 43 ---
--- Personal steps: 15 ---
---EPSILON 0 ---
default_sample_rate: 0.03232323232323232
noise_multiplier :  640
default_sample_rate: 0.03232323232323232
noise_multiplier :  320
learning rate =  0.001
sample_rate: 0.03, expected_batch_size: 128
sample_rate: 0.03, expected_batch_size: 128
sample_rate: 0.03, expected_batch_size: 128
sample_rate: 0.03, expected_batch_size: 128
sample_rate: 0.03, expected_batch_size: 128
sample_rate: 0.03, expected_batch_size: 128
sample_rate: 0.03, expected_batch_size: 128
sample_rate: 0.03, expected_batch_size: 128
sample_rate: 0.03, expected_batch_size: 128
sample_rate: 0.03, expected_batch_size: 128
sample_rate: 0.03, expected_batch_size: 128
sample_rate: 0.03, expected_batch_size: 128
sample_rate: 0.03, expected_batch_size: 128
sample_rate: 0.03, expected_batch_size: 128
sample_rate: 0.03, expected_batch_size: 128
sample_rate: 0.03, expected_batch_size: 128
sample_rate: 0.03, expected_batch_size: 128
sample_rate: 0.03, expected_batch_size: 128
sample_rate: 0.03, expected_batch_size: 128
sample_rate: 0.03, expected_batch_size: 128
initial privacy cost of all clients:  [0, 0, 0, 0, 0, 0, 0, 0, 0, 0]
Round=0
Round=1
Round=2
Round=3
Round=4
Round=5
Round=6
Round=7
Round=8
Round=9
Round=10
Round=11
Round=12
Round=13
Round=14
current privacy cost of all clients:  [-0.0007400032360581786, -0.0007661340148727439, -0.0007933904687212481, -0.0007400032360581786, -0.0008494097935163293, -0.0007661340148727439, -0.0008214001311187887, -0.0009075556830472331, -0.0008214001311187887, -0.0007138724572436134]
Round=14, per client global perf=[0.001, 0.0005, 0.0, 0.199, 0.1946, 0.2029, 0.1985, 0.0, 0.2, 0.0], mean perf=2033/20400 (0.0997%)
Round=14, per client personal perf=[0.0005, 0.0, 0.0, 0.202, 0.1971, 0.2034, 0.202, 0.0015, 0.1995, 0.0], mean perf=2052/20400 (0.1006%)
Round=14, per client personal pooled=[0.1006, 0.0999, 0.1006, 0.1005, 0.1006, 0.1006, 0.1006, 0.1011, 0.0997, 0.0985], mean perf=20455/204000 (0.1003%)
Mean performance of unidp ditto dp global, Perf=0.0993
Mean performance of unidp ditto dp personal, Perf=0.1006
Mean performance of unidp ditto dp pooled, Perf=0.1002
---EPSILON 0.1 ---
default_sample_rate: 0.03232323232323232
noise_multiplier :  13.75
default_sample_rate: 0.03232323232323232
noise_multiplier :  7.5
learning rate =  0.001
sample_rate: 0.03, expected_batch_size: 128
sample_rate: 0.03, expected_batch_size: 128
sample_rate: 0.03, expected_batch_size: 128
sample_rate: 0.03, expected_batch_size: 128
sample_rate: 0.03, expected_batch_size: 128
sample_rate: 0.03, expected_batch_size: 128
sample_rate: 0.03, expected_batch_size: 128
sample_rate: 0.03, expected_batch_size: 128
sample_rate: 0.03, expected_batch_size: 128
sample_rate: 0.03, expected_batch_size: 128
sample_rate: 0.03, expected_batch_size: 128
sample_rate: 0.03, expected_batch_size: 128
sample_rate: 0.03, expected_batch_size: 128
sample_rate: 0.03, expected_batch_size: 128
sample_rate: 0.03, expected_batch_size: 128
sample_rate: 0.03, expected_batch_size: 128
sample_rate: 0.03, expected_batch_size: 128
sample_rate: 0.03, expected_batch_size: 128
sample_rate: 0.03, expected_batch_size: 128
sample_rate: 0.03, expected_batch_size: 128
initial privacy cost of all clients:  [0, 0, 0, 0, 0, 0, 0, 0, 0, 0]
Round=0
Round=1
Round=2
Round=3
Round=4
Round=5
Round=6
Round=7
Round=8
Round=9
Round=10
Round=11
Round=12
Round=13
Round=14
current privacy cost of all clients:  [0.07323580287115607, 0.06861627244984228, 0.0636130274845621, 0.07323580287115607, 0.052721685568101175, 0.06861627244984228, 0.05835482563852214, 0.039763141150096236, 0.05835482563852214, 0.07775445513440044]
Round=14, per client global perf=[0.548, 0.501, 0.3074, 0.1721, 0.2569, 0.5711, 0.2784, 0.425, 0.3412, 0.6721], mean perf=8309/20400 (0.4073%)
Round=14, per client personal perf=[0.35, 0.2402, 0.2078, 0.3887, 0.2941, 0.2108, 0.2275, 0.2083, 0.4294, 0.4167], mean perf=6066/20400 (0.2974%)
Round=14, per client personal pooled=[0.1771, 0.1175, 0.1042, 0.1885, 0.1493, 0.1041, 0.1163, 0.104, 0.2146, 0.21], mean perf=30303/204000 (0.1485%)
Mean performance of unidp ditto dp global, Perf=0.3019
Mean performance of unidp ditto dp personal, Perf=0.2963
Mean performance of unidp ditto dp pooled, Perf=0.1483
---EPSILON 0.5 ---
default_sample_rate: 0.03232323232323232
noise_multiplier :  3.671875
default_sample_rate: 0.03232323232323232
noise_multiplier :  2.1484375
learning rate =  0.001
sample_rate: 0.03, expected_batch_size: 128
sample_rate: 0.03, expected_batch_size: 128
sample_rate: 0.03, expected_batch_size: 128
sample_rate: 0.03, expected_batch_size: 128
sample_rate: 0.03, expected_batch_size: 128
sample_rate: 0.03, expected_batch_size: 128
sample_rate: 0.03, expected_batch_size: 128
sample_rate: 0.03, expected_batch_size: 128
sample_rate: 0.03, expected_batch_size: 128
sample_rate: 0.03, expected_batch_size: 128
sample_rate: 0.03, expected_batch_size: 128
sample_rate: 0.03, expected_batch_size: 128
sample_rate: 0.03, expected_batch_size: 128
sample_rate: 0.03, expected_batch_size: 128
sample_rate: 0.03, expected_batch_size: 128
sample_rate: 0.03, expected_batch_size: 128
sample_rate: 0.03, expected_batch_size: 128
sample_rate: 0.03, expected_batch_size: 128
sample_rate: 0.03, expected_batch_size: 128
sample_rate: 0.03, expected_batch_size: 128
initial privacy cost of all clients:  [0, 0, 0, 0, 0, 0, 0, 0, 0, 0]
Round=0
Round=1
Round=2
Round=3
Round=4
Round=5
Round=6
Round=7
Round=8
Round=9
Round=10
Round=11
Round=12
Round=13
Round=14
current privacy cost of all clients:  [0.37555379650408366, 0.3537320706559622, 0.33033357372458066, 0.37555379650408366, 0.279070325668136, 0.3537320706559622, 0.30557517331204553, 0.2169627015110833, 0.30557517331204553, 0.39649964853357994]
Round=14, per client global perf=[0.6127, 0.3608, 0.4363, 0.5843, 0.448, 0.6338, 0.3657, 0.5936, 0.5833, 0.6221], mean perf=10691/20400 (0.5241%)
Round=14, per client personal perf=[0.6637, 0.4716, 0.4324, 0.5422, 0.502, 0.7314, 0.5534, 0.3471, 0.4765, 0.7039], mean perf=11065/20400 (0.5424%)
Round=14, per client personal pooled=[0.3277, 0.2401, 0.2235, 0.2739, 0.2531, 0.3598, 0.2814, 0.1718, 0.2432, 0.3521], mean perf=55620/204000 (0.2726%)
Mean performance of unidp ditto dp global, Perf=0.4561
Mean performance of unidp ditto dp personal, Perf=0.5095
Mean performance of unidp ditto dp pooled, Perf=0.2566
---EPSILON 1 ---
default_sample_rate: 0.03232323232323232
noise_multiplier :  2.12890625
default_sample_rate: 0.03232323232323232
noise_multiplier :  1.3671875
learning rate =  0.001
sample_rate: 0.03, expected_batch_size: 128
sample_rate: 0.03, expected_batch_size: 128
sample_rate: 0.03, expected_batch_size: 128
sample_rate: 0.03, expected_batch_size: 128
sample_rate: 0.03, expected_batch_size: 128
sample_rate: 0.03, expected_batch_size: 128
sample_rate: 0.03, expected_batch_size: 128
sample_rate: 0.03, expected_batch_size: 128
sample_rate: 0.03, expected_batch_size: 128
sample_rate: 0.03, expected_batch_size: 128
sample_rate: 0.03, expected_batch_size: 128
sample_rate: 0.03, expected_batch_size: 128
sample_rate: 0.03, expected_batch_size: 128
sample_rate: 0.03, expected_batch_size: 128
sample_rate: 0.03, expected_batch_size: 128
sample_rate: 0.03, expected_batch_size: 128
sample_rate: 0.03, expected_batch_size: 128
sample_rate: 0.03, expected_batch_size: 128
sample_rate: 0.03, expected_batch_size: 128
sample_rate: 0.03, expected_batch_size: 128
initial privacy cost of all clients:  [0, 0, 0, 0, 0, 0, 0, 0, 0, 0]
Round=0
Round=1
Round=2
Round=3
Round=4
Round=5
Round=6
Round=7
Round=8
Round=9
Round=10
Round=11
Round=12
Round=13
Round=14
current privacy cost of all clients:  [0.7653858016873494, 0.7206619146809711, 0.6750386529476061, 0.7653858016873494, 0.5742281727082242, 0.7206619146809711, 0.6260606530260836, 0.4516481465484667, 0.6260606530260836, 0.8052814395900469]
Round=14, per client global perf=[0.6941, 0.4975, 0.4946, 0.5951, 0.5025, 0.7015, 0.4034, 0.5936, 0.5956, 0.6368], mean perf=11658/20400 (0.5715%)
Round=14, per client personal perf=[0.7157, 0.5525, 0.4667, 0.5647, 0.675, 0.7103, 0.5451, 0.5108, 0.5525, 0.7412], mean perf=12310/20400 (0.6034%)
Round=14, per client personal pooled=[0.3531, 0.2776, 0.2408, 0.2875, 0.3394, 0.3523, 0.2834, 0.2547, 0.2809, 0.3703], mean perf=62014/204000 (0.3040%)
Mean performance of unidp ditto dp global, Perf=0.5116
Mean performance of unidp ditto dp personal, Perf=0.5894
Mean performance of unidp ditto dp pooled, Perf=0.2959
---EPSILON 4 ---
default_sample_rate: 0.03232323232323232
noise_multiplier :  0.93994140625
default_sample_rate: 0.03232323232323232
noise_multiplier :  0.736083984375
learning rate =  0.001
sample_rate: 0.03, expected_batch_size: 128
sample_rate: 0.03, expected_batch_size: 128
sample_rate: 0.03, expected_batch_size: 128
sample_rate: 0.03, expected_batch_size: 128
sample_rate: 0.03, expected_batch_size: 128
sample_rate: 0.03, expected_batch_size: 128
sample_rate: 0.03, expected_batch_size: 128
sample_rate: 0.03, expected_batch_size: 128
sample_rate: 0.03, expected_batch_size: 128
sample_rate: 0.03, expected_batch_size: 128
sample_rate: 0.03, expected_batch_size: 128
sample_rate: 0.03, expected_batch_size: 128
sample_rate: 0.03, expected_batch_size: 128
sample_rate: 0.03, expected_batch_size: 128
sample_rate: 0.03, expected_batch_size: 128
sample_rate: 0.03, expected_batch_size: 128
sample_rate: 0.03, expected_batch_size: 128
sample_rate: 0.03, expected_batch_size: 128
sample_rate: 0.03, expected_batch_size: 128
sample_rate: 0.03, expected_batch_size: 128
initial privacy cost of all clients:  [0, 0, 0, 0, 0, 0, 0, 0, 0, 0]
Round=0
Round=1
Round=2
Round=3
Round=4
Round=5
Round=6
Round=7
Round=8
Round=9
Round=10
Round=11
Round=12
Round=13
Round=14
current privacy cost of all clients:  [3.083714743273034, 2.9136136495948044, 2.743512555916575, 3.083714743273034, 2.4033103685601156, 2.9136136495948044, 2.573411462238345, 2.04500887038821, 2.573411462238345, 3.2538158369512633]
Round=14, per client global perf=[0.8044, 0.6029, 0.6461, 0.551, 0.5397, 0.724, 0.4623, 0.6961, 0.5603, 0.7863], mean perf=13001/20400 (0.6373%)
Round=14, per client personal perf=[0.7623, 0.5025, 0.4819, 0.6495, 0.6387, 0.7186, 0.573, 0.6377, 0.6181, 0.8113], mean perf=13043/20400 (0.6394%)
Round=14, per client personal pooled=[0.3778, 0.2495, 0.2482, 0.329, 0.324, 0.3549, 0.3008, 0.3188, 0.3141, 0.403], mean perf=65692/204000 (0.3220%)
Mean performance of unidp ditto dp global, Perf=0.5731
Mean performance of unidp ditto dp personal, Perf=0.6299
Mean performance of unidp ditto dp pooled, Perf=0.3161
---EPSILON 8 ---
default_sample_rate: 0.03232323232323232
noise_multiplier :  0.72021484375
default_sample_rate: 0.03232323232323232
noise_multiplier :  0.5743408203125
learning rate =  0.001
sample_rate: 0.03, expected_batch_size: 128
sample_rate: 0.03, expected_batch_size: 128
sample_rate: 0.03, expected_batch_size: 128
sample_rate: 0.03, expected_batch_size: 128
sample_rate: 0.03, expected_batch_size: 128
sample_rate: 0.03, expected_batch_size: 128
sample_rate: 0.03, expected_batch_size: 128
sample_rate: 0.03, expected_batch_size: 128
sample_rate: 0.03, expected_batch_size: 128
sample_rate: 0.03, expected_batch_size: 128
sample_rate: 0.03, expected_batch_size: 128
sample_rate: 0.03, expected_batch_size: 128
sample_rate: 0.03, expected_batch_size: 128
sample_rate: 0.03, expected_batch_size: 128
sample_rate: 0.03, expected_batch_size: 128
sample_rate: 0.03, expected_batch_size: 128
sample_rate: 0.03, expected_batch_size: 128
sample_rate: 0.03, expected_batch_size: 128
sample_rate: 0.03, expected_batch_size: 128
sample_rate: 0.03, expected_batch_size: 128
initial privacy cost of all clients:  [0, 0, 0, 0, 0, 0, 0, 0, 0, 0]
Round=0
Round=1
Round=2
Round=3
Round=4
Round=5
Round=6
Round=7
Round=8
Round=9
Round=10
Round=11
Round=12
Round=13
Round=14
current privacy cost of all clients:  [6.735473089270566, 6.264765677912597, 5.794058266554629, 6.735473089270566, 4.852643443838692, 6.264765677912597, 5.323350855196661, 3.9112286211227545, 5.323350855196661, 7.167814057514629]
Round=14, per client global perf=[0.8152, 0.5966, 0.6515, 0.5015, 0.527, 0.7, 0.4279, 0.698, 0.5127, 0.8005], mean perf=12711/20400 (0.6231%)
Round=14, per client personal perf=[0.7804, 0.5392, 0.5074, 0.701, 0.6676, 0.7338, 0.5863, 0.5672, 0.6466, 0.8167], mean perf=13354/20400 (0.6546%)
Round=14, per client personal pooled=[0.3859, 0.2691, 0.2603, 0.3486, 0.3327, 0.3625, 0.3055, 0.2843, 0.3309, 0.4057], mean perf=67025/204000 (0.3286%)
Mean performance of unidp ditto dp global, Perf=0.5735
Mean performance of unidp ditto dp personal, Perf=0.6518
Mean performance of unidp ditto dp pooled, Perf=0.3268
---EPSILON 16 ---
default_sample_rate: 0.03232323232323232
noise_multiplier :  0.567169189453125
default_sample_rate: 0.03232323232323232
noise_multiplier :  0.48187255859375
learning rate =  0.001
sample_rate: 0.03, expected_batch_size: 128
sample_rate: 0.03, expected_batch_size: 128
sample_rate: 0.03, expected_batch_size: 128
sample_rate: 0.03, expected_batch_size: 128
sample_rate: 0.03, expected_batch_size: 128
sample_rate: 0.03, expected_batch_size: 128
sample_rate: 0.03, expected_batch_size: 128
sample_rate: 0.03, expected_batch_size: 128
sample_rate: 0.03, expected_batch_size: 128
sample_rate: 0.03, expected_batch_size: 128
sample_rate: 0.03, expected_batch_size: 128
sample_rate: 0.03, expected_batch_size: 128
sample_rate: 0.03, expected_batch_size: 128
sample_rate: 0.03, expected_batch_size: 128
sample_rate: 0.03, expected_batch_size: 128
sample_rate: 0.03, expected_batch_size: 128
sample_rate: 0.03, expected_batch_size: 128
sample_rate: 0.03, expected_batch_size: 128
sample_rate: 0.03, expected_batch_size: 128
sample_rate: 0.03, expected_batch_size: 128
initial privacy cost of all clients:  [0, 0, 0, 0, 0, 0, 0, 0, 0, 0]
Round=0
Round=1
Round=2
Round=3
Round=4
Round=5
Round=6
Round=7
Round=8
Round=9
Round=10
Round=11
Round=12
Round=13
Round=14
current privacy cost of all clients:  [11.80405874178763, 11.105992316907031, 10.407925892026432, 11.80405874178763, 9.011793042265237, 11.105992316907031, 9.709859467145835, 7.6156601925040395, 9.709859467145835, 12.502125166668227]
Round=14, per client global perf=[0.8191, 0.598, 0.6495, 0.4529, 0.4956, 0.674, 0.3799, 0.6926, 0.4574, 0.8103], mean perf=12300/20400 (0.6029%)
Round=14, per client personal perf=[0.8029, 0.5922, 0.5382, 0.7167, 0.6676, 0.773, 0.6005, 0.5358, 0.675, 0.8275], mean perf=13728/20400 (0.6729%)
Round=14, per client personal pooled=[0.3942, 0.2958, 0.2747, 0.3556, 0.3321, 0.3787, 0.3091, 0.2711, 0.344, 0.4097], mean perf=68646/204000 (0.3365%)
Mean performance of unidp ditto dp global, Perf=0.5654
Mean performance of unidp ditto dp personal, Perf=0.6677
Mean performance of unidp ditto dp pooled, Perf=0.3344
--- Personal steps: 30 ---
---EPSILON 0 ---
default_sample_rate: 0.03232323232323232
noise_multiplier :  640
default_sample_rate: 0.03232323232323232
noise_multiplier :  320
learning rate =  0.001
sample_rate: 0.03, expected_batch_size: 128
sample_rate: 0.03, expected_batch_size: 128
sample_rate: 0.03, expected_batch_size: 128
sample_rate: 0.03, expected_batch_size: 128
sample_rate: 0.03, expected_batch_size: 128
sample_rate: 0.03, expected_batch_size: 128
sample_rate: 0.03, expected_batch_size: 128
sample_rate: 0.03, expected_batch_size: 128
sample_rate: 0.03, expected_batch_size: 128
sample_rate: 0.03, expected_batch_size: 128
sample_rate: 0.03, expected_batch_size: 128
sample_rate: 0.03, expected_batch_size: 128
sample_rate: 0.03, expected_batch_size: 128
sample_rate: 0.03, expected_batch_size: 128
sample_rate: 0.03, expected_batch_size: 128
sample_rate: 0.03, expected_batch_size: 128
sample_rate: 0.03, expected_batch_size: 128
sample_rate: 0.03, expected_batch_size: 128
sample_rate: 0.03, expected_batch_size: 128
sample_rate: 0.03, expected_batch_size: 128
initial privacy cost of all clients:  [0, 0, 0, 0, 0, 0, 0, 0, 0, 0]
Round=0
Round=1
Round=2
Round=3
Round=4
Round=5
Round=6
Round=7
Round=8
Round=9
Round=10
Round=11
Round=12
Round=13
Round=14
current privacy cost of all clients:  [-0.0007400032360581786, -0.0007661340148727439, -0.0007933904687212481, -0.0007400032360581786, -0.0008494097935163293, -0.0007661340148727439, -0.0008214001311187887, -0.0009075556830472331, -0.0008214001311187887, -0.0007138724572436134]
Round=14, per client global perf=[0.0005, 0.0, 0.002, 0.1956, 0.1902, 0.1975, 0.1926, 0.0015, 0.1946, 0.0], mean perf=1988/20400 (0.0975%)
Round=14, per client personal perf=[0.0, 0.0, 0.0, 0.202, 0.1971, 0.1922, 0.202, 0.0, 0.2005, 0.0], mean perf=2027/20400 (0.0994%)
Round=14, per client personal pooled=[0.1006, 0.1005, 0.1002, 0.1006, 0.1006, 0.0973, 0.1006, 0.1006, 0.1006, 0.1002], mean perf=20439/204000 (0.1002%)
Mean performance of unidp ditto dp global, Perf=0.0988
Mean performance of unidp ditto dp personal, Perf=0.0997
Mean performance of unidp ditto dp pooled, Perf=0.1003
---EPSILON 0.1 ---
default_sample_rate: 0.03232323232323232
noise_multiplier :  13.75
default_sample_rate: 0.03232323232323232
noise_multiplier :  11.25
learning rate =  0.001
sample_rate: 0.03, expected_batch_size: 128
sample_rate: 0.03, expected_batch_size: 128
sample_rate: 0.03, expected_batch_size: 128
sample_rate: 0.03, expected_batch_size: 128
sample_rate: 0.03, expected_batch_size: 128
sample_rate: 0.03, expected_batch_size: 128
sample_rate: 0.03, expected_batch_size: 128
sample_rate: 0.03, expected_batch_size: 128
sample_rate: 0.03, expected_batch_size: 128
sample_rate: 0.03, expected_batch_size: 128
sample_rate: 0.03, expected_batch_size: 128
sample_rate: 0.03, expected_batch_size: 128
sample_rate: 0.03, expected_batch_size: 128
sample_rate: 0.03, expected_batch_size: 128
sample_rate: 0.03, expected_batch_size: 128
sample_rate: 0.03, expected_batch_size: 128
sample_rate: 0.03, expected_batch_size: 128
sample_rate: 0.03, expected_batch_size: 128
sample_rate: 0.03, expected_batch_size: 128
sample_rate: 0.03, expected_batch_size: 128
initial privacy cost of all clients:  [0, 0, 0, 0, 0, 0, 0, 0, 0, 0]
Round=0
Round=1
Round=2
Round=3
Round=4
Round=5
Round=6
Round=7
Round=8
Round=9
Round=10
Round=11
Round=12
Round=13
Round=14
current privacy cost of all clients:  [0.07323580287115607, 0.06861627244984228, 0.0636130274845621, 0.07323580287115607, 0.052721685568101175, 0.06861627244984228, 0.05835482563852214, 0.039763141150096236, 0.05835482563852214, 0.07775445513440044]
Round=14, per client global perf=[0.4588, 0.4824, 0.2245, 0.1701, 0.2564, 0.5525, 0.2108, 0.3363, 0.3309, 0.574], mean perf=7337/20400 (0.3597%)
Round=14, per client personal perf=[0.5216, 0.3088, 0.2368, 0.6172, 0.4049, 0.1975, 0.3515, 0.2716, 0.5422, 0.2917], mean perf=7637/20400 (0.3744%)
Round=14, per client personal pooled=[0.2579, 0.1595, 0.1225, 0.3058, 0.2036, 0.0984, 0.1769, 0.1374, 0.2768, 0.1476], mean perf=38481/204000 (0.1886%)
Mean performance of unidp ditto dp global, Perf=0.2746
Mean performance of unidp ditto dp personal, Perf=0.3499
Mean performance of unidp ditto dp pooled, Perf=0.1761
---EPSILON 0.5 ---
default_sample_rate: 0.03232323232323232
noise_multiplier :  3.671875
default_sample_rate: 0.03232323232323232
noise_multiplier :  2.890625
learning rate =  0.001
sample_rate: 0.03, expected_batch_size: 128
sample_rate: 0.03, expected_batch_size: 128
sample_rate: 0.03, expected_batch_size: 128
sample_rate: 0.03, expected_batch_size: 128
sample_rate: 0.03, expected_batch_size: 128
sample_rate: 0.03, expected_batch_size: 128
sample_rate: 0.03, expected_batch_size: 128
sample_rate: 0.03, expected_batch_size: 128
sample_rate: 0.03, expected_batch_size: 128
sample_rate: 0.03, expected_batch_size: 128
sample_rate: 0.03, expected_batch_size: 128
sample_rate: 0.03, expected_batch_size: 128
sample_rate: 0.03, expected_batch_size: 128
sample_rate: 0.03, expected_batch_size: 128
sample_rate: 0.03, expected_batch_size: 128
sample_rate: 0.03, expected_batch_size: 128
sample_rate: 0.03, expected_batch_size: 128
sample_rate: 0.03, expected_batch_size: 128
sample_rate: 0.03, expected_batch_size: 128
sample_rate: 0.03, expected_batch_size: 128
initial privacy cost of all clients:  [0, 0, 0, 0, 0, 0, 0, 0, 0, 0]
Round=0
Round=1
Round=2
Round=3
Round=4
Round=5
Round=6
Round=7
Round=8
Round=9
Round=10
Round=11
Round=12
Round=13
Round=14
current privacy cost of all clients:  [0.37555379650408366, 0.3537320706559622, 0.33033357372458066, 0.37555379650408366, 0.279070325668136, 0.3537320706559622, 0.30557517331204553, 0.2169627015110833, 0.30557517331204553, 0.39649964853357994]
Round=14, per client global perf=[0.6211, 0.3564, 0.4324, 0.5824, 0.4412, 0.6172, 0.3608, 0.5897, 0.5775, 0.6127], mean perf=10590/20400 (0.5191%)
Round=14, per client personal perf=[0.7809, 0.5995, 0.4868, 0.6255, 0.5765, 0.7485, 0.5578, 0.5358, 0.6324, 0.7686], mean perf=12877/20400 (0.6312%)
Round=14, per client personal pooled=[0.3918, 0.2998, 0.2475, 0.3184, 0.2841, 0.3746, 0.2914, 0.2658, 0.3192, 0.3793], mean perf=64704/204000 (0.3172%)
Mean performance of unidp ditto dp global, Perf=0.4531
Mean performance of unidp ditto dp personal, Perf=0.6299
Mean performance of unidp ditto dp pooled, Perf=0.3163
---EPSILON 1 ---
default_sample_rate: 0.03232323232323232
noise_multiplier :  2.12890625
default_sample_rate: 0.03232323232323232
noise_multiplier :  1.728515625
learning rate =  0.001
sample_rate: 0.03, expected_batch_size: 128
sample_rate: 0.03, expected_batch_size: 128
sample_rate: 0.03, expected_batch_size: 128
sample_rate: 0.03, expected_batch_size: 128
sample_rate: 0.03, expected_batch_size: 128
sample_rate: 0.03, expected_batch_size: 128
sample_rate: 0.03, expected_batch_size: 128
sample_rate: 0.03, expected_batch_size: 128
sample_rate: 0.03, expected_batch_size: 128
sample_rate: 0.03, expected_batch_size: 128
sample_rate: 0.03, expected_batch_size: 128
sample_rate: 0.03, expected_batch_size: 128
sample_rate: 0.03, expected_batch_size: 128
sample_rate: 0.03, expected_batch_size: 128
sample_rate: 0.03, expected_batch_size: 128
sample_rate: 0.03, expected_batch_size: 128
sample_rate: 0.03, expected_batch_size: 128
sample_rate: 0.03, expected_batch_size: 128
sample_rate: 0.03, expected_batch_size: 128
sample_rate: 0.03, expected_batch_size: 128
initial privacy cost of all clients:  [0, 0, 0, 0, 0, 0, 0, 0, 0, 0]
Round=0
Round=1
Round=2
Round=3
Round=4
Round=5
Round=6
Round=7
Round=8
Round=9
Round=10
Round=11
Round=12
Round=13
Round=14
current privacy cost of all clients:  [0.7653858016873494, 0.7206619146809711, 0.6750386529476061, 0.7653858016873494, 0.5742281727082242, 0.7206619146809711, 0.6260606530260836, 0.4516481465484667, 0.6260606530260836, 0.8052814395900469]
Round=14, per client global perf=[0.7015, 0.5059, 0.502, 0.6, 0.4848, 0.6848, 0.4137, 0.5789, 0.6025, 0.6181], mean perf=11612/20400 (0.5692%)
Round=14, per client personal perf=[0.7956, 0.6422, 0.5074, 0.7123, 0.5926, 0.7804, 0.5941, 0.6304, 0.6593, 0.8103], mean perf=13718/20400 (0.6725%)
Round=14, per client personal pooled=[0.3959, 0.3223, 0.2597, 0.3568, 0.2944, 0.386, 0.3042, 0.3153, 0.3365, 0.3968], mean perf=68704/204000 (0.3368%)
Mean performance of unidp ditto dp global, Perf=0.5031
Mean performance of unidp ditto dp personal, Perf=0.6707
Mean performance of unidp ditto dp pooled, Perf=0.3363
---EPSILON 4 ---
default_sample_rate: 0.03232323232323232
noise_multiplier :  0.93994140625
default_sample_rate: 0.03232323232323232
noise_multiplier :  0.833740234375
learning rate =  0.001
sample_rate: 0.03, expected_batch_size: 128
sample_rate: 0.03, expected_batch_size: 128
sample_rate: 0.03, expected_batch_size: 128
sample_rate: 0.03, expected_batch_size: 128
sample_rate: 0.03, expected_batch_size: 128
sample_rate: 0.03, expected_batch_size: 128
sample_rate: 0.03, expected_batch_size: 128
sample_rate: 0.03, expected_batch_size: 128
sample_rate: 0.03, expected_batch_size: 128
sample_rate: 0.03, expected_batch_size: 128
sample_rate: 0.03, expected_batch_size: 128
sample_rate: 0.03, expected_batch_size: 128
sample_rate: 0.03, expected_batch_size: 128
sample_rate: 0.03, expected_batch_size: 128
sample_rate: 0.03, expected_batch_size: 128
sample_rate: 0.03, expected_batch_size: 128
sample_rate: 0.03, expected_batch_size: 128
sample_rate: 0.03, expected_batch_size: 128
sample_rate: 0.03, expected_batch_size: 128
sample_rate: 0.03, expected_batch_size: 128
initial privacy cost of all clients:  [0, 0, 0, 0, 0, 0, 0, 0, 0, 0]
Round=0
Round=1
Round=2
Round=3
Round=4
Round=5
Round=6
Round=7
Round=8
Round=9
Round=10
Round=11
Round=12
Round=13
Round=14
current privacy cost of all clients:  [3.083714743273034, 2.9136136495948044, 2.743512555916575, 3.083714743273034, 2.4033103685601156, 2.9136136495948044, 2.573411462238345, 2.04500887038821, 2.573411462238345, 3.2538158369512633]
Round=14, per client global perf=[0.8206, 0.6216, 0.6451, 0.5343, 0.5324, 0.7083, 0.4456, 0.6946, 0.5382, 0.7887], mean perf=12912/20400 (0.6329%)
Round=14, per client personal perf=[0.8755, 0.6877, 0.6529, 0.7863, 0.6132, 0.8211, 0.6333, 0.6402, 0.698, 0.8275], mean perf=14761/20400 (0.7236%)
Round=14, per client personal pooled=[0.4324, 0.3492, 0.3331, 0.3852, 0.3067, 0.4097, 0.3221, 0.3176, 0.354, 0.4117], mean perf=73881/204000 (0.3622%)
Mean performance of unidp ditto dp global, Perf=0.5686
Mean performance of unidp ditto dp personal, Perf=0.7174
Mean performance of unidp ditto dp pooled, Perf=0.3594
---EPSILON 8 ---
default_sample_rate: 0.03232323232323232
noise_multiplier :  0.72021484375
default_sample_rate: 0.03232323232323232
noise_multiplier :  0.64788818359375
learning rate =  0.001
sample_rate: 0.03, expected_batch_size: 128
sample_rate: 0.03, expected_batch_size: 128
sample_rate: 0.03, expected_batch_size: 128
sample_rate: 0.03, expected_batch_size: 128
sample_rate: 0.03, expected_batch_size: 128
sample_rate: 0.03, expected_batch_size: 128
sample_rate: 0.03, expected_batch_size: 128
sample_rate: 0.03, expected_batch_size: 128
sample_rate: 0.03, expected_batch_size: 128
sample_rate: 0.03, expected_batch_size: 128
sample_rate: 0.03, expected_batch_size: 128
sample_rate: 0.03, expected_batch_size: 128
sample_rate: 0.03, expected_batch_size: 128
sample_rate: 0.03, expected_batch_size: 128
sample_rate: 0.03, expected_batch_size: 128
sample_rate: 0.03, expected_batch_size: 128
sample_rate: 0.03, expected_batch_size: 128
sample_rate: 0.03, expected_batch_size: 128
sample_rate: 0.03, expected_batch_size: 128
sample_rate: 0.03, expected_batch_size: 128
initial privacy cost of all clients:  [0, 0, 0, 0, 0, 0, 0, 0, 0, 0]
Round=0
Round=1
Round=2
Round=3
Round=4
Round=5
Round=6
Round=7
Round=8
Round=9
Round=10
Round=11
Round=12
Round=13
Round=14
current privacy cost of all clients:  [6.735473089270566, 6.264765677912597, 5.794058266554629, 6.735473089270566, 4.852643443838692, 6.264765677912597, 5.323350855196661, 3.9112286211227545, 5.323350855196661, 7.167814057514629]
Round=14, per client global perf=[0.8235, 0.6088, 0.651, 0.4784, 0.5039, 0.6828, 0.4103, 0.7, 0.4853, 0.8069], mean perf=12548/20400 (0.6151%)
Round=14, per client personal perf=[0.8897, 0.6961, 0.6672, 0.7828, 0.6662, 0.8304, 0.6549, 0.6451, 0.7034, 0.8289], mean perf=15024/20400 (0.7365%)
Round=14, per client personal pooled=[0.4424, 0.3536, 0.3391, 0.3838, 0.3332, 0.4132, 0.3315, 0.3205, 0.3564, 0.4122], mean perf=75192/204000 (0.3686%)
Mean performance of unidp ditto dp global, Perf=0.5706
Mean performance of unidp ditto dp personal, Perf=0.7310
Mean performance of unidp ditto dp pooled, Perf=0.3663
---EPSILON 16 ---
default_sample_rate: 0.03232323232323232
noise_multiplier :  0.567169189453125
default_sample_rate: 0.03232323232323232
noise_multiplier :  0.5263900756835938
learning rate =  0.001
sample_rate: 0.03, expected_batch_size: 128
sample_rate: 0.03, expected_batch_size: 128
sample_rate: 0.03, expected_batch_size: 128
sample_rate: 0.03, expected_batch_size: 128
sample_rate: 0.03, expected_batch_size: 128
sample_rate: 0.03, expected_batch_size: 128
sample_rate: 0.03, expected_batch_size: 128
sample_rate: 0.03, expected_batch_size: 128
sample_rate: 0.03, expected_batch_size: 128
sample_rate: 0.03, expected_batch_size: 128
sample_rate: 0.03, expected_batch_size: 128
sample_rate: 0.03, expected_batch_size: 128
sample_rate: 0.03, expected_batch_size: 128
sample_rate: 0.03, expected_batch_size: 128
sample_rate: 0.03, expected_batch_size: 128
sample_rate: 0.03, expected_batch_size: 128
sample_rate: 0.03, expected_batch_size: 128
sample_rate: 0.03, expected_batch_size: 128
sample_rate: 0.03, expected_batch_size: 128
sample_rate: 0.03, expected_batch_size: 128
initial privacy cost of all clients:  [0, 0, 0, 0, 0, 0, 0, 0, 0, 0]
Round=0
Round=1
Round=2
Round=3
Round=4
Round=5
Round=6
Round=7
Round=8
Round=9
Round=10
Round=11
Round=12
Round=13
Round=14
current privacy cost of all clients:  [11.80405874178763, 11.105992316907031, 10.407925892026432, 11.80405874178763, 9.011793042265237, 11.105992316907031, 9.709859467145835, 7.6156601925040395, 9.709859467145835, 12.502125166668227]
Round=14, per client global perf=[0.8225, 0.5956, 0.6446, 0.427, 0.473, 0.6525, 0.3632, 0.6946, 0.4338, 0.8142], mean perf=12079/20400 (0.5921%)
Round=14, per client personal perf=[0.9034, 0.7108, 0.677, 0.7882, 0.6931, 0.8343, 0.6696, 0.6975, 0.7078, 0.8358], mean perf=15336/20400 (0.7518%)
Round=14, per client personal pooled=[0.4482, 0.3587, 0.3458, 0.3874, 0.3476, 0.4152, 0.3372, 0.3485, 0.3586, 0.4142], mean perf=76732/204000 (0.3761%)
Mean performance of unidp ditto dp global, Perf=0.5667
Mean performance of unidp ditto dp personal, Perf=0.7432
Mean performance of unidp ditto dp pooled, Perf=0.3724
--- Finished seed: 43 ---
--- Seed: 44 ---
--- Personal steps: 15 ---
---EPSILON 0 ---
default_sample_rate: 0.03232323232323232
noise_multiplier :  640
default_sample_rate: 0.03232323232323232
noise_multiplier :  320
learning rate =  0.001
sample_rate: 0.03, expected_batch_size: 128
sample_rate: 0.03, expected_batch_size: 128
sample_rate: 0.03, expected_batch_size: 128
sample_rate: 0.03, expected_batch_size: 128
sample_rate: 0.03, expected_batch_size: 128
sample_rate: 0.03, expected_batch_size: 128
sample_rate: 0.03, expected_batch_size: 128
sample_rate: 0.03, expected_batch_size: 128
sample_rate: 0.03, expected_batch_size: 128
sample_rate: 0.03, expected_batch_size: 128
sample_rate: 0.03, expected_batch_size: 128
sample_rate: 0.03, expected_batch_size: 128
sample_rate: 0.03, expected_batch_size: 128
sample_rate: 0.03, expected_batch_size: 128
sample_rate: 0.03, expected_batch_size: 128
sample_rate: 0.03, expected_batch_size: 128
sample_rate: 0.03, expected_batch_size: 128
sample_rate: 0.03, expected_batch_size: 128
sample_rate: 0.03, expected_batch_size: 128
sample_rate: 0.03, expected_batch_size: 128
initial privacy cost of all clients:  [0, 0, 0, 0, 0, 0, 0, 0, 0, 0]
Round=0
Round=1
Round=2
Round=3
Round=4
Round=5
Round=6
Round=7
Round=8
Round=9
Round=10
Round=11
Round=12
Round=13
Round=14
current privacy cost of all clients:  [-0.0007400032360581786, -0.0006616108996144827, -0.0007400032360581786, -0.0009075556830472331, -0.0006877416784290479, -0.0008214001311187887, -0.0008494097935163293, -0.0008214001311187887, -0.0008494097935163293, -0.0007661340148727439]
Round=14, per client global perf=[0.0, 0.0005, 0.0005, 0.1892, 0.2029, 0.0, 0.2088, 0.1985, 0.1956, 0.001], mean perf=2034/20400 (0.0997%)
Round=14, per client personal perf=[0.0, 0.1431, 0.0, 0.1907, 0.2029, 0.0, 0.1377, 0.2147, 0.1613, 0.0417], mean perf=2228/20400 (0.1092%)
Round=14, per client personal pooled=[0.0999, 0.1134, 0.1, 0.0999, 0.0999, 0.0999, 0.1092, 0.1082, 0.1144, 0.1072], mean perf=21460/204000 (0.1052%)
Mean performance of unidp ditto dp global, Perf=0.0994
Mean performance of unidp ditto dp personal, Perf=0.1087
Mean performance of unidp ditto dp pooled, Perf=0.1050
---EPSILON 0.1 ---
default_sample_rate: 0.03232323232323232
noise_multiplier :  13.75
default_sample_rate: 0.03232323232323232
noise_multiplier :  7.5
learning rate =  0.001
sample_rate: 0.03, expected_batch_size: 128
sample_rate: 0.03, expected_batch_size: 128
sample_rate: 0.03, expected_batch_size: 128
sample_rate: 0.03, expected_batch_size: 128
sample_rate: 0.03, expected_batch_size: 128
sample_rate: 0.03, expected_batch_size: 128
sample_rate: 0.03, expected_batch_size: 128
sample_rate: 0.03, expected_batch_size: 128
sample_rate: 0.03, expected_batch_size: 128
sample_rate: 0.03, expected_batch_size: 128
sample_rate: 0.03, expected_batch_size: 128
sample_rate: 0.03, expected_batch_size: 128
sample_rate: 0.03, expected_batch_size: 128
sample_rate: 0.03, expected_batch_size: 128
sample_rate: 0.03, expected_batch_size: 128
sample_rate: 0.03, expected_batch_size: 128
sample_rate: 0.03, expected_batch_size: 128
sample_rate: 0.03, expected_batch_size: 128
sample_rate: 0.03, expected_batch_size: 128
sample_rate: 0.03, expected_batch_size: 128
initial privacy cost of all clients:  [0, 0, 0, 0, 0, 0, 0, 0, 0, 0]
Round=0
Round=1
Round=2
Round=3
Round=4
Round=5
Round=6
Round=7
Round=8
Round=9
Round=10
Round=11
Round=12
Round=13
Round=14
current privacy cost of all clients:  [0.07323580287115607, 0.08623286984399514, 0.07323580287115607, 0.039763141150096236, 0.08199366248919779, 0.05835482563852214, 0.052721685568101175, 0.05835482563852214, 0.052721685568101175, 0.06861627244984228]
Round=14, per client global perf=[0.3926, 0.4848, 0.3966, 0.3265, 0.4662, 0.2676, 0.327, 0.35, 0.2049, 0.1529], mean perf=6873/20400 (0.3369%)
Round=14, per client personal perf=[0.3931, 0.5814, 0.3608, 0.1946, 0.5681, 0.1931, 0.3191, 0.2221, 0.3328, 0.3735], mean perf=7219/20400 (0.3539%)
Round=14, per client personal pooled=[0.1996, 0.2895, 0.1842, 0.1025, 0.2807, 0.0984, 0.1569, 0.1166, 0.1645, 0.1909], mean perf=36390/204000 (0.1784%)
Mean performance of unidp ditto dp global, Perf=0.3248
Mean performance of unidp ditto dp personal, Perf=0.3247
Mean performance of unidp ditto dp pooled, Perf=0.1640
---EPSILON 0.5 ---
default_sample_rate: 0.03232323232323232
noise_multiplier :  3.671875
default_sample_rate: 0.03232323232323232
noise_multiplier :  2.1484375
learning rate =  0.001
sample_rate: 0.03, expected_batch_size: 128
sample_rate: 0.03, expected_batch_size: 128
sample_rate: 0.03, expected_batch_size: 128
sample_rate: 0.03, expected_batch_size: 128
sample_rate: 0.03, expected_batch_size: 128
sample_rate: 0.03, expected_batch_size: 128
sample_rate: 0.03, expected_batch_size: 128
sample_rate: 0.03, expected_batch_size: 128
sample_rate: 0.03, expected_batch_size: 128
sample_rate: 0.03, expected_batch_size: 128
sample_rate: 0.03, expected_batch_size: 128
sample_rate: 0.03, expected_batch_size: 128
sample_rate: 0.03, expected_batch_size: 128
sample_rate: 0.03, expected_batch_size: 128
sample_rate: 0.03, expected_batch_size: 128
sample_rate: 0.03, expected_batch_size: 128
sample_rate: 0.03, expected_batch_size: 128
sample_rate: 0.03, expected_batch_size: 128
sample_rate: 0.03, expected_batch_size: 128
sample_rate: 0.03, expected_batch_size: 128
initial privacy cost of all clients:  [0, 0, 0, 0, 0, 0, 0, 0, 0, 0]
Round=0
Round=1
Round=2
Round=3
Round=4
Round=5
Round=6
Round=7
Round=8
Round=9
Round=10
Round=11
Round=12
Round=13
Round=14
current privacy cost of all clients:  [0.37555379650408366, 0.4369927284170089, 0.37555379650408366, 0.2169627015110833, 0.41674618847529443, 0.30557517331204553, 0.279070325668136, 0.30557517331204553, 0.279070325668136, 0.3537320706559622]
Round=14, per client global perf=[0.5936, 0.6833, 0.4569, 0.2892, 0.225, 0.625, 0.45, 0.3275, 0.4613, 0.5946], mean perf=9601/20400 (0.4706%)
Round=14, per client personal perf=[0.6186, 0.6593, 0.4304, 0.2853, 0.6647, 0.7181, 0.6044, 0.6211, 0.401, 0.6946], mean perf=11623/20400 (0.5698%)
Round=14, per client personal pooled=[0.313, 0.3296, 0.2184, 0.1459, 0.3287, 0.3605, 0.3047, 0.3145, 0.2007, 0.3468], mean perf=58400/204000 (0.2863%)
Mean performance of unidp ditto dp global, Perf=0.4819
Mean performance of unidp ditto dp personal, Perf=0.5566
Mean performance of unidp ditto dp pooled, Perf=0.2795
---EPSILON 1 ---
default_sample_rate: 0.03232323232323232
noise_multiplier :  2.12890625
default_sample_rate: 0.03232323232323232
noise_multiplier :  1.3671875
learning rate =  0.001
sample_rate: 0.03, expected_batch_size: 128
sample_rate: 0.03, expected_batch_size: 128
sample_rate: 0.03, expected_batch_size: 128
sample_rate: 0.03, expected_batch_size: 128
sample_rate: 0.03, expected_batch_size: 128
sample_rate: 0.03, expected_batch_size: 128
sample_rate: 0.03, expected_batch_size: 128
sample_rate: 0.03, expected_batch_size: 128
sample_rate: 0.03, expected_batch_size: 128
sample_rate: 0.03, expected_batch_size: 128
sample_rate: 0.03, expected_batch_size: 128
sample_rate: 0.03, expected_batch_size: 128
sample_rate: 0.03, expected_batch_size: 128
sample_rate: 0.03, expected_batch_size: 128
sample_rate: 0.03, expected_batch_size: 128
sample_rate: 0.03, expected_batch_size: 128
sample_rate: 0.03, expected_batch_size: 128
sample_rate: 0.03, expected_batch_size: 128
sample_rate: 0.03, expected_batch_size: 128
sample_rate: 0.03, expected_batch_size: 128
initial privacy cost of all clients:  [0, 0, 0, 0, 0, 0, 0, 0, 0, 0]
Round=0
Round=1
Round=2
Round=3
Round=4
Round=5
Round=6
Round=7
Round=8
Round=9
Round=10
Round=11
Round=12
Round=13
Round=14
current privacy cost of all clients:  [0.7653858016873494, 0.8850727153954416, 0.7653858016873494, 0.4516481465484667, 0.8451770774927443, 0.6260606530260836, 0.5742281727082242, 0.6260606530260836, 0.5742281727082242, 0.7206619146809711]
Round=14, per client global perf=[0.6123, 0.7044, 0.4789, 0.3593, 0.327, 0.6828, 0.5373, 0.3843, 0.5255, 0.65], mean perf=10734/20400 (0.5262%)
Round=14, per client personal perf=[0.6574, 0.6956, 0.4809, 0.4485, 0.6574, 0.7304, 0.5971, 0.6098, 0.6064, 0.7436], mean perf=12703/20400 (0.6227%)
Round=14, per client personal pooled=[0.3343, 0.3492, 0.2442, 0.2257, 0.3262, 0.3637, 0.3053, 0.3054, 0.3075, 0.3732], mean perf=63946/204000 (0.3135%)
Mean performance of unidp ditto dp global, Perf=0.5352
Mean performance of unidp ditto dp personal, Perf=0.6099
Mean performance of unidp ditto dp pooled, Perf=0.3069
---EPSILON 4 ---
default_sample_rate: 0.03232323232323232
noise_multiplier :  0.93994140625
default_sample_rate: 0.03232323232323232
noise_multiplier :  0.736083984375
learning rate =  0.001
sample_rate: 0.03, expected_batch_size: 128
sample_rate: 0.03, expected_batch_size: 128
sample_rate: 0.03, expected_batch_size: 128
sample_rate: 0.03, expected_batch_size: 128
sample_rate: 0.03, expected_batch_size: 128
sample_rate: 0.03, expected_batch_size: 128
sample_rate: 0.03, expected_batch_size: 128
sample_rate: 0.03, expected_batch_size: 128
sample_rate: 0.03, expected_batch_size: 128
sample_rate: 0.03, expected_batch_size: 128
sample_rate: 0.03, expected_batch_size: 128
sample_rate: 0.03, expected_batch_size: 128
sample_rate: 0.03, expected_batch_size: 128
sample_rate: 0.03, expected_batch_size: 128
sample_rate: 0.03, expected_batch_size: 128
sample_rate: 0.03, expected_batch_size: 128
sample_rate: 0.03, expected_batch_size: 128
sample_rate: 0.03, expected_batch_size: 128
sample_rate: 0.03, expected_batch_size: 128
sample_rate: 0.03, expected_batch_size: 128
initial privacy cost of all clients:  [0, 0, 0, 0, 0, 0, 0, 0, 0, 0]
Round=0
Round=1
Round=2
Round=3
Round=4
Round=5
Round=6
Round=7
Round=8
Round=9
Round=10
Round=11
Round=12
Round=13
Round=14
current privacy cost of all clients:  [3.083714743273034, 3.594018024307722, 3.083714743273034, 2.04500887038821, 3.4239169306294928, 2.573411462238345, 2.4033103685601156, 2.573411462238345, 2.4033103685601156, 2.9136136495948044]
Round=14, per client global perf=[0.6431, 0.7127, 0.5137, 0.4368, 0.4044, 0.7245, 0.6083, 0.4451, 0.5956, 0.6833], mean perf=11766/20400 (0.5768%)
Round=14, per client personal perf=[0.7436, 0.701, 0.5691, 0.6088, 0.677, 0.7637, 0.6206, 0.6113, 0.7039, 0.7564], mean perf=13781/20400 (0.6755%)
Round=14, per client personal pooled=[0.3664, 0.3531, 0.2864, 0.3041, 0.3385, 0.3786, 0.3175, 0.3044, 0.3553, 0.3812], mean perf=69066/204000 (0.3386%)
Mean performance of unidp ditto dp global, Perf=0.5970
Mean performance of unidp ditto dp personal, Perf=0.6559
Mean performance of unidp ditto dp pooled, Perf=0.3292
---EPSILON 8 ---
default_sample_rate: 0.03232323232323232
noise_multiplier :  0.72021484375
default_sample_rate: 0.03232323232323232
noise_multiplier :  0.5743408203125
learning rate =  0.001
sample_rate: 0.03, expected_batch_size: 128
sample_rate: 0.03, expected_batch_size: 128
sample_rate: 0.03, expected_batch_size: 128
sample_rate: 0.03, expected_batch_size: 128
sample_rate: 0.03, expected_batch_size: 128
sample_rate: 0.03, expected_batch_size: 128
sample_rate: 0.03, expected_batch_size: 128
sample_rate: 0.03, expected_batch_size: 128
sample_rate: 0.03, expected_batch_size: 128
sample_rate: 0.03, expected_batch_size: 128
sample_rate: 0.03, expected_batch_size: 128
sample_rate: 0.03, expected_batch_size: 128
sample_rate: 0.03, expected_batch_size: 128
sample_rate: 0.03, expected_batch_size: 128
sample_rate: 0.03, expected_batch_size: 128
sample_rate: 0.03, expected_batch_size: 128
sample_rate: 0.03, expected_batch_size: 128
sample_rate: 0.03, expected_batch_size: 128
sample_rate: 0.03, expected_batch_size: 128
sample_rate: 0.03, expected_batch_size: 128
initial privacy cost of all clients:  [0, 0, 0, 0, 0, 0, 0, 0, 0, 0]
Round=0
Round=1
Round=2
Round=3
Round=4
Round=5
Round=6
Round=7
Round=8
Round=9
Round=10
Round=11
Round=12
Round=13
Round=14
current privacy cost of all clients:  [6.735473089270566, 7.497084685445106, 6.735473089270566, 3.9112286211227545, 7.332449371479868, 5.323350855196661, 4.852643443838692, 5.323350855196661, 4.852643443838692, 6.264765677912597]
Round=14, per client global perf=[0.6637, 0.7127, 0.5407, 0.4652, 0.4358, 0.7289, 0.6211, 0.4745, 0.601, 0.6912], mean perf=12107/20400 (0.5935%)
Round=14, per client personal perf=[0.7657, 0.7064, 0.5917, 0.6324, 0.6814, 0.7613, 0.6324, 0.6495, 0.7069, 0.7618], mean perf=14054/20400 (0.6889%)
Round=14, per client personal pooled=[0.3802, 0.355, 0.2984, 0.3169, 0.3416, 0.379, 0.3223, 0.3229, 0.3572, 0.3849], mean perf=70550/204000 (0.3458%)
Mean performance of unidp ditto dp global, Perf=0.6098
Mean performance of unidp ditto dp personal, Perf=0.6749
Mean performance of unidp ditto dp pooled, Perf=0.3393
---EPSILON 16 ---
default_sample_rate: 0.03232323232323232
noise_multiplier :  0.567169189453125
default_sample_rate: 0.03232323232323232
noise_multiplier :  0.48187255859375
learning rate =  0.001
sample_rate: 0.03, expected_batch_size: 128
sample_rate: 0.03, expected_batch_size: 128
sample_rate: 0.03, expected_batch_size: 128
sample_rate: 0.03, expected_batch_size: 128
sample_rate: 0.03, expected_batch_size: 128
sample_rate: 0.03, expected_batch_size: 128
sample_rate: 0.03, expected_batch_size: 128
sample_rate: 0.03, expected_batch_size: 128
sample_rate: 0.03, expected_batch_size: 128
sample_rate: 0.03, expected_batch_size: 128
sample_rate: 0.03, expected_batch_size: 128
sample_rate: 0.03, expected_batch_size: 128
sample_rate: 0.03, expected_batch_size: 128
sample_rate: 0.03, expected_batch_size: 128
sample_rate: 0.03, expected_batch_size: 128
sample_rate: 0.03, expected_batch_size: 128
sample_rate: 0.03, expected_batch_size: 128
sample_rate: 0.03, expected_batch_size: 128
sample_rate: 0.03, expected_batch_size: 128
sample_rate: 0.03, expected_batch_size: 128
initial privacy cost of all clients:  [0, 0, 0, 0, 0, 0, 0, 0, 0, 0]
Round=0
Round=1
Round=2
Round=3
Round=4
Round=5
Round=6
Round=7
Round=8
Round=9
Round=10
Round=11
Round=12
Round=13
Round=14
current privacy cost of all clients:  [11.80405874178763, 13.898258016429423, 11.80405874178763, 7.6156601925040395, 13.200191591548824, 9.709859467145835, 9.011793042265237, 9.709859467145835, 9.011793042265237, 11.105992316907031]
Round=14, per client global perf=[0.7206, 0.7221, 0.6078, 0.5152, 0.5162, 0.7299, 0.6093, 0.5441, 0.5931, 0.6951], mean perf=12757/20400 (0.6253%)
Round=14, per client personal perf=[0.7775, 0.7088, 0.601, 0.6314, 0.6843, 0.7814, 0.6255, 0.6608, 0.7039, 0.7657], mean perf=14158/20400 (0.6940%)
Round=14, per client personal pooled=[0.3856, 0.3568, 0.3021, 0.3179, 0.3443, 0.391, 0.3202, 0.3295, 0.3571, 0.3875], mean perf=71234/204000 (0.3492%)
Mean performance of unidp ditto dp global, Perf=0.6273
Mean performance of unidp ditto dp personal, Perf=0.6853
Mean performance of unidp ditto dp pooled, Perf=0.3449
--- Personal steps: 30 ---
---EPSILON 0 ---
default_sample_rate: 0.03232323232323232
noise_multiplier :  640
default_sample_rate: 0.03232323232323232
noise_multiplier :  320
learning rate =  0.001
sample_rate: 0.03, expected_batch_size: 128
sample_rate: 0.03, expected_batch_size: 128
sample_rate: 0.03, expected_batch_size: 128
sample_rate: 0.03, expected_batch_size: 128
sample_rate: 0.03, expected_batch_size: 128
sample_rate: 0.03, expected_batch_size: 128
sample_rate: 0.03, expected_batch_size: 128
sample_rate: 0.03, expected_batch_size: 128
sample_rate: 0.03, expected_batch_size: 128
sample_rate: 0.03, expected_batch_size: 128
sample_rate: 0.03, expected_batch_size: 128
sample_rate: 0.03, expected_batch_size: 128
sample_rate: 0.03, expected_batch_size: 128
sample_rate: 0.03, expected_batch_size: 128
sample_rate: 0.03, expected_batch_size: 128
sample_rate: 0.03, expected_batch_size: 128
sample_rate: 0.03, expected_batch_size: 128
sample_rate: 0.03, expected_batch_size: 128
sample_rate: 0.03, expected_batch_size: 128
sample_rate: 0.03, expected_batch_size: 128
initial privacy cost of all clients:  [0, 0, 0, 0, 0, 0, 0, 0, 0, 0]
Round=0
Round=1
Round=2
Round=3
Round=4
Round=5
Round=6
Round=7
Round=8
Round=9
Round=10
Round=11
Round=12
Round=13
Round=14
current privacy cost of all clients:  [-0.0007400032360581786, -0.0006616108996144827, -0.0007400032360581786, -0.0009075556830472331, -0.0006877416784290479, -0.0008214001311187887, -0.0008494097935163293, -0.0008214001311187887, -0.0008494097935163293, -0.0007661340148727439]
Round=14, per client global perf=[0.0, 0.0, 0.0015, 0.1897, 0.2044, 0.0005, 0.2088, 0.2, 0.1951, 0.001], mean perf=2042/20400 (0.1001%)
Round=14, per client personal perf=[0.0, 0.0098, 0.1789, 0.1132, 0.2049, 0.0, 0.2088, 0.2123, 0.1951, 0.1843], mean perf=2667/20400 (0.1307%)
Round=14, per client personal pooled=[0.0996, 0.098, 0.1121, 0.1139, 0.1011, 0.1002, 0.1009, 0.1088, 0.1002, 0.1034], mean perf=21179/204000 (0.1038%)
Mean performance of unidp ditto dp global, Perf=0.1000
Mean performance of unidp ditto dp personal, Perf=0.1265
Mean performance of unidp ditto dp pooled, Perf=0.1038
---EPSILON 0.1 ---
default_sample_rate: 0.03232323232323232
noise_multiplier :  13.75
default_sample_rate: 0.03232323232323232
noise_multiplier :  11.25
learning rate =  0.001
sample_rate: 0.03, expected_batch_size: 128
sample_rate: 0.03, expected_batch_size: 128
sample_rate: 0.03, expected_batch_size: 128
sample_rate: 0.03, expected_batch_size: 128
sample_rate: 0.03, expected_batch_size: 128
sample_rate: 0.03, expected_batch_size: 128
sample_rate: 0.03, expected_batch_size: 128
sample_rate: 0.03, expected_batch_size: 128
sample_rate: 0.03, expected_batch_size: 128
sample_rate: 0.03, expected_batch_size: 128
sample_rate: 0.03, expected_batch_size: 128
sample_rate: 0.03, expected_batch_size: 128
sample_rate: 0.03, expected_batch_size: 128
sample_rate: 0.03, expected_batch_size: 128
sample_rate: 0.03, expected_batch_size: 128
sample_rate: 0.03, expected_batch_size: 128
sample_rate: 0.03, expected_batch_size: 128
sample_rate: 0.03, expected_batch_size: 128
sample_rate: 0.03, expected_batch_size: 128
sample_rate: 0.03, expected_batch_size: 128
initial privacy cost of all clients:  [0, 0, 0, 0, 0, 0, 0, 0, 0, 0]
Round=0
Round=1
Round=2
Round=3
Round=4
Round=5
Round=6
Round=7
Round=8
Round=9
Round=10
Round=11
Round=12
Round=13
Round=14
current privacy cost of all clients:  [0.07323580287115607, 0.08623286984399514, 0.07323580287115607, 0.039763141150096236, 0.08199366248919779, 0.05835482563852214, 0.052721685568101175, 0.05835482563852214, 0.052721685568101175, 0.06861627244984228]
Round=14, per client global perf=[0.4211, 0.4279, 0.4338, 0.3348, 0.4471, 0.2083, 0.3833, 0.2907, 0.1554, 0.1147], mean perf=6563/20400 (0.3217%)
Round=14, per client personal perf=[0.4255, 0.5652, 0.3093, 0.5201, 0.5593, 0.1931, 0.4064, 0.2373, 0.2098, 0.3873], mean perf=7779/20400 (0.3813%)
Round=14, per client personal pooled=[0.2134, 0.2859, 0.1627, 0.2579, 0.2818, 0.0984, 0.1975, 0.1179, 0.1043, 0.1939], mean perf=39041/204000 (0.1914%)
Mean performance of unidp ditto dp global, Perf=0.3004
Mean performance of unidp ditto dp personal, Perf=0.3467
Mean performance of unidp ditto dp pooled, Perf=0.1747
---EPSILON 0.5 ---
default_sample_rate: 0.03232323232323232
noise_multiplier :  3.671875
default_sample_rate: 0.03232323232323232
noise_multiplier :  2.890625
learning rate =  0.001
sample_rate: 0.03, expected_batch_size: 128
sample_rate: 0.03, expected_batch_size: 128
sample_rate: 0.03, expected_batch_size: 128
sample_rate: 0.03, expected_batch_size: 128
sample_rate: 0.03, expected_batch_size: 128
sample_rate: 0.03, expected_batch_size: 128
sample_rate: 0.03, expected_batch_size: 128
sample_rate: 0.03, expected_batch_size: 128
sample_rate: 0.03, expected_batch_size: 128
sample_rate: 0.03, expected_batch_size: 128
sample_rate: 0.03, expected_batch_size: 128
sample_rate: 0.03, expected_batch_size: 128
sample_rate: 0.03, expected_batch_size: 128
sample_rate: 0.03, expected_batch_size: 128
sample_rate: 0.03, expected_batch_size: 128
sample_rate: 0.03, expected_batch_size: 128
sample_rate: 0.03, expected_batch_size: 128
sample_rate: 0.03, expected_batch_size: 128
sample_rate: 0.03, expected_batch_size: 128
sample_rate: 0.03, expected_batch_size: 128
initial privacy cost of all clients:  [0, 0, 0, 0, 0, 0, 0, 0, 0, 0]
Round=0
Round=1
Round=2
Round=3
Round=4
Round=5
Round=6
Round=7
Round=8
Round=9
Round=10
Round=11
Round=12
Round=13
Round=14
current privacy cost of all clients:  [0.37555379650408366, 0.4369927284170089, 0.37555379650408366, 0.2169627015110833, 0.41674618847529443, 0.30557517331204553, 0.279070325668136, 0.30557517331204553, 0.279070325668136, 0.3537320706559622]
Round=14, per client global perf=[0.6005, 0.6828, 0.4627, 0.2853, 0.2181, 0.6186, 0.4623, 0.3402, 0.4627, 0.601], mean perf=9658/20400 (0.4734%)
Round=14, per client personal perf=[0.7078, 0.6887, 0.5676, 0.6152, 0.6583, 0.6985, 0.6196, 0.5858, 0.675, 0.7402], mean perf=13376/20400 (0.6557%)
Round=14, per client personal pooled=[0.3556, 0.3491, 0.2878, 0.3105, 0.3295, 0.3485, 0.3164, 0.2906, 0.3417, 0.368], mean perf=67275/204000 (0.3298%)
Mean performance of unidp ditto dp global, Perf=0.4854
Mean performance of unidp ditto dp personal, Perf=0.6391
Mean performance of unidp ditto dp pooled, Perf=0.3216
---EPSILON 1 ---
default_sample_rate: 0.03232323232323232
noise_multiplier :  2.12890625
default_sample_rate: 0.03232323232323232
noise_multiplier :  1.728515625
learning rate =  0.001
sample_rate: 0.03, expected_batch_size: 128
sample_rate: 0.03, expected_batch_size: 128
sample_rate: 0.03, expected_batch_size: 128
sample_rate: 0.03, expected_batch_size: 128
sample_rate: 0.03, expected_batch_size: 128
sample_rate: 0.03, expected_batch_size: 128
sample_rate: 0.03, expected_batch_size: 128
sample_rate: 0.03, expected_batch_size: 128
sample_rate: 0.03, expected_batch_size: 128
sample_rate: 0.03, expected_batch_size: 128
sample_rate: 0.03, expected_batch_size: 128
sample_rate: 0.03, expected_batch_size: 128
sample_rate: 0.03, expected_batch_size: 128
sample_rate: 0.03, expected_batch_size: 128
sample_rate: 0.03, expected_batch_size: 128
sample_rate: 0.03, expected_batch_size: 128
sample_rate: 0.03, expected_batch_size: 128
sample_rate: 0.03, expected_batch_size: 128
sample_rate: 0.03, expected_batch_size: 128
sample_rate: 0.03, expected_batch_size: 128
initial privacy cost of all clients:  [0, 0, 0, 0, 0, 0, 0, 0, 0, 0]
Round=0
Round=1
Round=2
Round=3
Round=4
Round=5
Round=6
Round=7
Round=8
Round=9
Round=10
Round=11
Round=12
Round=13
Round=14
current privacy cost of all clients:  [0.7653858016873494, 0.8850727153954416, 0.7653858016873494, 0.4516481465484667, 0.8451770774927443, 0.6260606530260836, 0.5742281727082242, 0.6260606530260836, 0.5742281727082242, 0.7206619146809711]
Round=14, per client global perf=[0.6191, 0.7054, 0.4814, 0.3578, 0.3172, 0.6819, 0.5441, 0.3922, 0.5304, 0.6564], mean perf=10783/20400 (0.5286%)
Round=14, per client personal perf=[0.7544, 0.7078, 0.6113, 0.698, 0.6696, 0.7309, 0.6289, 0.5853, 0.7088, 0.7539], mean perf=13972/20400 (0.6849%)
Round=14, per client personal pooled=[0.3785, 0.3571, 0.3044, 0.3529, 0.3363, 0.3638, 0.3203, 0.2916, 0.3569, 0.3782], mean perf=70178/204000 (0.3440%)
Mean performance of unidp ditto dp global, Perf=0.5429
Mean performance of unidp ditto dp personal, Perf=0.6752
Mean performance of unidp ditto dp pooled, Perf=0.3393
---EPSILON 4 ---
default_sample_rate: 0.03232323232323232
noise_multiplier :  0.93994140625
default_sample_rate: 0.03232323232323232
noise_multiplier :  0.833740234375
learning rate =  0.001
sample_rate: 0.03, expected_batch_size: 128
sample_rate: 0.03, expected_batch_size: 128
sample_rate: 0.03, expected_batch_size: 128
sample_rate: 0.03, expected_batch_size: 128
sample_rate: 0.03, expected_batch_size: 128
sample_rate: 0.03, expected_batch_size: 128
sample_rate: 0.03, expected_batch_size: 128
sample_rate: 0.03, expected_batch_size: 128
sample_rate: 0.03, expected_batch_size: 128
sample_rate: 0.03, expected_batch_size: 128
sample_rate: 0.03, expected_batch_size: 128
sample_rate: 0.03, expected_batch_size: 128
sample_rate: 0.03, expected_batch_size: 128
sample_rate: 0.03, expected_batch_size: 128
sample_rate: 0.03, expected_batch_size: 128
sample_rate: 0.03, expected_batch_size: 128
sample_rate: 0.03, expected_batch_size: 128
sample_rate: 0.03, expected_batch_size: 128
sample_rate: 0.03, expected_batch_size: 128
sample_rate: 0.03, expected_batch_size: 128
initial privacy cost of all clients:  [0, 0, 0, 0, 0, 0, 0, 0, 0, 0]
Round=0
Round=1
Round=2
Round=3
Round=4
Round=5
Round=6
Round=7
Round=8
Round=9
Round=10
Round=11
Round=12
Round=13
Round=14
current privacy cost of all clients:  [3.083714743273034, 3.594018024307722, 3.083714743273034, 2.04500887038821, 3.4239169306294928, 2.573411462238345, 2.4033103685601156, 2.573411462238345, 2.4033103685601156, 2.9136136495948044]
Round=14, per client global perf=[0.6417, 0.7167, 0.5186, 0.4225, 0.3848, 0.7123, 0.6044, 0.4422, 0.5882, 0.677], mean perf=11645/20400 (0.5708%)
Round=14, per client personal perf=[0.8245, 0.7324, 0.6485, 0.7201, 0.7025, 0.8157, 0.6588, 0.601, 0.724, 0.7696], mean perf=14682/20400 (0.7197%)
Round=14, per client personal pooled=[0.4102, 0.3667, 0.3252, 0.3534, 0.3544, 0.4039, 0.332, 0.3034, 0.364, 0.3865], mean perf=73438/204000 (0.3600%)
Mean performance of unidp ditto dp global, Perf=0.5957
Mean performance of unidp ditto dp personal, Perf=0.7109
Mean performance of unidp ditto dp pooled, Perf=0.3561
---EPSILON 8 ---
default_sample_rate: 0.03232323232323232
noise_multiplier :  0.72021484375
default_sample_rate: 0.03232323232323232
noise_multiplier :  0.64788818359375
learning rate =  0.001
sample_rate: 0.03, expected_batch_size: 128
sample_rate: 0.03, expected_batch_size: 128
sample_rate: 0.03, expected_batch_size: 128
sample_rate: 0.03, expected_batch_size: 128
sample_rate: 0.03, expected_batch_size: 128
sample_rate: 0.03, expected_batch_size: 128
sample_rate: 0.03, expected_batch_size: 128
sample_rate: 0.03, expected_batch_size: 128
sample_rate: 0.03, expected_batch_size: 128
sample_rate: 0.03, expected_batch_size: 128
sample_rate: 0.03, expected_batch_size: 128
sample_rate: 0.03, expected_batch_size: 128
sample_rate: 0.03, expected_batch_size: 128
sample_rate: 0.03, expected_batch_size: 128
sample_rate: 0.03, expected_batch_size: 128
sample_rate: 0.03, expected_batch_size: 128
sample_rate: 0.03, expected_batch_size: 128
sample_rate: 0.03, expected_batch_size: 128
sample_rate: 0.03, expected_batch_size: 128
sample_rate: 0.03, expected_batch_size: 128
initial privacy cost of all clients:  [0, 0, 0, 0, 0, 0, 0, 0, 0, 0]
Round=0
Round=1
Round=2
Round=3
Round=4
Round=5
Round=6
Round=7
Round=8
Round=9
Round=10
Round=11
Round=12
Round=13
Round=14
current privacy cost of all clients:  [6.735473089270566, 7.497084685445106, 6.735473089270566, 3.9112286211227545, 7.332449371479868, 5.323350855196661, 4.852643443838692, 5.323350855196661, 4.852643443838692, 6.264765677912597]
Round=14, per client global perf=[0.6701, 0.7191, 0.5485, 0.4578, 0.423, 0.7147, 0.6098, 0.4828, 0.5961, 0.6853], mean perf=12051/20400 (0.5907%)
Round=14, per client personal perf=[0.8495, 0.7373, 0.6755, 0.7211, 0.7181, 0.8319, 0.6686, 0.602, 0.7431, 0.7956], mean perf=14979/20400 (0.7343%)
Round=14, per client personal pooled=[0.4205, 0.369, 0.3428, 0.3539, 0.3626, 0.4128, 0.3381, 0.3035, 0.3702, 0.4], mean perf=74943/204000 (0.3674%)
Mean performance of unidp ditto dp global, Perf=0.6120
Mean performance of unidp ditto dp personal, Perf=0.7254
Mean performance of unidp ditto dp pooled, Perf=0.3626
---EPSILON 16 ---
default_sample_rate: 0.03232323232323232
noise_multiplier :  0.567169189453125
default_sample_rate: 0.03232323232323232
noise_multiplier :  0.5263900756835938
learning rate =  0.001
sample_rate: 0.03, expected_batch_size: 128
sample_rate: 0.03, expected_batch_size: 128
sample_rate: 0.03, expected_batch_size: 128
sample_rate: 0.03, expected_batch_size: 128
sample_rate: 0.03, expected_batch_size: 128
sample_rate: 0.03, expected_batch_size: 128
sample_rate: 0.03, expected_batch_size: 128
sample_rate: 0.03, expected_batch_size: 128
sample_rate: 0.03, expected_batch_size: 128
sample_rate: 0.03, expected_batch_size: 128
sample_rate: 0.03, expected_batch_size: 128
sample_rate: 0.03, expected_batch_size: 128
sample_rate: 0.03, expected_batch_size: 128
sample_rate: 0.03, expected_batch_size: 128
sample_rate: 0.03, expected_batch_size: 128
sample_rate: 0.03, expected_batch_size: 128
sample_rate: 0.03, expected_batch_size: 128
sample_rate: 0.03, expected_batch_size: 128
sample_rate: 0.03, expected_batch_size: 128
sample_rate: 0.03, expected_batch_size: 128
initial privacy cost of all clients:  [0, 0, 0, 0, 0, 0, 0, 0, 0, 0]
Round=0
Round=1
Round=2
Round=3
Round=4
Round=5
Round=6
Round=7
Round=8
Round=9
Round=10
Round=11
Round=12
Round=13
Round=14
current privacy cost of all clients:  [11.80405874178763, 13.898258016429423, 11.80405874178763, 7.6156601925040395, 13.200191591548824, 9.709859467145835, 9.011793042265237, 9.709859467145835, 9.011793042265237, 11.105992316907031]
Round=14, per client global perf=[0.7221, 0.7255, 0.6069, 0.5069, 0.4941, 0.7167, 0.6074, 0.5495, 0.5961, 0.6936], mean perf=12686/20400 (0.6219%)
Round=14, per client personal perf=[0.8475, 0.7402, 0.701, 0.7426, 0.7353, 0.8358, 0.6794, 0.6034, 0.752, 0.8172], mean perf=15207/20400 (0.7454%)
Round=14, per client personal pooled=[0.4198, 0.3718, 0.3551, 0.3652, 0.371, 0.4165, 0.3436, 0.3054, 0.3746, 0.4117], mean perf=76189/204000 (0.3735%)
Mean performance of unidp ditto dp global, Perf=0.6296
Mean performance of unidp ditto dp personal, Perf=0.7367
Mean performance of unidp ditto dp pooled, Perf=0.3686
--- Finished seed: 44 ---
--- Seed: 45 ---
--- Personal steps: 15 ---
---EPSILON 0 ---
default_sample_rate: 0.03232323232323232
noise_multiplier :  640
default_sample_rate: 0.03232323232323232
noise_multiplier :  320
learning rate =  0.001
sample_rate: 0.03, expected_batch_size: 128
sample_rate: 0.03, expected_batch_size: 128
sample_rate: 0.03, expected_batch_size: 128
sample_rate: 0.03, expected_batch_size: 128
sample_rate: 0.03, expected_batch_size: 128
sample_rate: 0.03, expected_batch_size: 128
sample_rate: 0.03, expected_batch_size: 128
sample_rate: 0.03, expected_batch_size: 128
sample_rate: 0.03, expected_batch_size: 128
sample_rate: 0.03, expected_batch_size: 128
sample_rate: 0.03, expected_batch_size: 128
sample_rate: 0.03, expected_batch_size: 128
sample_rate: 0.03, expected_batch_size: 128
sample_rate: 0.03, expected_batch_size: 128
sample_rate: 0.03, expected_batch_size: 128
sample_rate: 0.03, expected_batch_size: 128
sample_rate: 0.03, expected_batch_size: 128
sample_rate: 0.03, expected_batch_size: 128
sample_rate: 0.03, expected_batch_size: 128
sample_rate: 0.03, expected_batch_size: 128
initial privacy cost of all clients:  [0, 0, 0, 0, 0, 0, 0, 0, 0, 0]
Round=0
Round=1
Round=2
Round=3
Round=4
Round=5
Round=6
Round=7
Round=8
Round=9
Round=10
Round=11
Round=12
Round=13
Round=14
current privacy cost of all clients:  [-0.0007661340148727439, -0.0007661340148727439, -0.0007933904687212481, -0.0008775257334739981, -0.0007661340148727439, -0.0007138724572436134, -0.0007661340148727439, -0.0008494097935163293, -0.0007400032360581786, -0.0007138724572436134]
Round=14, per client global perf=[0.0186, 0.1632, 0.1387, 0.0, 0.1603, 0.027, 0.0186, 0.1324, 0.002, 0.1368], mean perf=1627/20400 (0.0798%)
Round=14, per client personal perf=[0.1686, 0.1275, 0.0, 0.0034, 0.1858, 0.1363, 0.1917, 0.0755, 0.1314, 0.0299], mean perf=2142/20400 (0.1050%)
Round=14, per client personal pooled=[0.0865, 0.0696, 0.0872, 0.0682, 0.0956, 0.0718, 0.1102, 0.07, 0.0672, 0.0164], mean perf=15150/204000 (0.0743%)
Mean performance of unidp ditto dp global, Perf=0.0798
Mean performance of unidp ditto dp personal, Perf=0.1021
Mean performance of unidp ditto dp pooled, Perf=0.0737
---EPSILON 0.1 ---
default_sample_rate: 0.03232323232323232
noise_multiplier :  13.75
default_sample_rate: 0.03232323232323232
noise_multiplier :  7.5
learning rate =  0.001
sample_rate: 0.03, expected_batch_size: 128
sample_rate: 0.03, expected_batch_size: 128
sample_rate: 0.03, expected_batch_size: 128
sample_rate: 0.03, expected_batch_size: 128
sample_rate: 0.03, expected_batch_size: 128
sample_rate: 0.03, expected_batch_size: 128
sample_rate: 0.03, expected_batch_size: 128
sample_rate: 0.03, expected_batch_size: 128
sample_rate: 0.03, expected_batch_size: 128
sample_rate: 0.03, expected_batch_size: 128
sample_rate: 0.03, expected_batch_size: 128
sample_rate: 0.03, expected_batch_size: 128
sample_rate: 0.03, expected_batch_size: 128
sample_rate: 0.03, expected_batch_size: 128
sample_rate: 0.03, expected_batch_size: 128
sample_rate: 0.03, expected_batch_size: 128
sample_rate: 0.03, expected_batch_size: 128
sample_rate: 0.03, expected_batch_size: 128
sample_rate: 0.03, expected_batch_size: 128
sample_rate: 0.03, expected_batch_size: 128
initial privacy cost of all clients:  [0, 0, 0, 0, 0, 0, 0, 0, 0, 0]
Round=0
Round=1
Round=2
Round=3
Round=4
Round=5
Round=6
Round=7
Round=8
Round=9
Round=10
Round=11
Round=12
Round=13
Round=14
current privacy cost of all clients:  [0.06861627244984228, 0.06861627244984228, 0.0636130274845621, 0.04658500139459702, 0.06861627244984228, 0.07775445513440044, 0.06861627244984228, 0.052721685568101175, 0.07323580287115607, 0.07775445513440044]
Round=14, per client global perf=[0.398, 0.5966, 0.2926, 0.1338, 0.2799, 0.5275, 0.274, 0.249, 0.2745, 0.424], mean perf=7038/20400 (0.3450%)
Round=14, per client personal perf=[0.1922, 0.2074, 0.2338, 0.202, 0.3721, 0.4804, 0.1946, 0.1985, 0.4162, 0.3059], mean perf=5718/20400 (0.2803%)
Round=14, per client personal pooled=[0.0982, 0.1093, 0.1118, 0.1006, 0.1866, 0.2404, 0.0982, 0.1003, 0.2109, 0.1532], mean perf=28754/204000 (0.1410%)
Mean performance of unidp ditto dp global, Perf=0.3211
Mean performance of unidp ditto dp personal, Perf=0.2753
Mean performance of unidp ditto dp pooled, Perf=0.1383
---EPSILON 0.5 ---
default_sample_rate: 0.03232323232323232
noise_multiplier :  3.671875
default_sample_rate: 0.03232323232323232
noise_multiplier :  2.1484375
learning rate =  0.001
sample_rate: 0.03, expected_batch_size: 128
sample_rate: 0.03, expected_batch_size: 128
sample_rate: 0.03, expected_batch_size: 128
sample_rate: 0.03, expected_batch_size: 128
sample_rate: 0.03, expected_batch_size: 128
sample_rate: 0.03, expected_batch_size: 128
sample_rate: 0.03, expected_batch_size: 128
sample_rate: 0.03, expected_batch_size: 128
sample_rate: 0.03, expected_batch_size: 128
sample_rate: 0.03, expected_batch_size: 128
sample_rate: 0.03, expected_batch_size: 128
sample_rate: 0.03, expected_batch_size: 128
sample_rate: 0.03, expected_batch_size: 128
sample_rate: 0.03, expected_batch_size: 128
sample_rate: 0.03, expected_batch_size: 128
sample_rate: 0.03, expected_batch_size: 128
sample_rate: 0.03, expected_batch_size: 128
sample_rate: 0.03, expected_batch_size: 128
sample_rate: 0.03, expected_batch_size: 128
sample_rate: 0.03, expected_batch_size: 128
initial privacy cost of all clients:  [0, 0, 0, 0, 0, 0, 0, 0, 0, 0]
Round=0
Round=1
Round=2
Round=3
Round=4
Round=5
Round=6
Round=7
Round=8
Round=9
Round=10
Round=11
Round=12
Round=13
Round=14
current privacy cost of all clients:  [0.3537320706559622, 0.3537320706559622, 0.33033357372458066, 0.24971232645595445, 0.3537320706559622, 0.39649964853357994, 0.3537320706559622, 0.279070325668136, 0.37555379650408366, 0.39649964853357994]
Round=14, per client global perf=[0.5505, 0.6162, 0.4186, 0.4799, 0.2784, 0.7451, 0.5289, 0.3103, 0.6426, 0.6029], mean perf=10554/20400 (0.5174%)
Round=14, per client personal perf=[0.6574, 0.6103, 0.2956, 0.3407, 0.6078, 0.7417, 0.5569, 0.3936, 0.698, 0.7333], mean perf=11496/20400 (0.5635%)
Round=14, per client personal pooled=[0.334, 0.3063, 0.1486, 0.167, 0.3009, 0.3704, 0.2864, 0.201, 0.3533, 0.3687], mean perf=57867/204000 (0.2837%)
Mean performance of unidp ditto dp global, Perf=0.4986
Mean performance of unidp ditto dp personal, Perf=0.5591
Mean performance of unidp ditto dp pooled, Perf=0.2815
---EPSILON 1 ---
default_sample_rate: 0.03232323232323232
noise_multiplier :  2.12890625
default_sample_rate: 0.03232323232323232
noise_multiplier :  1.3671875
learning rate =  0.001
sample_rate: 0.03, expected_batch_size: 128
sample_rate: 0.03, expected_batch_size: 128
sample_rate: 0.03, expected_batch_size: 128
sample_rate: 0.03, expected_batch_size: 128
sample_rate: 0.03, expected_batch_size: 128
sample_rate: 0.03, expected_batch_size: 128
sample_rate: 0.03, expected_batch_size: 128
sample_rate: 0.03, expected_batch_size: 128
sample_rate: 0.03, expected_batch_size: 128
sample_rate: 0.03, expected_batch_size: 128
sample_rate: 0.03, expected_batch_size: 128
sample_rate: 0.03, expected_batch_size: 128
sample_rate: 0.03, expected_batch_size: 128
sample_rate: 0.03, expected_batch_size: 128
sample_rate: 0.03, expected_batch_size: 128
sample_rate: 0.03, expected_batch_size: 128
sample_rate: 0.03, expected_batch_size: 128
sample_rate: 0.03, expected_batch_size: 128
sample_rate: 0.03, expected_batch_size: 128
sample_rate: 0.03, expected_batch_size: 128
initial privacy cost of all clients:  [0, 0, 0, 0, 0, 0, 0, 0, 0, 0]
Round=0
Round=1
Round=2
Round=3
Round=4
Round=5
Round=6
Round=7
Round=8
Round=9
Round=10
Round=11
Round=12
Round=13
Round=14
current privacy cost of all clients:  [0.7206619146809711, 0.7206619146809711, 0.6750386529476061, 0.5160637025135262, 0.7206619146809711, 0.8052814395900469, 0.7206619146809711, 0.5742281727082242, 0.7653858016873494, 0.8052814395900469]
Round=14, per client global perf=[0.5627, 0.6059, 0.4358, 0.5103, 0.3167, 0.7559, 0.5809, 0.3618, 0.6765, 0.6328], mean perf=11096/20400 (0.5439%)
Round=14, per client personal perf=[0.7093, 0.6544, 0.5176, 0.4559, 0.6422, 0.7328, 0.5858, 0.4559, 0.7108, 0.727], mean perf=12631/20400 (0.6192%)
Round=14, per client personal pooled=[0.3545, 0.3271, 0.2638, 0.2272, 0.3192, 0.3631, 0.3026, 0.2291, 0.3598, 0.3644], mean perf=63459/204000 (0.3111%)
Mean performance of unidp ditto dp global, Perf=0.5292
Mean performance of unidp ditto dp personal, Perf=0.6083
Mean performance of unidp ditto dp pooled, Perf=0.3065
---EPSILON 4 ---
default_sample_rate: 0.03232323232323232
noise_multiplier :  0.93994140625
default_sample_rate: 0.03232323232323232
noise_multiplier :  0.736083984375
learning rate =  0.001
sample_rate: 0.03, expected_batch_size: 128
sample_rate: 0.03, expected_batch_size: 128
sample_rate: 0.03, expected_batch_size: 128
sample_rate: 0.03, expected_batch_size: 128
sample_rate: 0.03, expected_batch_size: 128
sample_rate: 0.03, expected_batch_size: 128
sample_rate: 0.03, expected_batch_size: 128
sample_rate: 0.03, expected_batch_size: 128
sample_rate: 0.03, expected_batch_size: 128
sample_rate: 0.03, expected_batch_size: 128
sample_rate: 0.03, expected_batch_size: 128
sample_rate: 0.03, expected_batch_size: 128
sample_rate: 0.03, expected_batch_size: 128
sample_rate: 0.03, expected_batch_size: 128
sample_rate: 0.03, expected_batch_size: 128
sample_rate: 0.03, expected_batch_size: 128
sample_rate: 0.03, expected_batch_size: 128
sample_rate: 0.03, expected_batch_size: 128
sample_rate: 0.03, expected_batch_size: 128
sample_rate: 0.03, expected_batch_size: 128
initial privacy cost of all clients:  [0, 0, 0, 0, 0, 0, 0, 0, 0, 0]
Round=0
Round=1
Round=2
Round=3
Round=4
Round=5
Round=6
Round=7
Round=8
Round=9
Round=10
Round=11
Round=12
Round=13
Round=14
current privacy cost of all clients:  [2.9136136495948044, 2.9136136495948044, 2.743512555916575, 2.233209274881886, 2.9136136495948044, 3.2538158369512633, 2.9136136495948044, 2.4033103685601156, 3.083714743273034, 3.2538158369512633]
Round=14, per client global perf=[0.6206, 0.5877, 0.4569, 0.576, 0.3966, 0.7672, 0.6353, 0.4588, 0.7162, 0.6578], mean perf=11981/20400 (0.5873%)
Round=14, per client personal perf=[0.6926, 0.6877, 0.4377, 0.5946, 0.6211, 0.7559, 0.6176, 0.5377, 0.7412, 0.752], mean perf=13134/20400 (0.6438%)
Round=14, per client personal pooled=[0.346, 0.3456, 0.2271, 0.2934, 0.311, 0.3733, 0.3158, 0.2698, 0.3739, 0.3787], mean perf=65985/204000 (0.3235%)
Mean performance of unidp ditto dp global, Perf=0.5664
Mean performance of unidp ditto dp personal, Perf=0.6516
Mean performance of unidp ditto dp pooled, Perf=0.3271
---EPSILON 8 ---
default_sample_rate: 0.03232323232323232
noise_multiplier :  0.72021484375
default_sample_rate: 0.03232323232323232
noise_multiplier :  0.5743408203125
learning rate =  0.001
sample_rate: 0.03, expected_batch_size: 128
sample_rate: 0.03, expected_batch_size: 128
sample_rate: 0.03, expected_batch_size: 128
sample_rate: 0.03, expected_batch_size: 128
sample_rate: 0.03, expected_batch_size: 128
sample_rate: 0.03, expected_batch_size: 128
sample_rate: 0.03, expected_batch_size: 128
sample_rate: 0.03, expected_batch_size: 128
sample_rate: 0.03, expected_batch_size: 128
sample_rate: 0.03, expected_batch_size: 128
sample_rate: 0.03, expected_batch_size: 128
sample_rate: 0.03, expected_batch_size: 128
sample_rate: 0.03, expected_batch_size: 128
sample_rate: 0.03, expected_batch_size: 128
sample_rate: 0.03, expected_batch_size: 128
sample_rate: 0.03, expected_batch_size: 128
sample_rate: 0.03, expected_batch_size: 128
sample_rate: 0.03, expected_batch_size: 128
sample_rate: 0.03, expected_batch_size: 128
sample_rate: 0.03, expected_batch_size: 128
initial privacy cost of all clients:  [0, 0, 0, 0, 0, 0, 0, 0, 0, 0]
Round=0
Round=1
Round=2
Round=3
Round=4
Round=5
Round=6
Round=7
Round=8
Round=9
Round=10
Round=11
Round=12
Round=13
Round=14
current privacy cost of all clients:  [6.264765677912597, 6.264765677912597, 5.794058266554629, 4.381936032480723, 6.264765677912597, 7.167814057514629, 6.264765677912597, 4.852643443838692, 6.735473089270566, 7.167814057514629]
Round=14, per client global perf=[0.6691, 0.5794, 0.4858, 0.6162, 0.4623, 0.7721, 0.6549, 0.523, 0.7221, 0.6627], mean perf=12541/20400 (0.6148%)
Round=14, per client personal perf=[0.6917, 0.698, 0.4466, 0.6137, 0.6196, 0.7706, 0.624, 0.551, 0.7446, 0.7446], mean perf=13269/20400 (0.6504%)
Round=14, per client personal pooled=[0.3455, 0.3505, 0.2314, 0.3039, 0.3091, 0.3804, 0.3162, 0.2763, 0.3759, 0.3764], mean perf=66620/204000 (0.3266%)
Mean performance of unidp ditto dp global, Perf=0.5757
Mean performance of unidp ditto dp personal, Perf=0.6544
Mean performance of unidp ditto dp pooled, Perf=0.3290
---EPSILON 16 ---
default_sample_rate: 0.03232323232323232
noise_multiplier :  0.567169189453125
default_sample_rate: 0.03232323232323232
noise_multiplier :  0.48187255859375
learning rate =  0.001
sample_rate: 0.03, expected_batch_size: 128
sample_rate: 0.03, expected_batch_size: 128
sample_rate: 0.03, expected_batch_size: 128
sample_rate: 0.03, expected_batch_size: 128
sample_rate: 0.03, expected_batch_size: 128
sample_rate: 0.03, expected_batch_size: 128
sample_rate: 0.03, expected_batch_size: 128
sample_rate: 0.03, expected_batch_size: 128
sample_rate: 0.03, expected_batch_size: 128
sample_rate: 0.03, expected_batch_size: 128
sample_rate: 0.03, expected_batch_size: 128
sample_rate: 0.03, expected_batch_size: 128
sample_rate: 0.03, expected_batch_size: 128
sample_rate: 0.03, expected_batch_size: 128
sample_rate: 0.03, expected_batch_size: 128
sample_rate: 0.03, expected_batch_size: 128
sample_rate: 0.03, expected_batch_size: 128
sample_rate: 0.03, expected_batch_size: 128
sample_rate: 0.03, expected_batch_size: 128
sample_rate: 0.03, expected_batch_size: 128
initial privacy cost of all clients:  [0, 0, 0, 0, 0, 0, 0, 0, 0, 0]
Round=0
Round=1
Round=2
Round=3
Round=4
Round=5
Round=6
Round=7
Round=8
Round=9
Round=10
Round=11
Round=12
Round=13
Round=14
current privacy cost of all clients:  [11.105992316907031, 11.105992316907031, 10.407925892026432, 8.313726617384638, 11.105992316907031, 12.502125166668227, 11.105992316907031, 9.011793042265237, 11.80405874178763, 12.502125166668227]
Round=14, per client global perf=[0.701, 0.5539, 0.5211, 0.6735, 0.5152, 0.7676, 0.6608, 0.577, 0.7353, 0.6569], mean perf=12979/20400 (0.6362%)
Round=14, per client personal perf=[0.7074, 0.7039, 0.4539, 0.6294, 0.6392, 0.7873, 0.6255, 0.5652, 0.7471, 0.7431], mean perf=13468/20400 (0.6602%)
Round=14, per client personal pooled=[0.3524, 0.3522, 0.2329, 0.3108, 0.3202, 0.3879, 0.3157, 0.283, 0.3751, 0.3761], mean perf=67452/204000 (0.3306%)
Mean performance of unidp ditto dp global, Perf=0.5801
Mean performance of unidp ditto dp personal, Perf=0.6612
Mean performance of unidp ditto dp pooled, Perf=0.3315
--- Personal steps: 30 ---
---EPSILON 0 ---
default_sample_rate: 0.03232323232323232
noise_multiplier :  640
default_sample_rate: 0.03232323232323232
noise_multiplier :  320
learning rate =  0.001
sample_rate: 0.03, expected_batch_size: 128
sample_rate: 0.03, expected_batch_size: 128
sample_rate: 0.03, expected_batch_size: 128
sample_rate: 0.03, expected_batch_size: 128
sample_rate: 0.03, expected_batch_size: 128
sample_rate: 0.03, expected_batch_size: 128
sample_rate: 0.03, expected_batch_size: 128
sample_rate: 0.03, expected_batch_size: 128
sample_rate: 0.03, expected_batch_size: 128
sample_rate: 0.03, expected_batch_size: 128
sample_rate: 0.03, expected_batch_size: 128
sample_rate: 0.03, expected_batch_size: 128
sample_rate: 0.03, expected_batch_size: 128
sample_rate: 0.03, expected_batch_size: 128
sample_rate: 0.03, expected_batch_size: 128
sample_rate: 0.03, expected_batch_size: 128
sample_rate: 0.03, expected_batch_size: 128
sample_rate: 0.03, expected_batch_size: 128
sample_rate: 0.03, expected_batch_size: 128
sample_rate: 0.03, expected_batch_size: 128
initial privacy cost of all clients:  [0, 0, 0, 0, 0, 0, 0, 0, 0, 0]
Round=0
Round=1
Round=2
Round=3
Round=4
Round=5
Round=6
Round=7
Round=8
Round=9
Round=10
Round=11
Round=12
Round=13
Round=14
current privacy cost of all clients:  [-0.0007661340148727439, -0.0007661340148727439, -0.0007933904687212481, -0.0008775257334739981, -0.0007661340148727439, -0.0007138724572436134, -0.0007661340148727439, -0.0008494097935163293, -0.0007400032360581786, -0.0007138724572436134]
Round=14, per client global perf=[0.0828, 0.1137, 0.0299, 0.0294, 0.1451, 0.1255, 0.1265, 0.0235, 0.0319, 0.025], mean perf=1496/20400 (0.0733%)
Round=14, per client personal perf=[0.1804, 0.2078, 0.1431, 0.202, 0.1294, 0.2015, 0.1897, 0.0005, 0.0034, 0.1637], mean perf=2900/20400 (0.1422%)
Round=14, per client personal pooled=[0.097, 0.102, 0.0782, 0.1005, 0.0621, 0.0985, 0.095, 0.0967, 0.0938, 0.1796], mean perf=20473/204000 (0.1004%)
Mean performance of unidp ditto dp global, Perf=0.0739
Mean performance of unidp ditto dp personal, Perf=0.1430
Mean performance of unidp ditto dp pooled, Perf=0.0992
---EPSILON 0.1 ---
default_sample_rate: 0.03232323232323232
noise_multiplier :  13.75
default_sample_rate: 0.03232323232323232
noise_multiplier :  11.25
learning rate =  0.001
sample_rate: 0.03, expected_batch_size: 128
sample_rate: 0.03, expected_batch_size: 128
sample_rate: 0.03, expected_batch_size: 128
sample_rate: 0.03, expected_batch_size: 128
sample_rate: 0.03, expected_batch_size: 128
sample_rate: 0.03, expected_batch_size: 128
sample_rate: 0.03, expected_batch_size: 128
sample_rate: 0.03, expected_batch_size: 128
sample_rate: 0.03, expected_batch_size: 128
sample_rate: 0.03, expected_batch_size: 128
sample_rate: 0.03, expected_batch_size: 128
sample_rate: 0.03, expected_batch_size: 128
sample_rate: 0.03, expected_batch_size: 128
sample_rate: 0.03, expected_batch_size: 128
sample_rate: 0.03, expected_batch_size: 128
sample_rate: 0.03, expected_batch_size: 128
sample_rate: 0.03, expected_batch_size: 128
sample_rate: 0.03, expected_batch_size: 128
sample_rate: 0.03, expected_batch_size: 128
sample_rate: 0.03, expected_batch_size: 128
initial privacy cost of all clients:  [0, 0, 0, 0, 0, 0, 0, 0, 0, 0]
Round=0
Round=1
Round=2
Round=3
Round=4
Round=5
Round=6
Round=7
Round=8
Round=9
Round=10
Round=11
Round=12
Round=13
Round=14
current privacy cost of all clients:  [0.06861627244984228, 0.06861627244984228, 0.0636130274845621, 0.04658500139459702, 0.06861627244984228, 0.07775445513440044, 0.06861627244984228, 0.052721685568101175, 0.07323580287115607, 0.07775445513440044]
Round=14, per client global perf=[0.3515, 0.5848, 0.2657, 0.3681, 0.2799, 0.6137, 0.4436, 0.1652, 0.5255, 0.3495], mean perf=8053/20400 (0.3948%)
Round=14, per client personal perf=[0.1922, 0.3632, 0.2711, 0.2049, 0.2059, 0.3961, 0.1961, 0.1985, 0.6441, 0.4373], mean perf=6343/20400 (0.3109%)
Round=14, per client personal pooled=[0.0982, 0.1843, 0.1322, 0.1025, 0.1039, 0.2042, 0.099, 0.1003, 0.3265, 0.2138], mean perf=31920/204000 (0.1565%)
Mean performance of unidp ditto dp global, Perf=0.3435
Mean performance of unidp ditto dp personal, Perf=0.3002
Mean performance of unidp ditto dp pooled, Perf=0.1507
---EPSILON 0.5 ---
default_sample_rate: 0.03232323232323232
noise_multiplier :  3.671875
default_sample_rate: 0.03232323232323232
noise_multiplier :  2.890625
learning rate =  0.001
sample_rate: 0.03, expected_batch_size: 128
sample_rate: 0.03, expected_batch_size: 128
sample_rate: 0.03, expected_batch_size: 128
sample_rate: 0.03, expected_batch_size: 128
sample_rate: 0.03, expected_batch_size: 128
sample_rate: 0.03, expected_batch_size: 128
sample_rate: 0.03, expected_batch_size: 128
sample_rate: 0.03, expected_batch_size: 128
sample_rate: 0.03, expected_batch_size: 128
sample_rate: 0.03, expected_batch_size: 128
sample_rate: 0.03, expected_batch_size: 128
sample_rate: 0.03, expected_batch_size: 128
sample_rate: 0.03, expected_batch_size: 128
sample_rate: 0.03, expected_batch_size: 128
sample_rate: 0.03, expected_batch_size: 128
sample_rate: 0.03, expected_batch_size: 128
sample_rate: 0.03, expected_batch_size: 128
sample_rate: 0.03, expected_batch_size: 128
sample_rate: 0.03, expected_batch_size: 128
sample_rate: 0.03, expected_batch_size: 128
initial privacy cost of all clients:  [0, 0, 0, 0, 0, 0, 0, 0, 0, 0]
Round=0
Round=1
Round=2
Round=3
Round=4
Round=5
Round=6
Round=7
Round=8
Round=9
Round=10
Round=11
Round=12
Round=13
Round=14
current privacy cost of all clients:  [0.3537320706559622, 0.3537320706559622, 0.33033357372458066, 0.24971232645595445, 0.3537320706559622, 0.39649964853357994, 0.3537320706559622, 0.279070325668136, 0.37555379650408366, 0.39649964853357994]
Round=14, per client global perf=[0.5049, 0.5691, 0.4225, 0.5064, 0.2667, 0.7294, 0.5127, 0.3157, 0.6672, 0.6044], mean perf=10402/20400 (0.5099%)
Round=14, per client personal perf=[0.6456, 0.6191, 0.4809, 0.6191, 0.6039, 0.7824, 0.5892, 0.5181, 0.7123, 0.7201], mean perf=12833/20400 (0.6291%)
Round=14, per client personal pooled=[0.331, 0.3122, 0.2396, 0.3127, 0.2994, 0.39, 0.305, 0.2612, 0.3599, 0.3569], mean perf=64626/204000 (0.3168%)
Mean performance of unidp ditto dp global, Perf=0.4895
Mean performance of unidp ditto dp personal, Perf=0.6288
Mean performance of unidp ditto dp pooled, Perf=0.3177
---EPSILON 1 ---
default_sample_rate: 0.03232323232323232
noise_multiplier :  2.12890625
default_sample_rate: 0.03232323232323232
noise_multiplier :  1.728515625
learning rate =  0.001
sample_rate: 0.03, expected_batch_size: 128
sample_rate: 0.03, expected_batch_size: 128
sample_rate: 0.03, expected_batch_size: 128
sample_rate: 0.03, expected_batch_size: 128
sample_rate: 0.03, expected_batch_size: 128
sample_rate: 0.03, expected_batch_size: 128
sample_rate: 0.03, expected_batch_size: 128
sample_rate: 0.03, expected_batch_size: 128
sample_rate: 0.03, expected_batch_size: 128
sample_rate: 0.03, expected_batch_size: 128
sample_rate: 0.03, expected_batch_size: 128
sample_rate: 0.03, expected_batch_size: 128
sample_rate: 0.03, expected_batch_size: 128
sample_rate: 0.03, expected_batch_size: 128
sample_rate: 0.03, expected_batch_size: 128
sample_rate: 0.03, expected_batch_size: 128
sample_rate: 0.03, expected_batch_size: 128
sample_rate: 0.03, expected_batch_size: 128
sample_rate: 0.03, expected_batch_size: 128
sample_rate: 0.03, expected_batch_size: 128
initial privacy cost of all clients:  [0, 0, 0, 0, 0, 0, 0, 0, 0, 0]
Round=0
Round=1
Round=2
Round=3
Round=4
Round=5
Round=6
Round=7
Round=8
Round=9
Round=10
Round=11
Round=12
Round=13
Round=14
current privacy cost of all clients:  [0.7206619146809711, 0.7206619146809711, 0.6750386529476061, 0.5160637025135262, 0.7206619146809711, 0.8052814395900469, 0.7206619146809711, 0.5742281727082242, 0.7653858016873494, 0.8052814395900469]
Round=14, per client global perf=[0.5343, 0.5676, 0.4363, 0.5294, 0.3069, 0.7407, 0.5647, 0.3642, 0.6907, 0.6304], mean perf=10945/20400 (0.5365%)
Round=14, per client personal perf=[0.7412, 0.6814, 0.4725, 0.6804, 0.6103, 0.8083, 0.6196, 0.5245, 0.7167, 0.7613], mean perf=13497/20400 (0.6616%)
Round=14, per client personal pooled=[0.3721, 0.3443, 0.2407, 0.3418, 0.3053, 0.4011, 0.318, 0.2654, 0.3629, 0.3847], mean perf=68062/204000 (0.3336%)
Mean performance of unidp ditto dp global, Perf=0.5185
Mean performance of unidp ditto dp personal, Perf=0.6653
Mean performance of unidp ditto dp pooled, Perf=0.3346
---EPSILON 4 ---
default_sample_rate: 0.03232323232323232
noise_multiplier :  0.93994140625
default_sample_rate: 0.03232323232323232
noise_multiplier :  0.833740234375
learning rate =  0.001
sample_rate: 0.03, expected_batch_size: 128
sample_rate: 0.03, expected_batch_size: 128
sample_rate: 0.03, expected_batch_size: 128
sample_rate: 0.03, expected_batch_size: 128
sample_rate: 0.03, expected_batch_size: 128
sample_rate: 0.03, expected_batch_size: 128
sample_rate: 0.03, expected_batch_size: 128
sample_rate: 0.03, expected_batch_size: 128
sample_rate: 0.03, expected_batch_size: 128
sample_rate: 0.03, expected_batch_size: 128
sample_rate: 0.03, expected_batch_size: 128
sample_rate: 0.03, expected_batch_size: 128
sample_rate: 0.03, expected_batch_size: 128
sample_rate: 0.03, expected_batch_size: 128
sample_rate: 0.03, expected_batch_size: 128
sample_rate: 0.03, expected_batch_size: 128
sample_rate: 0.03, expected_batch_size: 128
sample_rate: 0.03, expected_batch_size: 128
sample_rate: 0.03, expected_batch_size: 128
sample_rate: 0.03, expected_batch_size: 128
initial privacy cost of all clients:  [0, 0, 0, 0, 0, 0, 0, 0, 0, 0]
Round=0
Round=1
Round=2
Round=3
Round=4
Round=5
Round=6
Round=7
Round=8
Round=9
Round=10
Round=11
Round=12
Round=13
Round=14
current privacy cost of all clients:  [2.9136136495948044, 2.9136136495948044, 2.743512555916575, 2.233209274881886, 2.9136136495948044, 3.2538158369512633, 2.9136136495948044, 2.4033103685601156, 3.083714743273034, 3.2538158369512633]
Round=14, per client global perf=[0.5985, 0.5525, 0.4559, 0.5794, 0.3887, 0.752, 0.6431, 0.4662, 0.725, 0.6588], mean perf=11873/20400 (0.5820%)
Round=14, per client personal perf=[0.724, 0.7157, 0.5353, 0.7333, 0.6647, 0.8324, 0.6534, 0.575, 0.7461, 0.7657], mean perf=14169/20400 (0.6946%)
Round=14, per client personal pooled=[0.3639, 0.3584, 0.2723, 0.3595, 0.3359, 0.4137, 0.3305, 0.2876, 0.3728, 0.385], mean perf=70981/204000 (0.3479%)
Mean performance of unidp ditto dp global, Perf=0.5644
Mean performance of unidp ditto dp personal, Perf=0.6905
Mean performance of unidp ditto dp pooled, Perf=0.3461
---EPSILON 8 ---
default_sample_rate: 0.03232323232323232
noise_multiplier :  0.72021484375
default_sample_rate: 0.03232323232323232
noise_multiplier :  0.64788818359375
learning rate =  0.001
sample_rate: 0.03, expected_batch_size: 128
sample_rate: 0.03, expected_batch_size: 128
sample_rate: 0.03, expected_batch_size: 128
sample_rate: 0.03, expected_batch_size: 128
sample_rate: 0.03, expected_batch_size: 128
sample_rate: 0.03, expected_batch_size: 128
sample_rate: 0.03, expected_batch_size: 128
sample_rate: 0.03, expected_batch_size: 128
sample_rate: 0.03, expected_batch_size: 128
sample_rate: 0.03, expected_batch_size: 128
sample_rate: 0.03, expected_batch_size: 128
sample_rate: 0.03, expected_batch_size: 128
sample_rate: 0.03, expected_batch_size: 128
sample_rate: 0.03, expected_batch_size: 128
sample_rate: 0.03, expected_batch_size: 128
sample_rate: 0.03, expected_batch_size: 128
sample_rate: 0.03, expected_batch_size: 128
sample_rate: 0.03, expected_batch_size: 128
sample_rate: 0.03, expected_batch_size: 128
sample_rate: 0.03, expected_batch_size: 128
initial privacy cost of all clients:  [0, 0, 0, 0, 0, 0, 0, 0, 0, 0]
Round=0
Round=1
Round=2
Round=3
Round=4
Round=5
Round=6
Round=7
Round=8
Round=9
Round=10
Round=11
Round=12
Round=13
Round=14
current privacy cost of all clients:  [6.264765677912597, 6.264765677912597, 5.794058266554629, 4.381936032480723, 6.264765677912597, 7.167814057514629, 6.264765677912597, 4.852643443838692, 6.735473089270566, 7.167814057514629]
Round=14, per client global perf=[0.6265, 0.5387, 0.4716, 0.6098, 0.4265, 0.7475, 0.652, 0.499, 0.7319, 0.6588], mean perf=12163/20400 (0.5962%)
Round=14, per client personal perf=[0.7461, 0.7289, 0.5559, 0.7436, 0.6784, 0.8387, 0.6652, 0.5951, 0.7603, 0.7721], mean perf=14452/20400 (0.7084%)
Round=14, per client personal pooled=[0.375, 0.3631, 0.2829, 0.3646, 0.3411, 0.4166, 0.3358, 0.2961, 0.3796, 0.3893], mean perf=72296/204000 (0.3544%)
Mean performance of unidp ditto dp global, Perf=0.5729
Mean performance of unidp ditto dp personal, Perf=0.7036
Mean performance of unidp ditto dp pooled, Perf=0.3520
---EPSILON 16 ---
default_sample_rate: 0.03232323232323232
noise_multiplier :  0.567169189453125
default_sample_rate: 0.03232323232323232
noise_multiplier :  0.5263900756835938
learning rate =  0.001
sample_rate: 0.03, expected_batch_size: 128
sample_rate: 0.03, expected_batch_size: 128
sample_rate: 0.03, expected_batch_size: 128
sample_rate: 0.03, expected_batch_size: 128
sample_rate: 0.03, expected_batch_size: 128
sample_rate: 0.03, expected_batch_size: 128
sample_rate: 0.03, expected_batch_size: 128
sample_rate: 0.03, expected_batch_size: 128
sample_rate: 0.03, expected_batch_size: 128
sample_rate: 0.03, expected_batch_size: 128
sample_rate: 0.03, expected_batch_size: 128
sample_rate: 0.03, expected_batch_size: 128
sample_rate: 0.03, expected_batch_size: 128
sample_rate: 0.03, expected_batch_size: 128
sample_rate: 0.03, expected_batch_size: 128
sample_rate: 0.03, expected_batch_size: 128
sample_rate: 0.03, expected_batch_size: 128
sample_rate: 0.03, expected_batch_size: 128
sample_rate: 0.03, expected_batch_size: 128
sample_rate: 0.03, expected_batch_size: 128
initial privacy cost of all clients:  [0, 0, 0, 0, 0, 0, 0, 0, 0, 0]
Round=0
Round=1
Round=2
Round=3
Round=4
Round=5
Round=6
Round=7
Round=8
Round=9
Round=10
Round=11
Round=12
Round=13
Round=14
current privacy cost of all clients:  [11.105992316907031, 11.105992316907031, 10.407925892026432, 8.313726617384638, 11.105992316907031, 12.502125166668227, 11.105992316907031, 9.011793042265237, 11.80405874178763, 12.502125166668227]
Round=14, per client global perf=[0.652, 0.5343, 0.4799, 0.6309, 0.4637, 0.749, 0.6672, 0.5338, 0.7353, 0.6534], mean perf=12443/20400 (0.6100%)
Round=14, per client personal perf=[0.8093, 0.7358, 0.6078, 0.7549, 0.6882, 0.8426, 0.6887, 0.602, 0.7745, 0.7936], mean perf=14887/20400 (0.7298%)
Round=14, per client personal pooled=[0.4048, 0.3664, 0.307, 0.3692, 0.3451, 0.4193, 0.3439, 0.3043, 0.3884, 0.3985], mean perf=74395/204000 (0.3647%)
Mean performance of unidp ditto dp global, Perf=0.5777
Mean performance of unidp ditto dp personal, Perf=0.7225
Mean performance of unidp ditto dp pooled, Perf=0.3615
--- Finished seed: 45 ---
--- Seed: 46 ---
--- Personal steps: 15 ---
---EPSILON 0 ---
default_sample_rate: 0.03232323232323232
noise_multiplier :  640
default_sample_rate: 0.03232323232323232
noise_multiplier :  320
learning rate =  0.001
sample_rate: 0.03, expected_batch_size: 128
sample_rate: 0.03, expected_batch_size: 128
sample_rate: 0.03, expected_batch_size: 128
sample_rate: 0.03, expected_batch_size: 128
sample_rate: 0.03, expected_batch_size: 128
sample_rate: 0.03, expected_batch_size: 128
sample_rate: 0.03, expected_batch_size: 128
sample_rate: 0.03, expected_batch_size: 128
sample_rate: 0.03, expected_batch_size: 128
sample_rate: 0.03, expected_batch_size: 128
sample_rate: 0.03, expected_batch_size: 128
sample_rate: 0.03, expected_batch_size: 128
sample_rate: 0.03, expected_batch_size: 128
sample_rate: 0.03, expected_batch_size: 128
sample_rate: 0.03, expected_batch_size: 128
sample_rate: 0.03, expected_batch_size: 128
sample_rate: 0.03, expected_batch_size: 128
sample_rate: 0.03, expected_batch_size: 128
sample_rate: 0.03, expected_batch_size: 128
sample_rate: 0.03, expected_batch_size: 128
initial privacy cost of all clients:  [0, 0, 0, 0, 0, 0, 0, 0, 0, 0]
Round=0
Round=1
Round=2
Round=3
Round=4
Round=5
Round=6
Round=7
Round=8
Round=9
Round=10
Round=11
Round=12
Round=13
Round=14
current privacy cost of all clients:  [-0.0007933904687212481, -0.0007400032360581786, -0.0007933904687212481, -0.0007661340148727439, -0.0007933904687212481, -0.0007661340148727439, -0.0007661340148727439, -0.0006877416784290479, -0.0007138724572436134, -0.0007661340148727439]
Round=14, per client global perf=[0.227, 0.1985, 0.0, 0.0373, 0.1985, 0.2387, 0.1946, 0.0, 0.0397, 0.0436], mean perf=2403/20400 (0.1178%)
Round=14, per client personal perf=[0.2245, 0.198, 0.0005, 0.1863, 0.2015, 0.2755, 0.1946, 0.0, 0.0348, 0.0853], mean perf=2858/20400 (0.1401%)
Round=14, per client personal pooled=[0.1175, 0.127, 0.1476, 0.1071, 0.1198, 0.1404, 0.1066, 0.1138, 0.1145, 0.1183], mean perf=24738/204000 (0.1213%)
Mean performance of unidp ditto dp global, Perf=0.1176
Mean performance of unidp ditto dp personal, Perf=0.1378
Mean performance of unidp ditto dp pooled, Perf=0.1213
---EPSILON 0.1 ---
default_sample_rate: 0.03232323232323232
noise_multiplier :  13.75
default_sample_rate: 0.03232323232323232
noise_multiplier :  7.5
learning rate =  0.001
sample_rate: 0.03, expected_batch_size: 128
sample_rate: 0.03, expected_batch_size: 128
sample_rate: 0.03, expected_batch_size: 128
sample_rate: 0.03, expected_batch_size: 128
sample_rate: 0.03, expected_batch_size: 128
sample_rate: 0.03, expected_batch_size: 128
sample_rate: 0.03, expected_batch_size: 128
sample_rate: 0.03, expected_batch_size: 128
sample_rate: 0.03, expected_batch_size: 128
sample_rate: 0.03, expected_batch_size: 128
sample_rate: 0.03, expected_batch_size: 128
sample_rate: 0.03, expected_batch_size: 128
sample_rate: 0.03, expected_batch_size: 128
sample_rate: 0.03, expected_batch_size: 128
sample_rate: 0.03, expected_batch_size: 128
sample_rate: 0.03, expected_batch_size: 128
sample_rate: 0.03, expected_batch_size: 128
sample_rate: 0.03, expected_batch_size: 128
sample_rate: 0.03, expected_batch_size: 128
sample_rate: 0.03, expected_batch_size: 128
initial privacy cost of all clients:  [0, 0, 0, 0, 0, 0, 0, 0, 0, 0]
Round=0
Round=1
Round=2
Round=3
Round=4
Round=5
Round=6
Round=7
Round=8
Round=9
Round=10
Round=11
Round=12
Round=13
Round=14
current privacy cost of all clients:  [0.0636130274845621, 0.07323580287115607, 0.0636130274845621, 0.06861627244984228, 0.0636130274845621, 0.06861627244984228, 0.06861627244984228, 0.08199366248919779, 0.07775445513440044, 0.06861627244984228]
Round=14, per client global perf=[0.4049, 0.3471, 0.3402, 0.3142, 0.1838, 0.4539, 0.3574, 0.473, 0.4613, 0.5515], mean perf=7930/20400 (0.3887%)
Round=14, per client personal perf=[0.2005, 0.4598, 0.3529, 0.4157, 0.201, 0.3426, 0.3353, 0.4578, 0.5544, 0.3402], mean perf=7467/20400 (0.3660%)
Round=14, per client personal pooled=[0.1005, 0.2288, 0.1772, 0.2082, 0.1006, 0.1665, 0.161, 0.231, 0.2809, 0.17], mean perf=37226/204000 (0.1825%)
Mean performance of unidp ditto dp global, Perf=0.3626
Mean performance of unidp ditto dp personal, Perf=0.3511
Mean performance of unidp ditto dp pooled, Perf=0.1749
---EPSILON 0.5 ---
default_sample_rate: 0.03232323232323232
noise_multiplier :  3.671875
default_sample_rate: 0.03232323232323232
noise_multiplier :  2.1484375
learning rate =  0.001
sample_rate: 0.03, expected_batch_size: 128
sample_rate: 0.03, expected_batch_size: 128
sample_rate: 0.03, expected_batch_size: 128
sample_rate: 0.03, expected_batch_size: 128
sample_rate: 0.03, expected_batch_size: 128
sample_rate: 0.03, expected_batch_size: 128
sample_rate: 0.03, expected_batch_size: 128
sample_rate: 0.03, expected_batch_size: 128
sample_rate: 0.03, expected_batch_size: 128
sample_rate: 0.03, expected_batch_size: 128
sample_rate: 0.03, expected_batch_size: 128
sample_rate: 0.03, expected_batch_size: 128
sample_rate: 0.03, expected_batch_size: 128
sample_rate: 0.03, expected_batch_size: 128
sample_rate: 0.03, expected_batch_size: 128
sample_rate: 0.03, expected_batch_size: 128
sample_rate: 0.03, expected_batch_size: 128
sample_rate: 0.03, expected_batch_size: 128
sample_rate: 0.03, expected_batch_size: 128
sample_rate: 0.03, expected_batch_size: 128
initial privacy cost of all clients:  [0, 0, 0, 0, 0, 0, 0, 0, 0, 0]
Round=0
Round=1
Round=2
Round=3
Round=4
Round=5
Round=6
Round=7
Round=8
Round=9
Round=10
Round=11
Round=12
Round=13
Round=14
current privacy cost of all clients:  [0.33033357372458066, 0.37555379650408366, 0.33033357372458066, 0.3537320706559622, 0.33033357372458066, 0.3537320706559622, 0.3537320706559622, 0.41674618847529443, 0.39649964853357994, 0.3537320706559622]
Round=14, per client global perf=[0.625, 0.5956, 0.4456, 0.4275, 0.2549, 0.7098, 0.551, 0.3828, 0.5868, 0.6485], mean perf=10664/20400 (0.5227%)
Round=14, per client personal perf=[0.625, 0.6706, 0.498, 0.6627, 0.6706, 0.7529, 0.6137, 0.5794, 0.7314, 0.5191], mean perf=12900/20400 (0.6324%)
Round=14, per client personal pooled=[0.3132, 0.343, 0.2602, 0.3273, 0.3395, 0.3779, 0.3162, 0.2903, 0.3701, 0.2646], mean perf=65331/204000 (0.3202%)
Mean performance of unidp ditto dp global, Perf=0.5174
Mean performance of unidp ditto dp personal, Perf=0.6122
Mean performance of unidp ditto dp pooled, Perf=0.3095
---EPSILON 1 ---
default_sample_rate: 0.03232323232323232
noise_multiplier :  2.12890625
default_sample_rate: 0.03232323232323232
noise_multiplier :  1.3671875
learning rate =  0.001
sample_rate: 0.03, expected_batch_size: 128
sample_rate: 0.03, expected_batch_size: 128
sample_rate: 0.03, expected_batch_size: 128
sample_rate: 0.03, expected_batch_size: 128
sample_rate: 0.03, expected_batch_size: 128
sample_rate: 0.03, expected_batch_size: 128
sample_rate: 0.03, expected_batch_size: 128
sample_rate: 0.03, expected_batch_size: 128
sample_rate: 0.03, expected_batch_size: 128
sample_rate: 0.03, expected_batch_size: 128
sample_rate: 0.03, expected_batch_size: 128
sample_rate: 0.03, expected_batch_size: 128
sample_rate: 0.03, expected_batch_size: 128
sample_rate: 0.03, expected_batch_size: 128
sample_rate: 0.03, expected_batch_size: 128
sample_rate: 0.03, expected_batch_size: 128
sample_rate: 0.03, expected_batch_size: 128
sample_rate: 0.03, expected_batch_size: 128
sample_rate: 0.03, expected_batch_size: 128
sample_rate: 0.03, expected_batch_size: 128
initial privacy cost of all clients:  [0, 0, 0, 0, 0, 0, 0, 0, 0, 0]
Round=0
Round=1
Round=2
Round=3
Round=4
Round=5
Round=6
Round=7
Round=8
Round=9
Round=10
Round=11
Round=12
Round=13
Round=14
current privacy cost of all clients:  [0.6750386529476061, 0.7653858016873494, 0.6750386529476061, 0.7206619146809711, 0.6750386529476061, 0.7206619146809711, 0.7206619146809711, 0.8451770774927443, 0.8052814395900469, 0.7206619146809711]
Round=14, per client global perf=[0.6373, 0.6333, 0.4716, 0.4314, 0.2907, 0.727, 0.573, 0.4088, 0.5995, 0.6853], mean perf=11134/20400 (0.5458%)
Round=14, per client personal perf=[0.6755, 0.6838, 0.498, 0.7039, 0.6926, 0.7657, 0.6475, 0.6436, 0.7691, 0.6559], mean perf=13741/20400 (0.6736%)
Round=14, per client personal pooled=[0.3355, 0.3473, 0.2594, 0.3483, 0.3466, 0.3832, 0.3311, 0.3198, 0.3868, 0.3325], mean perf=69168/204000 (0.3391%)
Mean performance of unidp ditto dp global, Perf=0.5387
Mean performance of unidp ditto dp personal, Perf=0.6494
Mean performance of unidp ditto dp pooled, Perf=0.3266
---EPSILON 4 ---
default_sample_rate: 0.03232323232323232
noise_multiplier :  0.93994140625
default_sample_rate: 0.03232323232323232
noise_multiplier :  0.736083984375
learning rate =  0.001
sample_rate: 0.03, expected_batch_size: 128
sample_rate: 0.03, expected_batch_size: 128
sample_rate: 0.03, expected_batch_size: 128
sample_rate: 0.03, expected_batch_size: 128
sample_rate: 0.03, expected_batch_size: 128
sample_rate: 0.03, expected_batch_size: 128
sample_rate: 0.03, expected_batch_size: 128
sample_rate: 0.03, expected_batch_size: 128
sample_rate: 0.03, expected_batch_size: 128
sample_rate: 0.03, expected_batch_size: 128
sample_rate: 0.03, expected_batch_size: 128
sample_rate: 0.03, expected_batch_size: 128
sample_rate: 0.03, expected_batch_size: 128
sample_rate: 0.03, expected_batch_size: 128
sample_rate: 0.03, expected_batch_size: 128
sample_rate: 0.03, expected_batch_size: 128
sample_rate: 0.03, expected_batch_size: 128
sample_rate: 0.03, expected_batch_size: 128
sample_rate: 0.03, expected_batch_size: 128
sample_rate: 0.03, expected_batch_size: 128
initial privacy cost of all clients:  [0, 0, 0, 0, 0, 0, 0, 0, 0, 0]
Round=0
Round=1
Round=2
Round=3
Round=4
Round=5
Round=6
Round=7
Round=8
Round=9
Round=10
Round=11
Round=12
Round=13
Round=14
current privacy cost of all clients:  [2.743512555916575, 3.083714743273034, 2.743512555916575, 2.9136136495948044, 2.743512555916575, 2.9136136495948044, 2.9136136495948044, 3.4239169306294928, 3.2538158369512633, 2.9136136495948044]
Round=14, per client global perf=[0.6657, 0.6775, 0.5029, 0.4172, 0.3137, 0.7309, 0.5799, 0.4608, 0.6034, 0.726], mean perf=11583/20400 (0.5678%)
Round=14, per client personal perf=[0.6873, 0.7064, 0.5804, 0.7265, 0.6794, 0.7931, 0.648, 0.6569, 0.7789, 0.7343], mean perf=14262/20400 (0.6991%)
Round=14, per client personal pooled=[0.3399, 0.3542, 0.2922, 0.3574, 0.3385, 0.3951, 0.3304, 0.3304, 0.3946, 0.3723], mean perf=71500/204000 (0.3505%)
Mean performance of unidp ditto dp global, Perf=0.5570
Mean performance of unidp ditto dp personal, Perf=0.6977
Mean performance of unidp ditto dp pooled, Perf=0.3499
---EPSILON 8 ---
default_sample_rate: 0.03232323232323232
noise_multiplier :  0.72021484375
default_sample_rate: 0.03232323232323232
noise_multiplier :  0.5743408203125
learning rate =  0.001
sample_rate: 0.03, expected_batch_size: 128
sample_rate: 0.03, expected_batch_size: 128
sample_rate: 0.03, expected_batch_size: 128
sample_rate: 0.03, expected_batch_size: 128
sample_rate: 0.03, expected_batch_size: 128
sample_rate: 0.03, expected_batch_size: 128
sample_rate: 0.03, expected_batch_size: 128
sample_rate: 0.03, expected_batch_size: 128
sample_rate: 0.03, expected_batch_size: 128
sample_rate: 0.03, expected_batch_size: 128
sample_rate: 0.03, expected_batch_size: 128
sample_rate: 0.03, expected_batch_size: 128
sample_rate: 0.03, expected_batch_size: 128
sample_rate: 0.03, expected_batch_size: 128
sample_rate: 0.03, expected_batch_size: 128
sample_rate: 0.03, expected_batch_size: 128
sample_rate: 0.03, expected_batch_size: 128
sample_rate: 0.03, expected_batch_size: 128
sample_rate: 0.03, expected_batch_size: 128
sample_rate: 0.03, expected_batch_size: 128
initial privacy cost of all clients:  [0, 0, 0, 0, 0, 0, 0, 0, 0, 0]
Round=0
Round=1
Round=2
Round=3
Round=4
Round=5
Round=6
Round=7
Round=8
Round=9
Round=10
Round=11
Round=12
Round=13
Round=14
current privacy cost of all clients:  [5.794058266554629, 6.735473089270566, 5.794058266554629, 6.264765677912597, 5.794058266554629, 6.264765677912597, 6.264765677912597, 7.332449371479868, 7.167814057514629, 6.264765677912597]
Round=14, per client global perf=[0.6691, 0.6863, 0.5147, 0.4176, 0.3172, 0.7279, 0.5745, 0.4652, 0.6039, 0.7338], mean perf=11649/20400 (0.5710%)
Round=14, per client personal perf=[0.6858, 0.7191, 0.573, 0.7387, 0.6377, 0.8162, 0.6412, 0.6667, 0.7912, 0.7475], mean perf=14315/20400 (0.7017%)
Round=14, per client personal pooled=[0.3406, 0.3599, 0.2873, 0.3641, 0.3234, 0.4044, 0.3274, 0.3379, 0.397, 0.3794], mean perf=71836/204000 (0.3521%)
Mean performance of unidp ditto dp global, Perf=0.5644
Mean performance of unidp ditto dp personal, Perf=0.7032
Mean performance of unidp ditto dp pooled, Perf=0.3525
---EPSILON 16 ---
default_sample_rate: 0.03232323232323232
noise_multiplier :  0.567169189453125
default_sample_rate: 0.03232323232323232
noise_multiplier :  0.48187255859375
learning rate =  0.001
sample_rate: 0.03, expected_batch_size: 128
sample_rate: 0.03, expected_batch_size: 128
sample_rate: 0.03, expected_batch_size: 128
sample_rate: 0.03, expected_batch_size: 128
sample_rate: 0.03, expected_batch_size: 128
sample_rate: 0.03, expected_batch_size: 128
sample_rate: 0.03, expected_batch_size: 128
sample_rate: 0.03, expected_batch_size: 128
sample_rate: 0.03, expected_batch_size: 128
sample_rate: 0.03, expected_batch_size: 128
sample_rate: 0.03, expected_batch_size: 128
sample_rate: 0.03, expected_batch_size: 128
sample_rate: 0.03, expected_batch_size: 128
sample_rate: 0.03, expected_batch_size: 128
sample_rate: 0.03, expected_batch_size: 128
sample_rate: 0.03, expected_batch_size: 128
sample_rate: 0.03, expected_batch_size: 128
sample_rate: 0.03, expected_batch_size: 128
sample_rate: 0.03, expected_batch_size: 128
sample_rate: 0.03, expected_batch_size: 128
initial privacy cost of all clients:  [0, 0, 0, 0, 0, 0, 0, 0, 0, 0]
Round=0
Round=1
Round=2
Round=3
Round=4
Round=5
Round=6
Round=7
Round=8
Round=9
Round=10
Round=11
Round=12
Round=13
Round=14
current privacy cost of all clients:  [10.407925892026432, 11.80405874178763, 10.407925892026432, 11.105992316907031, 10.407925892026432, 11.105992316907031, 11.105992316907031, 13.200191591548824, 12.502125166668227, 11.105992316907031]
Round=14, per client global perf=[0.6691, 0.6917, 0.5221, 0.3951, 0.3044, 0.7074, 0.55, 0.4686, 0.577, 0.7363], mean perf=11468/20400 (0.5622%)
Round=14, per client personal perf=[0.7049, 0.7221, 0.576, 0.7422, 0.6123, 0.8304, 0.6544, 0.6917, 0.7887, 0.7534], mean perf=14435/20400 (0.7076%)
Round=14, per client personal pooled=[0.348, 0.3605, 0.2902, 0.3657, 0.3065, 0.4104, 0.3324, 0.3492, 0.3957, 0.3821], mean perf=72231/204000 (0.3541%)
Mean performance of unidp ditto dp global, Perf=0.5644
Mean performance of unidp ditto dp personal, Perf=0.7064
Mean performance of unidp ditto dp pooled, Perf=0.3538
--- Personal steps: 30 ---
---EPSILON 0 ---
default_sample_rate: 0.03232323232323232
noise_multiplier :  640
default_sample_rate: 0.03232323232323232
noise_multiplier :  320
learning rate =  0.001
sample_rate: 0.03, expected_batch_size: 128
sample_rate: 0.03, expected_batch_size: 128
sample_rate: 0.03, expected_batch_size: 128
sample_rate: 0.03, expected_batch_size: 128
sample_rate: 0.03, expected_batch_size: 128
sample_rate: 0.03, expected_batch_size: 128
sample_rate: 0.03, expected_batch_size: 128
sample_rate: 0.03, expected_batch_size: 128
sample_rate: 0.03, expected_batch_size: 128
sample_rate: 0.03, expected_batch_size: 128
sample_rate: 0.03, expected_batch_size: 128
sample_rate: 0.03, expected_batch_size: 128
sample_rate: 0.03, expected_batch_size: 128
sample_rate: 0.03, expected_batch_size: 128
sample_rate: 0.03, expected_batch_size: 128
sample_rate: 0.03, expected_batch_size: 128
sample_rate: 0.03, expected_batch_size: 128
sample_rate: 0.03, expected_batch_size: 128
sample_rate: 0.03, expected_batch_size: 128
sample_rate: 0.03, expected_batch_size: 128
initial privacy cost of all clients:  [0, 0, 0, 0, 0, 0, 0, 0, 0, 0]
Round=0
Round=1
Round=2
Round=3
Round=4
Round=5
Round=6
Round=7
Round=8
Round=9
Round=10
Round=11
Round=12
Round=13
Round=14
current privacy cost of all clients:  [-0.0007933904687212481, -0.0007400032360581786, -0.0007933904687212481, -0.0007661340148727439, -0.0007933904687212481, -0.0007661340148727439, -0.0007661340148727439, -0.0006877416784290479, -0.0007138724572436134, -0.0007661340148727439]
Round=14, per client global perf=[0.2706, 0.1966, 0.0, 0.0936, 0.1946, 0.2809, 0.1917, 0.0, 0.0966, 0.1034], mean perf=2913/20400 (0.1428%)
Round=14, per client personal perf=[0.1941, 0.1475, 0.0015, 0.1789, 0.1985, 0.1985, 0.1946, 0.0, 0.1833, 0.0255], mean perf=2698/20400 (0.1323%)
Round=14, per client personal pooled=[0.0981, 0.1344, 0.1083, 0.1065, 0.101, 0.0986, 0.0982, 0.1233, 0.1032, 0.1099], mean perf=22061/204000 (0.1081%)
Mean performance of unidp ditto dp global, Perf=0.1393
Mean performance of unidp ditto dp personal, Perf=0.1314
Mean performance of unidp ditto dp pooled, Perf=0.1080
---EPSILON 0.1 ---
default_sample_rate: 0.03232323232323232
noise_multiplier :  13.75
default_sample_rate: 0.03232323232323232
noise_multiplier :  11.25
learning rate =  0.001
sample_rate: 0.03, expected_batch_size: 128
sample_rate: 0.03, expected_batch_size: 128
sample_rate: 0.03, expected_batch_size: 128
sample_rate: 0.03, expected_batch_size: 128
sample_rate: 0.03, expected_batch_size: 128
sample_rate: 0.03, expected_batch_size: 128
sample_rate: 0.03, expected_batch_size: 128
sample_rate: 0.03, expected_batch_size: 128
sample_rate: 0.03, expected_batch_size: 128
sample_rate: 0.03, expected_batch_size: 128
sample_rate: 0.03, expected_batch_size: 128
sample_rate: 0.03, expected_batch_size: 128
sample_rate: 0.03, expected_batch_size: 128
sample_rate: 0.03, expected_batch_size: 128
sample_rate: 0.03, expected_batch_size: 128
sample_rate: 0.03, expected_batch_size: 128
sample_rate: 0.03, expected_batch_size: 128
sample_rate: 0.03, expected_batch_size: 128
sample_rate: 0.03, expected_batch_size: 128
sample_rate: 0.03, expected_batch_size: 128
initial privacy cost of all clients:  [0, 0, 0, 0, 0, 0, 0, 0, 0, 0]
Round=0
Round=1
Round=2
Round=3
Round=4
Round=5
Round=6
Round=7
Round=8
Round=9
Round=10
Round=11
Round=12
Round=13
Round=14
current privacy cost of all clients:  [0.0636130274845621, 0.07323580287115607, 0.0636130274845621, 0.06861627244984228, 0.0636130274845621, 0.06861627244984228, 0.06861627244984228, 0.08199366248919779, 0.07775445513440044, 0.06861627244984228]
Round=14, per client global perf=[0.3745, 0.3353, 0.3216, 0.3289, 0.2147, 0.4319, 0.4093, 0.4912, 0.477, 0.5088], mean perf=7942/20400 (0.3893%)
Round=14, per client personal perf=[0.2005, 0.4525, 0.2044, 0.648, 0.201, 0.4681, 0.2309, 0.5172, 0.6196, 0.4186], mean perf=8080/20400 (0.3961%)
Round=14, per client personal pooled=[0.1004, 0.2256, 0.1, 0.324, 0.1008, 0.2331, 0.1113, 0.2625, 0.3143, 0.2136], mean perf=40505/204000 (0.1986%)
Mean performance of unidp ditto dp global, Perf=0.3582
Mean performance of unidp ditto dp personal, Perf=0.3859
Mean performance of unidp ditto dp pooled, Perf=0.1932
---EPSILON 0.5 ---
default_sample_rate: 0.03232323232323232
noise_multiplier :  3.671875
default_sample_rate: 0.03232323232323232
noise_multiplier :  2.890625
learning rate =  0.001
sample_rate: 0.03, expected_batch_size: 128
sample_rate: 0.03, expected_batch_size: 128
sample_rate: 0.03, expected_batch_size: 128
sample_rate: 0.03, expected_batch_size: 128
sample_rate: 0.03, expected_batch_size: 128
sample_rate: 0.03, expected_batch_size: 128
sample_rate: 0.03, expected_batch_size: 128
sample_rate: 0.03, expected_batch_size: 128
sample_rate: 0.03, expected_batch_size: 128
sample_rate: 0.03, expected_batch_size: 128
sample_rate: 0.03, expected_batch_size: 128
sample_rate: 0.03, expected_batch_size: 128
sample_rate: 0.03, expected_batch_size: 128
sample_rate: 0.03, expected_batch_size: 128
sample_rate: 0.03, expected_batch_size: 128
sample_rate: 0.03, expected_batch_size: 128
sample_rate: 0.03, expected_batch_size: 128
sample_rate: 0.03, expected_batch_size: 128
sample_rate: 0.03, expected_batch_size: 128
sample_rate: 0.03, expected_batch_size: 128
initial privacy cost of all clients:  [0, 0, 0, 0, 0, 0, 0, 0, 0, 0]
Round=0
Round=1
Round=2
Round=3
Round=4
Round=5
Round=6
Round=7
Round=8
Round=9
Round=10
Round=11
Round=12
Round=13
Round=14
current privacy cost of all clients:  [0.33033357372458066, 0.37555379650408366, 0.33033357372458066, 0.3537320706559622, 0.33033357372458066, 0.3537320706559622, 0.3537320706559622, 0.41674618847529443, 0.39649964853357994, 0.3537320706559622]
Round=14, per client global perf=[0.6147, 0.5946, 0.4392, 0.399, 0.226, 0.6873, 0.524, 0.3868, 0.5706, 0.652], mean perf=10392/20400 (0.5094%)
Round=14, per client personal perf=[0.6525, 0.6765, 0.573, 0.752, 0.676, 0.8005, 0.6569, 0.5966, 0.7353, 0.7083], mean perf=13928/20400 (0.6827%)
Round=14, per client personal pooled=[0.3254, 0.3397, 0.2912, 0.3706, 0.3393, 0.398, 0.3308, 0.3007, 0.3681, 0.3573], mean perf=69789/204000 (0.3421%)
Mean performance of unidp ditto dp global, Perf=0.5101
Mean performance of unidp ditto dp personal, Perf=0.6750
Mean performance of unidp ditto dp pooled, Perf=0.3382
---EPSILON 1 ---
default_sample_rate: 0.03232323232323232
noise_multiplier :  2.12890625
default_sample_rate: 0.03232323232323232
noise_multiplier :  1.728515625
learning rate =  0.001
sample_rate: 0.03, expected_batch_size: 128
sample_rate: 0.03, expected_batch_size: 128
sample_rate: 0.03, expected_batch_size: 128
sample_rate: 0.03, expected_batch_size: 128
sample_rate: 0.03, expected_batch_size: 128
sample_rate: 0.03, expected_batch_size: 128
sample_rate: 0.03, expected_batch_size: 128
sample_rate: 0.03, expected_batch_size: 128
sample_rate: 0.03, expected_batch_size: 128
sample_rate: 0.03, expected_batch_size: 128
sample_rate: 0.03, expected_batch_size: 128
sample_rate: 0.03, expected_batch_size: 128
sample_rate: 0.03, expected_batch_size: 128
sample_rate: 0.03, expected_batch_size: 128
sample_rate: 0.03, expected_batch_size: 128
sample_rate: 0.03, expected_batch_size: 128
sample_rate: 0.03, expected_batch_size: 128
sample_rate: 0.03, expected_batch_size: 128
sample_rate: 0.03, expected_batch_size: 128
sample_rate: 0.03, expected_batch_size: 128
initial privacy cost of all clients:  [0, 0, 0, 0, 0, 0, 0, 0, 0, 0]
Round=0
Round=1
Round=2
Round=3
Round=4
Round=5
Round=6
Round=7
Round=8
Round=9
Round=10
Round=11
Round=12
Round=13
Round=14
current privacy cost of all clients:  [0.6750386529476061, 0.7653858016873494, 0.6750386529476061, 0.7206619146809711, 0.6750386529476061, 0.7206619146809711, 0.7206619146809711, 0.8451770774927443, 0.8052814395900469, 0.7206619146809711]
Round=14, per client global perf=[0.6333, 0.6176, 0.4627, 0.4201, 0.2691, 0.7113, 0.5593, 0.4054, 0.5956, 0.6725], mean perf=10908/20400 (0.5347%)
Round=14, per client personal perf=[0.6828, 0.7113, 0.5887, 0.7485, 0.6613, 0.8108, 0.6735, 0.6554, 0.7368, 0.7471], mean perf=14313/20400 (0.7016%)
Round=14, per client personal pooled=[0.3409, 0.3565, 0.295, 0.3687, 0.3313, 0.4061, 0.3382, 0.3331, 0.3674, 0.3764], mean perf=71678/204000 (0.3514%)
Mean performance of unidp ditto dp global, Perf=0.5325
Mean performance of unidp ditto dp personal, Perf=0.6934
Mean performance of unidp ditto dp pooled, Perf=0.3472
---EPSILON 4 ---
default_sample_rate: 0.03232323232323232
noise_multiplier :  0.93994140625
default_sample_rate: 0.03232323232323232
noise_multiplier :  0.833740234375
learning rate =  0.001
sample_rate: 0.03, expected_batch_size: 128
sample_rate: 0.03, expected_batch_size: 128
sample_rate: 0.03, expected_batch_size: 128
sample_rate: 0.03, expected_batch_size: 128
sample_rate: 0.03, expected_batch_size: 128
sample_rate: 0.03, expected_batch_size: 128
sample_rate: 0.03, expected_batch_size: 128
sample_rate: 0.03, expected_batch_size: 128
sample_rate: 0.03, expected_batch_size: 128
sample_rate: 0.03, expected_batch_size: 128
sample_rate: 0.03, expected_batch_size: 128
sample_rate: 0.03, expected_batch_size: 128
sample_rate: 0.03, expected_batch_size: 128
sample_rate: 0.03, expected_batch_size: 128
sample_rate: 0.03, expected_batch_size: 128
sample_rate: 0.03, expected_batch_size: 128
sample_rate: 0.03, expected_batch_size: 128
sample_rate: 0.03, expected_batch_size: 128
sample_rate: 0.03, expected_batch_size: 128
sample_rate: 0.03, expected_batch_size: 128
initial privacy cost of all clients:  [0, 0, 0, 0, 0, 0, 0, 0, 0, 0]
Round=0
Round=1
Round=2
Round=3
Round=4
Round=5
Round=6
Round=7
Round=8
Round=9
Round=10
Round=11
Round=12
Round=13
Round=14
current privacy cost of all clients:  [2.743512555916575, 3.083714743273034, 2.743512555916575, 2.9136136495948044, 2.743512555916575, 2.9136136495948044, 2.9136136495948044, 3.4239169306294928, 3.2538158369512633, 2.9136136495948044]
Round=14, per client global perf=[0.6598, 0.6652, 0.5029, 0.4015, 0.302, 0.7093, 0.5544, 0.4637, 0.5814, 0.725], mean perf=11353/20400 (0.5565%)
Round=14, per client personal perf=[0.7255, 0.7289, 0.5985, 0.7495, 0.6784, 0.8407, 0.7137, 0.7407, 0.7892, 0.7833], mean perf=14991/20400 (0.7349%)
Round=14, per client personal pooled=[0.3622, 0.3645, 0.3018, 0.3704, 0.3394, 0.4184, 0.358, 0.376, 0.3948, 0.3928], mean perf=75040/204000 (0.3678%)
Mean performance of unidp ditto dp global, Perf=0.5549
Mean performance of unidp ditto dp personal, Perf=0.7231
Mean performance of unidp ditto dp pooled, Perf=0.3618
---EPSILON 8 ---
default_sample_rate: 0.03232323232323232
noise_multiplier :  0.72021484375
default_sample_rate: 0.03232323232323232
noise_multiplier :  0.64788818359375
learning rate =  0.001
sample_rate: 0.03, expected_batch_size: 128
sample_rate: 0.03, expected_batch_size: 128
sample_rate: 0.03, expected_batch_size: 128
sample_rate: 0.03, expected_batch_size: 128
sample_rate: 0.03, expected_batch_size: 128
sample_rate: 0.03, expected_batch_size: 128
sample_rate: 0.03, expected_batch_size: 128
sample_rate: 0.03, expected_batch_size: 128
sample_rate: 0.03, expected_batch_size: 128
sample_rate: 0.03, expected_batch_size: 128
sample_rate: 0.03, expected_batch_size: 128
sample_rate: 0.03, expected_batch_size: 128
sample_rate: 0.03, expected_batch_size: 128
sample_rate: 0.03, expected_batch_size: 128
sample_rate: 0.03, expected_batch_size: 128
sample_rate: 0.03, expected_batch_size: 128
sample_rate: 0.03, expected_batch_size: 128
sample_rate: 0.03, expected_batch_size: 128
sample_rate: 0.03, expected_batch_size: 128
sample_rate: 0.03, expected_batch_size: 128
initial privacy cost of all clients:  [0, 0, 0, 0, 0, 0, 0, 0, 0, 0]
Round=0
Round=1
Round=2
Round=3
Round=4
Round=5
Round=6
Round=7
Round=8
Round=9
Round=10
Round=11
Round=12
Round=13
Round=14
current privacy cost of all clients:  [5.794058266554629, 6.735473089270566, 5.794058266554629, 6.264765677912597, 5.794058266554629, 6.264765677912597, 6.264765677912597, 7.332449371479868, 7.167814057514629, 6.264765677912597]
Round=14, per client global perf=[0.6681, 0.677, 0.5186, 0.3917, 0.3015, 0.698, 0.5407, 0.4725, 0.5706, 0.7338], mean perf=11368/20400 (0.5573%)
Round=14, per client personal perf=[0.7461, 0.7314, 0.6123, 0.7696, 0.6858, 0.8441, 0.7265, 0.7529, 0.8113, 0.8029], mean perf=15265/20400 (0.7483%)
Round=14, per client personal pooled=[0.3727, 0.3667, 0.3075, 0.3802, 0.3437, 0.4194, 0.3625, 0.3817, 0.406, 0.4014], mean perf=76335/204000 (0.3742%)
Mean performance of unidp ditto dp global, Perf=0.5617
Mean performance of unidp ditto dp personal, Perf=0.7353
Mean performance of unidp ditto dp pooled, Perf=0.3678
---EPSILON 16 ---
default_sample_rate: 0.03232323232323232
noise_multiplier :  0.567169189453125
default_sample_rate: 0.03232323232323232
noise_multiplier :  0.5263900756835938
learning rate =  0.001
sample_rate: 0.03, expected_batch_size: 128
sample_rate: 0.03, expected_batch_size: 128
sample_rate: 0.03, expected_batch_size: 128
sample_rate: 0.03, expected_batch_size: 128
sample_rate: 0.03, expected_batch_size: 128
sample_rate: 0.03, expected_batch_size: 128
sample_rate: 0.03, expected_batch_size: 128
sample_rate: 0.03, expected_batch_size: 128
sample_rate: 0.03, expected_batch_size: 128
sample_rate: 0.03, expected_batch_size: 128
sample_rate: 0.03, expected_batch_size: 128
sample_rate: 0.03, expected_batch_size: 128
sample_rate: 0.03, expected_batch_size: 128
sample_rate: 0.03, expected_batch_size: 128
sample_rate: 0.03, expected_batch_size: 128
sample_rate: 0.03, expected_batch_size: 128
sample_rate: 0.03, expected_batch_size: 128
sample_rate: 0.03, expected_batch_size: 128
sample_rate: 0.03, expected_batch_size: 128
sample_rate: 0.03, expected_batch_size: 128
initial privacy cost of all clients:  [0, 0, 0, 0, 0, 0, 0, 0, 0, 0]
Round=0
Round=1
Round=2
Round=3
Round=4
Round=5
Round=6
Round=7
Round=8
Round=9
Round=10
Round=11
Round=12
Round=13
Round=14
current privacy cost of all clients:  [10.407925892026432, 11.80405874178763, 10.407925892026432, 11.105992316907031, 10.407925892026432, 11.105992316907031, 11.105992316907031, 13.200191591548824, 12.502125166668227, 11.105992316907031]
Round=14, per client global perf=[0.6691, 0.6824, 0.5181, 0.3569, 0.2681, 0.6657, 0.5196, 0.4706, 0.5279, 0.7358], mean perf=11045/20400 (0.5414%)
Round=14, per client personal perf=[0.7696, 0.7358, 0.6279, 0.7873, 0.7025, 0.8451, 0.7417, 0.7569, 0.8191, 0.8137], mean perf=15503/20400 (0.7600%)
Round=14, per client personal pooled=[0.3833, 0.3684, 0.3149, 0.3901, 0.35, 0.4204, 0.3725, 0.3846, 0.4093, 0.4052], mean perf=77498/204000 (0.3799%)
Mean performance of unidp ditto dp global, Perf=0.5594
Mean performance of unidp ditto dp personal, Perf=0.7447
Mean performance of unidp ditto dp pooled, Perf=0.3727
--- Finished seed: 46 ---
=== Finished data_type: niid_10_5 ===
