PARAMS: dataset=fashion_mnist, gpu=0, data_type=niid_10_2
=== Running reg_param=0, num_steps=15 ===
Running seed 42
/Users/shegao_t1/DP_Research/Personal_DP_Personal_FL/rpdp_fl/experiments/datasets/fed_fashion_mnist/niid_10_2way_3000shot

Client 0 label distribution:
[(0, 2002), (2, 1958)]

Client 1 label distribution:
[(8, 1994), (9, 1966)]

Client 2 label distribution:
[(0, 1953), (8, 2007)]

Client 3 label distribution:
[(1, 1976), (7, 1984)]

Client 4 label distribution:
[(4, 1986), (7, 1974)]

Client 5 label distribution:
[(5, 1980), (6, 1980)]

Client 6 label distribution:
[(3, 1999), (4, 1961)]

Client 7 label distribution:
[(3, 2018), (5, 1942)]

Client 8 label distribution:
[(1, 1970), (9, 1990)]

Client 9 label distribution:
[(2, 1997), (6, 1963)]
Client 0: avg epsilon = 0.1000
Client 1: avg epsilon = 2.9859
Client 2: avg epsilon = 0.5602
Client 3: avg epsilon = 0.5430
Client 4: avg epsilon = 0.5486
Client 5: avg epsilon = 0.1000
Client 6: avg epsilon = 0.1000
Client 7: avg epsilon = 0.1000
Client 8: avg epsilon = 2.5624
Client 9: avg epsilon = 0.1000
 We run FedAvg with rPDP (ThreeLevels-0) ...
max_epsilon :  10.0  noise_multiplier :  9.736328125
The R-Squared value of the best-fit curve : 0.999749898528281
learning rate =  0.001
sample_rate: (min) 0.03, (max) 0.03, expected_batch_size: 99
sample_rate: (min) 0.16, (max) 0.61, expected_batch_size: 1508
sample_rate: (min) 0.03, (max) 0.61, expected_batch_size: 368
sample_rate: (min) 0.03, (max) 0.16, expected_batch_size: 358
sample_rate: (min) 0.03, (max) 0.16, expected_batch_size: 362
sample_rate: (min) 0.03, (max) 0.03, expected_batch_size: 99
sample_rate: (min) 0.03, (max) 0.03, expected_batch_size: 99
sample_rate: (min) 0.03, (max) 0.03, expected_batch_size: 99
sample_rate: (min) 0.03, (max) 0.61, expected_batch_size: 1256
sample_rate: (min) 0.03, (max) 0.03, expected_batch_size: 99
initial privacy cost of all clients:  [0, 0, 0, 0, 0, 0, 0, 0, 0, 0]
Round=0
Round=1
Round=2
Round=3
Round=4
Round=5
Round=6
Round=7
Round=8
Round=9
Round=10
Round=11
Round=12
Round=13
Round=14
current privacy cost of all clients:  [0.0777036851988212, 3.554611437795162, 2.8039339861853394, 0.6583580204409699, 0.7482516858029494, 0.0777036851988212, 0.08299634815037049, 0.0879752932513391, 4.305288889404985, 0.06629602355155903]
Round=14, per client global perf=[0.0745, 0.8235, 0.3221, 0.0005, 0.0049, 0.0, 0.1083, 0.0912, 0.4951, 0.0838], mean perf=4088/20400 (0.2004%)
Round=14, per client personal perf=[0.9627, 0.9985, 0.9721, 0.9995, 0.9985, 0.9966, 0.9309, 0.999, 0.9985, 0.7172], mean perf=19530/20400 (0.9574%)
Round=14, per client personal pooled=[0.1922, 0.1978, 0.1925, 0.2007, 0.2003, 0.2016, 0.1842, 0.1988, 0.2007, 0.1446], mean perf=39032/204000 (0.1913%)
Mean performance of ditto rpdp global, Perf=0.2471, seed=42
Mean performance of ditto rpdp personal, Perf=0.9549, seed=42
Mean performance of ditto rpdp pooled, Perf=0.1910, seed=42
Client 0: avg epsilon = 0.1359
Client 1: avg epsilon = 0.8300
Client 2: avg epsilon = 0.4555
Client 3: avg epsilon = 0.3057
Client 4: avg epsilon = 0.3982
Client 5: avg epsilon = 0.3407
Client 6: avg epsilon = 0.2392
Client 7: avg epsilon = 0.2807
Client 8: avg epsilon = 1.0279
Client 9: avg epsilon = 0.3017
 We run FedAvg with rPDP (BoundedPareto-0) ...
max_epsilon :  10.0  noise_multiplier :  9.736328125
The R-Squared value of the best-fit curve : 0.999749898528281
learning rate =  0.001
sample_rate: (min) 0.03, (max) 0.04, expected_batch_size: 122
sample_rate: (min) 0.1, (max) 0.19, expected_batch_size: 530
sample_rate: (min) 0.03, (max) 0.14, expected_batch_size: 311
sample_rate: (min) 0.03, (max) 0.09, expected_batch_size: 224
sample_rate: (min) 0.05, (max) 0.1, expected_batch_size: 280
sample_rate: (min) 0.05, (max) 0.07, expected_batch_size: 247
sample_rate: (min) 0.04, (max) 0.05, expected_batch_size: 185
sample_rate: (min) 0.04, (max) 0.06, expected_batch_size: 210
sample_rate: (min) 0.03, (max) 0.98, expected_batch_size: 605
sample_rate: (min) 0.04, (max) 0.08, expected_batch_size: 222
initial privacy cost of all clients:  [0, 0, 0, 0, 0, 0, 0, 0, 0, 0]
Round=0
Round=1
Round=2
Round=3
Round=4
Round=5
Round=6
Round=7
Round=8
Round=9
Round=10
Round=11
Round=12
Round=13
Round=14
current privacy cost of all clients:  [0.12391607075370599, 0.8564368578459931, 0.4847320912909961, 0.32775529298723416, 0.4355712153721561, 0.2732423343389705, 0.21238182498504193, 0.2751462979402989, 8.118065224632089, 0.26441334293555274]
Round=14, per client global perf=[0.0466, 0.8598, 0.3755, 0.3319, 0.6377, 0.0892, 0.699, 0.3515, 0.4956, 0.125], mean perf=8184/20400 (0.4012%)
Round=14, per client personal perf=[0.9627, 0.9985, 0.9721, 0.9995, 1.0, 0.998, 0.9309, 0.998, 0.999, 0.6765], mean perf=19452/20400 (0.9535%)
Round=14, per client personal pooled=[0.1919, 0.1978, 0.1927, 0.2007, 0.2006, 0.202, 0.1848, 0.1987, 0.2008, 0.139], mean perf=38941/204000 (0.1909%)
Mean performance of ditto rpdp global, Perf=0.3573, seed=42
Mean performance of ditto rpdp personal, Perf=0.9530, seed=42
Mean performance of ditto rpdp pooled, Perf=0.1907, seed=42
Client 0: avg epsilon = 0.1000
Client 1: avg epsilon = 2.7342
Client 2: avg epsilon = 0.6161
Client 3: avg epsilon = 0.4739
Client 4: avg epsilon = 0.5376
Client 5: avg epsilon = 0.1481
Client 6: avg epsilon = 0.1116
Client 7: avg epsilon = 0.1250
Client 8: avg epsilon = 2.7522
Client 9: avg epsilon = 0.1457
 We run FedAvg with rPDP (BoundedMixGauss-0) ...
max_epsilon :  10.0  noise_multiplier :  9.736328125
The R-Squared value of the best-fit curve : 0.999749898528281
learning rate =  0.001
sample_rate: (min) 0.03, (max) 0.03, expected_batch_size: 99
sample_rate: (min) 0.16, (max) 0.6, expected_batch_size: 1412
sample_rate: (min) 0.03, (max) 0.19, expected_batch_size: 399
sample_rate: (min) 0.03, (max) 0.15, expected_batch_size: 320
sample_rate: (min) 0.03, (max) 0.16, expected_batch_size: 356
sample_rate: (min) 0.03, (max) 0.04, expected_batch_size: 129
sample_rate: (min) 0.03, (max) 0.03, expected_batch_size: 107
sample_rate: (min) 0.03, (max) 0.03, expected_batch_size: 115
sample_rate: (min) 0.03, (max) 0.79, expected_batch_size: 1324
sample_rate: (min) 0.03, (max) 0.05, expected_batch_size: 128
initial privacy cost of all clients:  [0, 0, 0, 0, 0, 0, 0, 0, 0, 0]
Round=0
Round=1
Round=2
Round=3
Round=4
Round=5
Round=6
Round=7
Round=8
Round=9
Round=10
Round=11
Round=12
Round=13
Round=14
current privacy cost of all clients:  [0.0777036851988212, 3.534975956397318, 0.6932132557201199, 0.6108466999744561, 0.7455131115516312, 0.1230855364247561, 0.10155102630727517, 0.12493225834139175, 5.922965857975325, 0.13982586840833938]
Round=14, per client global perf=[0.0, 0.8618, 0.352, 0.001, 0.1451, 0.0054, 0.3074, 0.1456, 0.4951, 0.0118], mean perf=4743/20400 (0.2325%)
Round=14, per client personal perf=[0.9554, 0.9985, 0.9681, 1.0, 1.0, 0.9975, 0.9314, 0.999, 0.9995, 0.7118], mean perf=19505/20400 (0.9561%)
Round=14, per client personal pooled=[0.1911, 0.1978, 0.1925, 0.2008, 0.2006, 0.202, 0.185, 0.1988, 0.2008, 0.1425], mean perf=39003/204000 (0.1912%)
Mean performance of ditto rpdp global, Perf=0.2704, seed=42
Mean performance of ditto rpdp personal, Perf=0.9528, seed=42
Mean performance of ditto rpdp pooled, Perf=0.1906, seed=42
Finished seed 42
----------------------------------------
Running seed 43
/Users/shegao_t1/DP_Research/Personal_DP_Personal_FL/rpdp_fl/experiments/datasets/fed_fashion_mnist/niid_10_2way_3000shot

Client 0 label distribution:
[(0, 2002), (2, 1958)]

Client 1 label distribution:
[(8, 1994), (9, 1966)]

Client 2 label distribution:
[(0, 1953), (8, 2007)]

Client 3 label distribution:
[(1, 1976), (7, 1984)]

Client 4 label distribution:
[(4, 1986), (7, 1974)]

Client 5 label distribution:
[(5, 1980), (6, 1980)]

Client 6 label distribution:
[(3, 1999), (4, 1961)]

Client 7 label distribution:
[(3, 2018), (5, 1942)]

Client 8 label distribution:
[(1, 1970), (9, 1990)]

Client 9 label distribution:
[(2, 1997), (6, 1963)]
Client 0: avg epsilon = 0.1000
Client 1: avg epsilon = 2.9859
Client 2: avg epsilon = 0.5602
Client 3: avg epsilon = 0.5430
Client 4: avg epsilon = 0.5486
Client 5: avg epsilon = 0.1000
Client 6: avg epsilon = 0.1000
Client 7: avg epsilon = 0.1000
Client 8: avg epsilon = 2.5624
Client 9: avg epsilon = 0.1000
 We run FedAvg with rPDP (ThreeLevels-0) ...
max_epsilon :  10.0  noise_multiplier :  9.736328125
The R-Squared value of the best-fit curve : 0.999749898528281
learning rate =  0.001
sample_rate: (min) 0.03, (max) 0.03, expected_batch_size: 99
sample_rate: (min) 0.16, (max) 0.61, expected_batch_size: 1508
sample_rate: (min) 0.03, (max) 0.61, expected_batch_size: 368
sample_rate: (min) 0.03, (max) 0.16, expected_batch_size: 358
sample_rate: (min) 0.03, (max) 0.16, expected_batch_size: 362
sample_rate: (min) 0.03, (max) 0.03, expected_batch_size: 99
sample_rate: (min) 0.03, (max) 0.03, expected_batch_size: 99
sample_rate: (min) 0.03, (max) 0.03, expected_batch_size: 99
sample_rate: (min) 0.03, (max) 0.61, expected_batch_size: 1256
sample_rate: (min) 0.03, (max) 0.03, expected_batch_size: 99
initial privacy cost of all clients:  [0, 0, 0, 0, 0, 0, 0, 0, 0, 0]
Round=0
Round=1
Round=2
Round=3
Round=4
Round=5
Round=6
Round=7
Round=8
Round=9
Round=10
Round=11
Round=12
Round=13
Round=14
current privacy cost of all clients:  [0.08299634815037049, 3.554611437795162, 3.3043856205918876, 0.7482516858029494, 0.5558558712260362, 0.0777036851988212, 0.06629602355155903, 0.04533992744859791, 3.0541598033886133, 0.0879752932513391]
Round=14, per client global perf=[0.4833, 0.4127, 0.8402, 0.4534, 0.4647, 0.0005, 0.0, 0.0, 0.0, 0.073], mean perf=5565/20400 (0.2728%)
Round=14, per client personal perf=[0.9588, 0.9966, 0.9686, 0.998, 0.998, 0.9975, 0.9157, 0.9877, 0.998, 0.777], mean perf=19576/20400 (0.9596%)
Round=14, per client personal pooled=[0.1917, 0.1973, 0.1922, 0.2006, 0.2004, 0.2021, 0.1808, 0.197, 0.2004, 0.1582], mean perf=39181/204000 (0.1921%)
Mean performance of ditto rpdp global, Perf=0.2480, seed=43
Mean performance of ditto rpdp personal, Perf=0.9529, seed=43
Mean performance of ditto rpdp pooled, Perf=0.1908, seed=43
Client 0: avg epsilon = 0.1370
Client 1: avg epsilon = 0.8330
Client 2: avg epsilon = 0.4569
Client 3: avg epsilon = 0.3083
Client 4: avg epsilon = 0.4020
Client 5: avg epsilon = 0.3436
Client 6: avg epsilon = 0.2417
Client 7: avg epsilon = 0.2834
Client 8: avg epsilon = 1.0490
Client 9: avg epsilon = 0.3045
 We run FedAvg with rPDP (BoundedPareto-0) ...
max_epsilon :  10.0  noise_multiplier :  9.736328125
The R-Squared value of the best-fit curve : 0.999749898528281
learning rate =  0.001
sample_rate: (min) 0.03, (max) 0.04, expected_batch_size: 122
sample_rate: (min) 0.1, (max) 0.19, expected_batch_size: 531
sample_rate: (min) 0.03, (max) 0.14, expected_batch_size: 311
sample_rate: (min) 0.03, (max) 0.09, expected_batch_size: 226
sample_rate: (min) 0.05, (max) 0.1, expected_batch_size: 282
sample_rate: (min) 0.05, (max) 0.07, expected_batch_size: 248
sample_rate: (min) 0.04, (max) 0.05, expected_batch_size: 187
sample_rate: (min) 0.04, (max) 0.07, expected_batch_size: 212
sample_rate: (min) 0.03, (max) 1.0, expected_batch_size: 614
sample_rate: (min) 0.04, (max) 0.08, expected_batch_size: 224
initial privacy cost of all clients:  [0, 0, 0, 0, 0, 0, 0, 0, 0, 0]
Round=0
Round=1
Round=2
Round=3
Round=4
Round=5
Round=6
Round=7
Round=8
Round=9
Round=10
Round=11
Round=12
Round=13
Round=14
current privacy cost of all clients:  [0.13384596778085164, 0.8611440614220764, 0.5784313278423177, 0.3766195748792524, 0.32391913262410976, 0.2747545718185365, 0.1725286460575027, 0.149209138972256, 5.727361884269555, 0.3479899757365371]
Round=14, per client global perf=[0.1451, 0.5392, 0.5328, 0.451, 0.4632, 0.2843, 0.0, 0.0, 0.1324, 0.3284], mean perf=5868/20400 (0.2876%)
Round=14, per client personal perf=[0.9608, 0.9956, 0.9706, 0.999, 0.999, 0.9971, 0.9186, 0.9848, 0.9995, 0.7775], mean perf=19589/20400 (0.9602%)
Round=14, per client personal pooled=[0.1921, 0.1972, 0.1928, 0.2007, 0.2005, 0.2018, 0.1815, 0.1966, 0.2008, 0.1588], mean perf=39224/204000 (0.1923%)
Mean performance of ditto rpdp global, Perf=0.2960, seed=43
Mean performance of ditto rpdp personal, Perf=0.9533, seed=43
Mean performance of ditto rpdp pooled, Perf=0.1909, seed=43
Client 0: avg epsilon = 0.1000
Client 1: avg epsilon = 2.8168
Client 2: avg epsilon = 0.6633
Client 3: avg epsilon = 0.4921
Client 4: avg epsilon = 0.5418
Client 5: avg epsilon = 0.1493
Client 6: avg epsilon = 0.1119
Client 7: avg epsilon = 0.1256
Client 8: avg epsilon = 2.7587
Client 9: avg epsilon = 0.1657
 We run FedAvg with rPDP (BoundedMixGauss-0) ...
max_epsilon :  10.0  noise_multiplier :  9.736328125
The R-Squared value of the best-fit curve : 0.999749898528281
learning rate =  0.001
sample_rate: (min) 0.03, (max) 0.03, expected_batch_size: 99
sample_rate: (min) 0.16, (max) 0.61, expected_batch_size: 1448
sample_rate: (min) 0.03, (max) 0.5, expected_batch_size: 421
sample_rate: (min) 0.03, (max) 0.15, expected_batch_size: 330
sample_rate: (min) 0.03, (max) 0.16, expected_batch_size: 359
sample_rate: (min) 0.03, (max) 0.04, expected_batch_size: 130
sample_rate: (min) 0.03, (max) 0.03, expected_batch_size: 107
sample_rate: (min) 0.03, (max) 0.03, expected_batch_size: 115
sample_rate: (min) 0.03, (max) 0.75, expected_batch_size: 1326
sample_rate: (min) 0.03, (max) 0.13, expected_batch_size: 139
initial privacy cost of all clients:  [0, 0, 0, 0, 0, 0, 0, 0, 0, 0]
Round=0
Round=1
Round=2
Round=3
Round=4
Round=5
Round=6
Round=7
Round=8
Round=9
Round=10
Round=11
Round=12
Round=13
Round=14
current privacy cost of all clients:  [0.08299634815037049, 3.544051361988771, 2.660715654171003, 0.7002221964290131, 0.5581009774236316, 0.12420114642510934, 0.08158735751967872, 0.06583479484901301, 4.078778062978832, 0.6129104221272386]
Round=14, per client global perf=[0.2456, 0.4127, 0.6799, 0.4554, 0.4667, 0.1176, 0.0, 0.0, 0.0, 0.126], mean perf=5108/20400 (0.2504%)
Round=14, per client personal perf=[0.9525, 0.9971, 0.9672, 0.998, 0.9966, 0.998, 0.9108, 0.9877, 0.9985, 0.776], mean perf=19548/20400 (0.9582%)
Round=14, per client personal pooled=[0.1906, 0.1975, 0.1922, 0.2006, 0.2, 0.2021, 0.1808, 0.1969, 0.2007, 0.1579], mean perf=39153/204000 (0.1919%)
Mean performance of ditto rpdp global, Perf=0.2579, seed=43
Mean performance of ditto rpdp personal, Perf=0.9539, seed=43
Mean performance of ditto rpdp pooled, Perf=0.1910, seed=43
Finished seed 43
----------------------------------------
Running seed 44
/Users/shegao_t1/DP_Research/Personal_DP_Personal_FL/rpdp_fl/experiments/datasets/fed_fashion_mnist/niid_10_2way_3000shot

Client 0 label distribution:
[(0, 2002), (2, 1958)]

Client 1 label distribution:
[(8, 1994), (9, 1966)]

Client 2 label distribution:
[(0, 1953), (8, 2007)]

Client 3 label distribution:
[(1, 1976), (7, 1984)]

Client 4 label distribution:
[(4, 1986), (7, 1974)]

Client 5 label distribution:
[(5, 1980), (6, 1980)]

Client 6 label distribution:
[(3, 1999), (4, 1961)]

Client 7 label distribution:
[(3, 2018), (5, 1942)]

Client 8 label distribution:
[(1, 1970), (9, 1990)]

Client 9 label distribution:
[(2, 1997), (6, 1963)]
Client 0: avg epsilon = 0.1000
Client 1: avg epsilon = 2.9859
Client 2: avg epsilon = 0.5602
Client 3: avg epsilon = 0.5430
Client 4: avg epsilon = 0.5486
Client 5: avg epsilon = 0.1000
Client 6: avg epsilon = 0.1000
Client 7: avg epsilon = 0.1000
Client 8: avg epsilon = 2.5624
Client 9: avg epsilon = 0.1000
 We run FedAvg with rPDP (ThreeLevels-0) ...
max_epsilon :  10.0  noise_multiplier :  9.736328125
The R-Squared value of the best-fit curve : 0.999749898528281
learning rate =  0.001
sample_rate: (min) 0.03, (max) 0.03, expected_batch_size: 99
sample_rate: (min) 0.16, (max) 0.61, expected_batch_size: 1508
sample_rate: (min) 0.03, (max) 0.61, expected_batch_size: 368
sample_rate: (min) 0.03, (max) 0.16, expected_batch_size: 358
sample_rate: (min) 0.03, (max) 0.16, expected_batch_size: 362
sample_rate: (min) 0.03, (max) 0.03, expected_batch_size: 99
sample_rate: (min) 0.03, (max) 0.03, expected_batch_size: 99
sample_rate: (min) 0.03, (max) 0.03, expected_batch_size: 99
sample_rate: (min) 0.03, (max) 0.61, expected_batch_size: 1256
sample_rate: (min) 0.03, (max) 0.03, expected_batch_size: 99
initial privacy cost of all clients:  [0, 0, 0, 0, 0, 0, 0, 0, 0, 0]
Round=0
Round=1
Round=2
Round=3
Round=4
Round=5
Round=6
Round=7
Round=8
Round=9
Round=10
Round=11
Round=12
Round=13
Round=14
current privacy cost of all clients:  [0.08299634815037049, 4.510367153745826, 3.8048372549984366, 0.4329280232702186, 0.8300921245073416, 0.06629602355155903, 0.05997229379927632, 0.06629602355155903, 2.8039339861853394, 0.0777036851988212]
Round=14, per client global perf=[0.275, 0.9578, 0.7735, 0.0, 0.1485, 0.0123, 0.1426, 0.0, 0.4765, 0.0113], mean perf=5707/20400 (0.2798%)
Round=14, per client personal perf=[0.9534, 0.9975, 0.9711, 0.9975, 0.9995, 0.9971, 0.9172, 0.9975, 0.9985, 0.7397], mean perf=19521/20400 (0.9569%)
Round=14, per client personal pooled=[0.1904, 0.1976, 0.1928, 0.2003, 0.2004, 0.2018, 0.1812, 0.1985, 0.2007, 0.1491], mean perf=39024/204000 (0.1913%)
Mean performance of ditto rpdp global, Perf=0.3010, seed=44
Mean performance of ditto rpdp personal, Perf=0.9533, seed=44
Mean performance of ditto rpdp pooled, Perf=0.1906, seed=44
Client 0: avg epsilon = 0.1355
Client 1: avg epsilon = 0.8401
Client 2: avg epsilon = 0.4584
Client 3: avg epsilon = 0.3085
Client 4: avg epsilon = 0.4010
Client 5: avg epsilon = 0.3408
Client 6: avg epsilon = 0.2381
Client 7: avg epsilon = 0.2795
Client 8: avg epsilon = 1.0369
Client 9: avg epsilon = 0.3029
 We run FedAvg with rPDP (BoundedPareto-0) ...
max_epsilon :  10.0  noise_multiplier :  9.736328125
The R-Squared value of the best-fit curve : 0.999749898528281
learning rate =  0.001
sample_rate: (min) 0.03, (max) 0.04, expected_batch_size: 121
sample_rate: (min) 0.1, (max) 0.19, expected_batch_size: 535
sample_rate: (min) 0.03, (max) 0.14, expected_batch_size: 312
sample_rate: (min) 0.03, (max) 0.09, expected_batch_size: 226
sample_rate: (min) 0.05, (max) 0.1, expected_batch_size: 282
sample_rate: (min) 0.05, (max) 0.07, expected_batch_size: 247
sample_rate: (min) 0.04, (max) 0.05, expected_batch_size: 184
sample_rate: (min) 0.04, (max) 0.06, expected_batch_size: 210
sample_rate: (min) 0.03, (max) 1.0, expected_batch_size: 609
sample_rate: (min) 0.04, (max) 0.08, expected_batch_size: 223
initial privacy cost of all clients:  [0, 0, 0, 0, 0, 0, 0, 0, 0, 0]
Round=0
Round=1
Round=2
Round=3
Round=4
Round=5
Round=6
Round=7
Round=8
Round=9
Round=10
Round=11
Round=12
Round=13
Round=14
current privacy cost of all clients:  [0.13140898679775972, 1.0773600419568403, 0.660066882701084, 0.21650482764182097, 0.487181371149898, 0.23718180222679167, 0.15535843273812916, 0.21038793547456405, 5.189319301399437, 0.3102761686194495]
Round=14, per client global perf=[0.1181, 0.9157, 0.5922, 0.0, 0.4015, 0.0691, 0.4201, 0.0, 0.451, 0.0574], mean perf=6171/20400 (0.3025%)
Round=14, per client personal perf=[0.9647, 0.9975, 0.9701, 0.9985, 0.9961, 0.9966, 0.9196, 0.9966, 0.999, 0.7294], mean perf=19519/20400 (0.9568%)
Round=14, per client personal pooled=[0.1927, 0.1976, 0.1922, 0.2006, 0.2, 0.2018, 0.1814, 0.1983, 0.2008, 0.1483], mean perf=39041/204000 (0.1914%)
Mean performance of ditto rpdp global, Perf=0.3342, seed=44
Mean performance of ditto rpdp personal, Perf=0.9533, seed=44
Mean performance of ditto rpdp pooled, Perf=0.1907, seed=44
Client 0: avg epsilon = 0.1000
Client 1: avg epsilon = 2.8104
Client 2: avg epsilon = 0.6547
Client 3: avg epsilon = 0.4780
Client 4: avg epsilon = 0.5385
Client 5: avg epsilon = 0.1482
Client 6: avg epsilon = 0.1116
Client 7: avg epsilon = 0.1249
Client 8: avg epsilon = 2.7601
Client 9: avg epsilon = 0.1463
 We run FedAvg with rPDP (BoundedMixGauss-0) ...
max_epsilon :  10.0  noise_multiplier :  9.736328125
The R-Squared value of the best-fit curve : 0.999749898528281
learning rate =  0.001
sample_rate: (min) 0.03, (max) 0.03, expected_batch_size: 99
sample_rate: (min) 0.16, (max) 0.61, expected_batch_size: 1445
sample_rate: (min) 0.03, (max) 0.5, expected_batch_size: 417
sample_rate: (min) 0.03, (max) 0.15, expected_batch_size: 322
sample_rate: (min) 0.03, (max) 0.16, expected_batch_size: 357
sample_rate: (min) 0.03, (max) 0.04, expected_batch_size: 129
sample_rate: (min) 0.03, (max) 0.03, expected_batch_size: 107
sample_rate: (min) 0.03, (max) 0.03, expected_batch_size: 115
sample_rate: (min) 0.03, (max) 0.77, expected_batch_size: 1326
sample_rate: (min) 0.03, (max) 0.05, expected_batch_size: 128
initial privacy cost of all clients:  [0, 0, 0, 0, 0, 0, 0, 0, 0, 0]
Round=0
Round=1
Round=2
Round=3
Round=4
Round=5
Round=6
Round=7
Round=8
Round=9
Round=10
Round=11
Round=12
Round=13
Round=14
current privacy cost of all clients:  [0.08299634815037049, 4.504632508203673, 2.989350746560248, 0.40215631793856094, 0.8285656541237807, 0.1052954857417839, 0.07367174226947429, 0.09463130723209448, 3.744154547986864, 0.1720416421973099]
Round=14, per client global perf=[0.0892, 0.9578, 0.5593, 0.0, 0.1882, 0.1029, 0.1951, 0.0, 0.475, 0.0873], mean perf=5416/20400 (0.2655%)
Round=14, per client personal perf=[0.9564, 0.9985, 0.9696, 0.9975, 1.0, 0.9966, 0.9245, 0.9966, 0.999, 0.7549], mean perf=19571/20400 (0.9594%)
Round=14, per client personal pooled=[0.1915, 0.1977, 0.1915, 0.2003, 0.2005, 0.2017, 0.182, 0.1984, 0.2008, 0.1526], mean perf=39107/204000 (0.1917%)
Mean performance of ditto rpdp global, Perf=0.3076, seed=44
Mean performance of ditto rpdp personal, Perf=0.9532, seed=44
Mean performance of ditto rpdp pooled, Perf=0.1906, seed=44
Finished seed 44
----------------------------------------
Running seed 45
/Users/shegao_t1/DP_Research/Personal_DP_Personal_FL/rpdp_fl/experiments/datasets/fed_fashion_mnist/niid_10_2way_3000shot

Client 0 label distribution:
[(0, 2002), (2, 1958)]

Client 1 label distribution:
[(8, 1994), (9, 1966)]

Client 2 label distribution:
[(0, 1953), (8, 2007)]

Client 3 label distribution:
[(1, 1976), (7, 1984)]

Client 4 label distribution:
[(4, 1986), (7, 1974)]

Client 5 label distribution:
[(5, 1980), (6, 1980)]

Client 6 label distribution:
[(3, 1999), (4, 1961)]

Client 7 label distribution:
[(3, 2018), (5, 1942)]

Client 8 label distribution:
[(1, 1970), (9, 1990)]

Client 9 label distribution:
[(2, 1997), (6, 1963)]
Client 0: avg epsilon = 0.1000
Client 1: avg epsilon = 2.9859
Client 2: avg epsilon = 0.5602
Client 3: avg epsilon = 0.5430
Client 4: avg epsilon = 0.5486
Client 5: avg epsilon = 0.1000
Client 6: avg epsilon = 0.1000
Client 7: avg epsilon = 0.1000
Client 8: avg epsilon = 2.5624
Client 9: avg epsilon = 0.1000
 We run FedAvg with rPDP (ThreeLevels-0) ...
max_epsilon :  10.0  noise_multiplier :  9.736328125
The R-Squared value of the best-fit curve : 0.999749898528281
learning rate =  0.001
sample_rate: (min) 0.03, (max) 0.03, expected_batch_size: 99
sample_rate: (min) 0.16, (max) 0.61, expected_batch_size: 1508
sample_rate: (min) 0.03, (max) 0.61, expected_batch_size: 368
sample_rate: (min) 0.03, (max) 0.16, expected_batch_size: 358
sample_rate: (min) 0.03, (max) 0.16, expected_batch_size: 362
sample_rate: (min) 0.03, (max) 0.03, expected_batch_size: 99
sample_rate: (min) 0.03, (max) 0.03, expected_batch_size: 99
sample_rate: (min) 0.03, (max) 0.03, expected_batch_size: 99
sample_rate: (min) 0.03, (max) 0.61, expected_batch_size: 1256
sample_rate: (min) 0.03, (max) 0.03, expected_batch_size: 99
initial privacy cost of all clients:  [0, 0, 0, 0, 0, 0, 0, 0, 0, 0]
Round=0
Round=1
Round=2
Round=3
Round=4
Round=5
Round=6
Round=7
Round=8
Round=9
Round=10
Round=11
Round=12
Round=13
Round=14
current privacy cost of all clients:  [0.0777036851988212, 3.554611437795162, 3.3043856205918876, 0.49782670836934756, 0.7046321452486275, 0.0879752932513391, 0.0777036851988212, 0.05997229379927632, 3.8048372549984366, 0.0879752932513391]
Round=14, per client global perf=[0.0657, 0.9005, 0.4088, 0.0, 0.1235, 0.0328, 0.1304, 0.0, 0.4858, 0.0931], mean perf=4571/20400 (0.2241%)
Round=14, per client personal perf=[0.9574, 0.9975, 0.9716, 0.999, 0.998, 0.998, 0.9172, 0.9966, 0.999, 0.7461], mean perf=19544/20400 (0.9580%)
Round=14, per client personal pooled=[0.1911, 0.1976, 0.1925, 0.2007, 0.2002, 0.2021, 0.1815, 0.1984, 0.2006, 0.1521], mean perf=39104/204000 (0.1917%)
Mean performance of ditto rpdp global, Perf=0.2179, seed=45
Mean performance of ditto rpdp personal, Perf=0.9560, seed=45
Mean performance of ditto rpdp pooled, Perf=0.1913, seed=45
Client 0: avg epsilon = 0.1357
Client 1: avg epsilon = 0.8295
Client 2: avg epsilon = 0.4568
Client 3: avg epsilon = 0.3092
Client 4: avg epsilon = 0.4011
Client 5: avg epsilon = 0.3422
Client 6: avg epsilon = 0.2386
Client 7: avg epsilon = 0.2815
Client 8: avg epsilon = 1.0373
Client 9: avg epsilon = 0.3045
 We run FedAvg with rPDP (BoundedPareto-0) ...
max_epsilon :  10.0  noise_multiplier :  9.736328125
The R-Squared value of the best-fit curve : 0.999749898528281
learning rate =  0.001
sample_rate: (min) 0.03, (max) 0.04, expected_batch_size: 122
sample_rate: (min) 0.1, (max) 0.19, expected_batch_size: 530
sample_rate: (min) 0.03, (max) 0.14, expected_batch_size: 311
sample_rate: (min) 0.03, (max) 0.09, expected_batch_size: 226
sample_rate: (min) 0.05, (max) 0.1, expected_batch_size: 282
sample_rate: (min) 0.05, (max) 0.07, expected_batch_size: 247
sample_rate: (min) 0.04, (max) 0.05, expected_batch_size: 185
sample_rate: (min) 0.04, (max) 0.07, expected_batch_size: 211
sample_rate: (min) 0.03, (max) 1.0, expected_batch_size: 608
sample_rate: (min) 0.04, (max) 0.08, expected_batch_size: 224
initial privacy cost of all clients:  [0, 0, 0, 0, 0, 0, 0, 0, 0, 0]
Round=0
Round=1
Round=2
Round=3
Round=4
Round=5
Round=6
Round=7
Round=8
Round=9
Round=10
Round=11
Round=12
Round=13
Round=14
current privacy cost of all clients:  [0.1238683048379443, 0.8541831583712962, 0.5739380633593378, 0.25000972001783284, 0.4119136861964469, 0.31059687984969775, 0.19899062609862578, 0.19284472400682245, 7.341489632879909, 0.35041142082437643]
Round=14, per client global perf=[0.0, 0.8814, 0.4127, 0.0, 0.1794, 0.3525, 0.1838, 0.0034, 0.4735, 0.3529], mean perf=5793/20400 (0.2840%)
Round=14, per client personal perf=[0.9544, 0.9985, 0.974, 0.9985, 0.9995, 0.9966, 0.9157, 0.9951, 0.9995, 0.7299], mean perf=19506/20400 (0.9562%)
Round=14, per client personal pooled=[0.1911, 0.1977, 0.1931, 0.2006, 0.2005, 0.2018, 0.1809, 0.1981, 0.2008, 0.1491], mean perf=39042/204000 (0.1914%)
Mean performance of ditto rpdp global, Perf=0.2554, seed=45
Mean performance of ditto rpdp personal, Perf=0.9570, seed=45
Mean performance of ditto rpdp pooled, Perf=0.1914, seed=45
Client 0: avg epsilon = 0.1000
Client 1: avg epsilon = 2.8222
Client 2: avg epsilon = 0.6731
Client 3: avg epsilon = 0.4920
Client 4: avg epsilon = 0.5410
Client 5: avg epsilon = 0.1489
Client 6: avg epsilon = 0.1118
Client 7: avg epsilon = 0.1255
Client 8: avg epsilon = 2.7609
Client 9: avg epsilon = 0.1638
 We run FedAvg with rPDP (BoundedMixGauss-0) ...
max_epsilon :  10.0  noise_multiplier :  9.736328125
The R-Squared value of the best-fit curve : 0.999749898528281
learning rate =  0.001
sample_rate: (min) 0.03, (max) 0.03, expected_batch_size: 99
sample_rate: (min) 0.16, (max) 0.61, expected_batch_size: 1450
sample_rate: (min) 0.03, (max) 0.51, expected_batch_size: 426
sample_rate: (min) 0.03, (max) 0.15, expected_batch_size: 330
sample_rate: (min) 0.03, (max) 0.16, expected_batch_size: 358
sample_rate: (min) 0.03, (max) 0.04, expected_batch_size: 130
sample_rate: (min) 0.03, (max) 0.03, expected_batch_size: 107
sample_rate: (min) 0.03, (max) 0.03, expected_batch_size: 115
sample_rate: (min) 0.03, (max) 0.77, expected_batch_size: 1327
sample_rate: (min) 0.03, (max) 0.13, expected_batch_size: 138
initial privacy cost of all clients:  [0, 0, 0, 0, 0, 0, 0, 0, 0, 0]
Round=0
Round=1
Round=2
Round=3
Round=4
Round=5
Round=6
Round=7
Round=8
Round=9
Round=10
Round=11
Round=12
Round=13
Round=14
current privacy cost of all clients:  [0.0777036851988212, 3.553695072396664, 2.6890150351182838, 0.4652031769170788, 0.7064826366812412, 0.13987617336339558, 0.0953080302093682, 0.08625029115926232, 5.099062056828933, 0.6080978287292964]
Round=14, per client global perf=[0.0, 0.8985, 0.4039, 0.0, 0.0, 0.3, 0.0, 0.0, 0.4858, 0.3108], mean perf=4894/20400 (0.2399%)
Round=14, per client personal perf=[0.9559, 0.999, 0.974, 0.999, 1.0, 0.9971, 0.9108, 0.9956, 0.9985, 0.7426], mean perf=19528/20400 (0.9573%)
Round=14, per client personal pooled=[0.191, 0.1978, 0.1928, 0.2007, 0.2006, 0.2019, 0.1801, 0.1982, 0.2006, 0.153], mean perf=39100/204000 (0.1917%)
Mean performance of ditto rpdp global, Perf=0.1858, seed=45
Mean performance of ditto rpdp personal, Perf=0.9563, seed=45
Mean performance of ditto rpdp pooled, Perf=0.1912, seed=45
Finished seed 45
----------------------------------------
Running seed 46
/Users/shegao_t1/DP_Research/Personal_DP_Personal_FL/rpdp_fl/experiments/datasets/fed_fashion_mnist/niid_10_2way_3000shot

Client 0 label distribution:
[(0, 2002), (2, 1958)]

Client 1 label distribution:
[(8, 1994), (9, 1966)]

Client 2 label distribution:
[(0, 1953), (8, 2007)]

Client 3 label distribution:
[(1, 1976), (7, 1984)]

Client 4 label distribution:
[(4, 1986), (7, 1974)]

Client 5 label distribution:
[(5, 1980), (6, 1980)]

Client 6 label distribution:
[(3, 1999), (4, 1961)]

Client 7 label distribution:
[(3, 2018), (5, 1942)]

Client 8 label distribution:
[(1, 1970), (9, 1990)]

Client 9 label distribution:
[(2, 1997), (6, 1963)]
Client 0: avg epsilon = 0.1000
Client 1: avg epsilon = 2.9859
Client 2: avg epsilon = 0.5602
Client 3: avg epsilon = 0.5430
Client 4: avg epsilon = 0.5486
Client 5: avg epsilon = 0.1000
Client 6: avg epsilon = 0.1000
Client 7: avg epsilon = 0.1000
Client 8: avg epsilon = 2.5624
Client 9: avg epsilon = 0.1000
 We run FedAvg with rPDP (ThreeLevels-0) ...
max_epsilon :  10.0  noise_multiplier :  9.736328125
The R-Squared value of the best-fit curve : 0.999749898528281
learning rate =  0.001
sample_rate: (min) 0.03, (max) 0.03, expected_batch_size: 99
sample_rate: (min) 0.16, (max) 0.61, expected_batch_size: 1508
sample_rate: (min) 0.03, (max) 0.61, expected_batch_size: 368
sample_rate: (min) 0.03, (max) 0.16, expected_batch_size: 358
sample_rate: (min) 0.03, (max) 0.16, expected_batch_size: 362
sample_rate: (min) 0.03, (max) 0.03, expected_batch_size: 99
sample_rate: (min) 0.03, (max) 0.03, expected_batch_size: 99
sample_rate: (min) 0.03, (max) 0.03, expected_batch_size: 99
sample_rate: (min) 0.03, (max) 0.61, expected_batch_size: 1256
sample_rate: (min) 0.03, (max) 0.03, expected_batch_size: 99
initial privacy cost of all clients:  [0, 0, 0, 0, 0, 0, 0, 0, 0, 0]
Round=0
Round=1
Round=2
Round=3
Round=4
Round=5
Round=6
Round=7
Round=8
Round=9
Round=10
Round=11
Round=12
Round=13
Round=14
current privacy cost of all clients:  [0.07214729257008984, 3.8048372549984366, 3.3043856205918876, 0.7046321452486275, 0.6583580204409699, 0.0777036851988212, 0.0777036851988212, 0.09280122601357536, 4.055063072201711, 0.0777036851988212]
Round=14, per client global perf=[0.1328, 0.9221, 0.5456, 0.1681, 0.1618, 0.0069, 0.448, 0.4284, 0.4931, 0.0064], mean perf=6759/20400 (0.3313%)
Round=14, per client personal perf=[0.9466, 0.9975, 0.9691, 0.999, 0.9995, 0.9946, 0.9314, 0.9961, 0.999, 0.7412], mean perf=19531/20400 (0.9574%)
Round=14, per client personal pooled=[0.1896, 0.1975, 0.1924, 0.2007, 0.2005, 0.2014, 0.1842, 0.1984, 0.2008, 0.1485], mean perf=39045/204000 (0.1914%)
Mean performance of ditto rpdp global, Perf=0.3373, seed=46
Mean performance of ditto rpdp personal, Perf=0.9530, seed=46
Mean performance of ditto rpdp pooled, Perf=0.1908, seed=46
Client 0: avg epsilon = 0.1358
Client 1: avg epsilon = 0.8267
Client 2: avg epsilon = 0.4535
Client 3: avg epsilon = 0.3048
Client 4: avg epsilon = 0.3962
Client 5: avg epsilon = 0.3397
Client 6: avg epsilon = 0.2384
Client 7: avg epsilon = 0.2801
Client 8: avg epsilon = 1.0406
Client 9: avg epsilon = 0.3006
 We run FedAvg with rPDP (BoundedPareto-0) ...
max_epsilon :  10.0  noise_multiplier :  9.736328125
The R-Squared value of the best-fit curve : 0.999749898528281
learning rate =  0.001
sample_rate: (min) 0.03, (max) 0.04, expected_batch_size: 122
sample_rate: (min) 0.1, (max) 0.19, expected_batch_size: 528
sample_rate: (min) 0.03, (max) 0.14, expected_batch_size: 309
sample_rate: (min) 0.03, (max) 0.09, expected_batch_size: 224
sample_rate: (min) 0.05, (max) 0.1, expected_batch_size: 279
sample_rate: (min) 0.05, (max) 0.07, expected_batch_size: 246
sample_rate: (min) 0.04, (max) 0.05, expected_batch_size: 185
sample_rate: (min) 0.04, (max) 0.06, expected_batch_size: 210
sample_rate: (min) 0.03, (max) 1.0, expected_batch_size: 611
sample_rate: (min) 0.04, (max) 0.08, expected_batch_size: 222
initial privacy cost of all clients:  [0, 0, 0, 0, 0, 0, 0, 0, 0, 0]
Round=0
Round=1
Round=2
Round=3
Round=4
Round=5
Round=6
Round=7
Round=8
Round=9
Round=10
Round=11
Round=12
Round=13
Round=14
current privacy cost of all clients:  [0.11527426457360314, 0.9160350419147562, 0.572739041523169, 0.3489334045351679, 0.37883438502003774, 0.2713085493344183, 0.19890602970821353, 0.28836564175189583, 7.879532215750026, 0.30628117332886035]
Round=14, per client global perf=[0.0064, 0.9324, 0.4304, 0.2505, 0.3804, 0.0265, 0.6093, 0.4721, 0.4926, 0.0275], mean perf=7401/20400 (0.3628%)
Round=14, per client personal perf=[0.9544, 0.9985, 0.9696, 0.999, 0.9995, 0.9951, 0.925, 0.9951, 0.999, 0.75], mean perf=19554/20400 (0.9585%)
Round=14, per client personal pooled=[0.1912, 0.1976, 0.1925, 0.2007, 0.2004, 0.2013, 0.1824, 0.1983, 0.2008, 0.1513], mean perf=39097/204000 (0.1917%)
Mean performance of ditto rpdp global, Perf=0.3104, seed=46
Mean performance of ditto rpdp personal, Perf=0.9573, seed=46
Mean performance of ditto rpdp pooled, Perf=0.1913, seed=46
Client 0: avg epsilon = 0.1000
Client 1: avg epsilon = 2.7303
Client 2: avg epsilon = 0.6163
Client 3: avg epsilon = 0.4688
Client 4: avg epsilon = 0.5368
Client 5: avg epsilon = 0.1476
Client 6: avg epsilon = 0.1112
Client 7: avg epsilon = 0.1243
Client 8: avg epsilon = 2.7628
Client 9: avg epsilon = 0.1452
 We run FedAvg with rPDP (BoundedMixGauss-0) ...
max_epsilon :  10.0  noise_multiplier :  9.736328125
The R-Squared value of the best-fit curve : 0.999749898528281
learning rate =  0.001
sample_rate: (min) 0.03, (max) 0.03, expected_batch_size: 99
sample_rate: (min) 0.16, (max) 0.61, expected_batch_size: 1410
sample_rate: (min) 0.03, (max) 0.19, expected_batch_size: 399
sample_rate: (min) 0.03, (max) 0.15, expected_batch_size: 317
sample_rate: (min) 0.03, (max) 0.16, expected_batch_size: 356
sample_rate: (min) 0.03, (max) 0.04, expected_batch_size: 129
sample_rate: (min) 0.03, (max) 0.03, expected_batch_size: 106
sample_rate: (min) 0.03, (max) 0.03, expected_batch_size: 114
sample_rate: (min) 0.03, (max) 0.75, expected_batch_size: 1327
sample_rate: (min) 0.03, (max) 0.05, expected_batch_size: 127
initial privacy cost of all clients:  [0, 0, 0, 0, 0, 0, 0, 0, 0, 0]
Round=0
Round=1
Round=2
Round=3
Round=4
Round=5
Round=6
Round=7
Round=8
Round=9
Round=10
Round=11
Round=12
Round=13
Round=14
current privacy cost of all clients:  [0.07214729257008984, 3.7918539772409874, 0.8238668132222364, 0.6515360350996892, 0.6559098589414954, 0.1223478075244293, 0.09461864940434495, 0.1311642201900802, 5.25008866728307, 0.1621993720914851]
Round=14, per client global perf=[0.0069, 0.9206, 0.423, 0.1382, 0.1333, 0.0417, 0.4412, 0.423, 0.4936, 0.0392], mean perf=6244/20400 (0.3061%)
Round=14, per client personal perf=[0.9574, 0.998, 0.9686, 0.999, 0.999, 0.9956, 0.9181, 0.9961, 0.9985, 0.7309], mean perf=19505/20400 (0.9561%)
Round=14, per client personal pooled=[0.1919, 0.1977, 0.1923, 0.2007, 0.2003, 0.2015, 0.1813, 0.1984, 0.2006, 0.1484], mean perf=39027/204000 (0.1913%)
Mean performance of ditto rpdp global, Perf=0.2904, seed=46
Mean performance of ditto rpdp personal, Perf=0.9537, seed=46
Mean performance of ditto rpdp pooled, Perf=0.1908, seed=46
Finished seed 46
----------------------------------------
=== Running reg_param=0.001, num_steps=15 ===
Running seed 42
/Users/shegao_t1/DP_Research/Personal_DP_Personal_FL/rpdp_fl/experiments/datasets/fed_fashion_mnist/niid_10_2way_3000shot

Client 0 label distribution:
[(0, 2002), (2, 1958)]

Client 1 label distribution:
[(8, 1994), (9, 1966)]

Client 2 label distribution:
[(0, 1953), (8, 2007)]

Client 3 label distribution:
[(1, 1976), (7, 1984)]

Client 4 label distribution:
[(4, 1986), (7, 1974)]

Client 5 label distribution:
[(5, 1980), (6, 1980)]

Client 6 label distribution:
[(3, 1999), (4, 1961)]

Client 7 label distribution:
[(3, 2018), (5, 1942)]

Client 8 label distribution:
[(1, 1970), (9, 1990)]

Client 9 label distribution:
[(2, 1997), (6, 1963)]
Client 0: avg epsilon = 0.1000
Client 1: avg epsilon = 2.9859
Client 2: avg epsilon = 0.5602
Client 3: avg epsilon = 0.5430
Client 4: avg epsilon = 0.5486
Client 5: avg epsilon = 0.1000
Client 6: avg epsilon = 0.1000
Client 7: avg epsilon = 0.1000
Client 8: avg epsilon = 2.5624
Client 9: avg epsilon = 0.1000
 We run FedAvg with rPDP (ThreeLevels-0) ...
max_epsilon :  10.0  noise_multiplier :  9.736328125
The R-Squared value of the best-fit curve : 0.999749898528281
learning rate =  0.001
sample_rate: (min) 0.03, (max) 0.03, expected_batch_size: 99
sample_rate: (min) 0.16, (max) 0.61, expected_batch_size: 1508
sample_rate: (min) 0.03, (max) 0.61, expected_batch_size: 368
sample_rate: (min) 0.03, (max) 0.16, expected_batch_size: 358
sample_rate: (min) 0.03, (max) 0.16, expected_batch_size: 362
sample_rate: (min) 0.03, (max) 0.03, expected_batch_size: 99
sample_rate: (min) 0.03, (max) 0.03, expected_batch_size: 99
sample_rate: (min) 0.03, (max) 0.03, expected_batch_size: 99
sample_rate: (min) 0.03, (max) 0.61, expected_batch_size: 1256
sample_rate: (min) 0.03, (max) 0.03, expected_batch_size: 99
initial privacy cost of all clients:  [0, 0, 0, 0, 0, 0, 0, 0, 0, 0]
Round=0
Round=1
Round=2
Round=3
Round=4
Round=5
Round=6
Round=7
Round=8
Round=9
Round=10
Round=11
Round=12
Round=13
Round=14
current privacy cost of all clients:  [0.0777036851988212, 3.554611437795162, 2.8039339861853394, 0.6583580204409699, 0.7482516858029494, 0.0777036851988212, 0.08299634815037049, 0.0879752932513391, 4.305288889404985, 0.06629602355155903]
Round=14, per client global perf=[0.0745, 0.8235, 0.3221, 0.0005, 0.0049, 0.0, 0.1083, 0.0912, 0.4951, 0.0838], mean perf=4088/20400 (0.2004%)
Round=14, per client personal perf=[0.9623, 0.999, 0.9716, 0.9995, 1.0, 0.9951, 0.9328, 0.999, 0.999, 0.7147], mean perf=19529/20400 (0.9573%)
Round=14, per client personal pooled=[0.1922, 0.1978, 0.1925, 0.2007, 0.2006, 0.2014, 0.1847, 0.1988, 0.2008, 0.1444], mean perf=39043/204000 (0.1914%)
Mean performance of ditto rpdp global, Perf=0.2471, seed=42
Mean performance of ditto rpdp personal, Perf=0.9550, seed=42
Mean performance of ditto rpdp pooled, Perf=0.1910, seed=42
Client 0: avg epsilon = 0.1359
Client 1: avg epsilon = 0.8300
Client 2: avg epsilon = 0.4555
Client 3: avg epsilon = 0.3057
Client 4: avg epsilon = 0.3982
Client 5: avg epsilon = 0.3407
Client 6: avg epsilon = 0.2392
Client 7: avg epsilon = 0.2807
Client 8: avg epsilon = 1.0279
Client 9: avg epsilon = 0.3017
 We run FedAvg with rPDP (BoundedPareto-0) ...
max_epsilon :  10.0  noise_multiplier :  9.736328125
The R-Squared value of the best-fit curve : 0.999749898528281
learning rate =  0.001
sample_rate: (min) 0.03, (max) 0.04, expected_batch_size: 122
sample_rate: (min) 0.1, (max) 0.19, expected_batch_size: 530
sample_rate: (min) 0.03, (max) 0.14, expected_batch_size: 311
sample_rate: (min) 0.03, (max) 0.09, expected_batch_size: 224
sample_rate: (min) 0.05, (max) 0.1, expected_batch_size: 280
sample_rate: (min) 0.05, (max) 0.07, expected_batch_size: 247
sample_rate: (min) 0.04, (max) 0.05, expected_batch_size: 185
sample_rate: (min) 0.04, (max) 0.06, expected_batch_size: 210
sample_rate: (min) 0.03, (max) 0.98, expected_batch_size: 605
sample_rate: (min) 0.04, (max) 0.08, expected_batch_size: 222
initial privacy cost of all clients:  [0, 0, 0, 0, 0, 0, 0, 0, 0, 0]
Round=0
Round=1
Round=2
Round=3
Round=4
Round=5
Round=6
Round=7
Round=8
Round=9
Round=10
Round=11
Round=12
Round=13
Round=14
current privacy cost of all clients:  [0.12391607075370599, 0.8564368578459931, 0.4847320912909961, 0.32775529298723416, 0.4355712153721561, 0.2732423343389705, 0.21238182498504193, 0.2751462979402989, 8.118065224632089, 0.26441334293555274]
Round=14, per client global perf=[0.0466, 0.8598, 0.3755, 0.3319, 0.6377, 0.0892, 0.699, 0.3515, 0.4956, 0.125], mean perf=8184/20400 (0.4012%)
Round=14, per client personal perf=[0.9588, 0.998, 0.9721, 0.9995, 1.0, 0.9975, 0.9294, 0.998, 0.9995, 0.6755], mean perf=19438/20400 (0.9528%)
Round=14, per client personal pooled=[0.1917, 0.1976, 0.1928, 0.2007, 0.2006, 0.2019, 0.1844, 0.1987, 0.2008, 0.1388], mean perf=38924/204000 (0.1908%)
Mean performance of ditto rpdp global, Perf=0.3573, seed=42
Mean performance of ditto rpdp personal, Perf=0.9532, seed=42
Mean performance of ditto rpdp pooled, Perf=0.1907, seed=42
Client 0: avg epsilon = 0.1000
Client 1: avg epsilon = 2.7342
Client 2: avg epsilon = 0.6161
Client 3: avg epsilon = 0.4739
Client 4: avg epsilon = 0.5376
Client 5: avg epsilon = 0.1481
Client 6: avg epsilon = 0.1116
Client 7: avg epsilon = 0.1250
Client 8: avg epsilon = 2.7522
Client 9: avg epsilon = 0.1457
 We run FedAvg with rPDP (BoundedMixGauss-0) ...
max_epsilon :  10.0  noise_multiplier :  9.736328125
The R-Squared value of the best-fit curve : 0.999749898528281
learning rate =  0.001
sample_rate: (min) 0.03, (max) 0.03, expected_batch_size: 99
sample_rate: (min) 0.16, (max) 0.6, expected_batch_size: 1412
sample_rate: (min) 0.03, (max) 0.19, expected_batch_size: 399
sample_rate: (min) 0.03, (max) 0.15, expected_batch_size: 320
sample_rate: (min) 0.03, (max) 0.16, expected_batch_size: 356
sample_rate: (min) 0.03, (max) 0.04, expected_batch_size: 129
sample_rate: (min) 0.03, (max) 0.03, expected_batch_size: 107
sample_rate: (min) 0.03, (max) 0.03, expected_batch_size: 115
sample_rate: (min) 0.03, (max) 0.79, expected_batch_size: 1324
sample_rate: (min) 0.03, (max) 0.05, expected_batch_size: 128
initial privacy cost of all clients:  [0, 0, 0, 0, 0, 0, 0, 0, 0, 0]
Round=0
Round=1
Round=2
Round=3
Round=4
Round=5
Round=6
Round=7
Round=8
Round=9
Round=10
Round=11
Round=12
Round=13
Round=14
current privacy cost of all clients:  [0.0777036851988212, 3.534975956397318, 0.6932132557201199, 0.6108466999744561, 0.7455131115516312, 0.1230855364247561, 0.10155102630727517, 0.12493225834139175, 5.922965857975325, 0.13982586840833938]
Round=14, per client global perf=[0.0, 0.8618, 0.352, 0.001, 0.1451, 0.0054, 0.3074, 0.1456, 0.4951, 0.0118], mean perf=4743/20400 (0.2325%)
Round=14, per client personal perf=[0.9534, 0.9985, 0.9681, 1.0, 1.0, 0.998, 0.9314, 0.9985, 0.9995, 0.7123], mean perf=19502/20400 (0.9560%)
Round=14, per client personal pooled=[0.1908, 0.1978, 0.1925, 0.2008, 0.2006, 0.202, 0.1851, 0.1987, 0.2008, 0.1427], mean perf=39000/204000 (0.1912%)
Mean performance of ditto rpdp global, Perf=0.2704, seed=42
Mean performance of ditto rpdp personal, Perf=0.9530, seed=42
Mean performance of ditto rpdp pooled, Perf=0.1906, seed=42
Finished seed 42
----------------------------------------
Running seed 43
/Users/shegao_t1/DP_Research/Personal_DP_Personal_FL/rpdp_fl/experiments/datasets/fed_fashion_mnist/niid_10_2way_3000shot

Client 0 label distribution:
[(0, 2002), (2, 1958)]

Client 1 label distribution:
[(8, 1994), (9, 1966)]

Client 2 label distribution:
[(0, 1953), (8, 2007)]

Client 3 label distribution:
[(1, 1976), (7, 1984)]

Client 4 label distribution:
[(4, 1986), (7, 1974)]

Client 5 label distribution:
[(5, 1980), (6, 1980)]

Client 6 label distribution:
[(3, 1999), (4, 1961)]

Client 7 label distribution:
[(3, 2018), (5, 1942)]

Client 8 label distribution:
[(1, 1970), (9, 1990)]

Client 9 label distribution:
[(2, 1997), (6, 1963)]
Client 0: avg epsilon = 0.1000
Client 1: avg epsilon = 2.9859
Client 2: avg epsilon = 0.5602
Client 3: avg epsilon = 0.5430
Client 4: avg epsilon = 0.5486
Client 5: avg epsilon = 0.1000
Client 6: avg epsilon = 0.1000
Client 7: avg epsilon = 0.1000
Client 8: avg epsilon = 2.5624
Client 9: avg epsilon = 0.1000
 We run FedAvg with rPDP (ThreeLevels-0) ...
max_epsilon :  10.0  noise_multiplier :  9.736328125
The R-Squared value of the best-fit curve : 0.999749898528281
learning rate =  0.001
sample_rate: (min) 0.03, (max) 0.03, expected_batch_size: 99
sample_rate: (min) 0.16, (max) 0.61, expected_batch_size: 1508
sample_rate: (min) 0.03, (max) 0.61, expected_batch_size: 368
sample_rate: (min) 0.03, (max) 0.16, expected_batch_size: 358
sample_rate: (min) 0.03, (max) 0.16, expected_batch_size: 362
sample_rate: (min) 0.03, (max) 0.03, expected_batch_size: 99
sample_rate: (min) 0.03, (max) 0.03, expected_batch_size: 99
sample_rate: (min) 0.03, (max) 0.03, expected_batch_size: 99
sample_rate: (min) 0.03, (max) 0.61, expected_batch_size: 1256
sample_rate: (min) 0.03, (max) 0.03, expected_batch_size: 99
initial privacy cost of all clients:  [0, 0, 0, 0, 0, 0, 0, 0, 0, 0]
Round=0
Round=1
Round=2
Round=3
Round=4
Round=5
Round=6
Round=7
Round=8
Round=9
Round=10
Round=11
Round=12
Round=13
Round=14
current privacy cost of all clients:  [0.08299634815037049, 3.554611437795162, 3.3043856205918876, 0.7482516858029494, 0.5558558712260362, 0.0777036851988212, 0.06629602355155903, 0.04533992744859791, 3.0541598033886133, 0.0879752932513391]
Round=14, per client global perf=[0.4833, 0.4127, 0.8402, 0.4534, 0.4647, 0.0005, 0.0, 0.0, 0.0, 0.073], mean perf=5565/20400 (0.2728%)
Round=14, per client personal perf=[0.9593, 0.9966, 0.9691, 0.9985, 0.9985, 0.9975, 0.9152, 0.9887, 0.998, 0.7745], mean perf=19576/20400 (0.9596%)
Round=14, per client personal pooled=[0.1918, 0.1973, 0.1923, 0.2006, 0.2004, 0.2021, 0.1808, 0.197, 0.2005, 0.1574], mean perf=39172/204000 (0.1920%)
Mean performance of ditto rpdp global, Perf=0.2480, seed=43
Mean performance of ditto rpdp personal, Perf=0.9528, seed=43
Mean performance of ditto rpdp pooled, Perf=0.1907, seed=43
Client 0: avg epsilon = 0.1370
Client 1: avg epsilon = 0.8330
Client 2: avg epsilon = 0.4569
Client 3: avg epsilon = 0.3083
Client 4: avg epsilon = 0.4020
Client 5: avg epsilon = 0.3436
Client 6: avg epsilon = 0.2417
Client 7: avg epsilon = 0.2834
Client 8: avg epsilon = 1.0490
Client 9: avg epsilon = 0.3045
 We run FedAvg with rPDP (BoundedPareto-0) ...
max_epsilon :  10.0  noise_multiplier :  9.736328125
The R-Squared value of the best-fit curve : 0.999749898528281
learning rate =  0.001
sample_rate: (min) 0.03, (max) 0.04, expected_batch_size: 122
sample_rate: (min) 0.1, (max) 0.19, expected_batch_size: 531
sample_rate: (min) 0.03, (max) 0.14, expected_batch_size: 311
sample_rate: (min) 0.03, (max) 0.09, expected_batch_size: 226
sample_rate: (min) 0.05, (max) 0.1, expected_batch_size: 282
sample_rate: (min) 0.05, (max) 0.07, expected_batch_size: 248
sample_rate: (min) 0.04, (max) 0.05, expected_batch_size: 187
sample_rate: (min) 0.04, (max) 0.07, expected_batch_size: 212
sample_rate: (min) 0.03, (max) 1.0, expected_batch_size: 614
sample_rate: (min) 0.04, (max) 0.08, expected_batch_size: 224
initial privacy cost of all clients:  [0, 0, 0, 0, 0, 0, 0, 0, 0, 0]
Round=0
Round=1
Round=2
Round=3
Round=4
Round=5
Round=6
Round=7
Round=8
Round=9
Round=10
Round=11
Round=12
Round=13
Round=14
current privacy cost of all clients:  [0.13384596778085164, 0.8611440614220764, 0.5784313278423177, 0.3766195748792524, 0.32391913262410976, 0.2747545718185365, 0.1725286460575027, 0.149209138972256, 5.727361884269555, 0.3479899757365371]
Round=14, per client global perf=[0.1451, 0.5392, 0.5328, 0.451, 0.4632, 0.2843, 0.0, 0.0, 0.1324, 0.3284], mean perf=5868/20400 (0.2876%)
Round=14, per client personal perf=[0.9564, 0.9956, 0.9721, 0.9995, 0.999, 0.9966, 0.9181, 0.9848, 0.9995, 0.775], mean perf=19577/20400 (0.9597%)
Round=14, per client personal pooled=[0.1911, 0.1972, 0.1931, 0.2007, 0.2005, 0.2017, 0.1815, 0.1966, 0.2008, 0.1585], mean perf=39202/204000 (0.1922%)
Mean performance of ditto rpdp global, Perf=0.2960, seed=43
Mean performance of ditto rpdp personal, Perf=0.9532, seed=43
Mean performance of ditto rpdp pooled, Perf=0.1909, seed=43
Client 0: avg epsilon = 0.1000
Client 1: avg epsilon = 2.8168
Client 2: avg epsilon = 0.6633
Client 3: avg epsilon = 0.4921
Client 4: avg epsilon = 0.5418
Client 5: avg epsilon = 0.1493
Client 6: avg epsilon = 0.1119
Client 7: avg epsilon = 0.1256
Client 8: avg epsilon = 2.7587
Client 9: avg epsilon = 0.1657
 We run FedAvg with rPDP (BoundedMixGauss-0) ...
max_epsilon :  10.0  noise_multiplier :  9.736328125
The R-Squared value of the best-fit curve : 0.999749898528281
learning rate =  0.001
sample_rate: (min) 0.03, (max) 0.03, expected_batch_size: 99
sample_rate: (min) 0.16, (max) 0.61, expected_batch_size: 1448
sample_rate: (min) 0.03, (max) 0.5, expected_batch_size: 421
sample_rate: (min) 0.03, (max) 0.15, expected_batch_size: 330
sample_rate: (min) 0.03, (max) 0.16, expected_batch_size: 359
sample_rate: (min) 0.03, (max) 0.04, expected_batch_size: 130
sample_rate: (min) 0.03, (max) 0.03, expected_batch_size: 107
sample_rate: (min) 0.03, (max) 0.03, expected_batch_size: 115
sample_rate: (min) 0.03, (max) 0.75, expected_batch_size: 1326
sample_rate: (min) 0.03, (max) 0.13, expected_batch_size: 139
initial privacy cost of all clients:  [0, 0, 0, 0, 0, 0, 0, 0, 0, 0]
Round=0
Round=1
Round=2
Round=3
Round=4
Round=5
Round=6
Round=7
Round=8
Round=9
Round=10
Round=11
Round=12
Round=13
Round=14
current privacy cost of all clients:  [0.08299634815037049, 3.544051361988771, 2.660715654171003, 0.7002221964290131, 0.5581009774236316, 0.12420114642510934, 0.08158735751967872, 0.06583479484901301, 4.078778062978832, 0.6129104221272386]
Round=14, per client global perf=[0.2456, 0.4127, 0.6799, 0.4554, 0.4667, 0.1176, 0.0, 0.0, 0.0, 0.126], mean perf=5108/20400 (0.2504%)
Round=14, per client personal perf=[0.9539, 0.9966, 0.9676, 0.998, 0.9966, 0.998, 0.9074, 0.9877, 0.9985, 0.7824], mean perf=19557/20400 (0.9587%)
Round=14, per client personal pooled=[0.1909, 0.1974, 0.1923, 0.2005, 0.2, 0.2021, 0.1806, 0.1969, 0.2007, 0.1596], mean perf=39187/204000 (0.1921%)
Mean performance of ditto rpdp global, Perf=0.2579, seed=43
Mean performance of ditto rpdp personal, Perf=0.9541, seed=43
Mean performance of ditto rpdp pooled, Perf=0.1910, seed=43
Finished seed 43
----------------------------------------
Running seed 44
/Users/shegao_t1/DP_Research/Personal_DP_Personal_FL/rpdp_fl/experiments/datasets/fed_fashion_mnist/niid_10_2way_3000shot

Client 0 label distribution:
[(0, 2002), (2, 1958)]

Client 1 label distribution:
[(8, 1994), (9, 1966)]

Client 2 label distribution:
[(0, 1953), (8, 2007)]

Client 3 label distribution:
[(1, 1976), (7, 1984)]

Client 4 label distribution:
[(4, 1986), (7, 1974)]

Client 5 label distribution:
[(5, 1980), (6, 1980)]

Client 6 label distribution:
[(3, 1999), (4, 1961)]

Client 7 label distribution:
[(3, 2018), (5, 1942)]

Client 8 label distribution:
[(1, 1970), (9, 1990)]

Client 9 label distribution:
[(2, 1997), (6, 1963)]
Client 0: avg epsilon = 0.1000
Client 1: avg epsilon = 2.9859
Client 2: avg epsilon = 0.5602
Client 3: avg epsilon = 0.5430
Client 4: avg epsilon = 0.5486
Client 5: avg epsilon = 0.1000
Client 6: avg epsilon = 0.1000
Client 7: avg epsilon = 0.1000
Client 8: avg epsilon = 2.5624
Client 9: avg epsilon = 0.1000
 We run FedAvg with rPDP (ThreeLevels-0) ...
max_epsilon :  10.0  noise_multiplier :  9.736328125
The R-Squared value of the best-fit curve : 0.999749898528281
learning rate =  0.001
sample_rate: (min) 0.03, (max) 0.03, expected_batch_size: 99
sample_rate: (min) 0.16, (max) 0.61, expected_batch_size: 1508
sample_rate: (min) 0.03, (max) 0.61, expected_batch_size: 368
sample_rate: (min) 0.03, (max) 0.16, expected_batch_size: 358
sample_rate: (min) 0.03, (max) 0.16, expected_batch_size: 362
sample_rate: (min) 0.03, (max) 0.03, expected_batch_size: 99
sample_rate: (min) 0.03, (max) 0.03, expected_batch_size: 99
sample_rate: (min) 0.03, (max) 0.03, expected_batch_size: 99
sample_rate: (min) 0.03, (max) 0.61, expected_batch_size: 1256
sample_rate: (min) 0.03, (max) 0.03, expected_batch_size: 99
initial privacy cost of all clients:  [0, 0, 0, 0, 0, 0, 0, 0, 0, 0]
Round=0
Round=1
Round=2
Round=3
Round=4
Round=5
Round=6
Round=7
Round=8
Round=9
Round=10
Round=11
Round=12
Round=13
Round=14
current privacy cost of all clients:  [0.08299634815037049, 4.510367153745826, 3.8048372549984366, 0.4329280232702186, 0.8300921245073416, 0.06629602355155903, 0.05997229379927632, 0.06629602355155903, 2.8039339861853394, 0.0777036851988212]
Round=14, per client global perf=[0.275, 0.9578, 0.7735, 0.0, 0.1485, 0.0123, 0.1426, 0.0, 0.4765, 0.0113], mean perf=5707/20400 (0.2798%)
Round=14, per client personal perf=[0.951, 0.998, 0.9721, 0.9975, 0.9995, 0.9971, 0.9162, 0.9971, 0.999, 0.7505], mean perf=19539/20400 (0.9578%)
Round=14, per client personal pooled=[0.1901, 0.1977, 0.1929, 0.2003, 0.2004, 0.2018, 0.181, 0.1985, 0.2008, 0.1505], mean perf=39046/204000 (0.1914%)
Mean performance of ditto rpdp global, Perf=0.3010, seed=44
Mean performance of ditto rpdp personal, Perf=0.9524, seed=44
Mean performance of ditto rpdp pooled, Perf=0.1904, seed=44
Client 0: avg epsilon = 0.1355
Client 1: avg epsilon = 0.8401
Client 2: avg epsilon = 0.4584
Client 3: avg epsilon = 0.3085
Client 4: avg epsilon = 0.4010
Client 5: avg epsilon = 0.3408
Client 6: avg epsilon = 0.2381
Client 7: avg epsilon = 0.2795
Client 8: avg epsilon = 1.0369
Client 9: avg epsilon = 0.3029
 We run FedAvg with rPDP (BoundedPareto-0) ...
max_epsilon :  10.0  noise_multiplier :  9.736328125
The R-Squared value of the best-fit curve : 0.999749898528281
learning rate =  0.001
sample_rate: (min) 0.03, (max) 0.04, expected_batch_size: 121
sample_rate: (min) 0.1, (max) 0.19, expected_batch_size: 535
sample_rate: (min) 0.03, (max) 0.14, expected_batch_size: 312
sample_rate: (min) 0.03, (max) 0.09, expected_batch_size: 226
sample_rate: (min) 0.05, (max) 0.1, expected_batch_size: 282
sample_rate: (min) 0.05, (max) 0.07, expected_batch_size: 247
sample_rate: (min) 0.04, (max) 0.05, expected_batch_size: 184
sample_rate: (min) 0.04, (max) 0.06, expected_batch_size: 210
sample_rate: (min) 0.03, (max) 1.0, expected_batch_size: 609
sample_rate: (min) 0.04, (max) 0.08, expected_batch_size: 223
initial privacy cost of all clients:  [0, 0, 0, 0, 0, 0, 0, 0, 0, 0]
Round=0
Round=1
Round=2
Round=3
Round=4
Round=5
Round=6
Round=7
Round=8
Round=9
Round=10
Round=11
Round=12
Round=13
Round=14
current privacy cost of all clients:  [0.13140898679775972, 1.0773600419568403, 0.660066882701084, 0.21650482764182097, 0.487181371149898, 0.23718180222679167, 0.15535843273812916, 0.21038793547456405, 5.189319301399437, 0.3102761686194495]
Round=14, per client global perf=[0.1181, 0.9157, 0.5922, 0.0, 0.4015, 0.0691, 0.4201, 0.0, 0.451, 0.0574], mean perf=6171/20400 (0.3025%)
Round=14, per client personal perf=[0.9613, 0.9971, 0.9696, 0.9995, 0.9995, 0.9951, 0.9196, 0.9966, 0.999, 0.7417], mean perf=19541/20400 (0.9579%)
Round=14, per client personal pooled=[0.1923, 0.1976, 0.1921, 0.2007, 0.2005, 0.2017, 0.1814, 0.1983, 0.2008, 0.1519], mean perf=39112/204000 (0.1917%)
Mean performance of ditto rpdp global, Perf=0.3342, seed=44
Mean performance of ditto rpdp personal, Perf=0.9537, seed=44
Mean performance of ditto rpdp pooled, Perf=0.1908, seed=44
Client 0: avg epsilon = 0.1000
Client 1: avg epsilon = 2.8104
Client 2: avg epsilon = 0.6547
Client 3: avg epsilon = 0.4780
Client 4: avg epsilon = 0.5385
Client 5: avg epsilon = 0.1482
Client 6: avg epsilon = 0.1116
Client 7: avg epsilon = 0.1249
Client 8: avg epsilon = 2.7601
Client 9: avg epsilon = 0.1463
 We run FedAvg with rPDP (BoundedMixGauss-0) ...
max_epsilon :  10.0  noise_multiplier :  9.736328125
The R-Squared value of the best-fit curve : 0.999749898528281
learning rate =  0.001
sample_rate: (min) 0.03, (max) 0.03, expected_batch_size: 99
sample_rate: (min) 0.16, (max) 0.61, expected_batch_size: 1445
sample_rate: (min) 0.03, (max) 0.5, expected_batch_size: 417
sample_rate: (min) 0.03, (max) 0.15, expected_batch_size: 322
sample_rate: (min) 0.03, (max) 0.16, expected_batch_size: 357
sample_rate: (min) 0.03, (max) 0.04, expected_batch_size: 129
sample_rate: (min) 0.03, (max) 0.03, expected_batch_size: 107
sample_rate: (min) 0.03, (max) 0.03, expected_batch_size: 115
sample_rate: (min) 0.03, (max) 0.77, expected_batch_size: 1326
sample_rate: (min) 0.03, (max) 0.05, expected_batch_size: 128
initial privacy cost of all clients:  [0, 0, 0, 0, 0, 0, 0, 0, 0, 0]
Round=0
Round=1
Round=2
Round=3
Round=4
Round=5
Round=6
Round=7
Round=8
Round=9
Round=10
Round=11
Round=12
Round=13
Round=14
current privacy cost of all clients:  [0.08299634815037049, 4.504632508203673, 2.989350746560248, 0.40215631793856094, 0.8285656541237807, 0.1052954857417839, 0.07367174226947429, 0.09463130723209448, 3.744154547986864, 0.1720416421973099]
Round=14, per client global perf=[0.0892, 0.9578, 0.5593, 0.0, 0.1882, 0.1029, 0.1951, 0.0, 0.475, 0.0873], mean perf=5416/20400 (0.2655%)
Round=14, per client personal perf=[0.9529, 0.9985, 0.9701, 0.9975, 1.0, 0.9966, 0.9245, 0.9975, 0.999, 0.7593], mean perf=19576/20400 (0.9596%)
Round=14, per client personal pooled=[0.1911, 0.1977, 0.1919, 0.2003, 0.2005, 0.2016, 0.182, 0.1985, 0.2008, 0.1534], mean perf=39124/204000 (0.1918%)
Mean performance of ditto rpdp global, Perf=0.3076, seed=44
Mean performance of ditto rpdp personal, Perf=0.9529, seed=44
Mean performance of ditto rpdp pooled, Perf=0.1906, seed=44
Finished seed 44
----------------------------------------
Running seed 45
/Users/shegao_t1/DP_Research/Personal_DP_Personal_FL/rpdp_fl/experiments/datasets/fed_fashion_mnist/niid_10_2way_3000shot

Client 0 label distribution:
[(0, 2002), (2, 1958)]

Client 1 label distribution:
[(8, 1994), (9, 1966)]

Client 2 label distribution:
[(0, 1953), (8, 2007)]

Client 3 label distribution:
[(1, 1976), (7, 1984)]

Client 4 label distribution:
[(4, 1986), (7, 1974)]

Client 5 label distribution:
[(5, 1980), (6, 1980)]

Client 6 label distribution:
[(3, 1999), (4, 1961)]

Client 7 label distribution:
[(3, 2018), (5, 1942)]

Client 8 label distribution:
[(1, 1970), (9, 1990)]

Client 9 label distribution:
[(2, 1997), (6, 1963)]
Client 0: avg epsilon = 0.1000
Client 1: avg epsilon = 2.9859
Client 2: avg epsilon = 0.5602
Client 3: avg epsilon = 0.5430
Client 4: avg epsilon = 0.5486
Client 5: avg epsilon = 0.1000
Client 6: avg epsilon = 0.1000
Client 7: avg epsilon = 0.1000
Client 8: avg epsilon = 2.5624
Client 9: avg epsilon = 0.1000
 We run FedAvg with rPDP (ThreeLevels-0) ...
max_epsilon :  10.0  noise_multiplier :  9.736328125
The R-Squared value of the best-fit curve : 0.999749898528281
learning rate =  0.001
sample_rate: (min) 0.03, (max) 0.03, expected_batch_size: 99
sample_rate: (min) 0.16, (max) 0.61, expected_batch_size: 1508
sample_rate: (min) 0.03, (max) 0.61, expected_batch_size: 368
sample_rate: (min) 0.03, (max) 0.16, expected_batch_size: 358
sample_rate: (min) 0.03, (max) 0.16, expected_batch_size: 362
sample_rate: (min) 0.03, (max) 0.03, expected_batch_size: 99
sample_rate: (min) 0.03, (max) 0.03, expected_batch_size: 99
sample_rate: (min) 0.03, (max) 0.03, expected_batch_size: 99
sample_rate: (min) 0.03, (max) 0.61, expected_batch_size: 1256
sample_rate: (min) 0.03, (max) 0.03, expected_batch_size: 99
initial privacy cost of all clients:  [0, 0, 0, 0, 0, 0, 0, 0, 0, 0]
Round=0
Round=1
Round=2
Round=3
Round=4
Round=5
Round=6
Round=7
Round=8
Round=9
Round=10
Round=11
Round=12
Round=13
Round=14
current privacy cost of all clients:  [0.0777036851988212, 3.554611437795162, 3.3043856205918876, 0.49782670836934756, 0.7046321452486275, 0.0879752932513391, 0.0777036851988212, 0.05997229379927632, 3.8048372549984366, 0.0879752932513391]
Round=14, per client global perf=[0.0657, 0.9005, 0.4088, 0.0, 0.1235, 0.0328, 0.1304, 0.0, 0.4858, 0.0931], mean perf=4571/20400 (0.2241%)
Round=14, per client personal perf=[0.9569, 0.9971, 0.9647, 0.999, 0.9971, 0.9975, 0.9201, 0.9966, 0.999, 0.7574], mean perf=19554/20400 (0.9585%)
Round=14, per client personal pooled=[0.191, 0.1975, 0.1917, 0.2007, 0.2001, 0.2021, 0.1818, 0.1984, 0.2006, 0.1538], mean perf=39122/204000 (0.1918%)
Mean performance of ditto rpdp global, Perf=0.2179, seed=45
Mean performance of ditto rpdp personal, Perf=0.9564, seed=45
Mean performance of ditto rpdp pooled, Perf=0.1913, seed=45
Client 0: avg epsilon = 0.1357
Client 1: avg epsilon = 0.8295
Client 2: avg epsilon = 0.4568
Client 3: avg epsilon = 0.3092
Client 4: avg epsilon = 0.4011
Client 5: avg epsilon = 0.3422
Client 6: avg epsilon = 0.2386
Client 7: avg epsilon = 0.2815
Client 8: avg epsilon = 1.0373
Client 9: avg epsilon = 0.3045
 We run FedAvg with rPDP (BoundedPareto-0) ...
max_epsilon :  10.0  noise_multiplier :  9.736328125
The R-Squared value of the best-fit curve : 0.999749898528281
learning rate =  0.001
sample_rate: (min) 0.03, (max) 0.04, expected_batch_size: 122
sample_rate: (min) 0.1, (max) 0.19, expected_batch_size: 530
sample_rate: (min) 0.03, (max) 0.14, expected_batch_size: 311
sample_rate: (min) 0.03, (max) 0.09, expected_batch_size: 226
sample_rate: (min) 0.05, (max) 0.1, expected_batch_size: 282
sample_rate: (min) 0.05, (max) 0.07, expected_batch_size: 247
sample_rate: (min) 0.04, (max) 0.05, expected_batch_size: 185
sample_rate: (min) 0.04, (max) 0.07, expected_batch_size: 211
sample_rate: (min) 0.03, (max) 1.0, expected_batch_size: 608
sample_rate: (min) 0.04, (max) 0.08, expected_batch_size: 224
initial privacy cost of all clients:  [0, 0, 0, 0, 0, 0, 0, 0, 0, 0]
Round=0
Round=1
Round=2
Round=3
Round=4
Round=5
Round=6
Round=7
Round=8
Round=9
Round=10
Round=11
Round=12
Round=13
Round=14
current privacy cost of all clients:  [0.1238683048379443, 0.8541831583712962, 0.5739380633593378, 0.25000972001783284, 0.4119136861964469, 0.31059687984969775, 0.19899062609862578, 0.19284472400682245, 7.341489632879909, 0.35041142082437643]
Round=14, per client global perf=[0.0, 0.8814, 0.4127, 0.0, 0.1794, 0.3525, 0.1838, 0.0034, 0.4735, 0.3529], mean perf=5793/20400 (0.2840%)
Round=14, per client personal perf=[0.9574, 0.9975, 0.974, 0.998, 0.9995, 0.9985, 0.9216, 0.9966, 0.9985, 0.726], mean perf=19518/20400 (0.9568%)
Round=14, per client personal pooled=[0.1912, 0.1976, 0.1933, 0.2005, 0.2005, 0.2022, 0.182, 0.1983, 0.2007, 0.1479], mean perf=39050/204000 (0.1914%)
Mean performance of ditto rpdp global, Perf=0.2554, seed=45
Mean performance of ditto rpdp personal, Perf=0.9574, seed=45
Mean performance of ditto rpdp pooled, Perf=0.1914, seed=45
Client 0: avg epsilon = 0.1000
Client 1: avg epsilon = 2.8222
Client 2: avg epsilon = 0.6731
Client 3: avg epsilon = 0.4920
Client 4: avg epsilon = 0.5410
Client 5: avg epsilon = 0.1489
Client 6: avg epsilon = 0.1118
Client 7: avg epsilon = 0.1255
Client 8: avg epsilon = 2.7609
Client 9: avg epsilon = 0.1638
 We run FedAvg with rPDP (BoundedMixGauss-0) ...
max_epsilon :  10.0  noise_multiplier :  9.736328125
The R-Squared value of the best-fit curve : 0.999749898528281
learning rate =  0.001
sample_rate: (min) 0.03, (max) 0.03, expected_batch_size: 99
sample_rate: (min) 0.16, (max) 0.61, expected_batch_size: 1450
sample_rate: (min) 0.03, (max) 0.51, expected_batch_size: 426
sample_rate: (min) 0.03, (max) 0.15, expected_batch_size: 330
sample_rate: (min) 0.03, (max) 0.16, expected_batch_size: 358
sample_rate: (min) 0.03, (max) 0.04, expected_batch_size: 130
sample_rate: (min) 0.03, (max) 0.03, expected_batch_size: 107
sample_rate: (min) 0.03, (max) 0.03, expected_batch_size: 115
sample_rate: (min) 0.03, (max) 0.77, expected_batch_size: 1327
sample_rate: (min) 0.03, (max) 0.13, expected_batch_size: 138
initial privacy cost of all clients:  [0, 0, 0, 0, 0, 0, 0, 0, 0, 0]
Round=0
Round=1
Round=2
Round=3
Round=4
Round=5
Round=6
Round=7
Round=8
Round=9
Round=10
Round=11
Round=12
Round=13
Round=14
current privacy cost of all clients:  [0.0777036851988212, 3.553695072396664, 2.6890150351182838, 0.4652031769170788, 0.7064826366812412, 0.13987617336339558, 0.0953080302093682, 0.08625029115926232, 5.099062056828933, 0.6080978287292964]
Round=14, per client global perf=[0.0, 0.8985, 0.4039, 0.0, 0.0, 0.3, 0.0, 0.0, 0.4858, 0.3108], mean perf=4894/20400 (0.2399%)
Round=14, per client personal perf=[0.9559, 0.999, 0.9735, 0.9985, 1.0, 0.9975, 0.8966, 0.9956, 0.9985, 0.7632], mean perf=19540/20400 (0.9578%)
Round=14, per client personal pooled=[0.191, 0.1978, 0.1929, 0.2006, 0.2006, 0.2018, 0.1776, 0.1982, 0.2006, 0.1555], mean perf=39100/204000 (0.1917%)
Mean performance of ditto rpdp global, Perf=0.1858, seed=45
Mean performance of ditto rpdp personal, Perf=0.9570, seed=45
Mean performance of ditto rpdp pooled, Perf=0.1913, seed=45
Finished seed 45
----------------------------------------
Running seed 46
/Users/shegao_t1/DP_Research/Personal_DP_Personal_FL/rpdp_fl/experiments/datasets/fed_fashion_mnist/niid_10_2way_3000shot

Client 0 label distribution:
[(0, 2002), (2, 1958)]

Client 1 label distribution:
[(8, 1994), (9, 1966)]

Client 2 label distribution:
[(0, 1953), (8, 2007)]

Client 3 label distribution:
[(1, 1976), (7, 1984)]

Client 4 label distribution:
[(4, 1986), (7, 1974)]

Client 5 label distribution:
[(5, 1980), (6, 1980)]

Client 6 label distribution:
[(3, 1999), (4, 1961)]

Client 7 label distribution:
[(3, 2018), (5, 1942)]

Client 8 label distribution:
[(1, 1970), (9, 1990)]

Client 9 label distribution:
[(2, 1997), (6, 1963)]
Client 0: avg epsilon = 0.1000
Client 1: avg epsilon = 2.9859
Client 2: avg epsilon = 0.5602
Client 3: avg epsilon = 0.5430
Client 4: avg epsilon = 0.5486
Client 5: avg epsilon = 0.1000
Client 6: avg epsilon = 0.1000
Client 7: avg epsilon = 0.1000
Client 8: avg epsilon = 2.5624
Client 9: avg epsilon = 0.1000
 We run FedAvg with rPDP (ThreeLevels-0) ...
max_epsilon :  10.0  noise_multiplier :  9.736328125
The R-Squared value of the best-fit curve : 0.999749898528281
learning rate =  0.001
sample_rate: (min) 0.03, (max) 0.03, expected_batch_size: 99
sample_rate: (min) 0.16, (max) 0.61, expected_batch_size: 1508
sample_rate: (min) 0.03, (max) 0.61, expected_batch_size: 368
sample_rate: (min) 0.03, (max) 0.16, expected_batch_size: 358
sample_rate: (min) 0.03, (max) 0.16, expected_batch_size: 362
sample_rate: (min) 0.03, (max) 0.03, expected_batch_size: 99
sample_rate: (min) 0.03, (max) 0.03, expected_batch_size: 99
sample_rate: (min) 0.03, (max) 0.03, expected_batch_size: 99
sample_rate: (min) 0.03, (max) 0.61, expected_batch_size: 1256
sample_rate: (min) 0.03, (max) 0.03, expected_batch_size: 99
initial privacy cost of all clients:  [0, 0, 0, 0, 0, 0, 0, 0, 0, 0]
Round=0
Round=1
Round=2
Round=3
Round=4
Round=5
Round=6
Round=7
Round=8
Round=9
Round=10
Round=11
Round=12
Round=13
Round=14
current privacy cost of all clients:  [0.07214729257008984, 3.8048372549984366, 3.3043856205918876, 0.7046321452486275, 0.6583580204409699, 0.0777036851988212, 0.0777036851988212, 0.09280122601357536, 4.055063072201711, 0.0777036851988212]
Round=14, per client global perf=[0.1328, 0.9221, 0.5456, 0.1681, 0.1618, 0.0069, 0.448, 0.4284, 0.4931, 0.0064], mean perf=6759/20400 (0.3313%)
Round=14, per client personal perf=[0.9471, 0.9975, 0.9696, 0.999, 0.9995, 0.9951, 0.926, 0.9961, 0.999, 0.7368], mean perf=19514/20400 (0.9566%)
Round=14, per client personal pooled=[0.1896, 0.1975, 0.1924, 0.2007, 0.2005, 0.2014, 0.1833, 0.1984, 0.2008, 0.1475], mean perf=39007/204000 (0.1912%)
Mean performance of ditto rpdp global, Perf=0.3373, seed=46
Mean performance of ditto rpdp personal, Perf=0.9527, seed=46
Mean performance of ditto rpdp pooled, Perf=0.1907, seed=46
Client 0: avg epsilon = 0.1358
Client 1: avg epsilon = 0.8267
Client 2: avg epsilon = 0.4535
Client 3: avg epsilon = 0.3048
Client 4: avg epsilon = 0.3962
Client 5: avg epsilon = 0.3397
Client 6: avg epsilon = 0.2384
Client 7: avg epsilon = 0.2801
Client 8: avg epsilon = 1.0406
Client 9: avg epsilon = 0.3006
 We run FedAvg with rPDP (BoundedPareto-0) ...
max_epsilon :  10.0  noise_multiplier :  9.736328125
The R-Squared value of the best-fit curve : 0.999749898528281
learning rate =  0.001
sample_rate: (min) 0.03, (max) 0.04, expected_batch_size: 122
sample_rate: (min) 0.1, (max) 0.19, expected_batch_size: 528
sample_rate: (min) 0.03, (max) 0.14, expected_batch_size: 309
sample_rate: (min) 0.03, (max) 0.09, expected_batch_size: 224
sample_rate: (min) 0.05, (max) 0.1, expected_batch_size: 279
sample_rate: (min) 0.05, (max) 0.07, expected_batch_size: 246
sample_rate: (min) 0.04, (max) 0.05, expected_batch_size: 185
sample_rate: (min) 0.04, (max) 0.06, expected_batch_size: 210
sample_rate: (min) 0.03, (max) 1.0, expected_batch_size: 611
sample_rate: (min) 0.04, (max) 0.08, expected_batch_size: 222
initial privacy cost of all clients:  [0, 0, 0, 0, 0, 0, 0, 0, 0, 0]
Round=0
Round=1
Round=2
Round=3
Round=4
Round=5
Round=6
Round=7
Round=8
Round=9
Round=10
Round=11
Round=12
Round=13
Round=14
current privacy cost of all clients:  [0.11527426457360314, 0.9160350419147562, 0.572739041523169, 0.3489334045351679, 0.37883438502003774, 0.2713085493344183, 0.19890602970821353, 0.28836564175189583, 7.879532215750026, 0.30628117332886035]
Round=14, per client global perf=[0.0064, 0.9324, 0.4304, 0.2505, 0.3804, 0.0265, 0.6093, 0.4721, 0.4926, 0.0275], mean perf=7401/20400 (0.3628%)
Round=14, per client personal perf=[0.9544, 0.9985, 0.9696, 0.999, 0.9995, 0.9956, 0.9255, 0.9956, 0.999, 0.748], mean perf=19553/20400 (0.9585%)
Round=14, per client personal pooled=[0.1913, 0.1976, 0.1925, 0.2007, 0.2004, 0.2013, 0.1825, 0.1983, 0.2008, 0.1522], mean perf=39118/204000 (0.1918%)
Mean performance of ditto rpdp global, Perf=0.3104, seed=46
Mean performance of ditto rpdp personal, Perf=0.9570, seed=46
Mean performance of ditto rpdp pooled, Perf=0.1914, seed=46
Client 0: avg epsilon = 0.1000
Client 1: avg epsilon = 2.7303
Client 2: avg epsilon = 0.6163
Client 3: avg epsilon = 0.4688
Client 4: avg epsilon = 0.5368
Client 5: avg epsilon = 0.1476
Client 6: avg epsilon = 0.1112
Client 7: avg epsilon = 0.1243
Client 8: avg epsilon = 2.7628
Client 9: avg epsilon = 0.1452
 We run FedAvg with rPDP (BoundedMixGauss-0) ...
max_epsilon :  10.0  noise_multiplier :  9.736328125
The R-Squared value of the best-fit curve : 0.999749898528281
learning rate =  0.001
sample_rate: (min) 0.03, (max) 0.03, expected_batch_size: 99
sample_rate: (min) 0.16, (max) 0.61, expected_batch_size: 1410
sample_rate: (min) 0.03, (max) 0.19, expected_batch_size: 399
sample_rate: (min) 0.03, (max) 0.15, expected_batch_size: 317
sample_rate: (min) 0.03, (max) 0.16, expected_batch_size: 356
sample_rate: (min) 0.03, (max) 0.04, expected_batch_size: 129
sample_rate: (min) 0.03, (max) 0.03, expected_batch_size: 106
sample_rate: (min) 0.03, (max) 0.03, expected_batch_size: 114
sample_rate: (min) 0.03, (max) 0.75, expected_batch_size: 1327
sample_rate: (min) 0.03, (max) 0.05, expected_batch_size: 127
initial privacy cost of all clients:  [0, 0, 0, 0, 0, 0, 0, 0, 0, 0]
Round=0
Round=1
Round=2
Round=3
Round=4
Round=5
Round=6
Round=7
Round=8
Round=9
Round=10
Round=11
Round=12
Round=13
Round=14
current privacy cost of all clients:  [0.07214729257008984, 3.7918539772409874, 0.8238668132222364, 0.6515360350996892, 0.6559098589414954, 0.1223478075244293, 0.09461864940434495, 0.1311642201900802, 5.25008866728307, 0.1621993720914851]
Round=14, per client global perf=[0.0069, 0.9206, 0.423, 0.1382, 0.1333, 0.0417, 0.4412, 0.423, 0.4936, 0.0392], mean perf=6244/20400 (0.3061%)
Round=14, per client personal perf=[0.9559, 0.998, 0.9686, 0.999, 0.9995, 0.9956, 0.9196, 0.9961, 0.9985, 0.7412], mean perf=19527/20400 (0.9572%)
Round=14, per client personal pooled=[0.1918, 0.1977, 0.1923, 0.2007, 0.2003, 0.2015, 0.1813, 0.1984, 0.2006, 0.1499], mean perf=39055/204000 (0.1914%)
Mean performance of ditto rpdp global, Perf=0.2904, seed=46
Mean performance of ditto rpdp personal, Perf=0.9514, seed=46
Mean performance of ditto rpdp pooled, Perf=0.1905, seed=46
Finished seed 46
----------------------------------------
=== Running reg_param=0.01, num_steps=15 ===
Running seed 42
/Users/shegao_t1/DP_Research/Personal_DP_Personal_FL/rpdp_fl/experiments/datasets/fed_fashion_mnist/niid_10_2way_3000shot

Client 0 label distribution:
[(0, 2002), (2, 1958)]

Client 1 label distribution:
[(8, 1994), (9, 1966)]

Client 2 label distribution:
[(0, 1953), (8, 2007)]

Client 3 label distribution:
[(1, 1976), (7, 1984)]

Client 4 label distribution:
[(4, 1986), (7, 1974)]

Client 5 label distribution:
[(5, 1980), (6, 1980)]

Client 6 label distribution:
[(3, 1999), (4, 1961)]

Client 7 label distribution:
[(3, 2018), (5, 1942)]

Client 8 label distribution:
[(1, 1970), (9, 1990)]

Client 9 label distribution:
[(2, 1997), (6, 1963)]
Client 0: avg epsilon = 0.1000
Client 1: avg epsilon = 2.9859
Client 2: avg epsilon = 0.5602
Client 3: avg epsilon = 0.5430
Client 4: avg epsilon = 0.5486
Client 5: avg epsilon = 0.1000
Client 6: avg epsilon = 0.1000
Client 7: avg epsilon = 0.1000
Client 8: avg epsilon = 2.5624
Client 9: avg epsilon = 0.1000
 We run FedAvg with rPDP (ThreeLevels-0) ...
max_epsilon :  10.0  noise_multiplier :  9.736328125
The R-Squared value of the best-fit curve : 0.999749898528281
learning rate =  0.001
sample_rate: (min) 0.03, (max) 0.03, expected_batch_size: 99
sample_rate: (min) 0.16, (max) 0.61, expected_batch_size: 1508
sample_rate: (min) 0.03, (max) 0.61, expected_batch_size: 368
sample_rate: (min) 0.03, (max) 0.16, expected_batch_size: 358
sample_rate: (min) 0.03, (max) 0.16, expected_batch_size: 362
sample_rate: (min) 0.03, (max) 0.03, expected_batch_size: 99
sample_rate: (min) 0.03, (max) 0.03, expected_batch_size: 99
sample_rate: (min) 0.03, (max) 0.03, expected_batch_size: 99
sample_rate: (min) 0.03, (max) 0.61, expected_batch_size: 1256
sample_rate: (min) 0.03, (max) 0.03, expected_batch_size: 99
initial privacy cost of all clients:  [0, 0, 0, 0, 0, 0, 0, 0, 0, 0]
Round=0
Round=1
Round=2
Round=3
Round=4
Round=5
Round=6
Round=7
Round=8
Round=9
Round=10
Round=11
Round=12
Round=13
Round=14
current privacy cost of all clients:  [0.0777036851988212, 3.554611437795162, 2.8039339861853394, 0.6583580204409699, 0.7482516858029494, 0.0777036851988212, 0.08299634815037049, 0.0879752932513391, 4.305288889404985, 0.06629602355155903]
Round=14, per client global perf=[0.0745, 0.8235, 0.3221, 0.0005, 0.0049, 0.0, 0.1083, 0.0912, 0.4951, 0.0838], mean perf=4088/20400 (0.2004%)
Round=14, per client personal perf=[0.9578, 0.9975, 0.9721, 0.9995, 1.0, 0.9971, 0.9324, 0.999, 0.9985, 0.7083], mean perf=19507/20400 (0.9562%)
Round=14, per client personal pooled=[0.1919, 0.1976, 0.1927, 0.2007, 0.2006, 0.2017, 0.1848, 0.1988, 0.2007, 0.1432], mean perf=39020/204000 (0.1913%)
Mean performance of ditto rpdp global, Perf=0.2471, seed=42
Mean performance of ditto rpdp personal, Perf=0.9547, seed=42
Mean performance of ditto rpdp pooled, Perf=0.1910, seed=42
Client 0: avg epsilon = 0.1359
Client 1: avg epsilon = 0.8300
Client 2: avg epsilon = 0.4555
Client 3: avg epsilon = 0.3057
Client 4: avg epsilon = 0.3982
Client 5: avg epsilon = 0.3407
Client 6: avg epsilon = 0.2392
Client 7: avg epsilon = 0.2807
Client 8: avg epsilon = 1.0279
Client 9: avg epsilon = 0.3017
 We run FedAvg with rPDP (BoundedPareto-0) ...
max_epsilon :  10.0  noise_multiplier :  9.736328125
The R-Squared value of the best-fit curve : 0.999749898528281
learning rate =  0.001
sample_rate: (min) 0.03, (max) 0.04, expected_batch_size: 122
sample_rate: (min) 0.1, (max) 0.19, expected_batch_size: 530
sample_rate: (min) 0.03, (max) 0.14, expected_batch_size: 311
sample_rate: (min) 0.03, (max) 0.09, expected_batch_size: 224
sample_rate: (min) 0.05, (max) 0.1, expected_batch_size: 280
sample_rate: (min) 0.05, (max) 0.07, expected_batch_size: 247
sample_rate: (min) 0.04, (max) 0.05, expected_batch_size: 185
sample_rate: (min) 0.04, (max) 0.06, expected_batch_size: 210
sample_rate: (min) 0.03, (max) 0.98, expected_batch_size: 605
sample_rate: (min) 0.04, (max) 0.08, expected_batch_size: 222
initial privacy cost of all clients:  [0, 0, 0, 0, 0, 0, 0, 0, 0, 0]
Round=0
Round=1
Round=2
Round=3
Round=4
Round=5
Round=6
Round=7
Round=8
Round=9
Round=10
Round=11
Round=12
Round=13
Round=14
current privacy cost of all clients:  [0.12391607075370599, 0.8564368578459931, 0.4847320912909961, 0.32775529298723416, 0.4355712153721561, 0.2732423343389705, 0.21238182498504193, 0.2751462979402989, 8.118065224632089, 0.26441334293555274]
Round=14, per client global perf=[0.0466, 0.8598, 0.3755, 0.3319, 0.6377, 0.0892, 0.699, 0.3515, 0.4956, 0.125], mean perf=8184/20400 (0.4012%)
Round=14, per client personal perf=[0.9564, 0.9975, 0.9721, 0.999, 1.0, 0.9956, 0.9069, 0.9975, 0.9995, 0.6794], mean perf=19388/20400 (0.9504%)
Round=14, per client personal pooled=[0.1917, 0.1976, 0.1927, 0.2006, 0.2006, 0.2013, 0.1796, 0.1987, 0.2008, 0.1395], mean perf=38824/204000 (0.1903%)
Mean performance of ditto rpdp global, Perf=0.3573, seed=42
Mean performance of ditto rpdp personal, Perf=0.9525, seed=42
Mean performance of ditto rpdp pooled, Perf=0.1906, seed=42
Client 0: avg epsilon = 0.1000
Client 1: avg epsilon = 2.7342
Client 2: avg epsilon = 0.6161
Client 3: avg epsilon = 0.4739
Client 4: avg epsilon = 0.5376
Client 5: avg epsilon = 0.1481
Client 6: avg epsilon = 0.1116
Client 7: avg epsilon = 0.1250
Client 8: avg epsilon = 2.7522
Client 9: avg epsilon = 0.1457
 We run FedAvg with rPDP (BoundedMixGauss-0) ...
max_epsilon :  10.0  noise_multiplier :  9.736328125
The R-Squared value of the best-fit curve : 0.999749898528281
learning rate =  0.001
sample_rate: (min) 0.03, (max) 0.03, expected_batch_size: 99
sample_rate: (min) 0.16, (max) 0.6, expected_batch_size: 1412
sample_rate: (min) 0.03, (max) 0.19, expected_batch_size: 399
sample_rate: (min) 0.03, (max) 0.15, expected_batch_size: 320
sample_rate: (min) 0.03, (max) 0.16, expected_batch_size: 356
sample_rate: (min) 0.03, (max) 0.04, expected_batch_size: 129
sample_rate: (min) 0.03, (max) 0.03, expected_batch_size: 107
sample_rate: (min) 0.03, (max) 0.03, expected_batch_size: 115
sample_rate: (min) 0.03, (max) 0.79, expected_batch_size: 1324
sample_rate: (min) 0.03, (max) 0.05, expected_batch_size: 128
initial privacy cost of all clients:  [0, 0, 0, 0, 0, 0, 0, 0, 0, 0]
Round=0
Round=1
Round=2
Round=3
Round=4
Round=5
Round=6
Round=7
Round=8
Round=9
Round=10
Round=11
Round=12
Round=13
Round=14
current privacy cost of all clients:  [0.0777036851988212, 3.534975956397318, 0.6932132557201199, 0.6108466999744561, 0.7455131115516312, 0.1230855364247561, 0.10155102630727517, 0.12493225834139175, 5.922965857975325, 0.13982586840833938]
Round=14, per client global perf=[0.0, 0.8618, 0.352, 0.001, 0.1451, 0.0054, 0.3074, 0.1456, 0.4951, 0.0118], mean perf=4743/20400 (0.2325%)
Round=14, per client personal perf=[0.95, 0.9985, 0.9706, 0.9995, 1.0, 0.9971, 0.9333, 0.9985, 0.9995, 0.7201], mean perf=19517/20400 (0.9567%)
Round=14, per client personal pooled=[0.1897, 0.1978, 0.1926, 0.2007, 0.2006, 0.2018, 0.185, 0.1987, 0.2008, 0.1447], mean perf=39013/204000 (0.1912%)
Mean performance of ditto rpdp global, Perf=0.2704, seed=42
Mean performance of ditto rpdp personal, Perf=0.9529, seed=42
Mean performance of ditto rpdp pooled, Perf=0.1905, seed=42
Finished seed 42
----------------------------------------
Running seed 43
/Users/shegao_t1/DP_Research/Personal_DP_Personal_FL/rpdp_fl/experiments/datasets/fed_fashion_mnist/niid_10_2way_3000shot

Client 0 label distribution:
[(0, 2002), (2, 1958)]

Client 1 label distribution:
[(8, 1994), (9, 1966)]

Client 2 label distribution:
[(0, 1953), (8, 2007)]

Client 3 label distribution:
[(1, 1976), (7, 1984)]

Client 4 label distribution:
[(4, 1986), (7, 1974)]

Client 5 label distribution:
[(5, 1980), (6, 1980)]

Client 6 label distribution:
[(3, 1999), (4, 1961)]

Client 7 label distribution:
[(3, 2018), (5, 1942)]

Client 8 label distribution:
[(1, 1970), (9, 1990)]

Client 9 label distribution:
[(2, 1997), (6, 1963)]
Client 0: avg epsilon = 0.1000
Client 1: avg epsilon = 2.9859
Client 2: avg epsilon = 0.5602
Client 3: avg epsilon = 0.5430
Client 4: avg epsilon = 0.5486
Client 5: avg epsilon = 0.1000
Client 6: avg epsilon = 0.1000
Client 7: avg epsilon = 0.1000
Client 8: avg epsilon = 2.5624
Client 9: avg epsilon = 0.1000
 We run FedAvg with rPDP (ThreeLevels-0) ...
max_epsilon :  10.0  noise_multiplier :  9.736328125
The R-Squared value of the best-fit curve : 0.999749898528281
learning rate =  0.001
sample_rate: (min) 0.03, (max) 0.03, expected_batch_size: 99
sample_rate: (min) 0.16, (max) 0.61, expected_batch_size: 1508
sample_rate: (min) 0.03, (max) 0.61, expected_batch_size: 368
sample_rate: (min) 0.03, (max) 0.16, expected_batch_size: 358
sample_rate: (min) 0.03, (max) 0.16, expected_batch_size: 362
sample_rate: (min) 0.03, (max) 0.03, expected_batch_size: 99
sample_rate: (min) 0.03, (max) 0.03, expected_batch_size: 99
sample_rate: (min) 0.03, (max) 0.03, expected_batch_size: 99
sample_rate: (min) 0.03, (max) 0.61, expected_batch_size: 1256
sample_rate: (min) 0.03, (max) 0.03, expected_batch_size: 99
initial privacy cost of all clients:  [0, 0, 0, 0, 0, 0, 0, 0, 0, 0]
Round=0
Round=1
Round=2
Round=3
Round=4
Round=5
Round=6
Round=7
Round=8
Round=9
Round=10
Round=11
Round=12
Round=13
Round=14
current privacy cost of all clients:  [0.08299634815037049, 3.554611437795162, 3.3043856205918876, 0.7482516858029494, 0.5558558712260362, 0.0777036851988212, 0.06629602355155903, 0.04533992744859791, 3.0541598033886133, 0.0879752932513391]
Round=14, per client global perf=[0.4833, 0.4127, 0.8402, 0.4534, 0.4647, 0.0005, 0.0, 0.0, 0.0, 0.073], mean perf=5565/20400 (0.2728%)
Round=14, per client personal perf=[0.9578, 0.9966, 0.9647, 0.9975, 0.9966, 0.9971, 0.9049, 0.9868, 0.999, 0.7799], mean perf=19545/20400 (0.9581%)
Round=14, per client personal pooled=[0.1913, 0.1975, 0.1916, 0.2004, 0.2002, 0.2021, 0.1794, 0.1968, 0.2007, 0.1587], mean perf=39139/204000 (0.1919%)
Mean performance of ditto rpdp global, Perf=0.2480, seed=43
Mean performance of ditto rpdp personal, Perf=0.9519, seed=43
Mean performance of ditto rpdp pooled, Perf=0.1906, seed=43
Client 0: avg epsilon = 0.1370
Client 1: avg epsilon = 0.8330
Client 2: avg epsilon = 0.4569
Client 3: avg epsilon = 0.3083
Client 4: avg epsilon = 0.4020
Client 5: avg epsilon = 0.3436
Client 6: avg epsilon = 0.2417
Client 7: avg epsilon = 0.2834
Client 8: avg epsilon = 1.0490
Client 9: avg epsilon = 0.3045
 We run FedAvg with rPDP (BoundedPareto-0) ...
max_epsilon :  10.0  noise_multiplier :  9.736328125
The R-Squared value of the best-fit curve : 0.999749898528281
learning rate =  0.001
sample_rate: (min) 0.03, (max) 0.04, expected_batch_size: 122
sample_rate: (min) 0.1, (max) 0.19, expected_batch_size: 531
sample_rate: (min) 0.03, (max) 0.14, expected_batch_size: 311
sample_rate: (min) 0.03, (max) 0.09, expected_batch_size: 226
sample_rate: (min) 0.05, (max) 0.1, expected_batch_size: 282
sample_rate: (min) 0.05, (max) 0.07, expected_batch_size: 248
sample_rate: (min) 0.04, (max) 0.05, expected_batch_size: 187
sample_rate: (min) 0.04, (max) 0.07, expected_batch_size: 212
sample_rate: (min) 0.03, (max) 1.0, expected_batch_size: 614
sample_rate: (min) 0.04, (max) 0.08, expected_batch_size: 224
initial privacy cost of all clients:  [0, 0, 0, 0, 0, 0, 0, 0, 0, 0]
Round=0
Round=1
Round=2
Round=3
Round=4
Round=5
Round=6
Round=7
Round=8
Round=9
Round=10
Round=11
Round=12
Round=13
Round=14
current privacy cost of all clients:  [0.13384596778085164, 0.8611440614220764, 0.5784313278423177, 0.3766195748792524, 0.32391913262410976, 0.2747545718185365, 0.1725286460575027, 0.149209138972256, 5.727361884269555, 0.3479899757365371]
Round=14, per client global perf=[0.1451, 0.5392, 0.5328, 0.451, 0.4632, 0.2843, 0.0, 0.0, 0.1324, 0.3284], mean perf=5868/20400 (0.2876%)
Round=14, per client personal perf=[0.9574, 0.9946, 0.9701, 0.999, 1.0, 0.9926, 0.9181, 0.9868, 0.9995, 0.7931], mean perf=19607/20400 (0.9611%)
Round=14, per client personal pooled=[0.1913, 0.1971, 0.1928, 0.2007, 0.2007, 0.201, 0.1816, 0.1968, 0.2008, 0.162], mean perf=39266/204000 (0.1925%)
Mean performance of ditto rpdp global, Perf=0.2960, seed=43
Mean performance of ditto rpdp personal, Perf=0.9551, seed=43
Mean performance of ditto rpdp pooled, Perf=0.1913, seed=43
Client 0: avg epsilon = 0.1000
Client 1: avg epsilon = 2.8168
Client 2: avg epsilon = 0.6633
Client 3: avg epsilon = 0.4921
Client 4: avg epsilon = 0.5418
Client 5: avg epsilon = 0.1493
Client 6: avg epsilon = 0.1119
Client 7: avg epsilon = 0.1256
Client 8: avg epsilon = 2.7587
Client 9: avg epsilon = 0.1657
 We run FedAvg with rPDP (BoundedMixGauss-0) ...
max_epsilon :  10.0  noise_multiplier :  9.736328125
The R-Squared value of the best-fit curve : 0.999749898528281
learning rate =  0.001
sample_rate: (min) 0.03, (max) 0.03, expected_batch_size: 99
sample_rate: (min) 0.16, (max) 0.61, expected_batch_size: 1448
sample_rate: (min) 0.03, (max) 0.5, expected_batch_size: 421
sample_rate: (min) 0.03, (max) 0.15, expected_batch_size: 330
sample_rate: (min) 0.03, (max) 0.16, expected_batch_size: 359
sample_rate: (min) 0.03, (max) 0.04, expected_batch_size: 130
sample_rate: (min) 0.03, (max) 0.03, expected_batch_size: 107
sample_rate: (min) 0.03, (max) 0.03, expected_batch_size: 115
sample_rate: (min) 0.03, (max) 0.75, expected_batch_size: 1326
sample_rate: (min) 0.03, (max) 0.13, expected_batch_size: 139
initial privacy cost of all clients:  [0, 0, 0, 0, 0, 0, 0, 0, 0, 0]
Round=0
Round=1
Round=2
Round=3
Round=4
Round=5
Round=6
Round=7
Round=8
Round=9
Round=10
Round=11
Round=12
Round=13
Round=14
current privacy cost of all clients:  [0.08299634815037049, 3.544051361988771, 2.660715654171003, 0.7002221964290131, 0.5581009774236316, 0.12420114642510934, 0.08158735751967872, 0.06583479484901301, 4.078778062978832, 0.6129104221272386]
Round=14, per client global perf=[0.2456, 0.4127, 0.6799, 0.4554, 0.4667, 0.1176, 0.0, 0.0, 0.0, 0.126], mean perf=5108/20400 (0.2504%)
Round=14, per client personal perf=[0.9593, 0.9966, 0.9667, 0.9985, 0.9995, 0.9975, 0.898, 0.9868, 0.9995, 0.7936], mean perf=19576/20400 (0.9596%)
Round=14, per client personal pooled=[0.192, 0.1974, 0.1919, 0.2006, 0.2006, 0.202, 0.1787, 0.1968, 0.2008, 0.1617], mean perf=39222/204000 (0.1923%)
Mean performance of ditto rpdp global, Perf=0.2579, seed=43
Mean performance of ditto rpdp personal, Perf=0.9544, seed=43
Mean performance of ditto rpdp pooled, Perf=0.1911, seed=43
Finished seed 43
----------------------------------------
Running seed 44
/Users/shegao_t1/DP_Research/Personal_DP_Personal_FL/rpdp_fl/experiments/datasets/fed_fashion_mnist/niid_10_2way_3000shot

Client 0 label distribution:
[(0, 2002), (2, 1958)]

Client 1 label distribution:
[(8, 1994), (9, 1966)]

Client 2 label distribution:
[(0, 1953), (8, 2007)]

Client 3 label distribution:
[(1, 1976), (7, 1984)]

Client 4 label distribution:
[(4, 1986), (7, 1974)]

Client 5 label distribution:
[(5, 1980), (6, 1980)]

Client 6 label distribution:
[(3, 1999), (4, 1961)]

Client 7 label distribution:
[(3, 2018), (5, 1942)]

Client 8 label distribution:
[(1, 1970), (9, 1990)]

Client 9 label distribution:
[(2, 1997), (6, 1963)]
Client 0: avg epsilon = 0.1000
Client 1: avg epsilon = 2.9859
Client 2: avg epsilon = 0.5602
Client 3: avg epsilon = 0.5430
Client 4: avg epsilon = 0.5486
Client 5: avg epsilon = 0.1000
Client 6: avg epsilon = 0.1000
Client 7: avg epsilon = 0.1000
Client 8: avg epsilon = 2.5624
Client 9: avg epsilon = 0.1000
 We run FedAvg with rPDP (ThreeLevels-0) ...
max_epsilon :  10.0  noise_multiplier :  9.736328125
The R-Squared value of the best-fit curve : 0.999749898528281
learning rate =  0.001
sample_rate: (min) 0.03, (max) 0.03, expected_batch_size: 99
sample_rate: (min) 0.16, (max) 0.61, expected_batch_size: 1508
sample_rate: (min) 0.03, (max) 0.61, expected_batch_size: 368
sample_rate: (min) 0.03, (max) 0.16, expected_batch_size: 358
sample_rate: (min) 0.03, (max) 0.16, expected_batch_size: 362
sample_rate: (min) 0.03, (max) 0.03, expected_batch_size: 99
sample_rate: (min) 0.03, (max) 0.03, expected_batch_size: 99
sample_rate: (min) 0.03, (max) 0.03, expected_batch_size: 99
sample_rate: (min) 0.03, (max) 0.61, expected_batch_size: 1256
sample_rate: (min) 0.03, (max) 0.03, expected_batch_size: 99
initial privacy cost of all clients:  [0, 0, 0, 0, 0, 0, 0, 0, 0, 0]
Round=0
Round=1
Round=2
Round=3
Round=4
Round=5
Round=6
Round=7
Round=8
Round=9
Round=10
Round=11
Round=12
Round=13
Round=14
current privacy cost of all clients:  [0.08299634815037049, 4.510367153745826, 3.8048372549984366, 0.4329280232702186, 0.8300921245073416, 0.06629602355155903, 0.05997229379927632, 0.06629602355155903, 2.8039339861853394, 0.0777036851988212]
Round=14, per client global perf=[0.275, 0.9578, 0.7735, 0.0, 0.1485, 0.0123, 0.1426, 0.0, 0.4765, 0.0113], mean perf=5707/20400 (0.2798%)
Round=14, per client personal perf=[0.9578, 0.9985, 0.9711, 0.9975, 0.9995, 0.9971, 0.9206, 0.9971, 0.999, 0.7574], mean perf=19575/20400 (0.9596%)
Round=14, per client personal pooled=[0.1913, 0.1977, 0.1925, 0.2004, 0.2004, 0.2017, 0.1816, 0.1985, 0.2008, 0.1531], mean perf=39128/204000 (0.1918%)
Mean performance of ditto rpdp global, Perf=0.3010, seed=44
Mean performance of ditto rpdp personal, Perf=0.9557, seed=44
Mean performance of ditto rpdp pooled, Perf=0.1910, seed=44
Client 0: avg epsilon = 0.1355
Client 1: avg epsilon = 0.8401
Client 2: avg epsilon = 0.4584
Client 3: avg epsilon = 0.3085
Client 4: avg epsilon = 0.4010
Client 5: avg epsilon = 0.3408
Client 6: avg epsilon = 0.2381
Client 7: avg epsilon = 0.2795
Client 8: avg epsilon = 1.0369
Client 9: avg epsilon = 0.3029
 We run FedAvg with rPDP (BoundedPareto-0) ...
max_epsilon :  10.0  noise_multiplier :  9.736328125
The R-Squared value of the best-fit curve : 0.999749898528281
learning rate =  0.001
sample_rate: (min) 0.03, (max) 0.04, expected_batch_size: 121
sample_rate: (min) 0.1, (max) 0.19, expected_batch_size: 535
sample_rate: (min) 0.03, (max) 0.14, expected_batch_size: 312
sample_rate: (min) 0.03, (max) 0.09, expected_batch_size: 226
sample_rate: (min) 0.05, (max) 0.1, expected_batch_size: 282
sample_rate: (min) 0.05, (max) 0.07, expected_batch_size: 247
sample_rate: (min) 0.04, (max) 0.05, expected_batch_size: 184
sample_rate: (min) 0.04, (max) 0.06, expected_batch_size: 210
sample_rate: (min) 0.03, (max) 1.0, expected_batch_size: 609
sample_rate: (min) 0.04, (max) 0.08, expected_batch_size: 223
initial privacy cost of all clients:  [0, 0, 0, 0, 0, 0, 0, 0, 0, 0]
Round=0
Round=1
Round=2
Round=3
Round=4
Round=5
Round=6
Round=7
Round=8
Round=9
Round=10
Round=11
Round=12
Round=13
Round=14
current privacy cost of all clients:  [0.13140898679775972, 1.0773600419568403, 0.660066882701084, 0.21650482764182097, 0.487181371149898, 0.23718180222679167, 0.15535843273812916, 0.21038793547456405, 5.189319301399437, 0.3102761686194495]
Round=14, per client global perf=[0.1181, 0.9157, 0.5922, 0.0, 0.4015, 0.0691, 0.4201, 0.0, 0.451, 0.0574], mean perf=6171/20400 (0.3025%)
Round=14, per client personal perf=[0.9632, 0.998, 0.9701, 0.9995, 0.9995, 0.9971, 0.9191, 0.9966, 0.9995, 0.7696], mean perf=19609/20400 (0.9612%)
Round=14, per client personal pooled=[0.1926, 0.1976, 0.1924, 0.2007, 0.2004, 0.2019, 0.1814, 0.1984, 0.2008, 0.1577], mean perf=39252/204000 (0.1924%)
Mean performance of ditto rpdp global, Perf=0.3342, seed=44
Mean performance of ditto rpdp personal, Perf=0.9571, seed=44
Mean performance of ditto rpdp pooled, Perf=0.1915, seed=44
Client 0: avg epsilon = 0.1000
Client 1: avg epsilon = 2.8104
Client 2: avg epsilon = 0.6547
Client 3: avg epsilon = 0.4780
Client 4: avg epsilon = 0.5385
Client 5: avg epsilon = 0.1482
Client 6: avg epsilon = 0.1116
Client 7: avg epsilon = 0.1249
Client 8: avg epsilon = 2.7601
Client 9: avg epsilon = 0.1463
 We run FedAvg with rPDP (BoundedMixGauss-0) ...
max_epsilon :  10.0  noise_multiplier :  9.736328125
The R-Squared value of the best-fit curve : 0.999749898528281
learning rate =  0.001
sample_rate: (min) 0.03, (max) 0.03, expected_batch_size: 99
sample_rate: (min) 0.16, (max) 0.61, expected_batch_size: 1445
sample_rate: (min) 0.03, (max) 0.5, expected_batch_size: 417
sample_rate: (min) 0.03, (max) 0.15, expected_batch_size: 322
sample_rate: (min) 0.03, (max) 0.16, expected_batch_size: 357
sample_rate: (min) 0.03, (max) 0.04, expected_batch_size: 129
sample_rate: (min) 0.03, (max) 0.03, expected_batch_size: 107
sample_rate: (min) 0.03, (max) 0.03, expected_batch_size: 115
sample_rate: (min) 0.03, (max) 0.77, expected_batch_size: 1326
sample_rate: (min) 0.03, (max) 0.05, expected_batch_size: 128
initial privacy cost of all clients:  [0, 0, 0, 0, 0, 0, 0, 0, 0, 0]
Round=0
Round=1
Round=2
Round=3
Round=4
Round=5
Round=6
Round=7
Round=8
Round=9
Round=10
Round=11
Round=12
Round=13
Round=14
current privacy cost of all clients:  [0.08299634815037049, 4.504632508203673, 2.989350746560248, 0.40215631793856094, 0.8285656541237807, 0.1052954857417839, 0.07367174226947429, 0.09463130723209448, 3.744154547986864, 0.1720416421973099]
Round=14, per client global perf=[0.0892, 0.9578, 0.5593, 0.0, 0.1882, 0.1029, 0.1951, 0.0, 0.475, 0.0873], mean perf=5416/20400 (0.2655%)
Round=14, per client personal perf=[0.9578, 0.9966, 0.9686, 0.999, 0.9995, 0.9971, 0.924, 0.9971, 0.999, 0.7397], mean perf=19540/20400 (0.9578%)
Round=14, per client personal pooled=[0.1918, 0.1975, 0.192, 0.2007, 0.2005, 0.2018, 0.1821, 0.1984, 0.2008, 0.1513], mean perf=39104/204000 (0.1917%)
Mean performance of ditto rpdp global, Perf=0.3076, seed=44
Mean performance of ditto rpdp personal, Perf=0.9543, seed=44
Mean performance of ditto rpdp pooled, Perf=0.1909, seed=44
Finished seed 44
----------------------------------------
Running seed 45
/Users/shegao_t1/DP_Research/Personal_DP_Personal_FL/rpdp_fl/experiments/datasets/fed_fashion_mnist/niid_10_2way_3000shot

Client 0 label distribution:
[(0, 2002), (2, 1958)]

Client 1 label distribution:
[(8, 1994), (9, 1966)]

Client 2 label distribution:
[(0, 1953), (8, 2007)]

Client 3 label distribution:
[(1, 1976), (7, 1984)]

Client 4 label distribution:
[(4, 1986), (7, 1974)]

Client 5 label distribution:
[(5, 1980), (6, 1980)]

Client 6 label distribution:
[(3, 1999), (4, 1961)]

Client 7 label distribution:
[(3, 2018), (5, 1942)]

Client 8 label distribution:
[(1, 1970), (9, 1990)]

Client 9 label distribution:
[(2, 1997), (6, 1963)]
Client 0: avg epsilon = 0.1000
Client 1: avg epsilon = 2.9859
Client 2: avg epsilon = 0.5602
Client 3: avg epsilon = 0.5430
Client 4: avg epsilon = 0.5486
Client 5: avg epsilon = 0.1000
Client 6: avg epsilon = 0.1000
Client 7: avg epsilon = 0.1000
Client 8: avg epsilon = 2.5624
Client 9: avg epsilon = 0.1000
 We run FedAvg with rPDP (ThreeLevels-0) ...
max_epsilon :  10.0  noise_multiplier :  9.736328125
The R-Squared value of the best-fit curve : 0.999749898528281
learning rate =  0.001
sample_rate: (min) 0.03, (max) 0.03, expected_batch_size: 99
sample_rate: (min) 0.16, (max) 0.61, expected_batch_size: 1508
sample_rate: (min) 0.03, (max) 0.61, expected_batch_size: 368
sample_rate: (min) 0.03, (max) 0.16, expected_batch_size: 358
sample_rate: (min) 0.03, (max) 0.16, expected_batch_size: 362
sample_rate: (min) 0.03, (max) 0.03, expected_batch_size: 99
sample_rate: (min) 0.03, (max) 0.03, expected_batch_size: 99
sample_rate: (min) 0.03, (max) 0.03, expected_batch_size: 99
sample_rate: (min) 0.03, (max) 0.61, expected_batch_size: 1256
sample_rate: (min) 0.03, (max) 0.03, expected_batch_size: 99
initial privacy cost of all clients:  [0, 0, 0, 0, 0, 0, 0, 0, 0, 0]
Round=0
Round=1
Round=2
Round=3
Round=4
Round=5
Round=6
Round=7
Round=8
Round=9
Round=10
Round=11
Round=12
Round=13
Round=14
current privacy cost of all clients:  [0.0777036851988212, 3.554611437795162, 3.3043856205918876, 0.49782670836934756, 0.7046321452486275, 0.0879752932513391, 0.0777036851988212, 0.05997229379927632, 3.8048372549984366, 0.0879752932513391]
Round=14, per client global perf=[0.0657, 0.9005, 0.4088, 0.0, 0.1235, 0.0328, 0.1304, 0.0, 0.4858, 0.0931], mean perf=4571/20400 (0.2241%)
Round=14, per client personal perf=[0.9539, 0.9985, 0.9637, 0.999, 0.999, 0.998, 0.9265, 0.9975, 0.9995, 0.7598], mean perf=19575/20400 (0.9596%)
Round=14, per client personal pooled=[0.1907, 0.1978, 0.1915, 0.2007, 0.2004, 0.2022, 0.1832, 0.1985, 0.2008, 0.154], mean perf=39165/204000 (0.1920%)
Mean performance of ditto rpdp global, Perf=0.2179, seed=45
Mean performance of ditto rpdp personal, Perf=0.9577, seed=45
Mean performance of ditto rpdp pooled, Perf=0.1915, seed=45
Client 0: avg epsilon = 0.1357
Client 1: avg epsilon = 0.8295
Client 2: avg epsilon = 0.4568
Client 3: avg epsilon = 0.3092
Client 4: avg epsilon = 0.4011
Client 5: avg epsilon = 0.3422
Client 6: avg epsilon = 0.2386
Client 7: avg epsilon = 0.2815
Client 8: avg epsilon = 1.0373
Client 9: avg epsilon = 0.3045
 We run FedAvg with rPDP (BoundedPareto-0) ...
max_epsilon :  10.0  noise_multiplier :  9.736328125
The R-Squared value of the best-fit curve : 0.999749898528281
learning rate =  0.001
sample_rate: (min) 0.03, (max) 0.04, expected_batch_size: 122
sample_rate: (min) 0.1, (max) 0.19, expected_batch_size: 530
sample_rate: (min) 0.03, (max) 0.14, expected_batch_size: 311
sample_rate: (min) 0.03, (max) 0.09, expected_batch_size: 226
sample_rate: (min) 0.05, (max) 0.1, expected_batch_size: 282
sample_rate: (min) 0.05, (max) 0.07, expected_batch_size: 247
sample_rate: (min) 0.04, (max) 0.05, expected_batch_size: 185
sample_rate: (min) 0.04, (max) 0.07, expected_batch_size: 211
sample_rate: (min) 0.03, (max) 1.0, expected_batch_size: 608
sample_rate: (min) 0.04, (max) 0.08, expected_batch_size: 224
initial privacy cost of all clients:  [0, 0, 0, 0, 0, 0, 0, 0, 0, 0]
Round=0
Round=1
Round=2
Round=3
Round=4
Round=5
Round=6
Round=7
Round=8
Round=9
Round=10
Round=11
Round=12
Round=13
Round=14
current privacy cost of all clients:  [0.1238683048379443, 0.8541831583712962, 0.5739380633593378, 0.25000972001783284, 0.4119136861964469, 0.31059687984969775, 0.19899062609862578, 0.19284472400682245, 7.341489632879909, 0.35041142082437643]
Round=14, per client global perf=[0.0, 0.8814, 0.4127, 0.0, 0.1794, 0.3525, 0.1838, 0.0034, 0.4735, 0.3529], mean perf=5793/20400 (0.2840%)
Round=14, per client personal perf=[0.9569, 0.998, 0.974, 0.9985, 0.9995, 0.9985, 0.9221, 0.9971, 0.9985, 0.7436], mean perf=19557/20400 (0.9587%)
Round=14, per client personal pooled=[0.1908, 0.1976, 0.1933, 0.2005, 0.2005, 0.2022, 0.182, 0.1983, 0.2007, 0.1518], mean perf=39123/204000 (0.1918%)
Mean performance of ditto rpdp global, Perf=0.2554, seed=45
Mean performance of ditto rpdp personal, Perf=0.9581, seed=45
Mean performance of ditto rpdp pooled, Perf=0.1915, seed=45
Client 0: avg epsilon = 0.1000
Client 1: avg epsilon = 2.8222
Client 2: avg epsilon = 0.6731
Client 3: avg epsilon = 0.4920
Client 4: avg epsilon = 0.5410
Client 5: avg epsilon = 0.1489
Client 6: avg epsilon = 0.1118
Client 7: avg epsilon = 0.1255
Client 8: avg epsilon = 2.7609
Client 9: avg epsilon = 0.1638
 We run FedAvg with rPDP (BoundedMixGauss-0) ...
max_epsilon :  10.0  noise_multiplier :  9.736328125
The R-Squared value of the best-fit curve : 0.999749898528281
learning rate =  0.001
sample_rate: (min) 0.03, (max) 0.03, expected_batch_size: 99
sample_rate: (min) 0.16, (max) 0.61, expected_batch_size: 1450
sample_rate: (min) 0.03, (max) 0.51, expected_batch_size: 426
sample_rate: (min) 0.03, (max) 0.15, expected_batch_size: 330
sample_rate: (min) 0.03, (max) 0.16, expected_batch_size: 358
sample_rate: (min) 0.03, (max) 0.04, expected_batch_size: 130
sample_rate: (min) 0.03, (max) 0.03, expected_batch_size: 107
sample_rate: (min) 0.03, (max) 0.03, expected_batch_size: 115
sample_rate: (min) 0.03, (max) 0.77, expected_batch_size: 1327
sample_rate: (min) 0.03, (max) 0.13, expected_batch_size: 138
initial privacy cost of all clients:  [0, 0, 0, 0, 0, 0, 0, 0, 0, 0]
Round=0
Round=1
Round=2
Round=3
Round=4
Round=5
Round=6
Round=7
Round=8
Round=9
Round=10
Round=11
Round=12
Round=13
Round=14
current privacy cost of all clients:  [0.0777036851988212, 3.553695072396664, 2.6890150351182838, 0.4652031769170788, 0.7064826366812412, 0.13987617336339558, 0.0953080302093682, 0.08625029115926232, 5.099062056828933, 0.6080978287292964]
Round=14, per client global perf=[0.0, 0.8985, 0.4039, 0.0, 0.0, 0.3, 0.0, 0.0, 0.4858, 0.3108], mean perf=4894/20400 (0.2399%)
Round=14, per client personal perf=[0.9564, 0.9971, 0.974, 0.9985, 0.9995, 0.9975, 0.8907, 0.9941, 0.9985, 0.7583], mean perf=19512/20400 (0.9565%)
Round=14, per client personal pooled=[0.1909, 0.1976, 0.193, 0.2006, 0.2005, 0.202, 0.176, 0.1981, 0.2006, 0.155], mean perf=39053/204000 (0.1914%)
Mean performance of ditto rpdp global, Perf=0.1858, seed=45
Mean performance of ditto rpdp personal, Perf=0.9571, seed=45
Mean performance of ditto rpdp pooled, Perf=0.1914, seed=45
Finished seed 45
----------------------------------------
Running seed 46
/Users/shegao_t1/DP_Research/Personal_DP_Personal_FL/rpdp_fl/experiments/datasets/fed_fashion_mnist/niid_10_2way_3000shot

Client 0 label distribution:
[(0, 2002), (2, 1958)]

Client 1 label distribution:
[(8, 1994), (9, 1966)]

Client 2 label distribution:
[(0, 1953), (8, 2007)]

Client 3 label distribution:
[(1, 1976), (7, 1984)]

Client 4 label distribution:
[(4, 1986), (7, 1974)]

Client 5 label distribution:
[(5, 1980), (6, 1980)]

Client 6 label distribution:
[(3, 1999), (4, 1961)]

Client 7 label distribution:
[(3, 2018), (5, 1942)]

Client 8 label distribution:
[(1, 1970), (9, 1990)]

Client 9 label distribution:
[(2, 1997), (6, 1963)]
Client 0: avg epsilon = 0.1000
Client 1: avg epsilon = 2.9859
Client 2: avg epsilon = 0.5602
Client 3: avg epsilon = 0.5430
Client 4: avg epsilon = 0.5486
Client 5: avg epsilon = 0.1000
Client 6: avg epsilon = 0.1000
Client 7: avg epsilon = 0.1000
Client 8: avg epsilon = 2.5624
Client 9: avg epsilon = 0.1000
 We run FedAvg with rPDP (ThreeLevels-0) ...
max_epsilon :  10.0  noise_multiplier :  9.736328125
The R-Squared value of the best-fit curve : 0.999749898528281
learning rate =  0.001
sample_rate: (min) 0.03, (max) 0.03, expected_batch_size: 99
sample_rate: (min) 0.16, (max) 0.61, expected_batch_size: 1508
sample_rate: (min) 0.03, (max) 0.61, expected_batch_size: 368
sample_rate: (min) 0.03, (max) 0.16, expected_batch_size: 358
sample_rate: (min) 0.03, (max) 0.16, expected_batch_size: 362
sample_rate: (min) 0.03, (max) 0.03, expected_batch_size: 99
sample_rate: (min) 0.03, (max) 0.03, expected_batch_size: 99
sample_rate: (min) 0.03, (max) 0.03, expected_batch_size: 99
sample_rate: (min) 0.03, (max) 0.61, expected_batch_size: 1256
sample_rate: (min) 0.03, (max) 0.03, expected_batch_size: 99
initial privacy cost of all clients:  [0, 0, 0, 0, 0, 0, 0, 0, 0, 0]
Round=0
Round=1
Round=2
Round=3
Round=4
Round=5
Round=6
Round=7
Round=8
Round=9
Round=10
Round=11
Round=12
Round=13
Round=14
current privacy cost of all clients:  [0.07214729257008984, 3.8048372549984366, 3.3043856205918876, 0.7046321452486275, 0.6583580204409699, 0.0777036851988212, 0.0777036851988212, 0.09280122601357536, 4.055063072201711, 0.0777036851988212]
Round=14, per client global perf=[0.1328, 0.9221, 0.5456, 0.1681, 0.1618, 0.0069, 0.448, 0.4284, 0.4931, 0.0064], mean perf=6759/20400 (0.3313%)
Round=14, per client personal perf=[0.9495, 0.9971, 0.9691, 0.999, 0.999, 0.9951, 0.9309, 0.9956, 0.999, 0.7564], mean perf=19565/20400 (0.9591%)
Round=14, per client personal pooled=[0.1901, 0.1975, 0.1923, 0.2007, 0.2004, 0.2014, 0.1842, 0.1983, 0.2008, 0.1526], mean perf=39135/204000 (0.1918%)
Mean performance of ditto rpdp global, Perf=0.3373, seed=46
Mean performance of ditto rpdp personal, Perf=0.9541, seed=46
Mean performance of ditto rpdp pooled, Perf=0.1910, seed=46
Client 0: avg epsilon = 0.1358
Client 1: avg epsilon = 0.8267
Client 2: avg epsilon = 0.4535
Client 3: avg epsilon = 0.3048
Client 4: avg epsilon = 0.3962
Client 5: avg epsilon = 0.3397
Client 6: avg epsilon = 0.2384
Client 7: avg epsilon = 0.2801
Client 8: avg epsilon = 1.0406
Client 9: avg epsilon = 0.3006
 We run FedAvg with rPDP (BoundedPareto-0) ...
max_epsilon :  10.0  noise_multiplier :  9.736328125
The R-Squared value of the best-fit curve : 0.999749898528281
learning rate =  0.001
sample_rate: (min) 0.03, (max) 0.04, expected_batch_size: 122
sample_rate: (min) 0.1, (max) 0.19, expected_batch_size: 528
sample_rate: (min) 0.03, (max) 0.14, expected_batch_size: 309
sample_rate: (min) 0.03, (max) 0.09, expected_batch_size: 224
sample_rate: (min) 0.05, (max) 0.1, expected_batch_size: 279
sample_rate: (min) 0.05, (max) 0.07, expected_batch_size: 246
sample_rate: (min) 0.04, (max) 0.05, expected_batch_size: 185
sample_rate: (min) 0.04, (max) 0.06, expected_batch_size: 210
sample_rate: (min) 0.03, (max) 1.0, expected_batch_size: 611
sample_rate: (min) 0.04, (max) 0.08, expected_batch_size: 222
initial privacy cost of all clients:  [0, 0, 0, 0, 0, 0, 0, 0, 0, 0]
Round=0
Round=1
Round=2
Round=3
Round=4
Round=5
Round=6
Round=7
Round=8
Round=9
Round=10
Round=11
Round=12
Round=13
Round=14
current privacy cost of all clients:  [0.11527426457360314, 0.9160350419147562, 0.572739041523169, 0.3489334045351679, 0.37883438502003774, 0.2713085493344183, 0.19890602970821353, 0.28836564175189583, 7.879532215750026, 0.30628117332886035]
Round=14, per client global perf=[0.0064, 0.9324, 0.4304, 0.2505, 0.3804, 0.0265, 0.6093, 0.4721, 0.4926, 0.0275], mean perf=7401/20400 (0.3628%)
Round=14, per client personal perf=[0.9525, 0.9985, 0.9691, 0.999, 0.9995, 0.9887, 0.9245, 0.9971, 0.999, 0.7647], mean perf=19569/20400 (0.9593%)
Round=14, per client personal pooled=[0.1909, 0.1978, 0.1922, 0.2007, 0.2004, 0.1998, 0.1823, 0.1985, 0.2008, 0.156], mean perf=39156/204000 (0.1919%)
Mean performance of ditto rpdp global, Perf=0.3104, seed=46
Mean performance of ditto rpdp personal, Perf=0.9580, seed=46
Mean performance of ditto rpdp pooled, Perf=0.1916, seed=46
Client 0: avg epsilon = 0.1000
Client 1: avg epsilon = 2.7303
Client 2: avg epsilon = 0.6163
Client 3: avg epsilon = 0.4688
Client 4: avg epsilon = 0.5368
Client 5: avg epsilon = 0.1476
Client 6: avg epsilon = 0.1112
Client 7: avg epsilon = 0.1243
Client 8: avg epsilon = 2.7628
Client 9: avg epsilon = 0.1452
 We run FedAvg with rPDP (BoundedMixGauss-0) ...
max_epsilon :  10.0  noise_multiplier :  9.736328125
The R-Squared value of the best-fit curve : 0.999749898528281
learning rate =  0.001
sample_rate: (min) 0.03, (max) 0.03, expected_batch_size: 99
sample_rate: (min) 0.16, (max) 0.61, expected_batch_size: 1410
sample_rate: (min) 0.03, (max) 0.19, expected_batch_size: 399
sample_rate: (min) 0.03, (max) 0.15, expected_batch_size: 317
sample_rate: (min) 0.03, (max) 0.16, expected_batch_size: 356
sample_rate: (min) 0.03, (max) 0.04, expected_batch_size: 129
sample_rate: (min) 0.03, (max) 0.03, expected_batch_size: 106
sample_rate: (min) 0.03, (max) 0.03, expected_batch_size: 114
sample_rate: (min) 0.03, (max) 0.75, expected_batch_size: 1327
sample_rate: (min) 0.03, (max) 0.05, expected_batch_size: 127
initial privacy cost of all clients:  [0, 0, 0, 0, 0, 0, 0, 0, 0, 0]
Round=0
Round=1
Round=2
Round=3
Round=4
Round=5
Round=6
Round=7
Round=8
Round=9
Round=10
Round=11
Round=12
Round=13
Round=14
current privacy cost of all clients:  [0.07214729257008984, 3.7918539772409874, 0.8238668132222364, 0.6515360350996892, 0.6559098589414954, 0.1223478075244293, 0.09461864940434495, 0.1311642201900802, 5.25008866728307, 0.1621993720914851]
Round=14, per client global perf=[0.0069, 0.9206, 0.423, 0.1382, 0.1333, 0.0417, 0.4412, 0.423, 0.4936, 0.0392], mean perf=6244/20400 (0.3061%)
Round=14, per client personal perf=[0.9534, 0.998, 0.9706, 0.999, 0.9995, 0.9956, 0.9186, 0.999, 0.9985, 0.75], mean perf=19548/20400 (0.9582%)
Round=14, per client personal pooled=[0.1913, 0.1976, 0.1924, 0.2007, 0.2004, 0.2015, 0.1812, 0.1987, 0.2006, 0.152], mean perf=39094/204000 (0.1916%)
Mean performance of ditto rpdp global, Perf=0.2904, seed=46
Mean performance of ditto rpdp personal, Perf=0.9569, seed=46
Mean performance of ditto rpdp pooled, Perf=0.1914, seed=46
Finished seed 46
----------------------------------------
=== Running reg_param=0.1, num_steps=15 ===
Running seed 42
/Users/shegao_t1/DP_Research/Personal_DP_Personal_FL/rpdp_fl/experiments/datasets/fed_fashion_mnist/niid_10_2way_3000shot

Client 0 label distribution:
[(0, 2002), (2, 1958)]

Client 1 label distribution:
[(8, 1994), (9, 1966)]

Client 2 label distribution:
[(0, 1953), (8, 2007)]

Client 3 label distribution:
[(1, 1976), (7, 1984)]

Client 4 label distribution:
[(4, 1986), (7, 1974)]

Client 5 label distribution:
[(5, 1980), (6, 1980)]

Client 6 label distribution:
[(3, 1999), (4, 1961)]

Client 7 label distribution:
[(3, 2018), (5, 1942)]

Client 8 label distribution:
[(1, 1970), (9, 1990)]

Client 9 label distribution:
[(2, 1997), (6, 1963)]
Client 0: avg epsilon = 0.1000
Client 1: avg epsilon = 2.9859
Client 2: avg epsilon = 0.5602
Client 3: avg epsilon = 0.5430
Client 4: avg epsilon = 0.5486
Client 5: avg epsilon = 0.1000
Client 6: avg epsilon = 0.1000
Client 7: avg epsilon = 0.1000
Client 8: avg epsilon = 2.5624
Client 9: avg epsilon = 0.1000
 We run FedAvg with rPDP (ThreeLevels-0) ...
max_epsilon :  10.0  noise_multiplier :  9.736328125
The R-Squared value of the best-fit curve : 0.999749898528281
learning rate =  0.001
sample_rate: (min) 0.03, (max) 0.03, expected_batch_size: 99
sample_rate: (min) 0.16, (max) 0.61, expected_batch_size: 1508
sample_rate: (min) 0.03, (max) 0.61, expected_batch_size: 368
sample_rate: (min) 0.03, (max) 0.16, expected_batch_size: 358
sample_rate: (min) 0.03, (max) 0.16, expected_batch_size: 362
sample_rate: (min) 0.03, (max) 0.03, expected_batch_size: 99
sample_rate: (min) 0.03, (max) 0.03, expected_batch_size: 99
sample_rate: (min) 0.03, (max) 0.03, expected_batch_size: 99
sample_rate: (min) 0.03, (max) 0.61, expected_batch_size: 1256
sample_rate: (min) 0.03, (max) 0.03, expected_batch_size: 99
initial privacy cost of all clients:  [0, 0, 0, 0, 0, 0, 0, 0, 0, 0]
Round=0
Round=1
Round=2
Round=3
Round=4
Round=5
Round=6
Round=7
Round=8
Round=9
Round=10
Round=11
Round=12
Round=13
Round=14
current privacy cost of all clients:  [0.0777036851988212, 3.554611437795162, 2.8039339861853394, 0.6583580204409699, 0.7482516858029494, 0.0777036851988212, 0.08299634815037049, 0.0879752932513391, 4.305288889404985, 0.06629602355155903]
Round=14, per client global perf=[0.0745, 0.8235, 0.3221, 0.0005, 0.0049, 0.0, 0.1083, 0.0912, 0.4951, 0.0838], mean perf=4088/20400 (0.2004%)
Round=14, per client personal perf=[0.9569, 0.9961, 0.9691, 0.9985, 0.999, 0.9951, 0.923, 0.9946, 0.999, 0.6912], mean perf=19426/20400 (0.9523%)
Round=14, per client personal pooled=[0.1914, 0.1974, 0.1924, 0.2005, 0.2004, 0.2013, 0.1818, 0.1982, 0.2008, 0.1366], mean perf=38776/204000 (0.1901%)
Mean performance of ditto rpdp global, Perf=0.2471, seed=42
Mean performance of ditto rpdp personal, Perf=0.9500, seed=42
Mean performance of ditto rpdp pooled, Perf=0.1898, seed=42
Finished seed 42
----------------------------------------
Running seed 43
/Users/shegao_t1/DP_Research/Personal_DP_Personal_FL/rpdp_fl/experiments/datasets/fed_fashion_mnist/niid_10_2way_3000shot

Client 0 label distribution:
[(0, 2002), (2, 1958)]

Client 1 label distribution:
[(8, 1994), (9, 1966)]

Client 2 label distribution:
[(0, 1953), (8, 2007)]

Client 3 label distribution:
[(1, 1976), (7, 1984)]

Client 4 label distribution:
[(4, 1986), (7, 1974)]

Client 5 label distribution:
[(5, 1980), (6, 1980)]

Client 6 label distribution:
[(3, 1999), (4, 1961)]

Client 7 label distribution:
[(3, 2018), (5, 1942)]

Client 8 label distribution:
[(1, 1970), (9, 1990)]

Client 9 label distribution:
[(2, 1997), (6, 1963)]
Client 0: avg epsilon = 0.1000
Client 1: avg epsilon = 2.9859
Client 2: avg epsilon = 0.5602
Client 3: avg epsilon = 0.5430
Client 4: avg epsilon = 0.5486
Client 5: avg epsilon = 0.1000
Client 6: avg epsilon = 0.1000
Client 7: avg epsilon = 0.1000
Client 8: avg epsilon = 2.5624
Client 9: avg epsilon = 0.1000
 We run FedAvg with rPDP (ThreeLevels-0) ...
max_epsilon :  10.0  noise_multiplier :  9.736328125
The R-Squared value of the best-fit curve : 0.999749898528281
learning rate =  0.001
sample_rate: (min) 0.03, (max) 0.03, expected_batch_size: 99
sample_rate: (min) 0.16, (max) 0.61, expected_batch_size: 1508
sample_rate: (min) 0.03, (max) 0.61, expected_batch_size: 368
sample_rate: (min) 0.03, (max) 0.16, expected_batch_size: 358
sample_rate: (min) 0.03, (max) 0.16, expected_batch_size: 362
sample_rate: (min) 0.03, (max) 0.03, expected_batch_size: 99
sample_rate: (min) 0.03, (max) 0.03, expected_batch_size: 99
sample_rate: (min) 0.03, (max) 0.03, expected_batch_size: 99
sample_rate: (min) 0.03, (max) 0.61, expected_batch_size: 1256
sample_rate: (min) 0.03, (max) 0.03, expected_batch_size: 99
initial privacy cost of all clients:  [0, 0, 0, 0, 0, 0, 0, 0, 0, 0]
Round=0
Round=1
Round=2
Round=3
Round=4
Round=5
Round=6
Round=7
Round=8
Round=9
Round=10
Round=11
Round=12
Round=13
Round=14
current privacy cost of all clients:  [0.08299634815037049, 3.554611437795162, 3.3043856205918876, 0.7482516858029494, 0.5558558712260362, 0.0777036851988212, 0.06629602355155903, 0.04533992744859791, 3.0541598033886133, 0.0879752932513391]
Round=14, per client global perf=[0.4833, 0.4127, 0.8402, 0.4534, 0.4647, 0.0005, 0.0, 0.0, 0.0, 0.073], mean perf=5565/20400 (0.2728%)
Round=14, per client personal perf=[0.9569, 0.9966, 0.9623, 0.998, 0.9907, 0.9961, 0.898, 0.9897, 0.9985, 0.7397], mean perf=19434/20400 (0.9526%)
Round=14, per client personal pooled=[0.1914, 0.1974, 0.1913, 0.2006, 0.199, 0.2019, 0.1778, 0.1971, 0.2006, 0.1493], mean perf=38888/204000 (0.1906%)
Mean performance of ditto rpdp global, Perf=0.2480, seed=43
Mean performance of ditto rpdp personal, Perf=0.9480, seed=43
Mean performance of ditto rpdp pooled, Perf=0.1897, seed=43
Finished seed 43
----------------------------------------
Running seed 44
/Users/shegao_t1/DP_Research/Personal_DP_Personal_FL/rpdp_fl/experiments/datasets/fed_fashion_mnist/niid_10_2way_3000shot

Client 0 label distribution:
[(0, 2002), (2, 1958)]

Client 1 label distribution:
[(8, 1994), (9, 1966)]

Client 2 label distribution:
[(0, 1953), (8, 2007)]

Client 3 label distribution:
[(1, 1976), (7, 1984)]

Client 4 label distribution:
[(4, 1986), (7, 1974)]

Client 5 label distribution:
[(5, 1980), (6, 1980)]

Client 6 label distribution:
[(3, 1999), (4, 1961)]

Client 7 label distribution:
[(3, 2018), (5, 1942)]

Client 8 label distribution:
[(1, 1970), (9, 1990)]

Client 9 label distribution:
[(2, 1997), (6, 1963)]
Client 0: avg epsilon = 0.1000
Client 1: avg epsilon = 2.9859
Client 2: avg epsilon = 0.5602
Client 3: avg epsilon = 0.5430
Client 4: avg epsilon = 0.5486
Client 5: avg epsilon = 0.1000
Client 6: avg epsilon = 0.1000
Client 7: avg epsilon = 0.1000
Client 8: avg epsilon = 2.5624
Client 9: avg epsilon = 0.1000
 We run FedAvg with rPDP (ThreeLevels-0) ...
max_epsilon :  10.0  noise_multiplier :  9.736328125
The R-Squared value of the best-fit curve : 0.999749898528281
learning rate =  0.001
sample_rate: (min) 0.03, (max) 0.03, expected_batch_size: 99
sample_rate: (min) 0.16, (max) 0.61, expected_batch_size: 1508
sample_rate: (min) 0.03, (max) 0.61, expected_batch_size: 368
sample_rate: (min) 0.03, (max) 0.16, expected_batch_size: 358
sample_rate: (min) 0.03, (max) 0.16, expected_batch_size: 362
sample_rate: (min) 0.03, (max) 0.03, expected_batch_size: 99
sample_rate: (min) 0.03, (max) 0.03, expected_batch_size: 99
sample_rate: (min) 0.03, (max) 0.03, expected_batch_size: 99
sample_rate: (min) 0.03, (max) 0.61, expected_batch_size: 1256
sample_rate: (min) 0.03, (max) 0.03, expected_batch_size: 99
initial privacy cost of all clients:  [0, 0, 0, 0, 0, 0, 0, 0, 0, 0]
Round=0
Round=1
Round=2
Round=3
Round=4
Round=5
Round=6
Round=7
Round=8
Round=9
Round=10
Round=11
Round=12
Round=13
Round=14
current privacy cost of all clients:  [0.08299634815037049, 4.510367153745826, 3.8048372549984366, 0.4329280232702186, 0.8300921245073416, 0.06629602355155903, 0.05997229379927632, 0.06629602355155903, 2.8039339861853394, 0.0777036851988212]
Round=14, per client global perf=[0.275, 0.9578, 0.7735, 0.0, 0.1485, 0.0123, 0.1426, 0.0, 0.4765, 0.0113], mean perf=5707/20400 (0.2798%)
Round=14, per client personal perf=[0.9466, 0.9966, 0.9667, 0.9975, 0.999, 0.9838, 0.9127, 0.9926, 0.9985, 0.7206], mean perf=19410/20400 (0.9515%)
Round=14, per client personal pooled=[0.1894, 0.1974, 0.1921, 0.2003, 0.2004, 0.1989, 0.18, 0.1979, 0.2004, 0.1434], mean perf=38765/204000 (0.1900%)
Mean performance of ditto rpdp global, Perf=0.3010, seed=44
Mean performance of ditto rpdp personal, Perf=0.9479, seed=44
Mean performance of ditto rpdp pooled, Perf=0.1894, seed=44
Finished seed 44
----------------------------------------
Running seed 45
/Users/shegao_t1/DP_Research/Personal_DP_Personal_FL/rpdp_fl/experiments/datasets/fed_fashion_mnist/niid_10_2way_3000shot

Client 0 label distribution:
[(0, 2002), (2, 1958)]

Client 1 label distribution:
[(8, 1994), (9, 1966)]

Client 2 label distribution:
[(0, 1953), (8, 2007)]

Client 3 label distribution:
[(1, 1976), (7, 1984)]

Client 4 label distribution:
[(4, 1986), (7, 1974)]

Client 5 label distribution:
[(5, 1980), (6, 1980)]

Client 6 label distribution:
[(3, 1999), (4, 1961)]

Client 7 label distribution:
[(3, 2018), (5, 1942)]

Client 8 label distribution:
[(1, 1970), (9, 1990)]

Client 9 label distribution:
[(2, 1997), (6, 1963)]
Client 0: avg epsilon = 0.1000
Client 1: avg epsilon = 2.9859
Client 2: avg epsilon = 0.5602
Client 3: avg epsilon = 0.5430
Client 4: avg epsilon = 0.5486
Client 5: avg epsilon = 0.1000
Client 6: avg epsilon = 0.1000
Client 7: avg epsilon = 0.1000
Client 8: avg epsilon = 2.5624
Client 9: avg epsilon = 0.1000
 We run FedAvg with rPDP (ThreeLevels-0) ...
max_epsilon :  10.0  noise_multiplier :  9.736328125
The R-Squared value of the best-fit curve : 0.999749898528281
learning rate =  0.001
sample_rate: (min) 0.03, (max) 0.03, expected_batch_size: 99
sample_rate: (min) 0.16, (max) 0.61, expected_batch_size: 1508
sample_rate: (min) 0.03, (max) 0.61, expected_batch_size: 368
sample_rate: (min) 0.03, (max) 0.16, expected_batch_size: 358
sample_rate: (min) 0.03, (max) 0.16, expected_batch_size: 362
sample_rate: (min) 0.03, (max) 0.03, expected_batch_size: 99
sample_rate: (min) 0.03, (max) 0.03, expected_batch_size: 99
sample_rate: (min) 0.03, (max) 0.03, expected_batch_size: 99
sample_rate: (min) 0.03, (max) 0.61, expected_batch_size: 1256
sample_rate: (min) 0.03, (max) 0.03, expected_batch_size: 99
initial privacy cost of all clients:  [0, 0, 0, 0, 0, 0, 0, 0, 0, 0]
Round=0
Round=1
Round=2
Round=3
Round=4
Round=5
Round=6
Round=7
Round=8
Round=9
Round=10
Round=11
Round=12
Round=13
Round=14
current privacy cost of all clients:  [0.0777036851988212, 3.554611437795162, 3.3043856205918876, 0.49782670836934756, 0.7046321452486275, 0.0879752932513391, 0.0777036851988212, 0.05997229379927632, 3.8048372549984366, 0.0879752932513391]
Round=14, per client global perf=[0.0657, 0.9005, 0.4088, 0.0, 0.1235, 0.0328, 0.1304, 0.0, 0.4858, 0.0931], mean perf=4571/20400 (0.2241%)
Round=14, per client personal perf=[0.9431, 0.9971, 0.9613, 0.9985, 0.9975, 0.9912, 0.9083, 0.9966, 0.999, 0.7387], mean perf=19444/20400 (0.9531%)
Round=14, per client personal pooled=[0.1893, 0.1975, 0.1912, 0.2005, 0.2002, 0.2011, 0.1798, 0.1983, 0.2007, 0.1485], mean perf=38907/204000 (0.1907%)
Mean performance of ditto rpdp global, Perf=0.2179, seed=45
Mean performance of ditto rpdp personal, Perf=0.9520, seed=45
Mean performance of ditto rpdp pooled, Perf=0.1904, seed=45
Finished seed 45
----------------------------------------
Running seed 46
/Users/shegao_t1/DP_Research/Personal_DP_Personal_FL/rpdp_fl/experiments/datasets/fed_fashion_mnist/niid_10_2way_3000shot

Client 0 label distribution:
[(0, 2002), (2, 1958)]

Client 1 label distribution:
[(8, 1994), (9, 1966)]

Client 2 label distribution:
[(0, 1953), (8, 2007)]

Client 3 label distribution:
[(1, 1976), (7, 1984)]

Client 4 label distribution:
[(4, 1986), (7, 1974)]

Client 5 label distribution:
[(5, 1980), (6, 1980)]

Client 6 label distribution:
[(3, 1999), (4, 1961)]

Client 7 label distribution:
[(3, 2018), (5, 1942)]

Client 8 label distribution:
[(1, 1970), (9, 1990)]

Client 9 label distribution:
[(2, 1997), (6, 1963)]
Client 0: avg epsilon = 0.1000
Client 1: avg epsilon = 2.9859
Client 2: avg epsilon = 0.5602
Client 3: avg epsilon = 0.5430
Client 4: avg epsilon = 0.5486
Client 5: avg epsilon = 0.1000
Client 6: avg epsilon = 0.1000
Client 7: avg epsilon = 0.1000
Client 8: avg epsilon = 2.5624
Client 9: avg epsilon = 0.1000
 We run FedAvg with rPDP (ThreeLevels-0) ...
max_epsilon :  10.0  noise_multiplier :  9.736328125
The R-Squared value of the best-fit curve : 0.999749898528281
learning rate =  0.001
sample_rate: (min) 0.03, (max) 0.03, expected_batch_size: 99
sample_rate: (min) 0.16, (max) 0.61, expected_batch_size: 1508
sample_rate: (min) 0.03, (max) 0.61, expected_batch_size: 368
sample_rate: (min) 0.03, (max) 0.16, expected_batch_size: 358
sample_rate: (min) 0.03, (max) 0.16, expected_batch_size: 362
sample_rate: (min) 0.03, (max) 0.03, expected_batch_size: 99
sample_rate: (min) 0.03, (max) 0.03, expected_batch_size: 99
sample_rate: (min) 0.03, (max) 0.03, expected_batch_size: 99
sample_rate: (min) 0.03, (max) 0.61, expected_batch_size: 1256
sample_rate: (min) 0.03, (max) 0.03, expected_batch_size: 99
initial privacy cost of all clients:  [0, 0, 0, 0, 0, 0, 0, 0, 0, 0]
Round=0
Round=1
Round=2
Round=3
Round=4
Round=5
Round=6
Round=7
Round=8
Round=9
Round=10
Round=11
Round=12
Round=13
Round=14
current privacy cost of all clients:  [0.07214729257008984, 3.8048372549984366, 3.3043856205918876, 0.7046321452486275, 0.6583580204409699, 0.0777036851988212, 0.0777036851988212, 0.09280122601357536, 4.055063072201711, 0.0777036851988212]
Round=14, per client global perf=[0.1328, 0.9221, 0.5456, 0.1681, 0.1618, 0.0069, 0.448, 0.4284, 0.4931, 0.0064], mean perf=6759/20400 (0.3313%)
Round=14, per client personal perf=[0.9426, 0.9975, 0.9588, 0.999, 0.9985, 0.9941, 0.9216, 0.9956, 0.9985, 0.7211], mean perf=19436/20400 (0.9527%)
Round=14, per client personal pooled=[0.1893, 0.1975, 0.1903, 0.2007, 0.2003, 0.2011, 0.1815, 0.1981, 0.2007, 0.1456], mean perf=38865/204000 (0.1905%)
Mean performance of ditto rpdp global, Perf=0.3373, seed=46
Mean performance of ditto rpdp personal, Perf=0.9515, seed=46
Mean performance of ditto rpdp pooled, Perf=0.1902, seed=46
Finished seed 46
----------------------------------------
=== Running reg_param=1.0, num_steps=15 ===
Running seed 42
/Users/shegao_t1/DP_Research/Personal_DP_Personal_FL/rpdp_fl/experiments/datasets/fed_fashion_mnist/niid_10_2way_3000shot

Client 0 label distribution:
[(0, 2002), (2, 1958)]

Client 1 label distribution:
[(8, 1994), (9, 1966)]

Client 2 label distribution:
[(0, 1953), (8, 2007)]

Client 3 label distribution:
[(1, 1976), (7, 1984)]

Client 4 label distribution:
[(4, 1986), (7, 1974)]

Client 5 label distribution:
[(5, 1980), (6, 1980)]

Client 6 label distribution:
[(3, 1999), (4, 1961)]

Client 7 label distribution:
[(3, 2018), (5, 1942)]

Client 8 label distribution:
[(1, 1970), (9, 1990)]

Client 9 label distribution:
[(2, 1997), (6, 1963)]
Client 0: avg epsilon = 0.1000
Client 1: avg epsilon = 2.9859
Client 2: avg epsilon = 0.5602
Client 3: avg epsilon = 0.5430
Client 4: avg epsilon = 0.5486
Client 5: avg epsilon = 0.1000
Client 6: avg epsilon = 0.1000
Client 7: avg epsilon = 0.1000
Client 8: avg epsilon = 2.5624
Client 9: avg epsilon = 0.1000
 We run FedAvg with rPDP (ThreeLevels-0) ...
max_epsilon :  10.0  noise_multiplier :  9.736328125
The R-Squared value of the best-fit curve : 0.999749898528281
learning rate =  0.001
sample_rate: (min) 0.03, (max) 0.03, expected_batch_size: 99
sample_rate: (min) 0.16, (max) 0.61, expected_batch_size: 1508
sample_rate: (min) 0.03, (max) 0.61, expected_batch_size: 368
sample_rate: (min) 0.03, (max) 0.16, expected_batch_size: 358
sample_rate: (min) 0.03, (max) 0.16, expected_batch_size: 362
sample_rate: (min) 0.03, (max) 0.03, expected_batch_size: 99
sample_rate: (min) 0.03, (max) 0.03, expected_batch_size: 99
sample_rate: (min) 0.03, (max) 0.03, expected_batch_size: 99
sample_rate: (min) 0.03, (max) 0.61, expected_batch_size: 1256
sample_rate: (min) 0.03, (max) 0.03, expected_batch_size: 99
initial privacy cost of all clients:  [0, 0, 0, 0, 0, 0, 0, 0, 0, 0]
Round=0
Round=1
Round=2
Round=3
Round=4
Round=5
Round=6
Round=7
Round=8
Round=9
Round=10
Round=11
Round=12
Round=13
Round=14
current privacy cost of all clients:  [0.0777036851988212, 3.554611437795162, 2.8039339861853394, 0.6583580204409699, 0.7482516858029494, 0.0777036851988212, 0.08299634815037049, 0.0879752932513391, 4.305288889404985, 0.06629602355155903]
Round=14, per client global perf=[0.0745, 0.8235, 0.3221, 0.0005, 0.0049, 0.0, 0.1083, 0.0912, 0.4951, 0.0838], mean perf=4088/20400 (0.2004%)
Round=14, per client personal perf=[0.925, 0.9961, 0.9603, 0.9971, 0.9824, 0.9593, 0.9034, 0.9417, 0.999, 0.6608], mean perf=19023/20400 (0.9325%)
Round=14, per client personal pooled=[0.1853, 0.1972, 0.191, 0.2005, 0.1979, 0.1937, 0.1782, 0.1886, 0.2008, 0.1322], mean perf=38055/204000 (0.1865%)
Mean performance of ditto rpdp global, Perf=0.2471, seed=42
Mean performance of ditto rpdp personal, Perf=0.9280, seed=42
Mean performance of ditto rpdp pooled, Perf=0.1855, seed=42
Finished seed 42
----------------------------------------
Running seed 43
/Users/shegao_t1/DP_Research/Personal_DP_Personal_FL/rpdp_fl/experiments/datasets/fed_fashion_mnist/niid_10_2way_3000shot

Client 0 label distribution:
[(0, 2002), (2, 1958)]

Client 1 label distribution:
[(8, 1994), (9, 1966)]

Client 2 label distribution:
[(0, 1953), (8, 2007)]

Client 3 label distribution:
[(1, 1976), (7, 1984)]

Client 4 label distribution:
[(4, 1986), (7, 1974)]

Client 5 label distribution:
[(5, 1980), (6, 1980)]

Client 6 label distribution:
[(3, 1999), (4, 1961)]

Client 7 label distribution:
[(3, 2018), (5, 1942)]

Client 8 label distribution:
[(1, 1970), (9, 1990)]

Client 9 label distribution:
[(2, 1997), (6, 1963)]
Client 0: avg epsilon = 0.1000
Client 1: avg epsilon = 2.9859
Client 2: avg epsilon = 0.5602
Client 3: avg epsilon = 0.5430
Client 4: avg epsilon = 0.5486
Client 5: avg epsilon = 0.1000
Client 6: avg epsilon = 0.1000
Client 7: avg epsilon = 0.1000
Client 8: avg epsilon = 2.5624
Client 9: avg epsilon = 0.1000
 We run FedAvg with rPDP (ThreeLevels-0) ...
max_epsilon :  10.0  noise_multiplier :  9.736328125
The R-Squared value of the best-fit curve : 0.999749898528281
learning rate =  0.001
sample_rate: (min) 0.03, (max) 0.03, expected_batch_size: 99
sample_rate: (min) 0.16, (max) 0.61, expected_batch_size: 1508
sample_rate: (min) 0.03, (max) 0.61, expected_batch_size: 368
sample_rate: (min) 0.03, (max) 0.16, expected_batch_size: 358
sample_rate: (min) 0.03, (max) 0.16, expected_batch_size: 362
sample_rate: (min) 0.03, (max) 0.03, expected_batch_size: 99
sample_rate: (min) 0.03, (max) 0.03, expected_batch_size: 99
sample_rate: (min) 0.03, (max) 0.03, expected_batch_size: 99
sample_rate: (min) 0.03, (max) 0.61, expected_batch_size: 1256
sample_rate: (min) 0.03, (max) 0.03, expected_batch_size: 99
initial privacy cost of all clients:  [0, 0, 0, 0, 0, 0, 0, 0, 0, 0]
Round=0
Round=1
Round=2
Round=3
Round=4
Round=5
Round=6
Round=7
Round=8
Round=9
Round=10
Round=11
Round=12
Round=13
Round=14
current privacy cost of all clients:  [0.08299634815037049, 3.554611437795162, 3.3043856205918876, 0.7482516858029494, 0.5558558712260362, 0.0777036851988212, 0.06629602355155903, 0.04533992744859791, 3.0541598033886133, 0.0879752932513391]
Round=14, per client global perf=[0.4833, 0.4127, 0.8402, 0.4534, 0.4647, 0.0005, 0.0, 0.0, 0.0, 0.073], mean perf=5565/20400 (0.2728%)
Round=14, per client personal perf=[0.9314, 0.9931, 0.9495, 0.9946, 0.9755, 0.9662, 0.8877, 0.9804, 0.998, 0.6779], mean perf=19083/20400 (0.9354%)
Round=14, per client personal pooled=[0.1868, 0.1969, 0.1878, 0.1997, 0.1961, 0.1951, 0.1743, 0.1954, 0.2005, 0.136], mean perf=38119/204000 (0.1869%)
Mean performance of ditto rpdp global, Perf=0.2480, seed=43
Mean performance of ditto rpdp personal, Perf=0.9288, seed=43
Mean performance of ditto rpdp pooled, Perf=0.1857, seed=43
Finished seed 43
----------------------------------------
Running seed 44
/Users/shegao_t1/DP_Research/Personal_DP_Personal_FL/rpdp_fl/experiments/datasets/fed_fashion_mnist/niid_10_2way_3000shot

Client 0 label distribution:
[(0, 2002), (2, 1958)]

Client 1 label distribution:
[(8, 1994), (9, 1966)]

Client 2 label distribution:
[(0, 1953), (8, 2007)]

Client 3 label distribution:
[(1, 1976), (7, 1984)]

Client 4 label distribution:
[(4, 1986), (7, 1974)]

Client 5 label distribution:
[(5, 1980), (6, 1980)]

Client 6 label distribution:
[(3, 1999), (4, 1961)]

Client 7 label distribution:
[(3, 2018), (5, 1942)]

Client 8 label distribution:
[(1, 1970), (9, 1990)]

Client 9 label distribution:
[(2, 1997), (6, 1963)]
Client 0: avg epsilon = 0.1000
Client 1: avg epsilon = 2.9859
Client 2: avg epsilon = 0.5602
Client 3: avg epsilon = 0.5430
Client 4: avg epsilon = 0.5486
Client 5: avg epsilon = 0.1000
Client 6: avg epsilon = 0.1000
Client 7: avg epsilon = 0.1000
Client 8: avg epsilon = 2.5624
Client 9: avg epsilon = 0.1000
 We run FedAvg with rPDP (ThreeLevels-0) ...
max_epsilon :  10.0  noise_multiplier :  9.736328125
The R-Squared value of the best-fit curve : 0.999749898528281
learning rate =  0.001
sample_rate: (min) 0.03, (max) 0.03, expected_batch_size: 99
sample_rate: (min) 0.16, (max) 0.61, expected_batch_size: 1508
sample_rate: (min) 0.03, (max) 0.61, expected_batch_size: 368
sample_rate: (min) 0.03, (max) 0.16, expected_batch_size: 358
sample_rate: (min) 0.03, (max) 0.16, expected_batch_size: 362
sample_rate: (min) 0.03, (max) 0.03, expected_batch_size: 99
sample_rate: (min) 0.03, (max) 0.03, expected_batch_size: 99
sample_rate: (min) 0.03, (max) 0.03, expected_batch_size: 99
sample_rate: (min) 0.03, (max) 0.61, expected_batch_size: 1256
sample_rate: (min) 0.03, (max) 0.03, expected_batch_size: 99
initial privacy cost of all clients:  [0, 0, 0, 0, 0, 0, 0, 0, 0, 0]
Round=0
Round=1
Round=2
Round=3
Round=4
Round=5
Round=6
Round=7
Round=8
Round=9
Round=10
Round=11
Round=12
Round=13
Round=14
current privacy cost of all clients:  [0.08299634815037049, 4.510367153745826, 3.8048372549984366, 0.4329280232702186, 0.8300921245073416, 0.06629602355155903, 0.05997229379927632, 0.06629602355155903, 2.8039339861853394, 0.0777036851988212]
Round=14, per client global perf=[0.275, 0.9578, 0.7735, 0.0, 0.1485, 0.0123, 0.1426, 0.0, 0.4765, 0.0113], mean perf=5707/20400 (0.2798%)
Round=14, per client personal perf=[0.9387, 0.9868, 0.9407, 0.9985, 0.9838, 0.9745, 0.8946, 0.9745, 0.999, 0.6422], mean perf=19040/20400 (0.9333%)
Round=14, per client personal pooled=[0.1879, 0.1958, 0.1868, 0.2178, 0.2042, 0.1977, 0.1826, 0.2323, 0.247, 0.127], mean perf=40375/204000 (0.1979%)
Mean performance of ditto rpdp global, Perf=0.3010, seed=44
Mean performance of ditto rpdp personal, Perf=0.9342, seed=44
Mean performance of ditto rpdp pooled, Perf=0.1977, seed=44
Finished seed 44
----------------------------------------
Running seed 45
/Users/shegao_t1/DP_Research/Personal_DP_Personal_FL/rpdp_fl/experiments/datasets/fed_fashion_mnist/niid_10_2way_3000shot

Client 0 label distribution:
[(0, 2002), (2, 1958)]

Client 1 label distribution:
[(8, 1994), (9, 1966)]

Client 2 label distribution:
[(0, 1953), (8, 2007)]

Client 3 label distribution:
[(1, 1976), (7, 1984)]

Client 4 label distribution:
[(4, 1986), (7, 1974)]

Client 5 label distribution:
[(5, 1980), (6, 1980)]

Client 6 label distribution:
[(3, 1999), (4, 1961)]

Client 7 label distribution:
[(3, 2018), (5, 1942)]

Client 8 label distribution:
[(1, 1970), (9, 1990)]

Client 9 label distribution:
[(2, 1997), (6, 1963)]
Client 0: avg epsilon = 0.1000
Client 1: avg epsilon = 2.9859
Client 2: avg epsilon = 0.5602
Client 3: avg epsilon = 0.5430
Client 4: avg epsilon = 0.5486
Client 5: avg epsilon = 0.1000
Client 6: avg epsilon = 0.1000
Client 7: avg epsilon = 0.1000
Client 8: avg epsilon = 2.5624
Client 9: avg epsilon = 0.1000
 We run FedAvg with rPDP (ThreeLevels-0) ...
max_epsilon :  10.0  noise_multiplier :  9.736328125
The R-Squared value of the best-fit curve : 0.999749898528281
learning rate =  0.001
sample_rate: (min) 0.03, (max) 0.03, expected_batch_size: 99
sample_rate: (min) 0.16, (max) 0.61, expected_batch_size: 1508
sample_rate: (min) 0.03, (max) 0.61, expected_batch_size: 368
sample_rate: (min) 0.03, (max) 0.16, expected_batch_size: 358
sample_rate: (min) 0.03, (max) 0.16, expected_batch_size: 362
sample_rate: (min) 0.03, (max) 0.03, expected_batch_size: 99
sample_rate: (min) 0.03, (max) 0.03, expected_batch_size: 99
sample_rate: (min) 0.03, (max) 0.03, expected_batch_size: 99
sample_rate: (min) 0.03, (max) 0.61, expected_batch_size: 1256
sample_rate: (min) 0.03, (max) 0.03, expected_batch_size: 99
initial privacy cost of all clients:  [0, 0, 0, 0, 0, 0, 0, 0, 0, 0]
Round=0
Round=1
Round=2
Round=3
Round=4
Round=5
Round=6
Round=7
Round=8
Round=9
Round=10
Round=11
Round=12
Round=13
Round=14
current privacy cost of all clients:  [0.0777036851988212, 3.554611437795162, 3.3043856205918876, 0.49782670836934756, 0.7046321452486275, 0.0879752932513391, 0.0777036851988212, 0.05997229379927632, 3.8048372549984366, 0.0879752932513391]
Round=14, per client global perf=[0.0657, 0.9005, 0.4088, 0.0, 0.1235, 0.0328, 0.1304, 0.0, 0.4858, 0.0931], mean perf=4571/20400 (0.2241%)
Round=14, per client personal perf=[0.923, 0.9868, 0.9564, 0.9995, 0.9868, 0.9814, 0.9015, 0.9583, 0.999, 0.6451], mean perf=19049/20400 (0.9338%)
Round=14, per client personal pooled=[0.1846, 0.1959, 0.1896, 0.2006, 0.1982, 0.1991, 0.1775, 0.1917, 0.2008, 0.1309], mean perf=38127/204000 (0.1869%)
Mean performance of ditto rpdp global, Perf=0.2179, seed=45
Mean performance of ditto rpdp personal, Perf=0.9310, seed=45
Mean performance of ditto rpdp pooled, Perf=0.1861, seed=45
Finished seed 45
----------------------------------------
Running seed 46
/Users/shegao_t1/DP_Research/Personal_DP_Personal_FL/rpdp_fl/experiments/datasets/fed_fashion_mnist/niid_10_2way_3000shot

Client 0 label distribution:
[(0, 2002), (2, 1958)]

Client 1 label distribution:
[(8, 1994), (9, 1966)]

Client 2 label distribution:
[(0, 1953), (8, 2007)]

Client 3 label distribution:
[(1, 1976), (7, 1984)]

Client 4 label distribution:
[(4, 1986), (7, 1974)]

Client 5 label distribution:
[(5, 1980), (6, 1980)]

Client 6 label distribution:
[(3, 1999), (4, 1961)]

Client 7 label distribution:
[(3, 2018), (5, 1942)]

Client 8 label distribution:
[(1, 1970), (9, 1990)]

Client 9 label distribution:
[(2, 1997), (6, 1963)]
Client 0: avg epsilon = 0.1000
Client 1: avg epsilon = 2.9859
Client 2: avg epsilon = 0.5602
Client 3: avg epsilon = 0.5430
Client 4: avg epsilon = 0.5486
Client 5: avg epsilon = 0.1000
Client 6: avg epsilon = 0.1000
Client 7: avg epsilon = 0.1000
Client 8: avg epsilon = 2.5624
Client 9: avg epsilon = 0.1000
 We run FedAvg with rPDP (ThreeLevels-0) ...
max_epsilon :  10.0  noise_multiplier :  9.736328125
The R-Squared value of the best-fit curve : 0.999749898528281
learning rate =  0.001
sample_rate: (min) 0.03, (max) 0.03, expected_batch_size: 99
sample_rate: (min) 0.16, (max) 0.61, expected_batch_size: 1508
sample_rate: (min) 0.03, (max) 0.61, expected_batch_size: 368
sample_rate: (min) 0.03, (max) 0.16, expected_batch_size: 358
sample_rate: (min) 0.03, (max) 0.16, expected_batch_size: 362
sample_rate: (min) 0.03, (max) 0.03, expected_batch_size: 99
sample_rate: (min) 0.03, (max) 0.03, expected_batch_size: 99
sample_rate: (min) 0.03, (max) 0.03, expected_batch_size: 99
sample_rate: (min) 0.03, (max) 0.61, expected_batch_size: 1256
sample_rate: (min) 0.03, (max) 0.03, expected_batch_size: 99
initial privacy cost of all clients:  [0, 0, 0, 0, 0, 0, 0, 0, 0, 0]
Round=0
Round=1
Round=2
Round=3
Round=4
Round=5
Round=6
Round=7
Round=8
Round=9
Round=10
Round=11
Round=12
Round=13
Round=14
current privacy cost of all clients:  [0.07214729257008984, 3.8048372549984366, 3.3043856205918876, 0.7046321452486275, 0.6583580204409699, 0.0777036851988212, 0.0777036851988212, 0.09280122601357536, 4.055063072201711, 0.0777036851988212]
Round=14, per client global perf=[0.1328, 0.9221, 0.5456, 0.1681, 0.1618, 0.0069, 0.448, 0.4284, 0.4931, 0.0064], mean perf=6759/20400 (0.3313%)
Round=14, per client personal perf=[0.9431, 0.9936, 0.9618, 0.9995, 0.9897, 0.9794, 0.8902, 0.9912, 0.999, 0.6603], mean perf=19192/20400 (0.9408%)
Round=14, per client personal pooled=[0.1886, 0.197, 0.1912, 0.2021, 0.2016, 0.2011, 0.1754, 0.2061, 0.2402, 0.1331], mean perf=39502/204000 (0.1936%)
Mean performance of ditto rpdp global, Perf=0.3373, seed=46
Mean performance of ditto rpdp personal, Perf=0.9341, seed=46
Mean performance of ditto rpdp pooled, Perf=0.1907, seed=46
Finished seed 46
----------------------------------------
=== Running reg_param=10, num_steps=15 ===
Running seed 42
/Users/shegao_t1/DP_Research/Personal_DP_Personal_FL/rpdp_fl/experiments/datasets/fed_fashion_mnist/niid_10_2way_3000shot

Client 0 label distribution:
[(0, 2002), (2, 1958)]

Client 1 label distribution:
[(8, 1994), (9, 1966)]

Client 2 label distribution:
[(0, 1953), (8, 2007)]

Client 3 label distribution:
[(1, 1976), (7, 1984)]

Client 4 label distribution:
[(4, 1986), (7, 1974)]

Client 5 label distribution:
[(5, 1980), (6, 1980)]

Client 6 label distribution:
[(3, 1999), (4, 1961)]

Client 7 label distribution:
[(3, 2018), (5, 1942)]

Client 8 label distribution:
[(1, 1970), (9, 1990)]

Client 9 label distribution:
[(2, 1997), (6, 1963)]
Client 0: avg epsilon = 0.1000
Client 1: avg epsilon = 2.9859
Client 2: avg epsilon = 0.5602
Client 3: avg epsilon = 0.5430
Client 4: avg epsilon = 0.5486
Client 5: avg epsilon = 0.1000
Client 6: avg epsilon = 0.1000
Client 7: avg epsilon = 0.1000
Client 8: avg epsilon = 2.5624
Client 9: avg epsilon = 0.1000
 We run FedAvg with rPDP (ThreeLevels-0) ...
max_epsilon :  10.0  noise_multiplier :  9.736328125
The R-Squared value of the best-fit curve : 0.999749898528281
learning rate =  0.001
sample_rate: (min) 0.03, (max) 0.03, expected_batch_size: 99
sample_rate: (min) 0.16, (max) 0.61, expected_batch_size: 1508
sample_rate: (min) 0.03, (max) 0.61, expected_batch_size: 368
sample_rate: (min) 0.03, (max) 0.16, expected_batch_size: 358
sample_rate: (min) 0.03, (max) 0.16, expected_batch_size: 362
sample_rate: (min) 0.03, (max) 0.03, expected_batch_size: 99
sample_rate: (min) 0.03, (max) 0.03, expected_batch_size: 99
sample_rate: (min) 0.03, (max) 0.03, expected_batch_size: 99
sample_rate: (min) 0.03, (max) 0.61, expected_batch_size: 1256
sample_rate: (min) 0.03, (max) 0.03, expected_batch_size: 99
initial privacy cost of all clients:  [0, 0, 0, 0, 0, 0, 0, 0, 0, 0]
Round=0
Round=1
Round=2
Round=3
Round=4
Round=5
Round=6
Round=7
Round=8
Round=9
Round=10
Round=11
Round=12
Round=13
Round=14
current privacy cost of all clients:  [0.0777036851988212, 3.554611437795162, 2.8039339861853394, 0.6583580204409699, 0.7482516858029494, 0.0777036851988212, 0.08299634815037049, 0.0879752932513391, 4.305288889404985, 0.06629602355155903]
Round=14, per client global perf=[0.0745, 0.8235, 0.3221, 0.0005, 0.0049, 0.0, 0.1083, 0.0912, 0.4951, 0.0838], mean perf=4088/20400 (0.2004%)
Round=14, per client personal perf=[0.8652, 0.9657, 0.9412, 0.9961, 0.9627, 0.9373, 0.8721, 0.9686, 0.9995, 0.5676], mean perf=18515/20400 (0.9076%)
Round=14, per client personal pooled=[0.1744, 0.1923, 0.1871, 0.2162, 0.1933, 0.1884, 0.1717, 0.1982, 0.2177, 0.1123], mean perf=37770/204000 (0.1851%)
Mean performance of ditto rpdp global, Perf=0.2471, seed=42
Mean performance of ditto rpdp personal, Perf=0.9082, seed=42
Mean performance of ditto rpdp pooled, Perf=0.1883, seed=42
Finished seed 42
----------------------------------------
Running seed 43
/Users/shegao_t1/DP_Research/Personal_DP_Personal_FL/rpdp_fl/experiments/datasets/fed_fashion_mnist/niid_10_2way_3000shot

Client 0 label distribution:
[(0, 2002), (2, 1958)]

Client 1 label distribution:
[(8, 1994), (9, 1966)]

Client 2 label distribution:
[(0, 1953), (8, 2007)]

Client 3 label distribution:
[(1, 1976), (7, 1984)]

Client 4 label distribution:
[(4, 1986), (7, 1974)]

Client 5 label distribution:
[(5, 1980), (6, 1980)]

Client 6 label distribution:
[(3, 1999), (4, 1961)]

Client 7 label distribution:
[(3, 2018), (5, 1942)]

Client 8 label distribution:
[(1, 1970), (9, 1990)]

Client 9 label distribution:
[(2, 1997), (6, 1963)]
Client 0: avg epsilon = 0.1000
Client 1: avg epsilon = 2.9859
Client 2: avg epsilon = 0.5602
Client 3: avg epsilon = 0.5430
Client 4: avg epsilon = 0.5486
Client 5: avg epsilon = 0.1000
Client 6: avg epsilon = 0.1000
Client 7: avg epsilon = 0.1000
Client 8: avg epsilon = 2.5624
Client 9: avg epsilon = 0.1000
 We run FedAvg with rPDP (ThreeLevels-0) ...
max_epsilon :  10.0  noise_multiplier :  9.736328125
The R-Squared value of the best-fit curve : 0.999749898528281
learning rate =  0.001
sample_rate: (min) 0.03, (max) 0.03, expected_batch_size: 99
sample_rate: (min) 0.16, (max) 0.61, expected_batch_size: 1508
sample_rate: (min) 0.03, (max) 0.61, expected_batch_size: 368
sample_rate: (min) 0.03, (max) 0.16, expected_batch_size: 358
sample_rate: (min) 0.03, (max) 0.16, expected_batch_size: 362
sample_rate: (min) 0.03, (max) 0.03, expected_batch_size: 99
sample_rate: (min) 0.03, (max) 0.03, expected_batch_size: 99
sample_rate: (min) 0.03, (max) 0.03, expected_batch_size: 99
sample_rate: (min) 0.03, (max) 0.61, expected_batch_size: 1256
sample_rate: (min) 0.03, (max) 0.03, expected_batch_size: 99
initial privacy cost of all clients:  [0, 0, 0, 0, 0, 0, 0, 0, 0, 0]
Round=0
Round=1
Round=2
Round=3
Round=4
Round=5
Round=6
Round=7
Round=8
Round=9
Round=10
Round=11
Round=12
Round=13
Round=14
current privacy cost of all clients:  [0.08299634815037049, 3.554611437795162, 3.3043856205918876, 0.7482516858029494, 0.5558558712260362, 0.0777036851988212, 0.06629602355155903, 0.04533992744859791, 3.0541598033886133, 0.0879752932513391]
Round=14, per client global perf=[0.4833, 0.4127, 0.8402, 0.4534, 0.4647, 0.0005, 0.0, 0.0, 0.0, 0.073], mean perf=5565/20400 (0.2728%)
Round=14, per client personal perf=[0.8603, 0.9681, 0.9392, 0.973, 0.951, 0.923, 0.8471, 0.923, 0.9971, 0.5784], mean perf=18279/20400 (0.8960%)
Round=14, per client personal pooled=[0.1737, 0.1923, 0.1869, 0.2017, 0.1968, 0.1888, 0.1689, 0.186, 0.2028, 0.119], mean perf=37063/204000 (0.1817%)
Mean performance of ditto rpdp global, Perf=0.2480, seed=43
Mean performance of ditto rpdp personal, Perf=0.8909, seed=43
Mean performance of ditto rpdp pooled, Perf=0.1806, seed=43
Finished seed 43
----------------------------------------
Running seed 44
/Users/shegao_t1/DP_Research/Personal_DP_Personal_FL/rpdp_fl/experiments/datasets/fed_fashion_mnist/niid_10_2way_3000shot

Client 0 label distribution:
[(0, 2002), (2, 1958)]

Client 1 label distribution:
[(8, 1994), (9, 1966)]

Client 2 label distribution:
[(0, 1953), (8, 2007)]

Client 3 label distribution:
[(1, 1976), (7, 1984)]

Client 4 label distribution:
[(4, 1986), (7, 1974)]

Client 5 label distribution:
[(5, 1980), (6, 1980)]

Client 6 label distribution:
[(3, 1999), (4, 1961)]

Client 7 label distribution:
[(3, 2018), (5, 1942)]

Client 8 label distribution:
[(1, 1970), (9, 1990)]

Client 9 label distribution:
[(2, 1997), (6, 1963)]
Client 0: avg epsilon = 0.1000
Client 1: avg epsilon = 2.9859
Client 2: avg epsilon = 0.5602
Client 3: avg epsilon = 0.5430
Client 4: avg epsilon = 0.5486
Client 5: avg epsilon = 0.1000
Client 6: avg epsilon = 0.1000
Client 7: avg epsilon = 0.1000
Client 8: avg epsilon = 2.5624
Client 9: avg epsilon = 0.1000
 We run FedAvg with rPDP (ThreeLevels-0) ...
max_epsilon :  10.0  noise_multiplier :  9.736328125
The R-Squared value of the best-fit curve : 0.999749898528281
learning rate =  0.001
sample_rate: (min) 0.03, (max) 0.03, expected_batch_size: 99
sample_rate: (min) 0.16, (max) 0.61, expected_batch_size: 1508
sample_rate: (min) 0.03, (max) 0.61, expected_batch_size: 368
sample_rate: (min) 0.03, (max) 0.16, expected_batch_size: 358
sample_rate: (min) 0.03, (max) 0.16, expected_batch_size: 362
sample_rate: (min) 0.03, (max) 0.03, expected_batch_size: 99
sample_rate: (min) 0.03, (max) 0.03, expected_batch_size: 99
sample_rate: (min) 0.03, (max) 0.03, expected_batch_size: 99
sample_rate: (min) 0.03, (max) 0.61, expected_batch_size: 1256
sample_rate: (min) 0.03, (max) 0.03, expected_batch_size: 99
initial privacy cost of all clients:  [0, 0, 0, 0, 0, 0, 0, 0, 0, 0]
Round=0
Round=1
Round=2
Round=3
Round=4
Round=5
Round=6
Round=7
Round=8
Round=9
Round=10
Round=11
Round=12
Round=13
Round=14
current privacy cost of all clients:  [0.08299634815037049, 4.510367153745826, 3.8048372549984366, 0.4329280232702186, 0.8300921245073416, 0.06629602355155903, 0.05997229379927632, 0.06629602355155903, 2.8039339861853394, 0.0777036851988212]
Round=14, per client global perf=[0.275, 0.9578, 0.7735, 0.0, 0.1485, 0.0123, 0.1426, 0.0, 0.4765, 0.0113], mean perf=5707/20400 (0.2798%)
Round=14, per client personal perf=[0.8691, 0.9784, 0.9451, 0.9902, 0.9701, 0.9299, 0.8711, 0.9794, 0.9975, 0.598], mean perf=18623/20400 (0.9129%)
Round=14, per client personal pooled=[0.2054, 0.2572, 0.1878, 0.2915, 0.2177, 0.2225, 0.2327, 0.2833, 0.2475, 0.143], mean perf=46691/204000 (0.2289%)
Mean performance of ditto rpdp global, Perf=0.3010, seed=44
Mean performance of ditto rpdp personal, Perf=0.9095, seed=44
Mean performance of ditto rpdp pooled, Perf=0.2362, seed=44
Finished seed 44
----------------------------------------
Running seed 45
/Users/shegao_t1/DP_Research/Personal_DP_Personal_FL/rpdp_fl/experiments/datasets/fed_fashion_mnist/niid_10_2way_3000shot

Client 0 label distribution:
[(0, 2002), (2, 1958)]

Client 1 label distribution:
[(8, 1994), (9, 1966)]

Client 2 label distribution:
[(0, 1953), (8, 2007)]

Client 3 label distribution:
[(1, 1976), (7, 1984)]

Client 4 label distribution:
[(4, 1986), (7, 1974)]

Client 5 label distribution:
[(5, 1980), (6, 1980)]

Client 6 label distribution:
[(3, 1999), (4, 1961)]

Client 7 label distribution:
[(3, 2018), (5, 1942)]

Client 8 label distribution:
[(1, 1970), (9, 1990)]

Client 9 label distribution:
[(2, 1997), (6, 1963)]
Client 0: avg epsilon = 0.1000
Client 1: avg epsilon = 2.9859
Client 2: avg epsilon = 0.5602
Client 3: avg epsilon = 0.5430
Client 4: avg epsilon = 0.5486
Client 5: avg epsilon = 0.1000
Client 6: avg epsilon = 0.1000
Client 7: avg epsilon = 0.1000
Client 8: avg epsilon = 2.5624
Client 9: avg epsilon = 0.1000
 We run FedAvg with rPDP (ThreeLevels-0) ...
max_epsilon :  10.0  noise_multiplier :  9.736328125
The R-Squared value of the best-fit curve : 0.999749898528281
learning rate =  0.001
sample_rate: (min) 0.03, (max) 0.03, expected_batch_size: 99
sample_rate: (min) 0.16, (max) 0.61, expected_batch_size: 1508
sample_rate: (min) 0.03, (max) 0.61, expected_batch_size: 368
sample_rate: (min) 0.03, (max) 0.16, expected_batch_size: 358
sample_rate: (min) 0.03, (max) 0.16, expected_batch_size: 362
sample_rate: (min) 0.03, (max) 0.03, expected_batch_size: 99
sample_rate: (min) 0.03, (max) 0.03, expected_batch_size: 99
sample_rate: (min) 0.03, (max) 0.03, expected_batch_size: 99
sample_rate: (min) 0.03, (max) 0.61, expected_batch_size: 1256
sample_rate: (min) 0.03, (max) 0.03, expected_batch_size: 99
initial privacy cost of all clients:  [0, 0, 0, 0, 0, 0, 0, 0, 0, 0]
Round=0
Round=1
Round=2
Round=3
Round=4
Round=5
Round=6
Round=7
Round=8
Round=9
Round=10
Round=11
Round=12
Round=13
Round=14
current privacy cost of all clients:  [0.0777036851988212, 3.554611437795162, 3.3043856205918876, 0.49782670836934756, 0.7046321452486275, 0.0879752932513391, 0.0777036851988212, 0.05997229379927632, 3.8048372549984366, 0.0879752932513391]
Round=14, per client global perf=[0.0657, 0.9005, 0.4088, 0.0, 0.1235, 0.0328, 0.1304, 0.0, 0.4858, 0.0931], mean perf=4571/20400 (0.2241%)
Round=14, per client personal perf=[0.8971, 0.9176, 0.95, 0.9971, 0.9696, 0.8902, 0.8314, 0.949, 0.9931, 0.6284], mean perf=18408/20400 (0.9024%)
Round=14, per client personal pooled=[0.1801, 0.1826, 0.1884, 0.2002, 0.1948, 0.1799, 0.1651, 0.1897, 0.1996, 0.1233], mean perf=36797/204000 (0.1804%)
Mean performance of ditto rpdp global, Perf=0.2179, seed=45
Mean performance of ditto rpdp personal, Perf=0.8952, seed=45
Mean performance of ditto rpdp pooled, Perf=0.1789, seed=45
Finished seed 45
----------------------------------------
Running seed 46
/Users/shegao_t1/DP_Research/Personal_DP_Personal_FL/rpdp_fl/experiments/datasets/fed_fashion_mnist/niid_10_2way_3000shot

Client 0 label distribution:
[(0, 2002), (2, 1958)]

Client 1 label distribution:
[(8, 1994), (9, 1966)]

Client 2 label distribution:
[(0, 1953), (8, 2007)]

Client 3 label distribution:
[(1, 1976), (7, 1984)]

Client 4 label distribution:
[(4, 1986), (7, 1974)]

Client 5 label distribution:
[(5, 1980), (6, 1980)]

Client 6 label distribution:
[(3, 1999), (4, 1961)]

Client 7 label distribution:
[(3, 2018), (5, 1942)]

Client 8 label distribution:
[(1, 1970), (9, 1990)]

Client 9 label distribution:
[(2, 1997), (6, 1963)]
Client 0: avg epsilon = 0.1000
Client 1: avg epsilon = 2.9859
Client 2: avg epsilon = 0.5602
Client 3: avg epsilon = 0.5430
Client 4: avg epsilon = 0.5486
Client 5: avg epsilon = 0.1000
Client 6: avg epsilon = 0.1000
Client 7: avg epsilon = 0.1000
Client 8: avg epsilon = 2.5624
Client 9: avg epsilon = 0.1000
 We run FedAvg with rPDP (ThreeLevels-0) ...
max_epsilon :  10.0  noise_multiplier :  9.736328125
The R-Squared value of the best-fit curve : 0.999749898528281
learning rate =  0.001
sample_rate: (min) 0.03, (max) 0.03, expected_batch_size: 99
sample_rate: (min) 0.16, (max) 0.61, expected_batch_size: 1508
sample_rate: (min) 0.03, (max) 0.61, expected_batch_size: 368
sample_rate: (min) 0.03, (max) 0.16, expected_batch_size: 358
sample_rate: (min) 0.03, (max) 0.16, expected_batch_size: 362
sample_rate: (min) 0.03, (max) 0.03, expected_batch_size: 99
sample_rate: (min) 0.03, (max) 0.03, expected_batch_size: 99
sample_rate: (min) 0.03, (max) 0.03, expected_batch_size: 99
sample_rate: (min) 0.03, (max) 0.61, expected_batch_size: 1256
sample_rate: (min) 0.03, (max) 0.03, expected_batch_size: 99
initial privacy cost of all clients:  [0, 0, 0, 0, 0, 0, 0, 0, 0, 0]
Round=0
Round=1
Round=2
Round=3
Round=4
Round=5
Round=6
Round=7
Round=8
Round=9
Round=10
Round=11
Round=12
Round=13
Round=14
current privacy cost of all clients:  [0.07214729257008984, 3.8048372549984366, 3.3043856205918876, 0.7046321452486275, 0.6583580204409699, 0.0777036851988212, 0.0777036851988212, 0.09280122601357536, 4.055063072201711, 0.0777036851988212]
Round=14, per client global perf=[0.1328, 0.9221, 0.5456, 0.1681, 0.1618, 0.0069, 0.448, 0.4284, 0.4931, 0.0064], mean perf=6759/20400 (0.3313%)
Round=14, per client personal perf=[0.9088, 0.9711, 0.9618, 0.9971, 0.9721, 0.9461, 0.8985, 0.9725, 0.9985, 0.5917], mean perf=18805/20400 (0.9218%)
Round=14, per client personal pooled=[0.2139, 0.2039, 0.2279, 0.2234, 0.2324, 0.23, 0.208, 0.209, 0.2737, 0.1215], mean perf=43734/204000 (0.2144%)
Mean performance of ditto rpdp global, Perf=0.3373, seed=46
Mean performance of ditto rpdp personal, Perf=0.9112, seed=46
Mean performance of ditto rpdp pooled, Perf=0.2087, seed=46
Finished seed 46
----------------------------------------
=== Running reg_param=20, num_steps=15 ===
Running seed 42
/Users/shegao_t1/DP_Research/Personal_DP_Personal_FL/rpdp_fl/experiments/datasets/fed_fashion_mnist/niid_10_2way_3000shot

Client 0 label distribution:
[(0, 2002), (2, 1958)]

Client 1 label distribution:
[(8, 1994), (9, 1966)]

Client 2 label distribution:
[(0, 1953), (8, 2007)]

Client 3 label distribution:
[(1, 1976), (7, 1984)]

Client 4 label distribution:
[(4, 1986), (7, 1974)]

Client 5 label distribution:
[(5, 1980), (6, 1980)]

Client 6 label distribution:
[(3, 1999), (4, 1961)]

Client 7 label distribution:
[(3, 2018), (5, 1942)]

Client 8 label distribution:
[(1, 1970), (9, 1990)]

Client 9 label distribution:
[(2, 1997), (6, 1963)]
Client 0: avg epsilon = 0.1000
Client 1: avg epsilon = 2.9859
Client 2: avg epsilon = 0.5602
Client 3: avg epsilon = 0.5430
Client 4: avg epsilon = 0.5486
Client 5: avg epsilon = 0.1000
Client 6: avg epsilon = 0.1000
Client 7: avg epsilon = 0.1000
Client 8: avg epsilon = 2.5624
Client 9: avg epsilon = 0.1000
 We run FedAvg with rPDP (ThreeLevels-0) ...
max_epsilon :  10.0  noise_multiplier :  9.736328125
The R-Squared value of the best-fit curve : 0.999749898528281
learning rate =  0.001
sample_rate: (min) 0.03, (max) 0.03, expected_batch_size: 99
sample_rate: (min) 0.16, (max) 0.61, expected_batch_size: 1508
sample_rate: (min) 0.03, (max) 0.61, expected_batch_size: 368
sample_rate: (min) 0.03, (max) 0.16, expected_batch_size: 358
sample_rate: (min) 0.03, (max) 0.16, expected_batch_size: 362
sample_rate: (min) 0.03, (max) 0.03, expected_batch_size: 99
sample_rate: (min) 0.03, (max) 0.03, expected_batch_size: 99
sample_rate: (min) 0.03, (max) 0.03, expected_batch_size: 99
sample_rate: (min) 0.03, (max) 0.61, expected_batch_size: 1256
sample_rate: (min) 0.03, (max) 0.03, expected_batch_size: 99
initial privacy cost of all clients:  [0, 0, 0, 0, 0, 0, 0, 0, 0, 0]
Round=0
Round=1
Round=2
Round=3
Round=4
Round=5
Round=6
Round=7
Round=8
Round=9
Round=10
Round=11
Round=12
Round=13
Round=14
current privacy cost of all clients:  [0.0777036851988212, 3.554611437795162, 2.8039339861853394, 0.6583580204409699, 0.7482516858029494, 0.0777036851988212, 0.08299634815037049, 0.0879752932513391, 4.305288889404985, 0.06629602355155903]
Round=14, per client global perf=[0.0745, 0.8235, 0.3221, 0.0005, 0.0049, 0.0, 0.1083, 0.0912, 0.4951, 0.0838], mean perf=4088/20400 (0.2004%)
Round=14, per client personal perf=[0.898, 0.9588, 0.9417, 0.9956, 0.9578, 0.9039, 0.9015, 0.973, 0.999, 0.6098], mean perf=18644/20400 (0.9139%)
Round=14, per client personal pooled=[0.1807, 0.1904, 0.1863, 0.223, 0.1934, 0.1821, 0.1779, 0.2078, 0.2278, 0.1192], mean perf=38529/204000 (0.1889%)
Mean performance of ditto rpdp global, Perf=0.2471, seed=42
Mean performance of ditto rpdp personal, Perf=0.9102, seed=42
Mean performance of ditto rpdp pooled, Perf=0.1946, seed=42
Finished seed 42
----------------------------------------
Running seed 43
/Users/shegao_t1/DP_Research/Personal_DP_Personal_FL/rpdp_fl/experiments/datasets/fed_fashion_mnist/niid_10_2way_3000shot

Client 0 label distribution:
[(0, 2002), (2, 1958)]

Client 1 label distribution:
[(8, 1994), (9, 1966)]

Client 2 label distribution:
[(0, 1953), (8, 2007)]

Client 3 label distribution:
[(1, 1976), (7, 1984)]

Client 4 label distribution:
[(4, 1986), (7, 1974)]

Client 5 label distribution:
[(5, 1980), (6, 1980)]

Client 6 label distribution:
[(3, 1999), (4, 1961)]

Client 7 label distribution:
[(3, 2018), (5, 1942)]

Client 8 label distribution:
[(1, 1970), (9, 1990)]

Client 9 label distribution:
[(2, 1997), (6, 1963)]
Client 0: avg epsilon = 0.1000
Client 1: avg epsilon = 2.9859
Client 2: avg epsilon = 0.5602
Client 3: avg epsilon = 0.5430
Client 4: avg epsilon = 0.5486
Client 5: avg epsilon = 0.1000
Client 6: avg epsilon = 0.1000
Client 7: avg epsilon = 0.1000
Client 8: avg epsilon = 2.5624
Client 9: avg epsilon = 0.1000
 We run FedAvg with rPDP (ThreeLevels-0) ...
max_epsilon :  10.0  noise_multiplier :  9.736328125
The R-Squared value of the best-fit curve : 0.999749898528281
learning rate =  0.001
sample_rate: (min) 0.03, (max) 0.03, expected_batch_size: 99
sample_rate: (min) 0.16, (max) 0.61, expected_batch_size: 1508
sample_rate: (min) 0.03, (max) 0.61, expected_batch_size: 368
sample_rate: (min) 0.03, (max) 0.16, expected_batch_size: 358
sample_rate: (min) 0.03, (max) 0.16, expected_batch_size: 362
sample_rate: (min) 0.03, (max) 0.03, expected_batch_size: 99
sample_rate: (min) 0.03, (max) 0.03, expected_batch_size: 99
sample_rate: (min) 0.03, (max) 0.03, expected_batch_size: 99
sample_rate: (min) 0.03, (max) 0.61, expected_batch_size: 1256
sample_rate: (min) 0.03, (max) 0.03, expected_batch_size: 99
initial privacy cost of all clients:  [0, 0, 0, 0, 0, 0, 0, 0, 0, 0]
Round=0
Round=1
Round=2
Round=3
Round=4
Round=5
Round=6
Round=7
Round=8
Round=9
Round=10
Round=11
Round=12
Round=13
Round=14
current privacy cost of all clients:  [0.08299634815037049, 3.554611437795162, 3.3043856205918876, 0.7482516858029494, 0.5558558712260362, 0.0777036851988212, 0.06629602355155903, 0.04533992744859791, 3.0541598033886133, 0.0879752932513391]
Round=14, per client global perf=[0.4833, 0.4127, 0.8402, 0.4534, 0.4647, 0.0005, 0.0, 0.0, 0.0, 0.073], mean perf=5565/20400 (0.2728%)
Round=14, per client personal perf=[0.8338, 0.9495, 0.9275, 0.9397, 0.9431, 0.874, 0.802, 0.8941, 0.9956, 0.6284], mean perf=17927/20400 (0.8788%)
Round=14, per client personal pooled=[0.1712, 0.1885, 0.1839, 0.21, 0.208, 0.1886, 0.1711, 0.2077, 0.2175, 0.1257], mean perf=38195/204000 (0.1872%)
Mean performance of ditto rpdp global, Perf=0.2480, seed=43
Mean performance of ditto rpdp personal, Perf=0.8194, seed=43
Mean performance of ditto rpdp pooled, Perf=0.1797, seed=43
Finished seed 43
----------------------------------------
Running seed 44
/Users/shegao_t1/DP_Research/Personal_DP_Personal_FL/rpdp_fl/experiments/datasets/fed_fashion_mnist/niid_10_2way_3000shot

Client 0 label distribution:
[(0, 2002), (2, 1958)]

Client 1 label distribution:
[(8, 1994), (9, 1966)]

Client 2 label distribution:
[(0, 1953), (8, 2007)]

Client 3 label distribution:
[(1, 1976), (7, 1984)]

Client 4 label distribution:
[(4, 1986), (7, 1974)]

Client 5 label distribution:
[(5, 1980), (6, 1980)]

Client 6 label distribution:
[(3, 1999), (4, 1961)]

Client 7 label distribution:
[(3, 2018), (5, 1942)]

Client 8 label distribution:
[(1, 1970), (9, 1990)]

Client 9 label distribution:
[(2, 1997), (6, 1963)]
Client 0: avg epsilon = 0.1000
Client 1: avg epsilon = 2.9859
Client 2: avg epsilon = 0.5602
Client 3: avg epsilon = 0.5430
Client 4: avg epsilon = 0.5486
Client 5: avg epsilon = 0.1000
Client 6: avg epsilon = 0.1000
Client 7: avg epsilon = 0.1000
Client 8: avg epsilon = 2.5624
Client 9: avg epsilon = 0.1000
 We run FedAvg with rPDP (ThreeLevels-0) ...
max_epsilon :  10.0  noise_multiplier :  9.736328125
The R-Squared value of the best-fit curve : 0.999749898528281
learning rate =  0.001
sample_rate: (min) 0.03, (max) 0.03, expected_batch_size: 99
sample_rate: (min) 0.16, (max) 0.61, expected_batch_size: 1508
sample_rate: (min) 0.03, (max) 0.61, expected_batch_size: 368
sample_rate: (min) 0.03, (max) 0.16, expected_batch_size: 358
sample_rate: (min) 0.03, (max) 0.16, expected_batch_size: 362
sample_rate: (min) 0.03, (max) 0.03, expected_batch_size: 99
sample_rate: (min) 0.03, (max) 0.03, expected_batch_size: 99
sample_rate: (min) 0.03, (max) 0.03, expected_batch_size: 99
sample_rate: (min) 0.03, (max) 0.61, expected_batch_size: 1256
sample_rate: (min) 0.03, (max) 0.03, expected_batch_size: 99
initial privacy cost of all clients:  [0, 0, 0, 0, 0, 0, 0, 0, 0, 0]
Round=0
Round=1
Round=2
Round=3
Round=4
Round=5
Round=6
Round=7
Round=8
Round=9
Round=10
Round=11
Round=12
Round=13
Round=14
current privacy cost of all clients:  [0.08299634815037049, 4.510367153745826, 3.8048372549984366, 0.4329280232702186, 0.8300921245073416, 0.06629602355155903, 0.05997229379927632, 0.06629602355155903, 2.8039339861853394, 0.0777036851988212]
Round=14, per client global perf=[0.275, 0.9578, 0.7735, 0.0, 0.1485, 0.0123, 0.1426, 0.0, 0.4765, 0.0113], mean perf=5707/20400 (0.2798%)
Round=14, per client personal perf=[0.8662, 0.9725, 0.9412, 0.9833, 0.95, 0.9078, 0.8632, 0.925, 0.9956, 0.6025], mean perf=18375/20400 (0.9007%)
Round=14, per client personal pooled=[0.2184, 0.2776, 0.1951, 0.3181, 0.2329, 0.2381, 0.261, 0.2836, 0.2542, 0.1737], mean perf=50038/204000 (0.2453%)
Mean performance of ditto rpdp global, Perf=0.3010, seed=44
Mean performance of ditto rpdp personal, Perf=0.8978, seed=44
Mean performance of ditto rpdp pooled, Perf=0.2543, seed=44
Finished seed 44
----------------------------------------
Running seed 45
/Users/shegao_t1/DP_Research/Personal_DP_Personal_FL/rpdp_fl/experiments/datasets/fed_fashion_mnist/niid_10_2way_3000shot

Client 0 label distribution:
[(0, 2002), (2, 1958)]

Client 1 label distribution:
[(8, 1994), (9, 1966)]

Client 2 label distribution:
[(0, 1953), (8, 2007)]

Client 3 label distribution:
[(1, 1976), (7, 1984)]

Client 4 label distribution:
[(4, 1986), (7, 1974)]

Client 5 label distribution:
[(5, 1980), (6, 1980)]

Client 6 label distribution:
[(3, 1999), (4, 1961)]

Client 7 label distribution:
[(3, 2018), (5, 1942)]

Client 8 label distribution:
[(1, 1970), (9, 1990)]

Client 9 label distribution:
[(2, 1997), (6, 1963)]
Client 0: avg epsilon = 0.1000
Client 1: avg epsilon = 2.9859
Client 2: avg epsilon = 0.5602
Client 3: avg epsilon = 0.5430
Client 4: avg epsilon = 0.5486
Client 5: avg epsilon = 0.1000
Client 6: avg epsilon = 0.1000
Client 7: avg epsilon = 0.1000
Client 8: avg epsilon = 2.5624
Client 9: avg epsilon = 0.1000
 We run FedAvg with rPDP (ThreeLevels-0) ...
max_epsilon :  10.0  noise_multiplier :  9.736328125
The R-Squared value of the best-fit curve : 0.999749898528281
learning rate =  0.001
sample_rate: (min) 0.03, (max) 0.03, expected_batch_size: 99
sample_rate: (min) 0.16, (max) 0.61, expected_batch_size: 1508
sample_rate: (min) 0.03, (max) 0.61, expected_batch_size: 368
sample_rate: (min) 0.03, (max) 0.16, expected_batch_size: 358
sample_rate: (min) 0.03, (max) 0.16, expected_batch_size: 362
sample_rate: (min) 0.03, (max) 0.03, expected_batch_size: 99
sample_rate: (min) 0.03, (max) 0.03, expected_batch_size: 99
sample_rate: (min) 0.03, (max) 0.03, expected_batch_size: 99
sample_rate: (min) 0.03, (max) 0.61, expected_batch_size: 1256
sample_rate: (min) 0.03, (max) 0.03, expected_batch_size: 99
initial privacy cost of all clients:  [0, 0, 0, 0, 0, 0, 0, 0, 0, 0]
Round=0
Round=1
Round=2
Round=3
Round=4
Round=5
Round=6
Round=7
Round=8
Round=9
Round=10
Round=11
Round=12
Round=13
Round=14
current privacy cost of all clients:  [0.0777036851988212, 3.554611437795162, 3.3043856205918876, 0.49782670836934756, 0.7046321452486275, 0.0879752932513391, 0.0777036851988212, 0.05997229379927632, 3.8048372549984366, 0.0879752932513391]
Round=14, per client global perf=[0.0657, 0.9005, 0.4088, 0.0, 0.1235, 0.0328, 0.1304, 0.0, 0.4858, 0.0931], mean perf=4571/20400 (0.2241%)
Round=14, per client personal perf=[0.8838, 0.9015, 0.9461, 0.9956, 0.9672, 0.8868, 0.8304, 0.9539, 0.9858, 0.6304], mean perf=18322/20400 (0.8981%)
Round=14, per client personal pooled=[0.1772, 0.1792, 0.1875, 0.1999, 0.1941, 0.1791, 0.1653, 0.1905, 0.2133, 0.1229], mean perf=36902/204000 (0.1809%)
Mean performance of ditto rpdp global, Perf=0.2179, seed=45
Mean performance of ditto rpdp personal, Perf=0.8886, seed=45
Mean performance of ditto rpdp pooled, Perf=0.1779, seed=45
Finished seed 45
----------------------------------------
Running seed 46
/Users/shegao_t1/DP_Research/Personal_DP_Personal_FL/rpdp_fl/experiments/datasets/fed_fashion_mnist/niid_10_2way_3000shot

Client 0 label distribution:
[(0, 2002), (2, 1958)]

Client 1 label distribution:
[(8, 1994), (9, 1966)]

Client 2 label distribution:
[(0, 1953), (8, 2007)]

Client 3 label distribution:
[(1, 1976), (7, 1984)]

Client 4 label distribution:
[(4, 1986), (7, 1974)]

Client 5 label distribution:
[(5, 1980), (6, 1980)]

Client 6 label distribution:
[(3, 1999), (4, 1961)]

Client 7 label distribution:
[(3, 2018), (5, 1942)]

Client 8 label distribution:
[(1, 1970), (9, 1990)]

Client 9 label distribution:
[(2, 1997), (6, 1963)]
Client 0: avg epsilon = 0.1000
Client 1: avg epsilon = 2.9859
Client 2: avg epsilon = 0.5602
Client 3: avg epsilon = 0.5430
Client 4: avg epsilon = 0.5486
Client 5: avg epsilon = 0.1000
Client 6: avg epsilon = 0.1000
Client 7: avg epsilon = 0.1000
Client 8: avg epsilon = 2.5624
Client 9: avg epsilon = 0.1000
 We run FedAvg with rPDP (ThreeLevels-0) ...
max_epsilon :  10.0  noise_multiplier :  9.736328125
The R-Squared value of the best-fit curve : 0.999749898528281
learning rate =  0.001
sample_rate: (min) 0.03, (max) 0.03, expected_batch_size: 99
sample_rate: (min) 0.16, (max) 0.61, expected_batch_size: 1508
sample_rate: (min) 0.03, (max) 0.61, expected_batch_size: 368
sample_rate: (min) 0.03, (max) 0.16, expected_batch_size: 358
sample_rate: (min) 0.03, (max) 0.16, expected_batch_size: 362
sample_rate: (min) 0.03, (max) 0.03, expected_batch_size: 99
sample_rate: (min) 0.03, (max) 0.03, expected_batch_size: 99
sample_rate: (min) 0.03, (max) 0.03, expected_batch_size: 99
sample_rate: (min) 0.03, (max) 0.61, expected_batch_size: 1256
sample_rate: (min) 0.03, (max) 0.03, expected_batch_size: 99
initial privacy cost of all clients:  [0, 0, 0, 0, 0, 0, 0, 0, 0, 0]
Round=0
Round=1
Round=2
Round=3
Round=4
Round=5
Round=6
Round=7
Round=8
Round=9
Round=10
Round=11
Round=12
Round=13
Round=14
current privacy cost of all clients:  [0.07214729257008984, 3.8048372549984366, 3.3043856205918876, 0.7046321452486275, 0.6583580204409699, 0.0777036851988212, 0.0777036851988212, 0.09280122601357536, 4.055063072201711, 0.0777036851988212]
Round=14, per client global perf=[0.1328, 0.9221, 0.5456, 0.1681, 0.1618, 0.0069, 0.448, 0.4284, 0.4931, 0.0064], mean perf=6759/20400 (0.3313%)
Round=14, per client personal perf=[0.9211, 0.9627, 0.9613, 0.9946, 0.9676, 0.9201, 0.8995, 0.9701, 0.9985, 0.6162], mean perf=18792/20400 (0.9212%)
Round=14, per client personal pooled=[0.262, 0.2321, 0.2523, 0.2444, 0.2608, 0.2357, 0.265, 0.21, 0.2758, 0.1421], mean perf=48555/204000 (0.2380%)
Mean performance of ditto rpdp global, Perf=0.3373, seed=46
Mean performance of ditto rpdp personal, Perf=0.9134, seed=46
Mean performance of ditto rpdp pooled, Perf=0.2308, seed=46
Finished seed 46
----------------------------------------
