=== Data type: niid_10_5 ===
--- Seed: 42 ---
--- Personal steps: 15 ---
---EPSILON 0 ---
default_sample_rate: 0.03737226277372263
noise_multiplier :  640
learning rate =  0.01
sample_rate: 0.04, expected_batch_size: 147
sample_rate: 0.04, expected_batch_size: 147
sample_rate: 0.04, expected_batch_size: 147
sample_rate: 0.04, expected_batch_size: 147
sample_rate: 0.04, expected_batch_size: 147
sample_rate: 0.04, expected_batch_size: 147
sample_rate: 0.04, expected_batch_size: 143
sample_rate: 0.04, expected_batch_size: 147
sample_rate: 0.04, expected_batch_size: 144
sample_rate: 0.04, expected_batch_size: 128
initial privacy cost of all clients:  [0, 0, 0, 0, 0, 0, 0, 0, 0, 0]
Round=0
Round=1
Round=2
Round=3
Round=4
Round=5
Round=6
Round=7
Round=8
Round=9
Round=10
Round=11
Round=12
Round=13
Round=14
current privacy cost of all clients:  [-0.0006947475519254313, -0.0006947475519254313, -0.0008014911227734434, -0.0007298016386084107, -0.0006597661409019579, -0.0006947475519254313, -0.0006597661409019579, -0.0006270602525819747, -0.0005943543642619915, -0.00076485572529139]
Round=14, per client global perf=[0.1088, 0.0466, 0.1574, 0.1441, 0.1578, 0.098, 0.1268, 0.2225, 0.1577, 0.2023], mean perf=2830/20014 (0.1414%)
Round=14, per client personal perf=[0.9755, 0.9676, 0.9632, 0.974, 0.9814, 0.9804, 0.9691, 0.9828, 0.9399, 0.8374], mean perf=19189/20014 (0.9588%)
Round=14, per client personal pooled=[0.4662, 0.4784, 0.4892, 0.4887, 0.4855, 0.4859, 0.4889, 0.4787, 0.4727, 0.372], mean perf=94188/200140 (0.4706%)
Mean performance of unidp ditto global,  eps=0.0, Perf=0.1108
Mean performance of unidp ditto personal,  eps=0.0, Perf=0.9596
Mean performance of unidp ditto pooled,  eps=0.0, Perf=0.4719
---EPSILON 0.1 ---
default_sample_rate: 0.03737226277372263
noise_multiplier :  16.25
learning rate =  0.01
sample_rate: 0.04, expected_batch_size: 147
sample_rate: 0.04, expected_batch_size: 147
sample_rate: 0.04, expected_batch_size: 147
sample_rate: 0.04, expected_batch_size: 147
sample_rate: 0.04, expected_batch_size: 147
sample_rate: 0.04, expected_batch_size: 147
sample_rate: 0.04, expected_batch_size: 143
sample_rate: 0.04, expected_batch_size: 147
sample_rate: 0.04, expected_batch_size: 144
sample_rate: 0.04, expected_batch_size: 128
initial privacy cost of all clients:  [0, 0, 0, 0, 0, 0, 0, 0, 0, 0]
Round=0
Round=1
Round=2
Round=3
Round=4
Round=5
Round=6
Round=7
Round=8
Round=9
Round=10
Round=11
Round=12
Round=13
Round=14
current privacy cost of all clients:  [0.0666000428185364, 0.0666000428185364, 0.051216574946498276, 0.06182985592672452, 0.07121998763743889, 0.0666000428185364, 0.07121998763743889, 0.07551541914128848, 0.07970499485135578, 0.056699536148299576]
Round=14, per client global perf=[0.5686, 0.5691, 0.5211, 0.474, 0.7961, 0.6922, 0.6658, 0.5196, 0.5388, 0.5592], mean perf=11823/20014 (0.5907%)
Round=14, per client personal perf=[0.9755, 0.9676, 0.9632, 0.974, 0.9814, 0.9804, 0.9691, 0.9828, 0.9399, 0.8374], mean perf=19189/20014 (0.9588%)
Round=14, per client personal pooled=[0.4662, 0.4784, 0.4892, 0.4887, 0.4855, 0.4859, 0.4889, 0.4787, 0.4727, 0.372], mean perf=94188/200140 (0.4706%)
Mean performance of unidp ditto global,  eps=0.1, Perf=0.5190
Mean performance of unidp ditto personal,  eps=0.1, Perf=0.9596
Mean performance of unidp ditto pooled,  eps=0.1, Perf=0.4719
---EPSILON 0.5 ---
default_sample_rate: 0.03737226277372263
noise_multiplier :  4.1796875
learning rate =  0.01
sample_rate: 0.04, expected_batch_size: 147
sample_rate: 0.04, expected_batch_size: 147
sample_rate: 0.04, expected_batch_size: 147
sample_rate: 0.04, expected_batch_size: 147
sample_rate: 0.04, expected_batch_size: 147
sample_rate: 0.04, expected_batch_size: 147
sample_rate: 0.04, expected_batch_size: 143
sample_rate: 0.04, expected_batch_size: 147
sample_rate: 0.04, expected_batch_size: 144
sample_rate: 0.04, expected_batch_size: 128
initial privacy cost of all clients:  [0, 0, 0, 0, 0, 0, 0, 0, 0, 0]
Round=0
Round=1
Round=2
Round=3
Round=4
Round=5
Round=6
Round=7
Round=8
Round=9
Round=10
Round=11
Round=12
Round=13
Round=14
current privacy cost of all clients:  [0.357206201115514, 0.357206201115514, 0.2817999227100404, 0.3335681844325747, 0.3794621932710794, 0.357206201115514, 0.3794621932710794, 0.4005670951978502, 0.42122037980599175, 0.3085156431829289]
Round=14, per client global perf=[0.6882, 0.8377, 0.6931, 0.6598, 0.9093, 0.8564, 0.8621, 0.648, 0.6525, 0.6861], mean perf=15011/20014 (0.7500%)
Round=14, per client personal perf=[0.9755, 0.9676, 0.9632, 0.974, 0.9814, 0.9804, 0.9691, 0.9828, 0.9399, 0.8374], mean perf=19189/20014 (0.9588%)
Round=14, per client personal pooled=[0.4662, 0.4784, 0.4892, 0.4887, 0.4855, 0.4859, 0.4889, 0.4787, 0.4727, 0.372], mean perf=94188/200140 (0.4706%)
Mean performance of unidp ditto global,  eps=0.5, Perf=0.7567
Mean performance of unidp ditto personal,  eps=0.5, Perf=0.9596
Mean performance of unidp ditto pooled,  eps=0.5, Perf=0.4719
---EPSILON 1 ---
default_sample_rate: 0.03737226277372263
noise_multiplier :  2.40234375
learning rate =  0.01
sample_rate: 0.04, expected_batch_size: 147
sample_rate: 0.04, expected_batch_size: 147
sample_rate: 0.04, expected_batch_size: 147
sample_rate: 0.04, expected_batch_size: 147
sample_rate: 0.04, expected_batch_size: 147
sample_rate: 0.04, expected_batch_size: 147
sample_rate: 0.04, expected_batch_size: 143
sample_rate: 0.04, expected_batch_size: 147
sample_rate: 0.04, expected_batch_size: 144
sample_rate: 0.04, expected_batch_size: 128
initial privacy cost of all clients:  [0, 0, 0, 0, 0, 0, 0, 0, 0, 0]
Round=0
Round=1
Round=2
Round=3
Round=4
Round=5
Round=6
Round=7
Round=8
Round=9
Round=10
Round=11
Round=12
Round=13
Round=14
current privacy cost of all clients:  [0.7260230735296279, 0.7260230735296279, 0.5776371832915923, 0.6797296669401808, 0.7711597447659064, 0.7260230735296279, 0.7711597447659064, 0.8116969318995546, 0.8522341190332028, 0.6301514657261251]
Round=14, per client global perf=[0.7338, 0.8819, 0.7387, 0.7201, 0.9309, 0.9078, 0.9133, 0.752, 0.7406, 0.7637], mean perf=16185/20014 (0.8087%)
Round=14, per client personal perf=[0.9755, 0.9676, 0.9632, 0.974, 0.9814, 0.9804, 0.9691, 0.9828, 0.9399, 0.8374], mean perf=19189/20014 (0.9588%)
Round=14, per client personal pooled=[0.4662, 0.4784, 0.4892, 0.4887, 0.4855, 0.4859, 0.4889, 0.4787, 0.4727, 0.372], mean perf=94188/200140 (0.4706%)
Mean performance of unidp ditto global,  eps=1.0, Perf=0.8164
Mean performance of unidp ditto personal,  eps=1.0, Perf=0.9596
Mean performance of unidp ditto pooled,  eps=1.0, Perf=0.4719
---EPSILON 4 ---
default_sample_rate: 0.03737226277372263
noise_multiplier :  1.021728515625
learning rate =  0.01
sample_rate: 0.04, expected_batch_size: 147
sample_rate: 0.04, expected_batch_size: 147
sample_rate: 0.04, expected_batch_size: 147
sample_rate: 0.04, expected_batch_size: 147
sample_rate: 0.04, expected_batch_size: 147
sample_rate: 0.04, expected_batch_size: 147
sample_rate: 0.04, expected_batch_size: 143
sample_rate: 0.04, expected_batch_size: 147
sample_rate: 0.04, expected_batch_size: 144
sample_rate: 0.04, expected_batch_size: 128
initial privacy cost of all clients:  [0, 0, 0, 0, 0, 0, 0, 0, 0, 0]
Round=0
Round=1
Round=2
Round=3
Round=4
Round=5
Round=6
Round=7
Round=8
Round=9
Round=10
Round=11
Round=12
Round=13
Round=14
current privacy cost of all clients:  [2.8555944997591194, 2.8555944997591194, 2.3670483999128127, 2.6927457998103503, 3.018443199707888, 2.8555944997591194, 3.018443199707888, 3.181291899656657, 3.344140599605426, 2.5298970998615813]
Round=14, per client global perf=[0.7897, 0.9127, 0.7887, 0.7721, 0.9544, 0.9426, 0.9391, 0.8083, 0.7932, 0.7881], mean perf=17003/20014 (0.8496%)
Round=14, per client personal perf=[0.9755, 0.9676, 0.9632, 0.974, 0.9814, 0.9804, 0.9691, 0.9828, 0.9399, 0.8374], mean perf=19189/20014 (0.9588%)
Round=14, per client personal pooled=[0.4662, 0.4784, 0.4892, 0.4887, 0.4855, 0.4859, 0.4889, 0.4787, 0.4727, 0.372], mean perf=94188/200140 (0.4706%)
Mean performance of unidp ditto global,  eps=4.0, Perf=0.8479
Mean performance of unidp ditto personal,  eps=4.0, Perf=0.9596
Mean performance of unidp ditto pooled,  eps=4.0, Perf=0.4719
---EPSILON 8 ---
default_sample_rate: 0.03737226277372263
noise_multiplier :  0.770263671875
learning rate =  0.01
sample_rate: 0.04, expected_batch_size: 147
sample_rate: 0.04, expected_batch_size: 147
sample_rate: 0.04, expected_batch_size: 147
sample_rate: 0.04, expected_batch_size: 147
sample_rate: 0.04, expected_batch_size: 147
sample_rate: 0.04, expected_batch_size: 147
sample_rate: 0.04, expected_batch_size: 143
sample_rate: 0.04, expected_batch_size: 147
sample_rate: 0.04, expected_batch_size: 144
sample_rate: 0.04, expected_batch_size: 128
initial privacy cost of all clients:  [0, 0, 0, 0, 0, 0, 0, 0, 0, 0]
Round=0
Round=1
Round=2
Round=3
Round=4
Round=5
Round=6
Round=7
Round=8
Round=9
Round=10
Round=11
Round=12
Round=13
Round=14
current privacy cost of all clients:  [5.8187749103344695, 5.8187749103344695, 4.5738992141023616, 5.403816344923766, 6.233733475745171, 5.8187749103344695, 6.233733475745171, 6.648692041155875, 7.0636506065665765, 4.988857779513064]
Round=14, per client global perf=[0.8505, 0.9265, 0.8475, 0.8348, 0.9593, 0.9397, 0.9478, 0.8495, 0.8398, 0.783], mean perf=17592/20014 (0.8790%)
Round=14, per client personal perf=[0.9755, 0.9676, 0.9632, 0.974, 0.9814, 0.9804, 0.9691, 0.9828, 0.9399, 0.8374], mean perf=19189/20014 (0.9588%)
Round=14, per client personal pooled=[0.4662, 0.4784, 0.4892, 0.4887, 0.4855, 0.4859, 0.4889, 0.4787, 0.4727, 0.372], mean perf=94188/200140 (0.4706%)
Mean performance of unidp ditto global,  eps=8.0, Perf=0.8456
Mean performance of unidp ditto personal,  eps=8.0, Perf=0.9596
Mean performance of unidp ditto pooled,  eps=8.0, Perf=0.4719
---EPSILON 16 ---
default_sample_rate: 0.03737226277372263
noise_multiplier :  0.5941009521484375
learning rate =  0.01
sample_rate: 0.04, expected_batch_size: 147
sample_rate: 0.04, expected_batch_size: 147
sample_rate: 0.04, expected_batch_size: 147
sample_rate: 0.04, expected_batch_size: 147
sample_rate: 0.04, expected_batch_size: 147
sample_rate: 0.04, expected_batch_size: 147
sample_rate: 0.04, expected_batch_size: 143
sample_rate: 0.04, expected_batch_size: 147
sample_rate: 0.04, expected_batch_size: 144
sample_rate: 0.04, expected_batch_size: 128
initial privacy cost of all clients:  [0, 0, 0, 0, 0, 0, 0, 0, 0, 0]
Round=0
Round=1
Round=2
Round=3
Round=4
Round=5
Round=6
Round=7
Round=8
Round=9
Round=10
Round=11
Round=12
Round=13
Round=14
current privacy cost of all clients:  [11.10528829626556, 11.10528829626556, 9.011353029364317, 10.407309873965145, 11.803266718565974, 11.10528829626556, 11.803266718565974, 12.501245140866388, 13.199223563166802, 9.709331451664731]
Round=14, per client global perf=[0.8701, 0.9328, 0.8495, 0.852, 0.9657, 0.9451, 0.9483, 0.8564, 0.8433, 0.7943], mean perf=17750/20014 (0.8869%)
Round=14, per client personal perf=[0.9755, 0.9676, 0.9632, 0.974, 0.9814, 0.9804, 0.9691, 0.9828, 0.9399, 0.8374], mean perf=19189/20014 (0.9588%)
Round=14, per client personal pooled=[0.4662, 0.4784, 0.4892, 0.4887, 0.4855, 0.4859, 0.4889, 0.4787, 0.4727, 0.372], mean perf=94188/200140 (0.4706%)
Mean performance of unidp ditto global,  eps=16.0, Perf=0.8521
Mean performance of unidp ditto personal,  eps=16.0, Perf=0.9596
Mean performance of unidp ditto pooled,  eps=16.0, Perf=0.4719
--- Personal steps: 30 ---
---EPSILON 0 ---
default_sample_rate: 0.03737226277372263
noise_multiplier :  640
learning rate =  0.01
sample_rate: 0.04, expected_batch_size: 147
sample_rate: 0.04, expected_batch_size: 147
sample_rate: 0.04, expected_batch_size: 147
sample_rate: 0.04, expected_batch_size: 147
sample_rate: 0.04, expected_batch_size: 147
sample_rate: 0.04, expected_batch_size: 147
sample_rate: 0.04, expected_batch_size: 143
sample_rate: 0.04, expected_batch_size: 147
sample_rate: 0.04, expected_batch_size: 144
sample_rate: 0.04, expected_batch_size: 128
initial privacy cost of all clients:  [0, 0, 0, 0, 0, 0, 0, 0, 0, 0]
Round=0
Round=1
Round=2
Round=3
Round=4
Round=5
Round=6
Round=7
Round=8
Round=9
Round=10
Round=11
Round=12
Round=13
Round=14
current privacy cost of all clients:  [-0.0006947475519254313, -0.0006947475519254313, -0.0008014911227734434, -0.0007298016386084107, -0.0006597661409019579, -0.0006947475519254313, -0.0006597661409019579, -0.0006270602525819747, -0.0005943543642619915, -0.00076485572529139]
Round=14, per client global perf=[0.1093, 0.0466, 0.1574, 0.1441, 0.1574, 0.098, 0.1268, 0.2221, 0.1572, 0.2023], mean perf=2828/20014 (0.1413%)
Round=14, per client personal perf=[0.9828, 0.9779, 0.9623, 0.9799, 0.9902, 0.9819, 0.9711, 0.9853, 0.9274, 0.864], mean perf=19287/20014 (0.9637%)
Round=14, per client personal pooled=[0.4678, 0.4861, 0.4887, 0.4938, 0.4863, 0.4869, 0.4869, 0.4798, 0.4647, 0.3739], mean perf=94364/200140 (0.4715%)
Mean performance of unidp ditto global,  eps=0.0, Perf=0.1106
Mean performance of unidp ditto personal,  eps=0.0, Perf=0.9618
Mean performance of unidp ditto pooled,  eps=0.0, Perf=0.4707
---EPSILON 0.1 ---
default_sample_rate: 0.03737226277372263
noise_multiplier :  16.25
learning rate =  0.01
sample_rate: 0.04, expected_batch_size: 147
sample_rate: 0.04, expected_batch_size: 147
sample_rate: 0.04, expected_batch_size: 147
sample_rate: 0.04, expected_batch_size: 147
sample_rate: 0.04, expected_batch_size: 147
sample_rate: 0.04, expected_batch_size: 147
sample_rate: 0.04, expected_batch_size: 143
sample_rate: 0.04, expected_batch_size: 147
sample_rate: 0.04, expected_batch_size: 144
sample_rate: 0.04, expected_batch_size: 128
initial privacy cost of all clients:  [0, 0, 0, 0, 0, 0, 0, 0, 0, 0]
Round=0
Round=1
Round=2
Round=3
Round=4
Round=5
Round=6
Round=7
Round=8
Round=9
Round=10
Round=11
Round=12
Round=13
Round=14
current privacy cost of all clients:  [0.0666000428185364, 0.0666000428185364, 0.051216574946498276, 0.06182985592672452, 0.07121998763743889, 0.0666000428185364, 0.07121998763743889, 0.07551541914128848, 0.07970499485135578, 0.056699536148299576]
Round=14, per client global perf=[0.5706, 0.5706, 0.5206, 0.473, 0.7946, 0.6926, 0.6663, 0.5235, 0.5433, 0.5649], mean perf=11853/20014 (0.5922%)
Round=14, per client personal perf=[0.9828, 0.9779, 0.9623, 0.9799, 0.9902, 0.9819, 0.9711, 0.9853, 0.9274, 0.864], mean perf=19287/20014 (0.9637%)
Round=14, per client personal pooled=[0.4678, 0.4861, 0.4887, 0.4938, 0.4863, 0.4869, 0.4869, 0.4798, 0.4647, 0.3739], mean perf=94364/200140 (0.4715%)
Mean performance of unidp ditto global,  eps=0.1, Perf=0.5191
Mean performance of unidp ditto personal,  eps=0.1, Perf=0.9618
Mean performance of unidp ditto pooled,  eps=0.1, Perf=0.4707
---EPSILON 0.5 ---
default_sample_rate: 0.03737226277372263
noise_multiplier :  4.1796875
learning rate =  0.01
sample_rate: 0.04, expected_batch_size: 147
sample_rate: 0.04, expected_batch_size: 147
sample_rate: 0.04, expected_batch_size: 147
sample_rate: 0.04, expected_batch_size: 147
sample_rate: 0.04, expected_batch_size: 147
sample_rate: 0.04, expected_batch_size: 147
sample_rate: 0.04, expected_batch_size: 143
sample_rate: 0.04, expected_batch_size: 147
sample_rate: 0.04, expected_batch_size: 144
sample_rate: 0.04, expected_batch_size: 128
initial privacy cost of all clients:  [0, 0, 0, 0, 0, 0, 0, 0, 0, 0]
Round=0
Round=1
Round=2
Round=3
Round=4
Round=5
Round=6
Round=7
Round=8
Round=9
Round=10
Round=11
Round=12
Round=13
Round=14
current privacy cost of all clients:  [0.357206201115514, 0.357206201115514, 0.2817999227100404, 0.3335681844325747, 0.3794621932710794, 0.357206201115514, 0.3794621932710794, 0.4005670951978502, 0.42122037980599175, 0.3085156431829289]
Round=14, per client global perf=[0.6907, 0.8412, 0.6961, 0.6662, 0.9147, 0.8559, 0.8605, 0.649, 0.6565, 0.6856], mean perf=15058/20014 (0.7524%)
Round=14, per client personal perf=[0.9828, 0.9779, 0.9623, 0.9799, 0.9902, 0.9819, 0.9711, 0.9853, 0.9274, 0.864], mean perf=19287/20014 (0.9637%)
Round=14, per client personal pooled=[0.4678, 0.4861, 0.4887, 0.4938, 0.4863, 0.4869, 0.4869, 0.4798, 0.4647, 0.3739], mean perf=94364/200140 (0.4715%)
Mean performance of unidp ditto global,  eps=0.5, Perf=0.7595
Mean performance of unidp ditto personal,  eps=0.5, Perf=0.9618
Mean performance of unidp ditto pooled,  eps=0.5, Perf=0.4707
---EPSILON 1 ---
default_sample_rate: 0.03737226277372263
noise_multiplier :  2.40234375
learning rate =  0.01
sample_rate: 0.04, expected_batch_size: 147
sample_rate: 0.04, expected_batch_size: 147
sample_rate: 0.04, expected_batch_size: 147
sample_rate: 0.04, expected_batch_size: 147
sample_rate: 0.04, expected_batch_size: 147
sample_rate: 0.04, expected_batch_size: 147
sample_rate: 0.04, expected_batch_size: 143
sample_rate: 0.04, expected_batch_size: 147
sample_rate: 0.04, expected_batch_size: 144
sample_rate: 0.04, expected_batch_size: 128
initial privacy cost of all clients:  [0, 0, 0, 0, 0, 0, 0, 0, 0, 0]
Round=0
Round=1
Round=2
Round=3
Round=4
Round=5
Round=6
Round=7
Round=8
Round=9
Round=10
Round=11
Round=12
Round=13
Round=14
current privacy cost of all clients:  [0.7260230735296279, 0.7260230735296279, 0.5776371832915923, 0.6797296669401808, 0.7711597447659064, 0.7260230735296279, 0.7711597447659064, 0.8116969318995546, 0.8522341190332028, 0.6301514657261251]
Round=14, per client global perf=[0.7314, 0.8809, 0.7368, 0.7211, 0.9348, 0.9049, 0.9128, 0.7544, 0.7411, 0.7649], mean perf=16185/20014 (0.8087%)
Round=14, per client personal perf=[0.9828, 0.9779, 0.9623, 0.9799, 0.9902, 0.9819, 0.9711, 0.9853, 0.9274, 0.864], mean perf=19287/20014 (0.9637%)
Round=14, per client personal pooled=[0.4678, 0.4861, 0.4887, 0.4938, 0.4863, 0.4869, 0.4869, 0.4798, 0.4647, 0.3739], mean perf=94364/200140 (0.4715%)
Mean performance of unidp ditto global,  eps=1.0, Perf=0.8159
Mean performance of unidp ditto personal,  eps=1.0, Perf=0.9618
Mean performance of unidp ditto pooled,  eps=1.0, Perf=0.4707
---EPSILON 4 ---
default_sample_rate: 0.03737226277372263
noise_multiplier :  1.021728515625
learning rate =  0.01
sample_rate: 0.04, expected_batch_size: 147
sample_rate: 0.04, expected_batch_size: 147
sample_rate: 0.04, expected_batch_size: 147
sample_rate: 0.04, expected_batch_size: 147
sample_rate: 0.04, expected_batch_size: 147
sample_rate: 0.04, expected_batch_size: 147
sample_rate: 0.04, expected_batch_size: 143
sample_rate: 0.04, expected_batch_size: 147
sample_rate: 0.04, expected_batch_size: 144
sample_rate: 0.04, expected_batch_size: 128
initial privacy cost of all clients:  [0, 0, 0, 0, 0, 0, 0, 0, 0, 0]
Round=0
Round=1
Round=2
Round=3
Round=4
Round=5
Round=6
Round=7
Round=8
Round=9
Round=10
Round=11
Round=12
Round=13
Round=14
current privacy cost of all clients:  [2.8555944997591194, 2.8555944997591194, 2.3670483999128127, 2.6927457998103503, 3.018443199707888, 2.8555944997591194, 3.018443199707888, 3.181291899656657, 3.344140599605426, 2.5298970998615813]
Round=14, per client global perf=[0.7809, 0.9127, 0.7809, 0.7647, 0.9525, 0.9382, 0.9356, 0.7985, 0.7882, 0.7847], mean perf=16898/20014 (0.8443%)
Round=14, per client personal perf=[0.9828, 0.9779, 0.9623, 0.9799, 0.9902, 0.9819, 0.9711, 0.9853, 0.9274, 0.864], mean perf=19287/20014 (0.9637%)
Round=14, per client personal pooled=[0.4678, 0.4861, 0.4887, 0.4938, 0.4863, 0.4869, 0.4869, 0.4798, 0.4647, 0.3739], mean perf=94364/200140 (0.4715%)
Mean performance of unidp ditto global,  eps=4.0, Perf=0.8486
Mean performance of unidp ditto personal,  eps=4.0, Perf=0.9618
Mean performance of unidp ditto pooled,  eps=4.0, Perf=0.4707
---EPSILON 8 ---
default_sample_rate: 0.03737226277372263
noise_multiplier :  0.770263671875
learning rate =  0.01
sample_rate: 0.04, expected_batch_size: 147
sample_rate: 0.04, expected_batch_size: 147
sample_rate: 0.04, expected_batch_size: 147
sample_rate: 0.04, expected_batch_size: 147
sample_rate: 0.04, expected_batch_size: 147
sample_rate: 0.04, expected_batch_size: 147
sample_rate: 0.04, expected_batch_size: 143
sample_rate: 0.04, expected_batch_size: 147
sample_rate: 0.04, expected_batch_size: 144
sample_rate: 0.04, expected_batch_size: 128
initial privacy cost of all clients:  [0, 0, 0, 0, 0, 0, 0, 0, 0, 0]
Round=0
Round=1
Round=2
Round=3
Round=4
Round=5
Round=6
Round=7
Round=8
Round=9
Round=10
Round=11
Round=12
Round=13
Round=14
current privacy cost of all clients:  [5.8187749103344695, 5.8187749103344695, 4.5738992141023616, 5.403816344923766, 6.233733475745171, 5.8187749103344695, 6.233733475745171, 6.648692041155875, 7.0636506065665765, 4.988857779513064]
Round=14, per client global perf=[0.8569, 0.9265, 0.8451, 0.8368, 0.9574, 0.9363, 0.9478, 0.8559, 0.8478, 0.7779], mean perf=17613/20014 (0.8800%)
Round=14, per client personal perf=[0.9828, 0.9779, 0.9623, 0.9799, 0.9902, 0.9819, 0.9711, 0.9853, 0.9274, 0.864], mean perf=19287/20014 (0.9637%)
Round=14, per client personal pooled=[0.4678, 0.4861, 0.4887, 0.4938, 0.4863, 0.4869, 0.4869, 0.4798, 0.4647, 0.3739], mean perf=94364/200140 (0.4715%)
Mean performance of unidp ditto global,  eps=8.0, Perf=0.8508
Mean performance of unidp ditto personal,  eps=8.0, Perf=0.9618
Mean performance of unidp ditto pooled,  eps=8.0, Perf=0.4707
---EPSILON 16 ---
default_sample_rate: 0.03737226277372263
noise_multiplier :  0.5941009521484375
learning rate =  0.01
sample_rate: 0.04, expected_batch_size: 147
sample_rate: 0.04, expected_batch_size: 147
sample_rate: 0.04, expected_batch_size: 147
sample_rate: 0.04, expected_batch_size: 147
sample_rate: 0.04, expected_batch_size: 147
sample_rate: 0.04, expected_batch_size: 147
sample_rate: 0.04, expected_batch_size: 143
sample_rate: 0.04, expected_batch_size: 147
sample_rate: 0.04, expected_batch_size: 144
sample_rate: 0.04, expected_batch_size: 128
initial privacy cost of all clients:  [0, 0, 0, 0, 0, 0, 0, 0, 0, 0]
Round=0
Round=1
Round=2
Round=3
Round=4
Round=5
Round=6
Round=7
Round=8
Round=9
Round=10
Round=11
Round=12
Round=13
Round=14
current privacy cost of all clients:  [11.10528829626556, 11.10528829626556, 9.011353029364317, 10.407309873965145, 11.803266718565974, 11.10528829626556, 11.803266718565974, 12.501245140866388, 13.199223563166802, 9.709331451664731]
Round=14, per client global perf=[0.8696, 0.9338, 0.8475, 0.851, 0.9681, 0.9377, 0.9473, 0.8598, 0.8443, 0.7943], mean perf=17742/20014 (0.8865%)
Round=14, per client personal perf=[0.9828, 0.9779, 0.9623, 0.9799, 0.9902, 0.9819, 0.9711, 0.9853, 0.9274, 0.864], mean perf=19287/20014 (0.9637%)
Round=14, per client personal pooled=[0.4678, 0.4861, 0.4887, 0.4938, 0.4863, 0.4869, 0.4869, 0.4798, 0.4647, 0.3739], mean perf=94364/200140 (0.4715%)
Mean performance of unidp ditto global,  eps=16.0, Perf=0.8502
Mean performance of unidp ditto personal,  eps=16.0, Perf=0.9618
Mean performance of unidp ditto pooled,  eps=16.0, Perf=0.4707
--- Finished seed: 42 ---
--- Seed: 43 ---
--- Personal steps: 15 ---
---EPSILON 0 ---
default_sample_rate: 0.03737226277372263
noise_multiplier :  640
learning rate =  0.01
sample_rate: 0.04, expected_batch_size: 147
sample_rate: 0.04, expected_batch_size: 147
sample_rate: 0.04, expected_batch_size: 147
sample_rate: 0.04, expected_batch_size: 147
sample_rate: 0.04, expected_batch_size: 147
sample_rate: 0.04, expected_batch_size: 147
sample_rate: 0.04, expected_batch_size: 143
sample_rate: 0.04, expected_batch_size: 147
sample_rate: 0.04, expected_batch_size: 144
sample_rate: 0.04, expected_batch_size: 128
initial privacy cost of all clients:  [0, 0, 0, 0, 0, 0, 0, 0, 0, 0]
Round=0
Round=1
Round=2
Round=3
Round=4
Round=5
Round=6
Round=7
Round=8
Round=9
Round=10
Round=11
Round=12
Round=13
Round=14
current privacy cost of all clients:  [-0.0006597661409019579, -0.0006947475519254313, -0.0007298016386084107, -0.0006597661409019579, -0.0008014911227734434, -0.0006947475519254313, -0.00076485572529139, -0.0008766779158656791, -0.00076485572529139, -0.0006270602525819747]
Round=14, per client global perf=[0.202, 0.1814, 0.1436, 0.1549, 0.1642, 0.0284, 0.0319, 0.0025, 0.002, 0.0238], mean perf=1898/20014 (0.0948%)
Round=14, per client personal perf=[0.9721, 0.9672, 0.9667, 0.976, 0.9863, 0.9789, 0.9757, 0.9559, 0.9329, 0.885], mean perf=19227/20014 (0.9607%)
Round=14, per client personal pooled=[0.4633, 0.4749, 0.4899, 0.4921, 0.4882, 0.4847, 0.4899, 0.4693, 0.4663, 0.3861], mean perf=94158/200140 (0.4705%)
Mean performance of unidp ditto global,  eps=0.0, Perf=0.0947
Mean performance of unidp ditto personal,  eps=0.0, Perf=0.9566
Mean performance of unidp ditto pooled,  eps=0.0, Perf=0.4713
---EPSILON 0.1 ---
default_sample_rate: 0.03737226277372263
noise_multiplier :  16.25
learning rate =  0.01
sample_rate: 0.04, expected_batch_size: 147
sample_rate: 0.04, expected_batch_size: 147
sample_rate: 0.04, expected_batch_size: 147
sample_rate: 0.04, expected_batch_size: 147
sample_rate: 0.04, expected_batch_size: 147
sample_rate: 0.04, expected_batch_size: 147
sample_rate: 0.04, expected_batch_size: 143
sample_rate: 0.04, expected_batch_size: 147
sample_rate: 0.04, expected_batch_size: 144
sample_rate: 0.04, expected_batch_size: 128
initial privacy cost of all clients:  [0, 0, 0, 0, 0, 0, 0, 0, 0, 0]
Round=0
Round=1
Round=2
Round=3
Round=4
Round=5
Round=6
Round=7
Round=8
Round=9
Round=10
Round=11
Round=12
Round=13
Round=14
current privacy cost of all clients:  [0.07121998763743889, 0.0666000428185364, 0.06182985592672452, 0.07121998763743889, 0.051216574946498276, 0.0666000428185364, 0.056699536148299576, 0.03853904082064508, 0.056699536148299576, 0.07551541914128848]
Round=14, per client global perf=[0.3779, 0.1338, 0.4074, 0.3637, 0.3206, 0.3402, 0.2931, 0.5686, 0.5178, 0.4023], mean perf=7447/20014 (0.3721%)
Round=14, per client personal perf=[0.9721, 0.9672, 0.9667, 0.976, 0.9863, 0.9789, 0.9757, 0.9559, 0.9329, 0.885], mean perf=19227/20014 (0.9607%)
Round=14, per client personal pooled=[0.4633, 0.4749, 0.4899, 0.4921, 0.4882, 0.4847, 0.4899, 0.4693, 0.4663, 0.3861], mean perf=94158/200140 (0.4705%)
Mean performance of unidp ditto global,  eps=0.1, Perf=0.3477
Mean performance of unidp ditto personal,  eps=0.1, Perf=0.9566
Mean performance of unidp ditto pooled,  eps=0.1, Perf=0.4713
---EPSILON 0.5 ---
default_sample_rate: 0.03737226277372263
noise_multiplier :  4.1796875
learning rate =  0.01
sample_rate: 0.04, expected_batch_size: 147
sample_rate: 0.04, expected_batch_size: 147
sample_rate: 0.04, expected_batch_size: 147
sample_rate: 0.04, expected_batch_size: 147
sample_rate: 0.04, expected_batch_size: 147
sample_rate: 0.04, expected_batch_size: 147
sample_rate: 0.04, expected_batch_size: 143
sample_rate: 0.04, expected_batch_size: 147
sample_rate: 0.04, expected_batch_size: 144
sample_rate: 0.04, expected_batch_size: 128
initial privacy cost of all clients:  [0, 0, 0, 0, 0, 0, 0, 0, 0, 0]
Round=0
Round=1
Round=2
Round=3
Round=4
Round=5
Round=6
Round=7
Round=8
Round=9
Round=10
Round=11
Round=12
Round=13
Round=14
current privacy cost of all clients:  [0.3794621932710794, 0.357206201115514, 0.3335681844325747, 0.3794621932710794, 0.2817999227100404, 0.357206201115514, 0.3085156431829289, 0.21884146931817303, 0.3085156431829289, 0.4005670951978502]
Round=14, per client global perf=[0.7426, 0.5706, 0.7387, 0.7706, 0.6966, 0.6745, 0.6217, 0.7716, 0.7301, 0.6238], mean perf=13914/20014 (0.6952%)
Round=14, per client personal perf=[0.9721, 0.9672, 0.9667, 0.976, 0.9863, 0.9789, 0.9757, 0.9559, 0.9329, 0.885], mean perf=19227/20014 (0.9607%)
Round=14, per client personal pooled=[0.4633, 0.4749, 0.4899, 0.4921, 0.4882, 0.4847, 0.4899, 0.4693, 0.4663, 0.3861], mean perf=94158/200140 (0.4705%)
Mean performance of unidp ditto global,  eps=0.5, Perf=0.6630
Mean performance of unidp ditto personal,  eps=0.5, Perf=0.9566
Mean performance of unidp ditto pooled,  eps=0.5, Perf=0.4713
---EPSILON 1 ---
default_sample_rate: 0.03737226277372263
noise_multiplier :  2.40234375
learning rate =  0.01
sample_rate: 0.04, expected_batch_size: 147
sample_rate: 0.04, expected_batch_size: 147
sample_rate: 0.04, expected_batch_size: 147
sample_rate: 0.04, expected_batch_size: 147
sample_rate: 0.04, expected_batch_size: 147
sample_rate: 0.04, expected_batch_size: 147
sample_rate: 0.04, expected_batch_size: 143
sample_rate: 0.04, expected_batch_size: 147
sample_rate: 0.04, expected_batch_size: 144
sample_rate: 0.04, expected_batch_size: 128
initial privacy cost of all clients:  [0, 0, 0, 0, 0, 0, 0, 0, 0, 0]
Round=0
Round=1
Round=2
Round=3
Round=4
Round=5
Round=6
Round=7
Round=8
Round=9
Round=10
Round=11
Round=12
Round=13
Round=14
current privacy cost of all clients:  [0.7711597447659064, 0.7260230735296279, 0.6797296669401808, 0.7711597447659064, 0.5776371832915923, 0.7260230735296279, 0.6301514657261251, 0.45340251440599333, 0.6301514657261251, 0.8116969318995546]
Round=14, per client global perf=[0.8074, 0.6255, 0.7294, 0.824, 0.6735, 0.6216, 0.5629, 0.8289, 0.7156, 0.6844], mean perf=14172/20014 (0.7081%)
Round=14, per client personal perf=[0.9721, 0.9672, 0.9667, 0.976, 0.9863, 0.9789, 0.9757, 0.9559, 0.9329, 0.885], mean perf=19227/20014 (0.9607%)
Round=14, per client personal pooled=[0.4633, 0.4749, 0.4899, 0.4921, 0.4882, 0.4847, 0.4899, 0.4693, 0.4663, 0.3861], mean perf=94158/200140 (0.4705%)
Mean performance of unidp ditto global,  eps=1.0, Perf=0.7166
Mean performance of unidp ditto personal,  eps=1.0, Perf=0.9566
Mean performance of unidp ditto pooled,  eps=1.0, Perf=0.4713
---EPSILON 4 ---
default_sample_rate: 0.03737226277372263
noise_multiplier :  1.021728515625
learning rate =  0.01
sample_rate: 0.04, expected_batch_size: 147
sample_rate: 0.04, expected_batch_size: 147
sample_rate: 0.04, expected_batch_size: 147
sample_rate: 0.04, expected_batch_size: 147
sample_rate: 0.04, expected_batch_size: 147
sample_rate: 0.04, expected_batch_size: 147
sample_rate: 0.04, expected_batch_size: 143
sample_rate: 0.04, expected_batch_size: 147
sample_rate: 0.04, expected_batch_size: 144
sample_rate: 0.04, expected_batch_size: 128
initial privacy cost of all clients:  [0, 0, 0, 0, 0, 0, 0, 0, 0, 0]
Round=0
Round=1
Round=2
Round=3
Round=4
Round=5
Round=6
Round=7
Round=8
Round=9
Round=10
Round=11
Round=12
Round=13
Round=14
current privacy cost of all clients:  [3.018443199707888, 2.8555944997591194, 2.6927457998103503, 3.018443199707888, 2.3670483999128127, 2.8555944997591194, 2.5298970998615813, 1.9062634693441511, 2.5298970998615813, 3.181291899656657]
Round=14, per client global perf=[0.8706, 0.7147, 0.85, 0.9127, 0.8059, 0.7485, 0.6866, 0.8456, 0.7641, 0.7071], mean perf=15854/20014 (0.7921%)
Round=14, per client personal perf=[0.9721, 0.9672, 0.9667, 0.976, 0.9863, 0.9789, 0.9757, 0.9559, 0.9329, 0.885], mean perf=19227/20014 (0.9607%)
Round=14, per client personal pooled=[0.4633, 0.4749, 0.4899, 0.4921, 0.4882, 0.4847, 0.4899, 0.4693, 0.4663, 0.3861], mean perf=94158/200140 (0.4705%)
Mean performance of unidp ditto global,  eps=4.0, Perf=0.7620
Mean performance of unidp ditto personal,  eps=4.0, Perf=0.9566
Mean performance of unidp ditto pooled,  eps=4.0, Perf=0.4713
---EPSILON 8 ---
default_sample_rate: 0.03737226277372263
noise_multiplier :  0.770263671875
learning rate =  0.01
sample_rate: 0.04, expected_batch_size: 147
sample_rate: 0.04, expected_batch_size: 147
sample_rate: 0.04, expected_batch_size: 147
sample_rate: 0.04, expected_batch_size: 147
sample_rate: 0.04, expected_batch_size: 147
sample_rate: 0.04, expected_batch_size: 147
sample_rate: 0.04, expected_batch_size: 143
sample_rate: 0.04, expected_batch_size: 147
sample_rate: 0.04, expected_batch_size: 144
sample_rate: 0.04, expected_batch_size: 128
initial privacy cost of all clients:  [0, 0, 0, 0, 0, 0, 0, 0, 0, 0]
Round=0
Round=1
Round=2
Round=3
Round=4
Round=5
Round=6
Round=7
Round=8
Round=9
Round=10
Round=11
Round=12
Round=13
Round=14
current privacy cost of all clients:  [6.233733475745171, 5.8187749103344695, 5.403816344923766, 6.233733475745171, 4.5738992141023616, 5.8187749103344695, 4.988857779513064, 3.7439820832809563, 4.988857779513064, 6.648692041155875]
Round=14, per client global perf=[0.8838, 0.7495, 0.8623, 0.9279, 0.8181, 0.7578, 0.6978, 0.8725, 0.7927, 0.7377], mean perf=16240/20014 (0.8114%)
Round=14, per client personal perf=[0.9721, 0.9672, 0.9667, 0.976, 0.9863, 0.9789, 0.9757, 0.9559, 0.9329, 0.885], mean perf=19227/20014 (0.9607%)
Round=14, per client personal pooled=[0.4633, 0.4749, 0.4899, 0.4921, 0.4882, 0.4847, 0.4899, 0.4693, 0.4663, 0.3861], mean perf=94158/200140 (0.4705%)
Mean performance of unidp ditto global,  eps=8.0, Perf=0.7806
Mean performance of unidp ditto personal,  eps=8.0, Perf=0.9566
Mean performance of unidp ditto pooled,  eps=8.0, Perf=0.4713
---EPSILON 16 ---
default_sample_rate: 0.03737226277372263
noise_multiplier :  0.5941009521484375
learning rate =  0.01
sample_rate: 0.04, expected_batch_size: 147
sample_rate: 0.04, expected_batch_size: 147
sample_rate: 0.04, expected_batch_size: 147
sample_rate: 0.04, expected_batch_size: 147
sample_rate: 0.04, expected_batch_size: 147
sample_rate: 0.04, expected_batch_size: 147
sample_rate: 0.04, expected_batch_size: 143
sample_rate: 0.04, expected_batch_size: 147
sample_rate: 0.04, expected_batch_size: 144
sample_rate: 0.04, expected_batch_size: 128
initial privacy cost of all clients:  [0, 0, 0, 0, 0, 0, 0, 0, 0, 0]
Round=0
Round=1
Round=2
Round=3
Round=4
Round=5
Round=6
Round=7
Round=8
Round=9
Round=10
Round=11
Round=12
Round=13
Round=14
current privacy cost of all clients:  [11.803266718565974, 11.10528829626556, 10.407309873965145, 11.803266718565974, 9.011353029364317, 11.10528829626556, 9.709331451664731, 7.615396184763489, 9.709331451664731, 12.501245140866388]
Round=14, per client global perf=[0.8961, 0.7456, 0.8784, 0.9407, 0.8314, 0.7784, 0.6973, 0.8632, 0.7902, 0.7275], mean perf=16342/20014 (0.8165%)
Round=14, per client personal perf=[0.9721, 0.9672, 0.9667, 0.976, 0.9863, 0.9789, 0.9757, 0.9559, 0.9329, 0.885], mean perf=19227/20014 (0.9607%)
Round=14, per client personal pooled=[0.4633, 0.4749, 0.4899, 0.4921, 0.4882, 0.4847, 0.4899, 0.4693, 0.4663, 0.3861], mean perf=94158/200140 (0.4705%)
Mean performance of unidp ditto global,  eps=16.0, Perf=0.7800
Mean performance of unidp ditto personal,  eps=16.0, Perf=0.9566
Mean performance of unidp ditto pooled,  eps=16.0, Perf=0.4713
--- Personal steps: 30 ---
---EPSILON 0 ---
default_sample_rate: 0.03737226277372263
noise_multiplier :  640
learning rate =  0.01
sample_rate: 0.04, expected_batch_size: 147
sample_rate: 0.04, expected_batch_size: 147
sample_rate: 0.04, expected_batch_size: 147
sample_rate: 0.04, expected_batch_size: 147
sample_rate: 0.04, expected_batch_size: 147
sample_rate: 0.04, expected_batch_size: 147
sample_rate: 0.04, expected_batch_size: 143
sample_rate: 0.04, expected_batch_size: 147
sample_rate: 0.04, expected_batch_size: 144
sample_rate: 0.04, expected_batch_size: 128
initial privacy cost of all clients:  [0, 0, 0, 0, 0, 0, 0, 0, 0, 0]
Round=0
Round=1
Round=2
Round=3
Round=4
Round=5
Round=6
Round=7
Round=8
Round=9
Round=10
Round=11
Round=12
Round=13
Round=14
current privacy cost of all clients:  [-0.0006597661409019579, -0.0006947475519254313, -0.0007298016386084107, -0.0006597661409019579, -0.0008014911227734434, -0.0006947475519254313, -0.00076485572529139, -0.0008766779158656791, -0.00076485572529139, -0.0006270602525819747]
Round=14, per client global perf=[0.202, 0.1819, 0.1431, 0.1549, 0.1642, 0.0284, 0.0319, 0.0025, 0.002, 0.0238], mean perf=1898/20014 (0.0948%)
Round=14, per client personal perf=[0.9784, 0.9789, 0.9755, 0.9765, 0.9892, 0.9877, 0.9706, 0.9809, 0.9434, 0.8652], mean perf=19334/20014 (0.9660%)
Round=14, per client personal pooled=[0.4675, 0.4816, 0.4941, 0.497, 0.4858, 0.4884, 0.4896, 0.4792, 0.4722, 0.4198], mean perf=95567/200140 (0.4775%)
Mean performance of unidp ditto global,  eps=0.0, Perf=0.0947
Mean performance of unidp ditto personal,  eps=0.0, Perf=0.9633
Mean performance of unidp ditto pooled,  eps=0.0, Perf=0.4750
---EPSILON 0.1 ---
default_sample_rate: 0.03737226277372263
noise_multiplier :  16.25
learning rate =  0.01
sample_rate: 0.04, expected_batch_size: 147
sample_rate: 0.04, expected_batch_size: 147
sample_rate: 0.04, expected_batch_size: 147
sample_rate: 0.04, expected_batch_size: 147
sample_rate: 0.04, expected_batch_size: 147
sample_rate: 0.04, expected_batch_size: 147
sample_rate: 0.04, expected_batch_size: 143
sample_rate: 0.04, expected_batch_size: 147
sample_rate: 0.04, expected_batch_size: 144
sample_rate: 0.04, expected_batch_size: 128
initial privacy cost of all clients:  [0, 0, 0, 0, 0, 0, 0, 0, 0, 0]
Round=0
Round=1
Round=2
Round=3
Round=4
Round=5
Round=6
Round=7
Round=8
Round=9
Round=10
Round=11
Round=12
Round=13
Round=14
current privacy cost of all clients:  [0.07121998763743889, 0.0666000428185364, 0.06182985592672452, 0.07121998763743889, 0.051216574946498276, 0.0666000428185364, 0.056699536148299576, 0.03853904082064508, 0.056699536148299576, 0.07551541914128848]
Round=14, per client global perf=[0.3784, 0.1343, 0.4103, 0.3618, 0.3255, 0.3451, 0.2961, 0.5725, 0.5213, 0.4023], mean perf=7492/20014 (0.3743%)
Round=14, per client personal perf=[0.9784, 0.9789, 0.9755, 0.9765, 0.9892, 0.9877, 0.9706, 0.9809, 0.9434, 0.8652], mean perf=19334/20014 (0.9660%)
Round=14, per client personal pooled=[0.4675, 0.4816, 0.4941, 0.497, 0.4858, 0.4884, 0.4896, 0.4792, 0.4722, 0.4198], mean perf=95567/200140 (0.4775%)
Mean performance of unidp ditto global,  eps=0.1, Perf=0.3481
Mean performance of unidp ditto personal,  eps=0.1, Perf=0.9633
Mean performance of unidp ditto pooled,  eps=0.1, Perf=0.4750
---EPSILON 0.5 ---
default_sample_rate: 0.03737226277372263
noise_multiplier :  4.1796875
learning rate =  0.01
sample_rate: 0.04, expected_batch_size: 147
sample_rate: 0.04, expected_batch_size: 147
sample_rate: 0.04, expected_batch_size: 147
sample_rate: 0.04, expected_batch_size: 147
sample_rate: 0.04, expected_batch_size: 147
sample_rate: 0.04, expected_batch_size: 147
sample_rate: 0.04, expected_batch_size: 143
sample_rate: 0.04, expected_batch_size: 147
sample_rate: 0.04, expected_batch_size: 144
sample_rate: 0.04, expected_batch_size: 128
initial privacy cost of all clients:  [0, 0, 0, 0, 0, 0, 0, 0, 0, 0]
Round=0
Round=1
Round=2
Round=3
Round=4
Round=5
Round=6
Round=7
Round=8
Round=9
Round=10
Round=11
Round=12
Round=13
Round=14
current privacy cost of all clients:  [0.3794621932710794, 0.357206201115514, 0.3335681844325747, 0.3794621932710794, 0.2817999227100404, 0.357206201115514, 0.3085156431829289, 0.21884146931817303, 0.3085156431829289, 0.4005670951978502]
Round=14, per client global perf=[0.7377, 0.577, 0.7402, 0.7701, 0.6902, 0.6755, 0.6237, 0.7799, 0.7266, 0.6283], mean perf=13930/20014 (0.6960%)
Round=14, per client personal perf=[0.9784, 0.9789, 0.9755, 0.9765, 0.9892, 0.9877, 0.9706, 0.9809, 0.9434, 0.8652], mean perf=19334/20014 (0.9660%)
Round=14, per client personal pooled=[0.4675, 0.4816, 0.4941, 0.497, 0.4858, 0.4884, 0.4896, 0.4792, 0.4722, 0.4198], mean perf=95567/200140 (0.4775%)
Mean performance of unidp ditto global,  eps=0.5, Perf=0.6627
Mean performance of unidp ditto personal,  eps=0.5, Perf=0.9633
Mean performance of unidp ditto pooled,  eps=0.5, Perf=0.4750
---EPSILON 1 ---
default_sample_rate: 0.03737226277372263
noise_multiplier :  2.40234375
learning rate =  0.01
sample_rate: 0.04, expected_batch_size: 147
sample_rate: 0.04, expected_batch_size: 147
sample_rate: 0.04, expected_batch_size: 147
sample_rate: 0.04, expected_batch_size: 147
sample_rate: 0.04, expected_batch_size: 147
sample_rate: 0.04, expected_batch_size: 147
sample_rate: 0.04, expected_batch_size: 143
sample_rate: 0.04, expected_batch_size: 147
sample_rate: 0.04, expected_batch_size: 144
sample_rate: 0.04, expected_batch_size: 128
initial privacy cost of all clients:  [0, 0, 0, 0, 0, 0, 0, 0, 0, 0]
Round=0
Round=1
Round=2
Round=3
Round=4
Round=5
Round=6
Round=7
Round=8
Round=9
Round=10
Round=11
Round=12
Round=13
Round=14
current privacy cost of all clients:  [0.7711597447659064, 0.7260230735296279, 0.6797296669401808, 0.7711597447659064, 0.5776371832915923, 0.7260230735296279, 0.6301514657261251, 0.45340251440599333, 0.6301514657261251, 0.8116969318995546]
Round=14, per client global perf=[0.8088, 0.626, 0.7221, 0.825, 0.675, 0.6162, 0.5573, 0.8343, 0.7141, 0.681], mean perf=14146/20014 (0.7068%)
Round=14, per client personal perf=[0.9784, 0.9789, 0.9755, 0.9765, 0.9892, 0.9877, 0.9706, 0.9809, 0.9434, 0.8652], mean perf=19334/20014 (0.9660%)
Round=14, per client personal pooled=[0.4675, 0.4816, 0.4941, 0.497, 0.4858, 0.4884, 0.4896, 0.4792, 0.4722, 0.4198], mean perf=95567/200140 (0.4775%)
Mean performance of unidp ditto global,  eps=1.0, Perf=0.7170
Mean performance of unidp ditto personal,  eps=1.0, Perf=0.9633
Mean performance of unidp ditto pooled,  eps=1.0, Perf=0.4750
---EPSILON 4 ---
default_sample_rate: 0.03737226277372263
noise_multiplier :  1.021728515625
learning rate =  0.01
sample_rate: 0.04, expected_batch_size: 147
sample_rate: 0.04, expected_batch_size: 147
sample_rate: 0.04, expected_batch_size: 147
sample_rate: 0.04, expected_batch_size: 147
sample_rate: 0.04, expected_batch_size: 147
sample_rate: 0.04, expected_batch_size: 147
sample_rate: 0.04, expected_batch_size: 143
sample_rate: 0.04, expected_batch_size: 147
sample_rate: 0.04, expected_batch_size: 144
sample_rate: 0.04, expected_batch_size: 128
initial privacy cost of all clients:  [0, 0, 0, 0, 0, 0, 0, 0, 0, 0]
Round=0
Round=1
Round=2
Round=3
Round=4
Round=5
Round=6
Round=7
Round=8
Round=9
Round=10
Round=11
Round=12
Round=13
Round=14
current privacy cost of all clients:  [3.018443199707888, 2.8555944997591194, 2.6927457998103503, 3.018443199707888, 2.3670483999128127, 2.8555944997591194, 2.5298970998615813, 1.9062634693441511, 2.5298970998615813, 3.181291899656657]
Round=14, per client global perf=[0.874, 0.7181, 0.8471, 0.9137, 0.8029, 0.752, 0.6851, 0.852, 0.7666, 0.7099], mean perf=15885/20014 (0.7937%)
Round=14, per client personal perf=[0.9784, 0.9789, 0.9755, 0.9765, 0.9892, 0.9877, 0.9706, 0.9809, 0.9434, 0.8652], mean perf=19334/20014 (0.9660%)
Round=14, per client personal pooled=[0.4675, 0.4816, 0.4941, 0.497, 0.4858, 0.4884, 0.4896, 0.4792, 0.4722, 0.4198], mean perf=95567/200140 (0.4775%)
Mean performance of unidp ditto global,  eps=4.0, Perf=0.7665
Mean performance of unidp ditto personal,  eps=4.0, Perf=0.9633
Mean performance of unidp ditto pooled,  eps=4.0, Perf=0.4750
---EPSILON 8 ---
default_sample_rate: 0.03737226277372263
noise_multiplier :  0.770263671875
learning rate =  0.01
sample_rate: 0.04, expected_batch_size: 147
sample_rate: 0.04, expected_batch_size: 147
sample_rate: 0.04, expected_batch_size: 147
sample_rate: 0.04, expected_batch_size: 147
sample_rate: 0.04, expected_batch_size: 147
sample_rate: 0.04, expected_batch_size: 147
sample_rate: 0.04, expected_batch_size: 143
sample_rate: 0.04, expected_batch_size: 147
sample_rate: 0.04, expected_batch_size: 144
sample_rate: 0.04, expected_batch_size: 128
initial privacy cost of all clients:  [0, 0, 0, 0, 0, 0, 0, 0, 0, 0]
Round=0
Round=1
Round=2
Round=3
Round=4
Round=5
Round=6
Round=7
Round=8
Round=9
Round=10
Round=11
Round=12
Round=13
Round=14
current privacy cost of all clients:  [6.233733475745171, 5.8187749103344695, 5.403816344923766, 6.233733475745171, 4.5738992141023616, 5.8187749103344695, 4.988857779513064, 3.7439820832809563, 4.988857779513064, 6.648692041155875]
Round=14, per client global perf=[0.8843, 0.7471, 0.8623, 0.9289, 0.8186, 0.7623, 0.7054, 0.8833, 0.8007, 0.7405], mean perf=16306/20014 (0.8147%)
Round=14, per client personal perf=[0.9784, 0.9789, 0.9755, 0.9765, 0.9892, 0.9877, 0.9706, 0.9809, 0.9434, 0.8652], mean perf=19334/20014 (0.9660%)
Round=14, per client personal pooled=[0.4675, 0.4816, 0.4941, 0.497, 0.4858, 0.4884, 0.4896, 0.4792, 0.4722, 0.4198], mean perf=95567/200140 (0.4775%)
Mean performance of unidp ditto global,  eps=8.0, Perf=0.7827
Mean performance of unidp ditto personal,  eps=8.0, Perf=0.9633
Mean performance of unidp ditto pooled,  eps=8.0, Perf=0.4750
---EPSILON 16 ---
default_sample_rate: 0.03737226277372263
noise_multiplier :  0.5941009521484375
learning rate =  0.01
sample_rate: 0.04, expected_batch_size: 147
sample_rate: 0.04, expected_batch_size: 147
sample_rate: 0.04, expected_batch_size: 147
sample_rate: 0.04, expected_batch_size: 147
sample_rate: 0.04, expected_batch_size: 147
sample_rate: 0.04, expected_batch_size: 147
sample_rate: 0.04, expected_batch_size: 143
sample_rate: 0.04, expected_batch_size: 147
sample_rate: 0.04, expected_batch_size: 144
sample_rate: 0.04, expected_batch_size: 128
initial privacy cost of all clients:  [0, 0, 0, 0, 0, 0, 0, 0, 0, 0]
Round=0
Round=1
Round=2
Round=3
Round=4
Round=5
Round=6
Round=7
Round=8
Round=9
Round=10
Round=11
Round=12
Round=13
Round=14
current privacy cost of all clients:  [11.803266718565974, 11.10528829626556, 10.407309873965145, 11.803266718565974, 9.011353029364317, 11.10528829626556, 9.709331451664731, 7.615396184763489, 9.709331451664731, 12.501245140866388]
Round=14, per client global perf=[0.901, 0.7574, 0.8838, 0.9422, 0.8373, 0.7926, 0.7033, 0.8745, 0.7937, 0.7303], mean perf=16478/20014 (0.8233%)
Round=14, per client personal perf=[0.9784, 0.9789, 0.9755, 0.9765, 0.9892, 0.9877, 0.9706, 0.9809, 0.9434, 0.8652], mean perf=19334/20014 (0.9660%)
Round=14, per client personal pooled=[0.4675, 0.4816, 0.4941, 0.497, 0.4858, 0.4884, 0.4896, 0.4792, 0.4722, 0.4198], mean perf=95567/200140 (0.4775%)
Mean performance of unidp ditto global,  eps=16.0, Perf=0.7848
Mean performance of unidp ditto personal,  eps=16.0, Perf=0.9633
Mean performance of unidp ditto pooled,  eps=16.0, Perf=0.4750
--- Finished seed: 43 ---
--- Seed: 44 ---
--- Personal steps: 15 ---
---EPSILON 0 ---
default_sample_rate: 0.03737226277372263
noise_multiplier :  640
learning rate =  0.01
sample_rate: 0.04, expected_batch_size: 147
sample_rate: 0.04, expected_batch_size: 147
sample_rate: 0.04, expected_batch_size: 147
sample_rate: 0.04, expected_batch_size: 147
sample_rate: 0.04, expected_batch_size: 147
sample_rate: 0.04, expected_batch_size: 147
sample_rate: 0.04, expected_batch_size: 143
sample_rate: 0.04, expected_batch_size: 147
sample_rate: 0.04, expected_batch_size: 144
sample_rate: 0.04, expected_batch_size: 128
initial privacy cost of all clients:  [0, 0, 0, 0, 0, 0, 0, 0, 0, 0]
Round=0
Round=1
Round=2
Round=3
Round=4
Round=5
Round=6
Round=7
Round=8
Round=9
Round=10
Round=11
Round=12
Round=13
Round=14
current privacy cost of all clients:  [-0.0006597661409019579, -0.0005616484759420083, -0.0006597661409019579, -0.0008766779158656791, -0.0005943543642619915, -0.00076485572529139, -0.0008014911227734434, -0.00076485572529139, -0.0008014911227734434, -0.0006947475519254313]
Round=14, per client global perf=[0.0804, 0.1118, 0.0902, 0.1294, 0.1681, 0.1, 0.1592, 0.0809, 0.1157, 0.1269], mean perf=2321/20014 (0.1160%)
Round=14, per client personal perf=[0.9603, 0.9824, 0.974, 0.9426, 0.9843, 0.9711, 0.9691, 0.974, 0.9259, 0.834], mean perf=19081/20014 (0.9534%)
Round=14, per client personal pooled=[0.4583, 0.4788, 0.496, 0.4708, 0.4838, 0.4811, 0.4873, 0.4761, 0.4656, 0.3916], mean perf=93851/200140 (0.4689%)
Mean performance of unidp ditto global,  eps=0.0, Perf=0.1037
Mean performance of unidp ditto personal,  eps=0.0, Perf=0.9527
Mean performance of unidp ditto pooled,  eps=0.0, Perf=0.4685
---EPSILON 0.1 ---
default_sample_rate: 0.03737226277372263
noise_multiplier :  16.25
learning rate =  0.01
sample_rate: 0.04, expected_batch_size: 147
sample_rate: 0.04, expected_batch_size: 147
sample_rate: 0.04, expected_batch_size: 147
sample_rate: 0.04, expected_batch_size: 147
sample_rate: 0.04, expected_batch_size: 147
sample_rate: 0.04, expected_batch_size: 147
sample_rate: 0.04, expected_batch_size: 143
sample_rate: 0.04, expected_batch_size: 147
sample_rate: 0.04, expected_batch_size: 144
sample_rate: 0.04, expected_batch_size: 128
initial privacy cost of all clients:  [0, 0, 0, 0, 0, 0, 0, 0, 0, 0]
Round=0
Round=1
Round=2
Round=3
Round=4
Round=5
Round=6
Round=7
Round=8
Round=9
Round=10
Round=11
Round=12
Round=13
Round=14
current privacy cost of all clients:  [0.07121998763743889, 0.08373614151180386, 0.07121998763743889, 0.03853904082064508, 0.07970499485135578, 0.056699536148299576, 0.051216574946498276, 0.056699536148299576, 0.051216574946498276, 0.0666000428185364]
Round=14, per client global perf=[0.4549, 0.6162, 0.4505, 0.4784, 0.8181, 0.5343, 0.6851, 0.3235, 0.3906, 0.5048], mean perf=10521/20014 (0.5257%)
Round=14, per client personal perf=[0.9603, 0.9824, 0.974, 0.9426, 0.9843, 0.9711, 0.9691, 0.974, 0.9259, 0.834], mean perf=19081/20014 (0.9534%)
Round=14, per client personal pooled=[0.4583, 0.4788, 0.496, 0.4708, 0.4838, 0.4811, 0.4873, 0.4761, 0.4656, 0.3916], mean perf=93851/200140 (0.4689%)
Mean performance of unidp ditto global,  eps=0.1, Perf=0.4444
Mean performance of unidp ditto personal,  eps=0.1, Perf=0.9527
Mean performance of unidp ditto pooled,  eps=0.1, Perf=0.4685
---EPSILON 0.5 ---
default_sample_rate: 0.03737226277372263
noise_multiplier :  4.1796875
learning rate =  0.01
sample_rate: 0.04, expected_batch_size: 147
sample_rate: 0.04, expected_batch_size: 147
sample_rate: 0.04, expected_batch_size: 147
sample_rate: 0.04, expected_batch_size: 147
sample_rate: 0.04, expected_batch_size: 147
sample_rate: 0.04, expected_batch_size: 147
sample_rate: 0.04, expected_batch_size: 143
sample_rate: 0.04, expected_batch_size: 147
sample_rate: 0.04, expected_batch_size: 144
sample_rate: 0.04, expected_batch_size: 128
initial privacy cost of all clients:  [0, 0, 0, 0, 0, 0, 0, 0, 0, 0]
Round=0
Round=1
Round=2
Round=3
Round=4
Round=5
Round=6
Round=7
Round=8
Round=9
Round=10
Round=11
Round=12
Round=13
Round=14
current privacy cost of all clients:  [0.3794621932710794, 0.4418736644141333, 0.3794621932710794, 0.21884146931817303, 0.42122037980599175, 0.3085156431829289, 0.2817999227100404, 0.3085156431829289, 0.2817999227100404, 0.357206201115514]
Round=14, per client global perf=[0.574, 0.8314, 0.6657, 0.6647, 0.8951, 0.7441, 0.8737, 0.5936, 0.5819, 0.7292], mean perf=14308/20014 (0.7149%)
Round=14, per client personal perf=[0.9603, 0.9824, 0.974, 0.9426, 0.9843, 0.9711, 0.9691, 0.974, 0.9259, 0.834], mean perf=19081/20014 (0.9534%)
Round=14, per client personal pooled=[0.4583, 0.4788, 0.496, 0.4708, 0.4838, 0.4811, 0.4873, 0.4761, 0.4656, 0.3916], mean perf=93851/200140 (0.4689%)
Mean performance of unidp ditto global,  eps=0.5, Perf=0.7138
Mean performance of unidp ditto personal,  eps=0.5, Perf=0.9527
Mean performance of unidp ditto pooled,  eps=0.5, Perf=0.4685
---EPSILON 1 ---
default_sample_rate: 0.03737226277372263
noise_multiplier :  2.40234375
learning rate =  0.01
sample_rate: 0.04, expected_batch_size: 147
sample_rate: 0.04, expected_batch_size: 147
sample_rate: 0.04, expected_batch_size: 147
sample_rate: 0.04, expected_batch_size: 147
sample_rate: 0.04, expected_batch_size: 147
sample_rate: 0.04, expected_batch_size: 147
sample_rate: 0.04, expected_batch_size: 143
sample_rate: 0.04, expected_batch_size: 147
sample_rate: 0.04, expected_batch_size: 144
sample_rate: 0.04, expected_batch_size: 128
initial privacy cost of all clients:  [0, 0, 0, 0, 0, 0, 0, 0, 0, 0]
Round=0
Round=1
Round=2
Round=3
Round=4
Round=5
Round=6
Round=7
Round=8
Round=9
Round=10
Round=11
Round=12
Round=13
Round=14
current privacy cost of all clients:  [0.7711597447659064, 0.892771306166851, 0.7711597447659064, 0.45340251440599333, 0.8522341190332028, 0.6301514657261251, 0.5776371832915923, 0.6301514657261251, 0.5776371832915923, 0.7260230735296279]
Round=14, per client global perf=[0.6833, 0.8843, 0.7466, 0.7574, 0.9348, 0.8309, 0.9077, 0.673, 0.6625, 0.7479], mean perf=15674/20014 (0.7832%)
Round=14, per client personal perf=[0.9603, 0.9824, 0.974, 0.9426, 0.9843, 0.9711, 0.9691, 0.974, 0.9259, 0.834], mean perf=19081/20014 (0.9534%)
Round=14, per client personal pooled=[0.4583, 0.4788, 0.496, 0.4708, 0.4838, 0.4811, 0.4873, 0.4761, 0.4656, 0.3916], mean perf=93851/200140 (0.4689%)
Mean performance of unidp ditto global,  eps=1.0, Perf=0.7831
Mean performance of unidp ditto personal,  eps=1.0, Perf=0.9527
Mean performance of unidp ditto pooled,  eps=1.0, Perf=0.4685
---EPSILON 4 ---
default_sample_rate: 0.03737226277372263
noise_multiplier :  1.021728515625
learning rate =  0.01
sample_rate: 0.04, expected_batch_size: 147
sample_rate: 0.04, expected_batch_size: 147
sample_rate: 0.04, expected_batch_size: 147
sample_rate: 0.04, expected_batch_size: 147
sample_rate: 0.04, expected_batch_size: 147
sample_rate: 0.04, expected_batch_size: 147
sample_rate: 0.04, expected_batch_size: 143
sample_rate: 0.04, expected_batch_size: 147
sample_rate: 0.04, expected_batch_size: 144
sample_rate: 0.04, expected_batch_size: 128
initial privacy cost of all clients:  [0, 0, 0, 0, 0, 0, 0, 0, 0, 0]
Round=0
Round=1
Round=2
Round=3
Round=4
Round=5
Round=6
Round=7
Round=8
Round=9
Round=10
Round=11
Round=12
Round=13
Round=14
current privacy cost of all clients:  [3.018443199707888, 3.5069892995541947, 3.018443199707888, 1.9062634693441511, 3.344140599605426, 2.5298970998615813, 2.3670483999128127, 2.5298970998615813, 2.3670483999128127, 2.8555944997591194]
Round=14, per client global perf=[0.7593, 0.9299, 0.8054, 0.8157, 0.9539, 0.8843, 0.9407, 0.7745, 0.7446, 0.7841], mean perf=16809/20014 (0.8399%)
Round=14, per client personal perf=[0.9603, 0.9824, 0.974, 0.9426, 0.9843, 0.9711, 0.9691, 0.974, 0.9259, 0.834], mean perf=19081/20014 (0.9534%)
Round=14, per client personal pooled=[0.4583, 0.4788, 0.496, 0.4708, 0.4838, 0.4811, 0.4873, 0.4761, 0.4656, 0.3916], mean perf=93851/200140 (0.4689%)
Mean performance of unidp ditto global,  eps=4.0, Perf=0.8328
Mean performance of unidp ditto personal,  eps=4.0, Perf=0.9527
Mean performance of unidp ditto pooled,  eps=4.0, Perf=0.4685
---EPSILON 8 ---
default_sample_rate: 0.03737226277372263
noise_multiplier :  0.770263671875
learning rate =  0.01
sample_rate: 0.04, expected_batch_size: 147
sample_rate: 0.04, expected_batch_size: 147
sample_rate: 0.04, expected_batch_size: 147
sample_rate: 0.04, expected_batch_size: 147
sample_rate: 0.04, expected_batch_size: 147
sample_rate: 0.04, expected_batch_size: 147
sample_rate: 0.04, expected_batch_size: 143
sample_rate: 0.04, expected_batch_size: 147
sample_rate: 0.04, expected_batch_size: 144
sample_rate: 0.04, expected_batch_size: 128
initial privacy cost of all clients:  [0, 0, 0, 0, 0, 0, 0, 0, 0, 0]
Round=0
Round=1
Round=2
Round=3
Round=4
Round=5
Round=6
Round=7
Round=8
Round=9
Round=10
Round=11
Round=12
Round=13
Round=14
current privacy cost of all clients:  [6.233733475745171, 7.478609171977278, 6.233733475745171, 3.7439820832809563, 7.0636506065665765, 4.988857779513064, 4.5738992141023616, 4.988857779513064, 4.5738992141023616, 5.8187749103344695]
Round=14, per client global perf=[0.8402, 0.9412, 0.8593, 0.8686, 0.9598, 0.9275, 0.9513, 0.85, 0.8257, 0.7949], mean perf=17671/20014 (0.8829%)
Round=14, per client personal perf=[0.9603, 0.9824, 0.974, 0.9426, 0.9843, 0.9711, 0.9691, 0.974, 0.9259, 0.834], mean perf=19081/20014 (0.9534%)
Round=14, per client personal pooled=[0.4583, 0.4788, 0.496, 0.4708, 0.4838, 0.4811, 0.4873, 0.4761, 0.4656, 0.3916], mean perf=93851/200140 (0.4689%)
Mean performance of unidp ditto global,  eps=8.0, Perf=0.8573
Mean performance of unidp ditto personal,  eps=8.0, Perf=0.9527
Mean performance of unidp ditto pooled,  eps=8.0, Perf=0.4685
---EPSILON 16 ---
default_sample_rate: 0.03737226277372263
noise_multiplier :  0.5941009521484375
learning rate =  0.01
sample_rate: 0.04, expected_batch_size: 147
sample_rate: 0.04, expected_batch_size: 147
sample_rate: 0.04, expected_batch_size: 147
sample_rate: 0.04, expected_batch_size: 147
sample_rate: 0.04, expected_batch_size: 147
sample_rate: 0.04, expected_batch_size: 147
sample_rate: 0.04, expected_batch_size: 143
sample_rate: 0.04, expected_batch_size: 147
sample_rate: 0.04, expected_batch_size: 144
sample_rate: 0.04, expected_batch_size: 128
initial privacy cost of all clients:  [0, 0, 0, 0, 0, 0, 0, 0, 0, 0]
Round=0
Round=1
Round=2
Round=3
Round=4
Round=5
Round=6
Round=7
Round=8
Round=9
Round=10
Round=11
Round=12
Round=13
Round=14
current privacy cost of all clients:  [11.803266718565974, 13.897201985467216, 11.803266718565974, 7.615396184763489, 13.199223563166802, 9.709331451664731, 9.011353029364317, 9.709331451664731, 9.011353029364317, 11.10528829626556]
Round=14, per client global perf=[0.8382, 0.9525, 0.8613, 0.8701, 0.9672, 0.9319, 0.9574, 0.8358, 0.8177, 0.7943], mean perf=17687/20014 (0.8837%)
Round=14, per client personal perf=[0.9603, 0.9824, 0.974, 0.9426, 0.9843, 0.9711, 0.9691, 0.974, 0.9259, 0.834], mean perf=19081/20014 (0.9534%)
Round=14, per client personal pooled=[0.4583, 0.4788, 0.496, 0.4708, 0.4838, 0.4811, 0.4873, 0.4761, 0.4656, 0.3916], mean perf=93851/200140 (0.4689%)
Mean performance of unidp ditto global,  eps=16.0, Perf=0.8692
Mean performance of unidp ditto personal,  eps=16.0, Perf=0.9527
Mean performance of unidp ditto pooled,  eps=16.0, Perf=0.4685
--- Personal steps: 30 ---
---EPSILON 0 ---
default_sample_rate: 0.03737226277372263
noise_multiplier :  640
learning rate =  0.01
sample_rate: 0.04, expected_batch_size: 147
sample_rate: 0.04, expected_batch_size: 147
sample_rate: 0.04, expected_batch_size: 147
sample_rate: 0.04, expected_batch_size: 147
sample_rate: 0.04, expected_batch_size: 147
sample_rate: 0.04, expected_batch_size: 147
sample_rate: 0.04, expected_batch_size: 143
sample_rate: 0.04, expected_batch_size: 147
sample_rate: 0.04, expected_batch_size: 144
sample_rate: 0.04, expected_batch_size: 128
initial privacy cost of all clients:  [0, 0, 0, 0, 0, 0, 0, 0, 0, 0]
Round=0
Round=1
Round=2
Round=3
Round=4
Round=5
Round=6
Round=7
Round=8
Round=9
Round=10
Round=11
Round=12
Round=13
Round=14
current privacy cost of all clients:  [-0.0006597661409019579, -0.0005616484759420083, -0.0006597661409019579, -0.0008766779158656791, -0.0005943543642619915, -0.00076485572529139, -0.0008014911227734434, -0.00076485572529139, -0.0008014911227734434, -0.0006947475519254313]
Round=14, per client global perf=[0.0809, 0.1108, 0.0902, 0.1289, 0.1686, 0.101, 0.1602, 0.0814, 0.1167, 0.128], mean perf=2329/20014 (0.1164%)
Round=14, per client personal perf=[0.9804, 0.9779, 0.975, 0.9539, 0.9912, 0.9848, 0.964, 0.9814, 0.9394, 0.8725], mean perf=19280/20014 (0.9633%)
Round=14, per client personal pooled=[0.4678, 0.4787, 0.4968, 0.4821, 0.4888, 0.487, 0.4859, 0.4793, 0.4733, 0.376], mean perf=94379/200140 (0.4716%)
Mean performance of unidp ditto global,  eps=0.0, Perf=0.1038
Mean performance of unidp ditto personal,  eps=0.0, Perf=0.9618
Mean performance of unidp ditto pooled,  eps=0.0, Perf=0.4725
---EPSILON 0.1 ---
default_sample_rate: 0.03737226277372263
noise_multiplier :  16.25
learning rate =  0.01
sample_rate: 0.04, expected_batch_size: 147
sample_rate: 0.04, expected_batch_size: 147
sample_rate: 0.04, expected_batch_size: 147
sample_rate: 0.04, expected_batch_size: 147
sample_rate: 0.04, expected_batch_size: 147
sample_rate: 0.04, expected_batch_size: 147
sample_rate: 0.04, expected_batch_size: 143
sample_rate: 0.04, expected_batch_size: 147
sample_rate: 0.04, expected_batch_size: 144
sample_rate: 0.04, expected_batch_size: 128
initial privacy cost of all clients:  [0, 0, 0, 0, 0, 0, 0, 0, 0, 0]
Round=0
Round=1
Round=2
Round=3
Round=4
Round=5
Round=6
Round=7
Round=8
Round=9
Round=10
Round=11
Round=12
Round=13
Round=14
current privacy cost of all clients:  [0.07121998763743889, 0.08373614151180386, 0.07121998763743889, 0.03853904082064508, 0.07970499485135578, 0.056699536148299576, 0.051216574946498276, 0.056699536148299576, 0.051216574946498276, 0.0666000428185364]
Round=14, per client global perf=[0.4564, 0.6186, 0.4554, 0.4789, 0.8221, 0.5363, 0.6851, 0.3225, 0.3906, 0.5042], mean perf=10549/20014 (0.5271%)
Round=14, per client personal perf=[0.9804, 0.9779, 0.975, 0.9539, 0.9912, 0.9848, 0.964, 0.9814, 0.9394, 0.8725], mean perf=19280/20014 (0.9633%)
Round=14, per client personal pooled=[0.4678, 0.4787, 0.4968, 0.4821, 0.4888, 0.487, 0.4859, 0.4793, 0.4733, 0.376], mean perf=94379/200140 (0.4716%)
Mean performance of unidp ditto global,  eps=0.1, Perf=0.4453
Mean performance of unidp ditto personal,  eps=0.1, Perf=0.9618
Mean performance of unidp ditto pooled,  eps=0.1, Perf=0.4725
---EPSILON 0.5 ---
default_sample_rate: 0.03737226277372263
noise_multiplier :  4.1796875
learning rate =  0.01
sample_rate: 0.04, expected_batch_size: 147
sample_rate: 0.04, expected_batch_size: 147
sample_rate: 0.04, expected_batch_size: 147
sample_rate: 0.04, expected_batch_size: 147
sample_rate: 0.04, expected_batch_size: 147
sample_rate: 0.04, expected_batch_size: 147
sample_rate: 0.04, expected_batch_size: 143
sample_rate: 0.04, expected_batch_size: 147
sample_rate: 0.04, expected_batch_size: 144
sample_rate: 0.04, expected_batch_size: 128
initial privacy cost of all clients:  [0, 0, 0, 0, 0, 0, 0, 0, 0, 0]
Round=0
Round=1
Round=2
Round=3
Round=4
Round=5
Round=6
Round=7
Round=8
Round=9
Round=10
Round=11
Round=12
Round=13
Round=14
current privacy cost of all clients:  [0.3794621932710794, 0.4418736644141333, 0.3794621932710794, 0.21884146931817303, 0.42122037980599175, 0.3085156431829289, 0.2817999227100404, 0.3085156431829289, 0.2817999227100404, 0.357206201115514]
Round=14, per client global perf=[0.5858, 0.8275, 0.6701, 0.6716, 0.9005, 0.7559, 0.8656, 0.5926, 0.5844, 0.7252], mean perf=14362/20014 (0.7176%)
Round=14, per client personal perf=[0.9804, 0.9779, 0.975, 0.9539, 0.9912, 0.9848, 0.964, 0.9814, 0.9394, 0.8725], mean perf=19280/20014 (0.9633%)
Round=14, per client personal pooled=[0.4678, 0.4787, 0.4968, 0.4821, 0.4888, 0.487, 0.4859, 0.4793, 0.4733, 0.376], mean perf=94379/200140 (0.4716%)
Mean performance of unidp ditto global,  eps=0.5, Perf=0.7145
Mean performance of unidp ditto personal,  eps=0.5, Perf=0.9618
Mean performance of unidp ditto pooled,  eps=0.5, Perf=0.4725
---EPSILON 1 ---
default_sample_rate: 0.03737226277372263
noise_multiplier :  2.40234375
learning rate =  0.01
sample_rate: 0.04, expected_batch_size: 147
sample_rate: 0.04, expected_batch_size: 147
sample_rate: 0.04, expected_batch_size: 147
sample_rate: 0.04, expected_batch_size: 147
sample_rate: 0.04, expected_batch_size: 147
sample_rate: 0.04, expected_batch_size: 147
sample_rate: 0.04, expected_batch_size: 143
sample_rate: 0.04, expected_batch_size: 147
sample_rate: 0.04, expected_batch_size: 144
sample_rate: 0.04, expected_batch_size: 128
initial privacy cost of all clients:  [0, 0, 0, 0, 0, 0, 0, 0, 0, 0]
Round=0
Round=1
Round=2
Round=3
Round=4
Round=5
Round=6
Round=7
Round=8
Round=9
Round=10
Round=11
Round=12
Round=13
Round=14
current privacy cost of all clients:  [0.7711597447659064, 0.892771306166851, 0.7711597447659064, 0.45340251440599333, 0.8522341190332028, 0.6301514657261251, 0.5776371832915923, 0.6301514657261251, 0.5776371832915923, 0.7260230735296279]
Round=14, per client global perf=[0.6902, 0.8794, 0.7529, 0.7583, 0.9392, 0.8387, 0.9052, 0.6804, 0.675, 0.7484], mean perf=15754/20014 (0.7871%)
Round=14, per client personal perf=[0.9804, 0.9779, 0.975, 0.9539, 0.9912, 0.9848, 0.964, 0.9814, 0.9394, 0.8725], mean perf=19280/20014 (0.9633%)
Round=14, per client personal pooled=[0.4678, 0.4787, 0.4968, 0.4821, 0.4888, 0.487, 0.4859, 0.4793, 0.4733, 0.376], mean perf=94379/200140 (0.4716%)
Mean performance of unidp ditto global,  eps=1.0, Perf=0.7845
Mean performance of unidp ditto personal,  eps=1.0, Perf=0.9618
Mean performance of unidp ditto pooled,  eps=1.0, Perf=0.4725
---EPSILON 4 ---
default_sample_rate: 0.03737226277372263
noise_multiplier :  1.021728515625
learning rate =  0.01
sample_rate: 0.04, expected_batch_size: 147
sample_rate: 0.04, expected_batch_size: 147
sample_rate: 0.04, expected_batch_size: 147
sample_rate: 0.04, expected_batch_size: 147
sample_rate: 0.04, expected_batch_size: 147
sample_rate: 0.04, expected_batch_size: 147
sample_rate: 0.04, expected_batch_size: 143
sample_rate: 0.04, expected_batch_size: 147
sample_rate: 0.04, expected_batch_size: 144
sample_rate: 0.04, expected_batch_size: 128
initial privacy cost of all clients:  [0, 0, 0, 0, 0, 0, 0, 0, 0, 0]
Round=0
Round=1
Round=2
Round=3
Round=4
Round=5
Round=6
Round=7
Round=8
Round=9
Round=10
Round=11
Round=12
Round=13
Round=14
current privacy cost of all clients:  [3.018443199707888, 3.5069892995541947, 3.018443199707888, 1.9062634693441511, 3.344140599605426, 2.5298970998615813, 2.3670483999128127, 2.5298970998615813, 2.3670483999128127, 2.8555944997591194]
Round=14, per client global perf=[0.7657, 0.9299, 0.8005, 0.8123, 0.9554, 0.8926, 0.9376, 0.7721, 0.7516, 0.7836], mean perf=16827/20014 (0.8408%)
Round=14, per client personal perf=[0.9804, 0.9779, 0.975, 0.9539, 0.9912, 0.9848, 0.964, 0.9814, 0.9394, 0.8725], mean perf=19280/20014 (0.9633%)
Round=14, per client personal pooled=[0.4678, 0.4787, 0.4968, 0.4821, 0.4888, 0.487, 0.4859, 0.4793, 0.4733, 0.376], mean perf=94379/200140 (0.4716%)
Mean performance of unidp ditto global,  eps=4.0, Perf=0.8323
Mean performance of unidp ditto personal,  eps=4.0, Perf=0.9618
Mean performance of unidp ditto pooled,  eps=4.0, Perf=0.4725
---EPSILON 8 ---
default_sample_rate: 0.03737226277372263
noise_multiplier :  0.770263671875
learning rate =  0.01
sample_rate: 0.04, expected_batch_size: 147
sample_rate: 0.04, expected_batch_size: 147
sample_rate: 0.04, expected_batch_size: 147
sample_rate: 0.04, expected_batch_size: 147
sample_rate: 0.04, expected_batch_size: 147
sample_rate: 0.04, expected_batch_size: 147
sample_rate: 0.04, expected_batch_size: 143
sample_rate: 0.04, expected_batch_size: 147
sample_rate: 0.04, expected_batch_size: 144
sample_rate: 0.04, expected_batch_size: 128
initial privacy cost of all clients:  [0, 0, 0, 0, 0, 0, 0, 0, 0, 0]
Round=0
Round=1
Round=2
Round=3
Round=4
Round=5
Round=6
Round=7
Round=8
Round=9
Round=10
Round=11
Round=12
Round=13
Round=14
current privacy cost of all clients:  [6.233733475745171, 7.478609171977278, 6.233733475745171, 3.7439820832809563, 7.0636506065665765, 4.988857779513064, 4.5738992141023616, 4.988857779513064, 4.5738992141023616, 5.8187749103344695]
Round=14, per client global perf=[0.8245, 0.9402, 0.827, 0.8407, 0.9618, 0.9363, 0.9498, 0.8289, 0.8092, 0.7943], mean perf=17456/20014 (0.8722%)
Round=14, per client personal perf=[0.9804, 0.9779, 0.975, 0.9539, 0.9912, 0.9848, 0.964, 0.9814, 0.9394, 0.8725], mean perf=19280/20014 (0.9633%)
Round=14, per client personal pooled=[0.4678, 0.4787, 0.4968, 0.4821, 0.4888, 0.487, 0.4859, 0.4793, 0.4733, 0.376], mean perf=94379/200140 (0.4716%)
Mean performance of unidp ditto global,  eps=8.0, Perf=0.8554
Mean performance of unidp ditto personal,  eps=8.0, Perf=0.9618
Mean performance of unidp ditto pooled,  eps=8.0, Perf=0.4725
---EPSILON 16 ---
default_sample_rate: 0.03737226277372263
noise_multiplier :  0.5941009521484375
learning rate =  0.01
sample_rate: 0.04, expected_batch_size: 147
sample_rate: 0.04, expected_batch_size: 147
sample_rate: 0.04, expected_batch_size: 147
sample_rate: 0.04, expected_batch_size: 147
sample_rate: 0.04, expected_batch_size: 147
sample_rate: 0.04, expected_batch_size: 147
sample_rate: 0.04, expected_batch_size: 143
sample_rate: 0.04, expected_batch_size: 147
sample_rate: 0.04, expected_batch_size: 144
sample_rate: 0.04, expected_batch_size: 128
initial privacy cost of all clients:  [0, 0, 0, 0, 0, 0, 0, 0, 0, 0]
Round=0
Round=1
Round=2
Round=3
Round=4
Round=5
Round=6
Round=7
Round=8
Round=9
Round=10
Round=11
Round=12
Round=13
Round=14
current privacy cost of all clients:  [11.803266718565974, 13.897201985467216, 11.803266718565974, 7.615396184763489, 13.199223563166802, 9.709331451664731, 9.011353029364317, 9.709331451664731, 9.011353029364317, 11.10528829626556]
Round=14, per client global perf=[0.8382, 0.951, 0.8485, 0.8632, 0.9686, 0.9412, 0.9569, 0.8328, 0.8102, 0.7966], mean perf=17648/20014 (0.8818%)
Round=14, per client personal perf=[0.9804, 0.9779, 0.975, 0.9539, 0.9912, 0.9848, 0.964, 0.9814, 0.9394, 0.8725], mean perf=19280/20014 (0.9633%)
Round=14, per client personal pooled=[0.4678, 0.4787, 0.4968, 0.4821, 0.4888, 0.487, 0.4859, 0.4793, 0.4733, 0.376], mean perf=94379/200140 (0.4716%)
Mean performance of unidp ditto global,  eps=16.0, Perf=0.8725
Mean performance of unidp ditto personal,  eps=16.0, Perf=0.9618
Mean performance of unidp ditto pooled,  eps=16.0, Perf=0.4725
--- Finished seed: 44 ---
--- Seed: 45 ---
--- Personal steps: 15 ---
---EPSILON 0 ---
default_sample_rate: 0.03737226277372263
noise_multiplier :  640
learning rate =  0.01
sample_rate: 0.04, expected_batch_size: 147
sample_rate: 0.04, expected_batch_size: 147
sample_rate: 0.04, expected_batch_size: 147
sample_rate: 0.04, expected_batch_size: 147
sample_rate: 0.04, expected_batch_size: 147
sample_rate: 0.04, expected_batch_size: 147
sample_rate: 0.04, expected_batch_size: 143
sample_rate: 0.04, expected_batch_size: 147
sample_rate: 0.04, expected_batch_size: 144
sample_rate: 0.04, expected_batch_size: 128
initial privacy cost of all clients:  [0, 0, 0, 0, 0, 0, 0, 0, 0, 0]
Round=0
Round=1
Round=2
Round=3
Round=4
Round=5
Round=6
Round=7
Round=8
Round=9
Round=10
Round=11
Round=12
Round=13
Round=14
current privacy cost of all clients:  [-0.0006947475519254313, -0.0006947475519254313, -0.0007298016386084107, -0.0008390845193195612, -0.0006947475519254313, -0.0006270602525819747, -0.0006947475519254313, -0.0008014911227734434, -0.0006597661409019579, -0.0006270602525819747]
Round=14, per client global perf=[0.0103, 0.051, 0.1848, 0.1809, 0.0319, 0.1922, 0.0664, 0.2225, 0.0616, 0.2737], mean perf=2519/20014 (0.1259%)
Round=14, per client personal perf=[0.9642, 0.9784, 0.974, 0.9588, 0.9877, 0.9745, 0.9731, 0.9735, 0.9354, 0.8884], mean perf=19250/20014 (0.9618%)
Round=14, per client personal pooled=[0.4599, 0.4792, 0.4954, 0.482, 0.4867, 0.484, 0.4883, 0.4743, 0.4719, 0.3865], mean perf=94226/200140 (0.4708%)
Mean performance of unidp ditto global,  eps=0.0, Perf=0.1191
Mean performance of unidp ditto personal,  eps=0.0, Perf=0.9591
Mean performance of unidp ditto pooled,  eps=0.0, Perf=0.4714
---EPSILON 0.1 ---
default_sample_rate: 0.03737226277372263
noise_multiplier :  16.25
learning rate =  0.01
sample_rate: 0.04, expected_batch_size: 147
sample_rate: 0.04, expected_batch_size: 147
sample_rate: 0.04, expected_batch_size: 147
sample_rate: 0.04, expected_batch_size: 147
sample_rate: 0.04, expected_batch_size: 147
sample_rate: 0.04, expected_batch_size: 147
sample_rate: 0.04, expected_batch_size: 143
sample_rate: 0.04, expected_batch_size: 147
sample_rate: 0.04, expected_batch_size: 144
sample_rate: 0.04, expected_batch_size: 128
initial privacy cost of all clients:  [0, 0, 0, 0, 0, 0, 0, 0, 0, 0]
Round=0
Round=1
Round=2
Round=3
Round=4
Round=5
Round=6
Round=7
Round=8
Round=9
Round=10
Round=11
Round=12
Round=13
Round=14
current privacy cost of all clients:  [0.0666000428185364, 0.0666000428185364, 0.06182985592672452, 0.045247895569947, 0.0666000428185364, 0.07551541914128848, 0.0666000428185364, 0.051216574946498276, 0.07121998763743889, 0.07551541914128848]
Round=14, per client global perf=[0.3809, 0.3868, 0.5848, 0.426, 0.623, 0.7221, 0.6937, 0.5534, 0.5633, 0.532], mean perf=10933/20014 (0.5463%)
Round=14, per client personal perf=[0.9642, 0.9784, 0.974, 0.9588, 0.9877, 0.9745, 0.9731, 0.9735, 0.9354, 0.8884], mean perf=19250/20014 (0.9618%)
Round=14, per client personal pooled=[0.4599, 0.4792, 0.4954, 0.482, 0.4867, 0.484, 0.4883, 0.4743, 0.4719, 0.3865], mean perf=94226/200140 (0.4708%)
Mean performance of unidp ditto global,  eps=0.1, Perf=0.5285
Mean performance of unidp ditto personal,  eps=0.1, Perf=0.9591
Mean performance of unidp ditto pooled,  eps=0.1, Perf=0.4714
---EPSILON 0.5 ---
default_sample_rate: 0.03737226277372263
noise_multiplier :  4.1796875
learning rate =  0.01
sample_rate: 0.04, expected_batch_size: 147
sample_rate: 0.04, expected_batch_size: 147
sample_rate: 0.04, expected_batch_size: 147
sample_rate: 0.04, expected_batch_size: 147
sample_rate: 0.04, expected_batch_size: 147
sample_rate: 0.04, expected_batch_size: 147
sample_rate: 0.04, expected_batch_size: 143
sample_rate: 0.04, expected_batch_size: 147
sample_rate: 0.04, expected_batch_size: 144
sample_rate: 0.04, expected_batch_size: 128
initial privacy cost of all clients:  [0, 0, 0, 0, 0, 0, 0, 0, 0, 0]
Round=0
Round=1
Round=2
Round=3
Round=4
Round=5
Round=6
Round=7
Round=8
Round=9
Round=10
Round=11
Round=12
Round=13
Round=14
current privacy cost of all clients:  [0.357206201115514, 0.357206201115514, 0.3335681844325747, 0.25200584972882795, 0.357206201115514, 0.4005670951978502, 0.357206201115514, 0.2817999227100404, 0.3794621932710794, 0.4005670951978502]
Round=14, per client global perf=[0.6887, 0.6755, 0.7956, 0.7113, 0.7819, 0.8422, 0.8043, 0.7794, 0.7742, 0.6748], mean perf=15083/20014 (0.7536%)
Round=14, per client personal perf=[0.9642, 0.9784, 0.974, 0.9588, 0.9877, 0.9745, 0.9731, 0.9735, 0.9354, 0.8884], mean perf=19250/20014 (0.9618%)
Round=14, per client personal pooled=[0.4599, 0.4792, 0.4954, 0.482, 0.4867, 0.484, 0.4883, 0.4743, 0.4719, 0.3865], mean perf=94226/200140 (0.4708%)
Mean performance of unidp ditto global,  eps=0.5, Perf=0.7506
Mean performance of unidp ditto personal,  eps=0.5, Perf=0.9591
Mean performance of unidp ditto pooled,  eps=0.5, Perf=0.4714
---EPSILON 1 ---
default_sample_rate: 0.03737226277372263
noise_multiplier :  2.40234375
learning rate =  0.01
sample_rate: 0.04, expected_batch_size: 147
sample_rate: 0.04, expected_batch_size: 147
sample_rate: 0.04, expected_batch_size: 147
sample_rate: 0.04, expected_batch_size: 147
sample_rate: 0.04, expected_batch_size: 147
sample_rate: 0.04, expected_batch_size: 147
sample_rate: 0.04, expected_batch_size: 143
sample_rate: 0.04, expected_batch_size: 147
sample_rate: 0.04, expected_batch_size: 144
sample_rate: 0.04, expected_batch_size: 128
initial privacy cost of all clients:  [0, 0, 0, 0, 0, 0, 0, 0, 0, 0]
Round=0
Round=1
Round=2
Round=3
Round=4
Round=5
Round=6
Round=7
Round=8
Round=9
Round=10
Round=11
Round=12
Round=13
Round=14
current privacy cost of all clients:  [0.7260230735296279, 0.7260230735296279, 0.6797296669401808, 0.5187488596533884, 0.7260230735296279, 0.8116969318995546, 0.7260230735296279, 0.5776371832915923, 0.7711597447659064, 0.8116969318995546]
Round=14, per client global perf=[0.7706, 0.774, 0.8328, 0.7598, 0.849, 0.9039, 0.8565, 0.8186, 0.8212, 0.7207], mean perf=16247/20014 (0.8118%)
Round=14, per client personal perf=[0.9642, 0.9784, 0.974, 0.9588, 0.9877, 0.9745, 0.9731, 0.9735, 0.9354, 0.8884], mean perf=19250/20014 (0.9618%)
Round=14, per client personal pooled=[0.4599, 0.4792, 0.4954, 0.482, 0.4867, 0.484, 0.4883, 0.4743, 0.4719, 0.3865], mean perf=94226/200140 (0.4708%)
Mean performance of unidp ditto global,  eps=1.0, Perf=0.7922
Mean performance of unidp ditto personal,  eps=1.0, Perf=0.9591
Mean performance of unidp ditto pooled,  eps=1.0, Perf=0.4714
---EPSILON 4 ---
default_sample_rate: 0.03737226277372263
noise_multiplier :  1.021728515625
learning rate =  0.01
sample_rate: 0.04, expected_batch_size: 147
sample_rate: 0.04, expected_batch_size: 147
sample_rate: 0.04, expected_batch_size: 147
sample_rate: 0.04, expected_batch_size: 147
sample_rate: 0.04, expected_batch_size: 147
sample_rate: 0.04, expected_batch_size: 147
sample_rate: 0.04, expected_batch_size: 143
sample_rate: 0.04, expected_batch_size: 147
sample_rate: 0.04, expected_batch_size: 144
sample_rate: 0.04, expected_batch_size: 128
initial privacy cost of all clients:  [0, 0, 0, 0, 0, 0, 0, 0, 0, 0]
Round=0
Round=1
Round=2
Round=3
Round=4
Round=5
Round=6
Round=7
Round=8
Round=9
Round=10
Round=11
Round=12
Round=13
Round=14
current privacy cost of all clients:  [2.8555944997591194, 2.8555944997591194, 2.6927457998103503, 2.1745393623512683, 2.8555944997591194, 3.181291899656657, 2.8555944997591194, 2.3670483999128127, 3.018443199707888, 3.181291899656657]
Round=14, per client global perf=[0.8353, 0.8147, 0.8902, 0.825, 0.8799, 0.9216, 0.8925, 0.8784, 0.8678, 0.7428], mean perf=17136/20014 (0.8562%)
Round=14, per client personal perf=[0.9642, 0.9784, 0.974, 0.9588, 0.9877, 0.9745, 0.9731, 0.9735, 0.9354, 0.8884], mean perf=19250/20014 (0.9618%)
Round=14, per client personal pooled=[0.4599, 0.4792, 0.4954, 0.482, 0.4867, 0.484, 0.4883, 0.4743, 0.4719, 0.3865], mean perf=94226/200140 (0.4708%)
Mean performance of unidp ditto global,  eps=4.0, Perf=0.8334
Mean performance of unidp ditto personal,  eps=4.0, Perf=0.9591
Mean performance of unidp ditto pooled,  eps=4.0, Perf=0.4714
---EPSILON 8 ---
default_sample_rate: 0.03737226277372263
noise_multiplier :  0.770263671875
learning rate =  0.01
sample_rate: 0.04, expected_batch_size: 147
sample_rate: 0.04, expected_batch_size: 147
sample_rate: 0.04, expected_batch_size: 147
sample_rate: 0.04, expected_batch_size: 147
sample_rate: 0.04, expected_batch_size: 147
sample_rate: 0.04, expected_batch_size: 147
sample_rate: 0.04, expected_batch_size: 143
sample_rate: 0.04, expected_batch_size: 147
sample_rate: 0.04, expected_batch_size: 144
sample_rate: 0.04, expected_batch_size: 128
initial privacy cost of all clients:  [0, 0, 0, 0, 0, 0, 0, 0, 0, 0]
Round=0
Round=1
Round=2
Round=3
Round=4
Round=5
Round=6
Round=7
Round=8
Round=9
Round=10
Round=11
Round=12
Round=13
Round=14
current privacy cost of all clients:  [5.8187749103344695, 5.8187749103344695, 5.403816344923766, 4.158940648691659, 5.8187749103344695, 6.648692041155875, 5.8187749103344695, 4.5738992141023616, 6.233733475745171, 6.648692041155875]
Round=14, per client global perf=[0.8863, 0.8667, 0.9201, 0.8794, 0.927, 0.924, 0.9123, 0.8951, 0.8793, 0.7643], mean perf=17753/20014 (0.8870%)
Round=14, per client personal perf=[0.9642, 0.9784, 0.974, 0.9588, 0.9877, 0.9745, 0.9731, 0.9735, 0.9354, 0.8884], mean perf=19250/20014 (0.9618%)
Round=14, per client personal pooled=[0.4599, 0.4792, 0.4954, 0.482, 0.4867, 0.484, 0.4883, 0.4743, 0.4719, 0.3865], mean perf=94226/200140 (0.4708%)
Mean performance of unidp ditto global,  eps=8.0, Perf=0.8595
Mean performance of unidp ditto personal,  eps=8.0, Perf=0.9591
Mean performance of unidp ditto pooled,  eps=8.0, Perf=0.4714
---EPSILON 16 ---
default_sample_rate: 0.03737226277372263
noise_multiplier :  0.5941009521484375
learning rate =  0.01
sample_rate: 0.04, expected_batch_size: 147
sample_rate: 0.04, expected_batch_size: 147
sample_rate: 0.04, expected_batch_size: 147
sample_rate: 0.04, expected_batch_size: 147
sample_rate: 0.04, expected_batch_size: 147
sample_rate: 0.04, expected_batch_size: 147
sample_rate: 0.04, expected_batch_size: 143
sample_rate: 0.04, expected_batch_size: 147
sample_rate: 0.04, expected_batch_size: 144
sample_rate: 0.04, expected_batch_size: 128
initial privacy cost of all clients:  [0, 0, 0, 0, 0, 0, 0, 0, 0, 0]
Round=0
Round=1
Round=2
Round=3
Round=4
Round=5
Round=6
Round=7
Round=8
Round=9
Round=10
Round=11
Round=12
Round=13
Round=14
current privacy cost of all clients:  [11.10528829626556, 11.10528829626556, 10.407309873965145, 8.313374607063903, 11.10528829626556, 12.501245140866388, 11.10528829626556, 9.011353029364317, 11.803266718565974, 12.501245140866388]
Round=14, per client global perf=[0.8922, 0.8578, 0.9201, 0.8657, 0.9201, 0.9426, 0.9153, 0.9206, 0.8873, 0.7637], mean perf=17816/20014 (0.8902%)
Round=14, per client personal perf=[0.9642, 0.9784, 0.974, 0.9588, 0.9877, 0.9745, 0.9731, 0.9735, 0.9354, 0.8884], mean perf=19250/20014 (0.9618%)
Round=14, per client personal pooled=[0.4599, 0.4792, 0.4954, 0.482, 0.4867, 0.484, 0.4883, 0.4743, 0.4719, 0.3865], mean perf=94226/200140 (0.4708%)
Mean performance of unidp ditto global,  eps=16.0, Perf=0.8654
Mean performance of unidp ditto personal,  eps=16.0, Perf=0.9591
Mean performance of unidp ditto pooled,  eps=16.0, Perf=0.4714
--- Personal steps: 30 ---
---EPSILON 0 ---
default_sample_rate: 0.03737226277372263
noise_multiplier :  640
learning rate =  0.01
sample_rate: 0.04, expected_batch_size: 147
sample_rate: 0.04, expected_batch_size: 147
sample_rate: 0.04, expected_batch_size: 147
sample_rate: 0.04, expected_batch_size: 147
sample_rate: 0.04, expected_batch_size: 147
sample_rate: 0.04, expected_batch_size: 147
sample_rate: 0.04, expected_batch_size: 143
sample_rate: 0.04, expected_batch_size: 147
sample_rate: 0.04, expected_batch_size: 144
sample_rate: 0.04, expected_batch_size: 128
initial privacy cost of all clients:  [0, 0, 0, 0, 0, 0, 0, 0, 0, 0]
Round=0
Round=1
Round=2
Round=3
Round=4
Round=5
Round=6
Round=7
Round=8
Round=9
Round=10
Round=11
Round=12
Round=13
Round=14
current privacy cost of all clients:  [-0.0006947475519254313, -0.0006947475519254313, -0.0007298016386084107, -0.0008390845193195612, -0.0006947475519254313, -0.0006270602525819747, -0.0006947475519254313, -0.0008014911227734434, -0.0006597661409019579, -0.0006270602525819747]
Round=14, per client global perf=[0.0098, 0.05, 0.1848, 0.1809, 0.0324, 0.1917, 0.0669, 0.2235, 0.0631, 0.2748], mean perf=2524/20014 (0.1261%)
Round=14, per client personal perf=[0.9809, 0.9623, 0.9755, 0.9784, 0.9917, 0.9799, 0.9721, 0.9858, 0.9329, 0.8714], mean perf=19301/20014 (0.9644%)
Round=14, per client personal pooled=[0.4679, 0.4765, 0.4953, 0.4883, 0.4883, 0.4856, 0.4897, 0.4793, 0.4685, 0.4201], mean perf=95254/200140 (0.4759%)
Mean performance of unidp ditto global,  eps=0.0, Perf=0.1192
Mean performance of unidp ditto personal,  eps=0.0, Perf=0.9654
Mean performance of unidp ditto pooled,  eps=0.0, Perf=0.4753
---EPSILON 0.1 ---
default_sample_rate: 0.03737226277372263
noise_multiplier :  16.25
learning rate =  0.01
sample_rate: 0.04, expected_batch_size: 147
sample_rate: 0.04, expected_batch_size: 147
sample_rate: 0.04, expected_batch_size: 147
sample_rate: 0.04, expected_batch_size: 147
sample_rate: 0.04, expected_batch_size: 147
sample_rate: 0.04, expected_batch_size: 147
sample_rate: 0.04, expected_batch_size: 143
sample_rate: 0.04, expected_batch_size: 147
sample_rate: 0.04, expected_batch_size: 144
sample_rate: 0.04, expected_batch_size: 128
initial privacy cost of all clients:  [0, 0, 0, 0, 0, 0, 0, 0, 0, 0]
Round=0
Round=1
Round=2
Round=3
Round=4
Round=5
Round=6
Round=7
Round=8
Round=9
Round=10
Round=11
Round=12
Round=13
Round=14
current privacy cost of all clients:  [0.0666000428185364, 0.0666000428185364, 0.06182985592672452, 0.045247895569947, 0.0666000428185364, 0.07551541914128848, 0.0666000428185364, 0.051216574946498276, 0.07121998763743889, 0.07551541914128848]
Round=14, per client global perf=[0.3828, 0.3971, 0.5848, 0.427, 0.6265, 0.725, 0.6957, 0.549, 0.5578, 0.532], mean perf=10957/20014 (0.5475%)
Round=14, per client personal perf=[0.9809, 0.9623, 0.9755, 0.9784, 0.9917, 0.9799, 0.9721, 0.9858, 0.9329, 0.8714], mean perf=19301/20014 (0.9644%)
Round=14, per client personal pooled=[0.4679, 0.4765, 0.4953, 0.4883, 0.4883, 0.4856, 0.4897, 0.4793, 0.4685, 0.4201], mean perf=95254/200140 (0.4759%)
Mean performance of unidp ditto global,  eps=0.1, Perf=0.5288
Mean performance of unidp ditto personal,  eps=0.1, Perf=0.9654
Mean performance of unidp ditto pooled,  eps=0.1, Perf=0.4753
---EPSILON 0.5 ---
default_sample_rate: 0.03737226277372263
noise_multiplier :  4.1796875
learning rate =  0.01
sample_rate: 0.04, expected_batch_size: 147
sample_rate: 0.04, expected_batch_size: 147
sample_rate: 0.04, expected_batch_size: 147
sample_rate: 0.04, expected_batch_size: 147
sample_rate: 0.04, expected_batch_size: 147
sample_rate: 0.04, expected_batch_size: 147
sample_rate: 0.04, expected_batch_size: 143
sample_rate: 0.04, expected_batch_size: 147
sample_rate: 0.04, expected_batch_size: 144
sample_rate: 0.04, expected_batch_size: 128
initial privacy cost of all clients:  [0, 0, 0, 0, 0, 0, 0, 0, 0, 0]
Round=0
Round=1
Round=2
Round=3
Round=4
Round=5
Round=6
Round=7
Round=8
Round=9
Round=10
Round=11
Round=12
Round=13
Round=14
current privacy cost of all clients:  [0.357206201115514, 0.357206201115514, 0.3335681844325747, 0.25200584972882795, 0.357206201115514, 0.4005670951978502, 0.357206201115514, 0.2817999227100404, 0.3794621932710794, 0.4005670951978502]
Round=14, per client global perf=[0.701, 0.6897, 0.7985, 0.7191, 0.7912, 0.8436, 0.8103, 0.7833, 0.7752, 0.6827], mean perf=15217/20014 (0.7603%)
Round=14, per client personal perf=[0.9809, 0.9623, 0.9755, 0.9784, 0.9917, 0.9799, 0.9721, 0.9858, 0.9329, 0.8714], mean perf=19301/20014 (0.9644%)
Round=14, per client personal pooled=[0.4679, 0.4765, 0.4953, 0.4883, 0.4883, 0.4856, 0.4897, 0.4793, 0.4685, 0.4201], mean perf=95254/200140 (0.4759%)
Mean performance of unidp ditto global,  eps=0.5, Perf=0.7547
Mean performance of unidp ditto personal,  eps=0.5, Perf=0.9654
Mean performance of unidp ditto pooled,  eps=0.5, Perf=0.4753
---EPSILON 1 ---
default_sample_rate: 0.03737226277372263
noise_multiplier :  2.40234375
learning rate =  0.01
sample_rate: 0.04, expected_batch_size: 147
sample_rate: 0.04, expected_batch_size: 147
sample_rate: 0.04, expected_batch_size: 147
sample_rate: 0.04, expected_batch_size: 147
sample_rate: 0.04, expected_batch_size: 147
sample_rate: 0.04, expected_batch_size: 147
sample_rate: 0.04, expected_batch_size: 143
sample_rate: 0.04, expected_batch_size: 147
sample_rate: 0.04, expected_batch_size: 144
sample_rate: 0.04, expected_batch_size: 128
initial privacy cost of all clients:  [0, 0, 0, 0, 0, 0, 0, 0, 0, 0]
Round=0
Round=1
Round=2
Round=3
Round=4
Round=5
Round=6
Round=7
Round=8
Round=9
Round=10
Round=11
Round=12
Round=13
Round=14
current privacy cost of all clients:  [0.7260230735296279, 0.7260230735296279, 0.6797296669401808, 0.5187488596533884, 0.7260230735296279, 0.8116969318995546, 0.7260230735296279, 0.5776371832915923, 0.7711597447659064, 0.8116969318995546]
Round=14, per client global perf=[0.7711, 0.7799, 0.8275, 0.7618, 0.8539, 0.9054, 0.858, 0.8147, 0.8162, 0.7275], mean perf=16263/20014 (0.8126%)
Round=14, per client personal perf=[0.9809, 0.9623, 0.9755, 0.9784, 0.9917, 0.9799, 0.9721, 0.9858, 0.9329, 0.8714], mean perf=19301/20014 (0.9644%)
Round=14, per client personal pooled=[0.4679, 0.4765, 0.4953, 0.4883, 0.4883, 0.4856, 0.4897, 0.4793, 0.4685, 0.4201], mean perf=95254/200140 (0.4759%)
Mean performance of unidp ditto global,  eps=1.0, Perf=0.7931
Mean performance of unidp ditto personal,  eps=1.0, Perf=0.9654
Mean performance of unidp ditto pooled,  eps=1.0, Perf=0.4753
---EPSILON 4 ---
default_sample_rate: 0.03737226277372263
noise_multiplier :  1.021728515625
learning rate =  0.01
sample_rate: 0.04, expected_batch_size: 147
sample_rate: 0.04, expected_batch_size: 147
sample_rate: 0.04, expected_batch_size: 147
sample_rate: 0.04, expected_batch_size: 147
sample_rate: 0.04, expected_batch_size: 147
sample_rate: 0.04, expected_batch_size: 147
sample_rate: 0.04, expected_batch_size: 143
sample_rate: 0.04, expected_batch_size: 147
sample_rate: 0.04, expected_batch_size: 144
sample_rate: 0.04, expected_batch_size: 128
initial privacy cost of all clients:  [0, 0, 0, 0, 0, 0, 0, 0, 0, 0]
Round=0
Round=1
Round=2
Round=3
Round=4
Round=5
Round=6
Round=7
Round=8
Round=9
Round=10
Round=11
Round=12
Round=13
Round=14
current privacy cost of all clients:  [2.8555944997591194, 2.8555944997591194, 2.6927457998103503, 2.1745393623512683, 2.8555944997591194, 3.181291899656657, 2.8555944997591194, 2.3670483999128127, 3.018443199707888, 3.181291899656657]
Round=14, per client global perf=[0.8284, 0.8025, 0.8931, 0.8167, 0.8667, 0.9216, 0.8905, 0.8843, 0.8678, 0.7422], mean perf=17066/20014 (0.8527%)
Round=14, per client personal perf=[0.9809, 0.9623, 0.9755, 0.9784, 0.9917, 0.9799, 0.9721, 0.9858, 0.9329, 0.8714], mean perf=19301/20014 (0.9644%)
Round=14, per client personal pooled=[0.4679, 0.4765, 0.4953, 0.4883, 0.4883, 0.4856, 0.4897, 0.4793, 0.4685, 0.4201], mean perf=95254/200140 (0.4759%)
Mean performance of unidp ditto global,  eps=4.0, Perf=0.8317
Mean performance of unidp ditto personal,  eps=4.0, Perf=0.9654
Mean performance of unidp ditto pooled,  eps=4.0, Perf=0.4753
---EPSILON 8 ---
default_sample_rate: 0.03737226277372263
noise_multiplier :  0.770263671875
learning rate =  0.01
sample_rate: 0.04, expected_batch_size: 147
sample_rate: 0.04, expected_batch_size: 147
sample_rate: 0.04, expected_batch_size: 147
sample_rate: 0.04, expected_batch_size: 147
sample_rate: 0.04, expected_batch_size: 147
sample_rate: 0.04, expected_batch_size: 147
sample_rate: 0.04, expected_batch_size: 143
sample_rate: 0.04, expected_batch_size: 147
sample_rate: 0.04, expected_batch_size: 144
sample_rate: 0.04, expected_batch_size: 128
initial privacy cost of all clients:  [0, 0, 0, 0, 0, 0, 0, 0, 0, 0]
Round=0
Round=1
Round=2
Round=3
Round=4
Round=5
Round=6
Round=7
Round=8
Round=9
Round=10
Round=11
Round=12
Round=13
Round=14
current privacy cost of all clients:  [5.8187749103344695, 5.8187749103344695, 5.403816344923766, 4.158940648691659, 5.8187749103344695, 6.648692041155875, 5.8187749103344695, 4.5738992141023616, 6.233733475745171, 6.648692041155875]
Round=14, per client global perf=[0.8843, 0.8662, 0.9216, 0.8799, 0.9245, 0.9225, 0.9102, 0.9054, 0.8803, 0.7739], mean perf=17780/20014 (0.8884%)
Round=14, per client personal perf=[0.9809, 0.9623, 0.9755, 0.9784, 0.9917, 0.9799, 0.9721, 0.9858, 0.9329, 0.8714], mean perf=19301/20014 (0.9644%)
Round=14, per client personal pooled=[0.4679, 0.4765, 0.4953, 0.4883, 0.4883, 0.4856, 0.4897, 0.4793, 0.4685, 0.4201], mean perf=95254/200140 (0.4759%)
Mean performance of unidp ditto global,  eps=8.0, Perf=0.8574
Mean performance of unidp ditto personal,  eps=8.0, Perf=0.9654
Mean performance of unidp ditto pooled,  eps=8.0, Perf=0.4753
---EPSILON 16 ---
default_sample_rate: 0.03737226277372263
noise_multiplier :  0.5941009521484375
learning rate =  0.01
sample_rate: 0.04, expected_batch_size: 147
sample_rate: 0.04, expected_batch_size: 147
sample_rate: 0.04, expected_batch_size: 147
sample_rate: 0.04, expected_batch_size: 147
sample_rate: 0.04, expected_batch_size: 147
sample_rate: 0.04, expected_batch_size: 147
sample_rate: 0.04, expected_batch_size: 143
sample_rate: 0.04, expected_batch_size: 147
sample_rate: 0.04, expected_batch_size: 144
sample_rate: 0.04, expected_batch_size: 128
initial privacy cost of all clients:  [0, 0, 0, 0, 0, 0, 0, 0, 0, 0]
Round=0
Round=1
Round=2
Round=3
Round=4
Round=5
Round=6
Round=7
Round=8
Round=9
Round=10
Round=11
Round=12
Round=13
Round=14
current privacy cost of all clients:  [11.10528829626556, 11.10528829626556, 10.407309873965145, 8.313374607063903, 11.10528829626556, 12.501245140866388, 11.10528829626556, 9.011353029364317, 11.803266718565974, 12.501245140866388]
Round=14, per client global perf=[0.8706, 0.849, 0.923, 0.8578, 0.9078, 0.9466, 0.9184, 0.9172, 0.8883, 0.7643], mean perf=17729/20014 (0.8858%)
Round=14, per client personal perf=[0.9809, 0.9623, 0.9755, 0.9784, 0.9917, 0.9799, 0.9721, 0.9858, 0.9329, 0.8714], mean perf=19301/20014 (0.9644%)
Round=14, per client personal pooled=[0.4679, 0.4765, 0.4953, 0.4883, 0.4883, 0.4856, 0.4897, 0.4793, 0.4685, 0.4201], mean perf=95254/200140 (0.4759%)
Mean performance of unidp ditto global,  eps=16.0, Perf=0.8649
Mean performance of unidp ditto personal,  eps=16.0, Perf=0.9654
Mean performance of unidp ditto pooled,  eps=16.0, Perf=0.4753
--- Finished seed: 45 ---
--- Seed: 46 ---
--- Personal steps: 15 ---
---EPSILON 0 ---
default_sample_rate: 0.03737226277372263
noise_multiplier :  640
learning rate =  0.01
sample_rate: 0.04, expected_batch_size: 147
sample_rate: 0.04, expected_batch_size: 147
sample_rate: 0.04, expected_batch_size: 147
sample_rate: 0.04, expected_batch_size: 147
sample_rate: 0.04, expected_batch_size: 147
sample_rate: 0.04, expected_batch_size: 147
sample_rate: 0.04, expected_batch_size: 143
sample_rate: 0.04, expected_batch_size: 147
sample_rate: 0.04, expected_batch_size: 144
sample_rate: 0.04, expected_batch_size: 128
initial privacy cost of all clients:  [0, 0, 0, 0, 0, 0, 0, 0, 0, 0]
Round=0
Round=1
Round=2
Round=3
Round=4
Round=5
Round=6
Round=7
Round=8
Round=9
Round=10
Round=11
Round=12
Round=13
Round=14
current privacy cost of all clients:  [-0.0007298016386084107, -0.0006597661409019579, -0.0007298016386084107, -0.0006947475519254313, -0.0007298016386084107, -0.0006947475519254313, -0.0006947475519254313, -0.0005943543642619915, -0.0006270602525819747, -0.0006947475519254313]
Round=14, per client global perf=[0.0069, 0.0167, 0.1343, 0.1338, 0.0201, 0.1324, 0.0101, 0.1387, 0.008, 0.1654], mean perf=1517/20014 (0.0758%)
Round=14, per client personal perf=[0.9716, 0.9632, 0.9578, 0.9755, 0.9887, 0.9833, 0.9645, 0.9745, 0.9364, 0.8799], mean perf=19227/20014 (0.9607%)
Round=14, per client personal pooled=[0.4644, 0.4749, 0.4896, 0.489, 0.4848, 0.4855, 0.4871, 0.4747, 0.4717, 0.3879], mean perf=94257/200140 (0.4710%)
Mean performance of unidp ditto global,  eps=0.0, Perf=0.0845
Mean performance of unidp ditto personal,  eps=0.0, Perf=0.9604
Mean performance of unidp ditto pooled,  eps=0.0, Perf=0.4724
---EPSILON 0.1 ---
default_sample_rate: 0.03737226277372263
noise_multiplier :  16.25
learning rate =  0.01
sample_rate: 0.04, expected_batch_size: 147
sample_rate: 0.04, expected_batch_size: 147
sample_rate: 0.04, expected_batch_size: 147
sample_rate: 0.04, expected_batch_size: 147
sample_rate: 0.04, expected_batch_size: 147
sample_rate: 0.04, expected_batch_size: 147
sample_rate: 0.04, expected_batch_size: 143
sample_rate: 0.04, expected_batch_size: 147
sample_rate: 0.04, expected_batch_size: 144
sample_rate: 0.04, expected_batch_size: 128
initial privacy cost of all clients:  [0, 0, 0, 0, 0, 0, 0, 0, 0, 0]
Round=0
Round=1
Round=2
Round=3
Round=4
Round=5
Round=6
Round=7
Round=8
Round=9
Round=10
Round=11
Round=12
Round=13
Round=14
current privacy cost of all clients:  [0.06182985592672452, 0.07121998763743889, 0.06182985592672452, 0.0666000428185364, 0.06182985592672452, 0.0666000428185364, 0.0666000428185364, 0.07970499485135578, 0.07551541914128848, 0.0666000428185364]
Round=14, per client global perf=[0.5074, 0.5961, 0.5137, 0.5485, 0.6441, 0.4382, 0.5446, 0.3451, 0.3415, 0.4516], mean perf=9883/20014 (0.4938%)
Round=14, per client personal perf=[0.9716, 0.9632, 0.9578, 0.9755, 0.9887, 0.9833, 0.9645, 0.9745, 0.9364, 0.8799], mean perf=19227/20014 (0.9607%)
Round=14, per client personal pooled=[0.4644, 0.4749, 0.4896, 0.489, 0.4848, 0.4855, 0.4871, 0.4747, 0.4717, 0.3879], mean perf=94257/200140 (0.4710%)
Mean performance of unidp ditto global,  eps=0.1, Perf=0.4587
Mean performance of unidp ditto personal,  eps=0.1, Perf=0.9604
Mean performance of unidp ditto pooled,  eps=0.1, Perf=0.4724
---EPSILON 0.5 ---
default_sample_rate: 0.03737226277372263
noise_multiplier :  4.1796875
learning rate =  0.01
sample_rate: 0.04, expected_batch_size: 147
sample_rate: 0.04, expected_batch_size: 147
sample_rate: 0.04, expected_batch_size: 147
sample_rate: 0.04, expected_batch_size: 147
sample_rate: 0.04, expected_batch_size: 147
sample_rate: 0.04, expected_batch_size: 147
sample_rate: 0.04, expected_batch_size: 143
sample_rate: 0.04, expected_batch_size: 147
sample_rate: 0.04, expected_batch_size: 144
sample_rate: 0.04, expected_batch_size: 128
initial privacy cost of all clients:  [0, 0, 0, 0, 0, 0, 0, 0, 0, 0]
Round=0
Round=1
Round=2
Round=3
Round=4
Round=5
Round=6
Round=7
Round=8
Round=9
Round=10
Round=11
Round=12
Round=13
Round=14
current privacy cost of all clients:  [0.3335681844325747, 0.3794621932710794, 0.3335681844325747, 0.357206201115514, 0.3335681844325747, 0.357206201115514, 0.357206201115514, 0.42122037980599175, 0.4005670951978502, 0.357206201115514]
Round=14, per client global perf=[0.8093, 0.8157, 0.8162, 0.8686, 0.8485, 0.7735, 0.7743, 0.6917, 0.654, 0.6856], mean perf=15515/20014 (0.7752%)
Round=14, per client personal perf=[0.9716, 0.9632, 0.9578, 0.9755, 0.9887, 0.9833, 0.9645, 0.9745, 0.9364, 0.8799], mean perf=19227/20014 (0.9607%)
Round=14, per client personal pooled=[0.4644, 0.4749, 0.4896, 0.489, 0.4848, 0.4855, 0.4871, 0.4747, 0.4717, 0.3879], mean perf=94257/200140 (0.4710%)
Mean performance of unidp ditto global,  eps=0.5, Perf=0.7726
Mean performance of unidp ditto personal,  eps=0.5, Perf=0.9604
Mean performance of unidp ditto pooled,  eps=0.5, Perf=0.4724
---EPSILON 1 ---
default_sample_rate: 0.03737226277372263
noise_multiplier :  2.40234375
learning rate =  0.01
sample_rate: 0.04, expected_batch_size: 147
sample_rate: 0.04, expected_batch_size: 147
sample_rate: 0.04, expected_batch_size: 147
sample_rate: 0.04, expected_batch_size: 147
sample_rate: 0.04, expected_batch_size: 147
sample_rate: 0.04, expected_batch_size: 147
sample_rate: 0.04, expected_batch_size: 143
sample_rate: 0.04, expected_batch_size: 147
sample_rate: 0.04, expected_batch_size: 144
sample_rate: 0.04, expected_batch_size: 128
initial privacy cost of all clients:  [0, 0, 0, 0, 0, 0, 0, 0, 0, 0]
Round=0
Round=1
Round=2
Round=3
Round=4
Round=5
Round=6
Round=7
Round=8
Round=9
Round=10
Round=11
Round=12
Round=13
Round=14
current privacy cost of all clients:  [0.6797296669401808, 0.7711597447659064, 0.6797296669401808, 0.7260230735296279, 0.6797296669401808, 0.7260230735296279, 0.7260230735296279, 0.8522341190332028, 0.8116969318995546, 0.7260230735296279]
Round=14, per client global perf=[0.8613, 0.8206, 0.8574, 0.9049, 0.8618, 0.8162, 0.7885, 0.7877, 0.7496, 0.7235], mean perf=16385/20014 (0.8187%)
Round=14, per client personal perf=[0.9716, 0.9632, 0.9578, 0.9755, 0.9887, 0.9833, 0.9645, 0.9745, 0.9364, 0.8799], mean perf=19227/20014 (0.9607%)
Round=14, per client personal pooled=[0.4644, 0.4749, 0.4896, 0.489, 0.4848, 0.4855, 0.4871, 0.4747, 0.4717, 0.3879], mean perf=94257/200140 (0.4710%)
Mean performance of unidp ditto global,  eps=1.0, Perf=0.8083
Mean performance of unidp ditto personal,  eps=1.0, Perf=0.9604
Mean performance of unidp ditto pooled,  eps=1.0, Perf=0.4724
---EPSILON 4 ---
default_sample_rate: 0.03737226277372263
noise_multiplier :  1.021728515625
learning rate =  0.01
sample_rate: 0.04, expected_batch_size: 147
sample_rate: 0.04, expected_batch_size: 147
sample_rate: 0.04, expected_batch_size: 147
sample_rate: 0.04, expected_batch_size: 147
sample_rate: 0.04, expected_batch_size: 147
sample_rate: 0.04, expected_batch_size: 147
sample_rate: 0.04, expected_batch_size: 143
sample_rate: 0.04, expected_batch_size: 147
sample_rate: 0.04, expected_batch_size: 144
sample_rate: 0.04, expected_batch_size: 128
initial privacy cost of all clients:  [0, 0, 0, 0, 0, 0, 0, 0, 0, 0]
Round=0
Round=1
Round=2
Round=3
Round=4
Round=5
Round=6
Round=7
Round=8
Round=9
Round=10
Round=11
Round=12
Round=13
Round=14
current privacy cost of all clients:  [2.6927457998103503, 3.018443199707888, 2.6927457998103503, 2.8555944997591194, 2.6927457998103503, 2.8555944997591194, 2.8555944997591194, 3.344140599605426, 3.181291899656657, 2.8555944997591194]
Round=14, per client global perf=[0.9225, 0.873, 0.9181, 0.9471, 0.9211, 0.8789, 0.8392, 0.8598, 0.8252, 0.7439], mean perf=17510/20014 (0.8749%)
Round=14, per client personal perf=[0.9716, 0.9632, 0.9578, 0.9755, 0.9887, 0.9833, 0.9645, 0.9745, 0.9364, 0.8799], mean perf=19227/20014 (0.9607%)
Round=14, per client personal pooled=[0.4644, 0.4749, 0.4896, 0.489, 0.4848, 0.4855, 0.4871, 0.4747, 0.4717, 0.3879], mean perf=94257/200140 (0.4710%)
Mean performance of unidp ditto global,  eps=4.0, Perf=0.8762
Mean performance of unidp ditto personal,  eps=4.0, Perf=0.9604
Mean performance of unidp ditto pooled,  eps=4.0, Perf=0.4724
---EPSILON 8 ---
default_sample_rate: 0.03737226277372263
noise_multiplier :  0.770263671875
learning rate =  0.01
sample_rate: 0.04, expected_batch_size: 147
sample_rate: 0.04, expected_batch_size: 147
sample_rate: 0.04, expected_batch_size: 147
sample_rate: 0.04, expected_batch_size: 147
sample_rate: 0.04, expected_batch_size: 147
sample_rate: 0.04, expected_batch_size: 147
sample_rate: 0.04, expected_batch_size: 143
sample_rate: 0.04, expected_batch_size: 147
sample_rate: 0.04, expected_batch_size: 144
sample_rate: 0.04, expected_batch_size: 128
initial privacy cost of all clients:  [0, 0, 0, 0, 0, 0, 0, 0, 0, 0]
Round=0
Round=1
Round=2
Round=3
Round=4
Round=5
Round=6
Round=7
Round=8
Round=9
Round=10
Round=11
Round=12
Round=13
Round=14
current privacy cost of all clients:  [5.403816344923766, 6.233733475745171, 5.403816344923766, 5.8187749103344695, 5.403816344923766, 5.8187749103344695, 5.8187749103344695, 7.0636506065665765, 6.648692041155875, 5.8187749103344695]
Round=14, per client global perf=[0.9387, 0.8848, 0.9225, 0.949, 0.9333, 0.8838, 0.86, 0.8789, 0.8433, 0.7552], mean perf=17751/20014 (0.8869%)
Round=14, per client personal perf=[0.9716, 0.9632, 0.9578, 0.9755, 0.9887, 0.9833, 0.9645, 0.9745, 0.9364, 0.8799], mean perf=19227/20014 (0.9607%)
Round=14, per client personal pooled=[0.4644, 0.4749, 0.4896, 0.489, 0.4848, 0.4855, 0.4871, 0.4747, 0.4717, 0.3879], mean perf=94257/200140 (0.4710%)
Mean performance of unidp ditto global,  eps=8.0, Perf=0.8870
Mean performance of unidp ditto personal,  eps=8.0, Perf=0.9604
Mean performance of unidp ditto pooled,  eps=8.0, Perf=0.4724
---EPSILON 16 ---
default_sample_rate: 0.03737226277372263
noise_multiplier :  0.5941009521484375
learning rate =  0.01
sample_rate: 0.04, expected_batch_size: 147
sample_rate: 0.04, expected_batch_size: 147
sample_rate: 0.04, expected_batch_size: 147
sample_rate: 0.04, expected_batch_size: 147
sample_rate: 0.04, expected_batch_size: 147
sample_rate: 0.04, expected_batch_size: 147
sample_rate: 0.04, expected_batch_size: 143
sample_rate: 0.04, expected_batch_size: 147
sample_rate: 0.04, expected_batch_size: 144
sample_rate: 0.04, expected_batch_size: 128
initial privacy cost of all clients:  [0, 0, 0, 0, 0, 0, 0, 0, 0, 0]
Round=0
Round=1
Round=2
Round=3
Round=4
Round=5
Round=6
Round=7
Round=8
Round=9
Round=10
Round=11
Round=12
Round=13
Round=14
current privacy cost of all clients:  [10.407309873965145, 11.803266718565974, 10.407309873965145, 11.10528829626556, 10.407309873965145, 11.10528829626556, 11.10528829626556, 13.199223563166802, 12.501245140866388, 11.10528829626556]
Round=14, per client global perf=[0.9299, 0.9, 0.9343, 0.9529, 0.9294, 0.8814, 0.8905, 0.925, 0.8923, 0.7813], mean perf=18081/20014 (0.9034%)
Round=14, per client personal perf=[0.9716, 0.9632, 0.9578, 0.9755, 0.9887, 0.9833, 0.9645, 0.9745, 0.9364, 0.8799], mean perf=19227/20014 (0.9607%)
Round=14, per client personal pooled=[0.4644, 0.4749, 0.4896, 0.489, 0.4848, 0.4855, 0.4871, 0.4747, 0.4717, 0.3879], mean perf=94257/200140 (0.4710%)
Mean performance of unidp ditto global,  eps=16.0, Perf=0.8987
Mean performance of unidp ditto personal,  eps=16.0, Perf=0.9604
Mean performance of unidp ditto pooled,  eps=16.0, Perf=0.4724
--- Personal steps: 30 ---
---EPSILON 0 ---
default_sample_rate: 0.03737226277372263
noise_multiplier :  640
learning rate =  0.01
sample_rate: 0.04, expected_batch_size: 147
sample_rate: 0.04, expected_batch_size: 147
sample_rate: 0.04, expected_batch_size: 147
sample_rate: 0.04, expected_batch_size: 147
sample_rate: 0.04, expected_batch_size: 147
sample_rate: 0.04, expected_batch_size: 147
sample_rate: 0.04, expected_batch_size: 143
sample_rate: 0.04, expected_batch_size: 147
sample_rate: 0.04, expected_batch_size: 144
sample_rate: 0.04, expected_batch_size: 128
initial privacy cost of all clients:  [0, 0, 0, 0, 0, 0, 0, 0, 0, 0]
Round=0
Round=1
Round=2
Round=3
Round=4
Round=5
Round=6
Round=7
Round=8
Round=9
Round=10
Round=11
Round=12
Round=13
Round=14
current privacy cost of all clients:  [-0.0007298016386084107, -0.0006597661409019579, -0.0007298016386084107, -0.0006947475519254313, -0.0007298016386084107, -0.0006947475519254313, -0.0006947475519254313, -0.0005943543642619915, -0.0006270602525819747, -0.0006947475519254313]
Round=14, per client global perf=[0.0069, 0.0167, 0.1338, 0.1333, 0.0201, 0.1324, 0.0101, 0.1392, 0.008, 0.1649], mean perf=1515/20014 (0.0757%)
Round=14, per client personal perf=[0.9745, 0.9765, 0.9779, 0.9696, 0.9902, 0.9804, 0.9696, 0.9848, 0.9409, 0.8782], mean perf=19323/20014 (0.9655%)
Round=14, per client personal pooled=[0.4662, 0.4801, 0.4952, 0.4875, 0.4869, 0.4849, 0.4865, 0.4803, 0.4711, 0.4058], mean perf=94956/200140 (0.4744%)
Mean performance of unidp ditto global,  eps=0.0, Perf=0.0844
Mean performance of unidp ditto personal,  eps=0.0, Perf=0.9613
Mean performance of unidp ditto pooled,  eps=0.0, Perf=0.4751
---EPSILON 0.1 ---
default_sample_rate: 0.03737226277372263
noise_multiplier :  16.25
learning rate =  0.01
sample_rate: 0.04, expected_batch_size: 147
sample_rate: 0.04, expected_batch_size: 147
sample_rate: 0.04, expected_batch_size: 147
sample_rate: 0.04, expected_batch_size: 147
sample_rate: 0.04, expected_batch_size: 147
sample_rate: 0.04, expected_batch_size: 147
sample_rate: 0.04, expected_batch_size: 143
sample_rate: 0.04, expected_batch_size: 147
sample_rate: 0.04, expected_batch_size: 144
sample_rate: 0.04, expected_batch_size: 128
initial privacy cost of all clients:  [0, 0, 0, 0, 0, 0, 0, 0, 0, 0]
Round=0
Round=1
Round=2
Round=3
Round=4
Round=5
Round=6
Round=7
Round=8
Round=9
Round=10
Round=11
Round=12
Round=13
Round=14
current privacy cost of all clients:  [0.06182985592672452, 0.07121998763743889, 0.06182985592672452, 0.0666000428185364, 0.06182985592672452, 0.0666000428185364, 0.0666000428185364, 0.07970499485135578, 0.07551541914128848, 0.0666000428185364]
Round=14, per client global perf=[0.5093, 0.5975, 0.5132, 0.5461, 0.6475, 0.4368, 0.5456, 0.3426, 0.3395, 0.4476], mean perf=9874/20014 (0.4934%)
Round=14, per client personal perf=[0.9745, 0.9765, 0.9779, 0.9696, 0.9902, 0.9804, 0.9696, 0.9848, 0.9409, 0.8782], mean perf=19323/20014 (0.9655%)
Round=14, per client personal pooled=[0.4662, 0.4801, 0.4952, 0.4875, 0.4869, 0.4849, 0.4865, 0.4803, 0.4711, 0.4058], mean perf=94956/200140 (0.4744%)
Mean performance of unidp ditto global,  eps=0.1, Perf=0.4589
Mean performance of unidp ditto personal,  eps=0.1, Perf=0.9613
Mean performance of unidp ditto pooled,  eps=0.1, Perf=0.4751
---EPSILON 0.5 ---
default_sample_rate: 0.03737226277372263
noise_multiplier :  4.1796875
learning rate =  0.01
sample_rate: 0.04, expected_batch_size: 147
sample_rate: 0.04, expected_batch_size: 147
sample_rate: 0.04, expected_batch_size: 147
sample_rate: 0.04, expected_batch_size: 147
sample_rate: 0.04, expected_batch_size: 147
sample_rate: 0.04, expected_batch_size: 147
sample_rate: 0.04, expected_batch_size: 143
sample_rate: 0.04, expected_batch_size: 147
sample_rate: 0.04, expected_batch_size: 144
sample_rate: 0.04, expected_batch_size: 128
initial privacy cost of all clients:  [0, 0, 0, 0, 0, 0, 0, 0, 0, 0]
Round=0
Round=1
Round=2
Round=3
Round=4
Round=5
Round=6
Round=7
Round=8
Round=9
Round=10
Round=11
Round=12
Round=13
Round=14
current privacy cost of all clients:  [0.3335681844325747, 0.3794621932710794, 0.3335681844325747, 0.357206201115514, 0.3335681844325747, 0.357206201115514, 0.357206201115514, 0.42122037980599175, 0.4005670951978502, 0.357206201115514]
Round=14, per client global perf=[0.8029, 0.8127, 0.8216, 0.8706, 0.848, 0.7799, 0.7708, 0.6863, 0.6475, 0.6759], mean perf=15475/20014 (0.7732%)
Round=14, per client personal perf=[0.9745, 0.9765, 0.9779, 0.9696, 0.9902, 0.9804, 0.9696, 0.9848, 0.9409, 0.8782], mean perf=19323/20014 (0.9655%)
Round=14, per client personal pooled=[0.4662, 0.4801, 0.4952, 0.4875, 0.4869, 0.4849, 0.4865, 0.4803, 0.4711, 0.4058], mean perf=94956/200140 (0.4744%)
Mean performance of unidp ditto global,  eps=0.5, Perf=0.7709
Mean performance of unidp ditto personal,  eps=0.5, Perf=0.9613
Mean performance of unidp ditto pooled,  eps=0.5, Perf=0.4751
---EPSILON 1 ---
default_sample_rate: 0.03737226277372263
noise_multiplier :  2.40234375
learning rate =  0.01
sample_rate: 0.04, expected_batch_size: 147
sample_rate: 0.04, expected_batch_size: 147
sample_rate: 0.04, expected_batch_size: 147
sample_rate: 0.04, expected_batch_size: 147
sample_rate: 0.04, expected_batch_size: 147
sample_rate: 0.04, expected_batch_size: 147
sample_rate: 0.04, expected_batch_size: 143
sample_rate: 0.04, expected_batch_size: 147
sample_rate: 0.04, expected_batch_size: 144
sample_rate: 0.04, expected_batch_size: 128
initial privacy cost of all clients:  [0, 0, 0, 0, 0, 0, 0, 0, 0, 0]
Round=0
Round=1
Round=2
Round=3
Round=4
Round=5
Round=6
Round=7
Round=8
Round=9
Round=10
Round=11
Round=12
Round=13
Round=14
current privacy cost of all clients:  [0.6797296669401808, 0.7711597447659064, 0.6797296669401808, 0.7260230735296279, 0.6797296669401808, 0.7260230735296279, 0.7260230735296279, 0.8522341190332028, 0.8116969318995546, 0.7260230735296279]
Round=14, per client global perf=[0.8637, 0.8132, 0.8574, 0.9054, 0.8608, 0.8098, 0.783, 0.7828, 0.7466, 0.7212], mean perf=16330/20014 (0.8159%)
Round=14, per client personal perf=[0.9745, 0.9765, 0.9779, 0.9696, 0.9902, 0.9804, 0.9696, 0.9848, 0.9409, 0.8782], mean perf=19323/20014 (0.9655%)
Round=14, per client personal pooled=[0.4662, 0.4801, 0.4952, 0.4875, 0.4869, 0.4849, 0.4865, 0.4803, 0.4711, 0.4058], mean perf=94956/200140 (0.4744%)
Mean performance of unidp ditto global,  eps=1.0, Perf=0.8041
Mean performance of unidp ditto personal,  eps=1.0, Perf=0.9613
Mean performance of unidp ditto pooled,  eps=1.0, Perf=0.4751
---EPSILON 4 ---
default_sample_rate: 0.03737226277372263
noise_multiplier :  1.021728515625
learning rate =  0.01
sample_rate: 0.04, expected_batch_size: 147
sample_rate: 0.04, expected_batch_size: 147
sample_rate: 0.04, expected_batch_size: 147
sample_rate: 0.04, expected_batch_size: 147
sample_rate: 0.04, expected_batch_size: 147
sample_rate: 0.04, expected_batch_size: 147
sample_rate: 0.04, expected_batch_size: 143
sample_rate: 0.04, expected_batch_size: 147
sample_rate: 0.04, expected_batch_size: 144
sample_rate: 0.04, expected_batch_size: 128
initial privacy cost of all clients:  [0, 0, 0, 0, 0, 0, 0, 0, 0, 0]
Round=0
Round=1
Round=2
Round=3
Round=4
Round=5
Round=6
Round=7
Round=8
Round=9
Round=10
Round=11
Round=12
Round=13
Round=14
current privacy cost of all clients:  [2.6927457998103503, 3.018443199707888, 2.6927457998103503, 2.8555944997591194, 2.6927457998103503, 2.8555944997591194, 2.8555944997591194, 3.344140599605426, 3.181291899656657, 2.8555944997591194]
Round=14, per client global perf=[0.9265, 0.8779, 0.9201, 0.948, 0.9221, 0.8819, 0.8392, 0.8775, 0.8353, 0.7513], mean perf=17611/20014 (0.8799%)
Round=14, per client personal perf=[0.9745, 0.9765, 0.9779, 0.9696, 0.9902, 0.9804, 0.9696, 0.9848, 0.9409, 0.8782], mean perf=19323/20014 (0.9655%)
Round=14, per client personal pooled=[0.4662, 0.4801, 0.4952, 0.4875, 0.4869, 0.4849, 0.4865, 0.4803, 0.4711, 0.4058], mean perf=94956/200140 (0.4744%)
Mean performance of unidp ditto global,  eps=4.0, Perf=0.8764
Mean performance of unidp ditto personal,  eps=4.0, Perf=0.9613
Mean performance of unidp ditto pooled,  eps=4.0, Perf=0.4751
---EPSILON 8 ---
default_sample_rate: 0.03737226277372263
noise_multiplier :  0.770263671875
learning rate =  0.01
sample_rate: 0.04, expected_batch_size: 147
sample_rate: 0.04, expected_batch_size: 147
sample_rate: 0.04, expected_batch_size: 147
sample_rate: 0.04, expected_batch_size: 147
sample_rate: 0.04, expected_batch_size: 147
sample_rate: 0.04, expected_batch_size: 147
sample_rate: 0.04, expected_batch_size: 143
sample_rate: 0.04, expected_batch_size: 147
sample_rate: 0.04, expected_batch_size: 144
sample_rate: 0.04, expected_batch_size: 128
initial privacy cost of all clients:  [0, 0, 0, 0, 0, 0, 0, 0, 0, 0]
Round=0
Round=1
Round=2
Round=3
Round=4
Round=5
Round=6
Round=7
Round=8
Round=9
Round=10
Round=11
Round=12
Round=13
Round=14
current privacy cost of all clients:  [5.403816344923766, 6.233733475745171, 5.403816344923766, 5.8187749103344695, 5.403816344923766, 5.8187749103344695, 5.8187749103344695, 7.0636506065665765, 6.648692041155875, 5.8187749103344695]
Round=14, per client global perf=[0.9377, 0.8814, 0.923, 0.95, 0.9289, 0.8843, 0.8534, 0.8784, 0.8433, 0.7524], mean perf=17718/20014 (0.8853%)
Round=14, per client personal perf=[0.9745, 0.9765, 0.9779, 0.9696, 0.9902, 0.9804, 0.9696, 0.9848, 0.9409, 0.8782], mean perf=19323/20014 (0.9655%)
Round=14, per client personal pooled=[0.4662, 0.4801, 0.4952, 0.4875, 0.4869, 0.4849, 0.4865, 0.4803, 0.4711, 0.4058], mean perf=94956/200140 (0.4744%)
Mean performance of unidp ditto global,  eps=8.0, Perf=0.8843
Mean performance of unidp ditto personal,  eps=8.0, Perf=0.9613
Mean performance of unidp ditto pooled,  eps=8.0, Perf=0.4751
---EPSILON 16 ---
default_sample_rate: 0.03737226277372263
noise_multiplier :  0.5941009521484375
learning rate =  0.01
sample_rate: 0.04, expected_batch_size: 147
sample_rate: 0.04, expected_batch_size: 147
sample_rate: 0.04, expected_batch_size: 147
sample_rate: 0.04, expected_batch_size: 147
sample_rate: 0.04, expected_batch_size: 147
sample_rate: 0.04, expected_batch_size: 147
sample_rate: 0.04, expected_batch_size: 143
sample_rate: 0.04, expected_batch_size: 147
sample_rate: 0.04, expected_batch_size: 144
sample_rate: 0.04, expected_batch_size: 128
initial privacy cost of all clients:  [0, 0, 0, 0, 0, 0, 0, 0, 0, 0]
Round=0
Round=1
Round=2
Round=3
Round=4
Round=5
Round=6
Round=7
Round=8
Round=9
Round=10
Round=11
Round=12
Round=13
Round=14
current privacy cost of all clients:  [10.407309873965145, 11.803266718565974, 10.407309873965145, 11.10528829626556, 10.407309873965145, 11.10528829626556, 11.10528829626556, 13.199223563166802, 12.501245140866388, 11.10528829626556]
Round=14, per client global perf=[0.9304, 0.9005, 0.9373, 0.9544, 0.9289, 0.8848, 0.8971, 0.9255, 0.8938, 0.7858], mean perf=18123/20014 (0.9055%)
Round=14, per client personal perf=[0.9745, 0.9765, 0.9779, 0.9696, 0.9902, 0.9804, 0.9696, 0.9848, 0.9409, 0.8782], mean perf=19323/20014 (0.9655%)
Round=14, per client personal pooled=[0.4662, 0.4801, 0.4952, 0.4875, 0.4869, 0.4849, 0.4865, 0.4803, 0.4711, 0.4058], mean perf=94956/200140 (0.4744%)
Mean performance of unidp ditto global,  eps=16.0, Perf=0.9022
Mean performance of unidp ditto personal,  eps=16.0, Perf=0.9613
Mean performance of unidp ditto pooled,  eps=16.0, Perf=0.4751
--- Finished seed: 46 ---
=== Finished data_type: niid_10_5 ===
